building_id,building_type,hour,day_of_week,month,temperature,humidity,occupancy,previous_usage,energy_usage,dow
LEC_A,LectureHall,2,Monday,9,25.2,81.9,31.0,28.0,27.2,0
RES_A,Residential,5,Sunday,1,26.3,84.7,199.0,51.6,54.2,6
ENG_A,Engineering,21,Wednesday,5,29.1,77.4,68.0,68.3,63.6,2
SPT_A,Sports,16,Wednesday,5,30.9,68.2,65.0,49.1,53.9,2
SCI_B,Science,16,Sunday,2,30.1,70.7,17.0,79.3,81.3,6
SCI_B,Science,0,Tuesday,9,26.0,82.0,7.0,56.1,53.1,1
BUS_B,Business,0,Tuesday,2,,87.2,30.0,42.3,40.7,1
ADM_A,Administration,11,Sunday,3,,63.8,27.0,27.3,29.7,6
ADM_A,Administration,16,Thursday,2,29.8,73.0,78.0,41.6,42.1,3
SCI_B,Science,12,Sunday,5,29.1,80.2,37.0,78.7,81.1,6
RES_A,Residential,2,Thursday,11,24.6,87.1,148.0,38.0,44.0,3
LIB_A,Library,7,Thursday,6,27.3,80.0,0.0,32.4,27.9,3
ENG_B,Engineering,2,Sunday,11,25.3,79.8,0.0,33.4,31.3,6
ENG_B,Engineering,18,Monday,11,28.1,71.3,89.0,48.8,54.3,0
BUS_A,Business,12,Tuesday,2,27.8,76.7,146.0,57.4,57.9,1
RES_A,Residential,17,Friday,9,29.1,83.0,127.0,45.8,45.3,4
ENG_B,Engineering,14,Sunday,9,29.4,77.6,22.0,,48.3,6
LEC_A,LectureHall,8,Wednesday,3,28.1,74.1,75.0,43.7,49.6,2
ENG_A,Engineering,2,Saturday,4,25.7,83.3,0.0,38.4,38.0,5
LEC_A,LectureHall,17,Sunday,12,31.3,73.1,238.0,75.5,82.8,6
SCI_A,Science,21,Monday,1,28.6,,16.0,72.6,77.0,0
ENG_A,Engineering,14,Sunday,3,30.5,73.5,31.0,55.6,56.4,6
LIB_A,Library,18,Sunday,3,29.0,79.5,276.0,62.8,71.4,6
SCI_B,Science,17,Monday,5,30.2,77.4,65.0,82.8,87.7,0
RES_A,Residential,23,Tuesday,5,27.8,79.0,217.0,50.2,55.4,1
BUS_B,Business,13,Wednesday,2,30.4,72.3,163.0,72.5,67.1,2
RES_A,Residential,15,Friday,1,30.0,70.1,139.0,51.7,45.7,4
SPT_A,Sports,1,Tuesday,9,26.7,76.1,6.0,36.9,33.2,1
SCI_A,Science,19,Monday,1,29.3,71.7,23.0,78.9,77.9,0
ENG_A,Engineering,15,Wednesday,8,30.0,67.0,131.0,80.3,81.8,2
LIB_A,Library,13,Saturday,11,28.3,79.6,151.0,45.6,46.8,5
RES_B,Residential,23,Saturday,12,25.9,78.1,220.0,50.1,44.9,5
LEC_A,LectureHall,13,Tuesday,8,29.3,73.6,268.0,74.7,84.8,1
SCI_A,Science,18,Sunday,4,,76.2,13.0,86.0,78.8,6
RES_B,Residential,18,Friday,2,30.1,71.5,112.0,41.7,46.6,4
RES_A,Residential,19,Wednesday,2,30.2,74.6,176.0,56.4,62.3,2
SCI_B,Science,17,Monday,1,30.5,78.3,63.0,82.9,90.3,0
ADM_A,Administration,15,Monday,8,30.0,71.6,85.0,38.8,37.6,0
BUS_A,Business,4,Sunday,6,26.5,82.4,1.0,25.2,27.8,6
BUS_B,Business,1,Thursday,2,25.5,75.7,12.0,34.1,33.1,3
LEC_A,LectureHall,0,Friday,10,25.1,82.3,0.0,20.8,22.5,4
LIB_A,Library,20,Friday,1,29.1,77.8,106.0,,60.2,4
ADM_A,Administration,19,Wednesday,7,29.8,68.9,0.0,29.5,31.5,2
BUS_B,Business,9,Wednesday,6,28.6,78.2,118.0,52.8,53.9,2
ENG_A,Engineering,10,Saturday,4,28.4,77.3,31.0,53.7,56.3,5
SPT_A,Sports,11,Saturday,7,31.1,73.0,4.0,44.6,50.3,5
ENG_A,Engineering,20,Tuesday,11,,81.0,33.0,41.2,43.5,1
BUS_A,Business,4,Monday,10,26.3,84.3,10.0,26.8,27.2,0
LEC_A,LectureHall,0,Sunday,1,27.6,76.2,9.0,28.7,23.8,6
SCI_A,Science,8,Wednesday,9,27.5,82.5,63.0,79.9,82.3,2
SCI_B,Science,5,Saturday,5,28.6,74.9,0.0,59.3,64.5,5
LIB_A,Library,19,Friday,5,29.3,70.6,133.0,50.7,59.2,4
LEC_A,LectureHall,10,Wednesday,12,30.0,72.4,157.0,62.3,57.5,2
RES_A,Residential,2,Sunday,3,24.5,86.8,158.0,46.3,49.8,6
ADM_A,Administration,19,Saturday,1,29.1,67.2,0.0,24.9,27.8,5
SCI_A,Science,0,Thursday,10,25.8,79.8,12.0,50.2,59.5,3
SCI_A,Science,16,Monday,6,32.1,66.4,94.0,96.8,101.2,0
BUS_A,Business,7,Thursday,7,26.3,75.6,0.0,30.0,30.5,3
ENG_A,Engineering,10,Sunday,2,28.5,73.3,46.0,53.4,57.1,6
BUS_B,Business,8,Wednesday,11,27.1,72.2,77.0,38.4,42.8,2
SCI_B,Science,17,Wednesday,4,30.9,75.0,49.0,77.0,77.1,2
RES_B,Residential,4,Tuesday,12,25.9,80.6,140.0,43.3,44.5,1
LIB_A,Library,1,Wednesday,1,26.0,79.3,0.0,27.1,28.3,2
BUS_B,Business,7,Sunday,7,25.9,79.6,0.0,29.2,29.7,6
LEC_A,LectureHall,12,Saturday,10,30.8,67.1,25.0,36.9,37.0,5
BUS_A,Business,22,Wednesday,8,27.8,83.6,15.0,33.8,39.4,2
RES_B,Residential,0,Sunday,10,27.0,82.3,135.0,40.3,43.6,6
SPT_A,Sports,13,Monday,5,31.2,69.4,0.0,49.4,50.1,0
ENG_B,Engineering,13,Wednesday,10,30.1,77.2,172.0,61.4,67.1,2
ENG_B,Engineering,13,Tuesday,9,30.2,77.7,153.0,65.9,71.3,1
RES_A,Residential,12,Saturday,12,27.2,80.4,167.0,43.0,44.0,5
SCI_A,Science,8,Monday,5,,78.8,49.0,70.1,75.5,0
LEC_A,LectureHall,6,Monday,7,28.1,82.2,18.0,29.1,32.1,0
SCI_A,Science,18,Wednesday,3,31.2,71.9,56.0,107.0,98.7,2
LEC_A,LectureHall,3,Thursday,3,26.5,80.2,11.0,28.4,31.1,3
SCI_A,Science,15,Thursday,5,30.0,67.7,142.0,97.7,104.0,3
LIB_A,Library,5,Wednesday,7,27.7,75.1,28.0,37.1,36.4,2
RES_A,Residential,10,Thursday,2,29.5,75.0,160.0,44.1,50.0,3
SCI_B,Science,6,Wednesday,11,27.3,77.4,7.0,50.0,59.6,2
ENG_B,Engineering,15,Wednesday,1,35.3,90.9,204.0,105.1,102.5,2
LIB_A,Library,13,Friday,12,29.7,78.9,160.0,53.5,53.8,4
SPT_A,Sports,22,Saturday,3,28.1,81.1,83.0,60.5,53.5,5
LIB_A,Library,12,Thursday,4,31.0,65.2,298.0,84.0,77.7,3
SCI_B,Science,22,Monday,11,26.5,75.7,17.0,59.0,64.1,0
SCI_A,Science,23,Sunday,12,27.9,77.9,3.0,75.5,73.7,6
LIB_A,Library,1,Saturday,2,26.4,74.4,18.0,27.0,27.1,5
ENG_A,Engineering,23,Wednesday,1,26.8,86.2,41.0,46.6,44.7,2
SCI_B,Science,6,Thursday,6,27.9,81.0,0.0,67.1,67.3,3
SPT_A,Sports,21,Wednesday,11,27.0,74.9,105.0,49.3,49.3,2
SCI_A,Science,23,Wednesday,11,25.3,87.4,3.0,50.5,65.9,2
SPT_A,Sports,13,Tuesday,3,30.1,75.8,6.0,48.1,50.7,1
BUS_A,Business,22,Wednesday,11,27.1,76.1,0.0,30.2,29.0,2
SCI_A,Science,16,Monday,9,30.1,66.5,88.0,108.1,98.7,0
BUS_A,Business,7,Wednesday,6,28.4,80.5,154.0,30.8,49.5,2
BUS_A,Business,18,Tuesday,5,29.7,71.2,56.0,48.1,46.9,1
SCI_A,Science,2,Thursday,3,26.2,88.2,6.0,100.0,81.8,3
SPT_A,Sports,2,Tuesday,3,25.6,85.2,11.0,36.6,36.5,1
ADM_A,Administration,3,Thursday,6,27.0,74.6,0.0,6.3,23.1,3
SCI_B,Science,7,Thursday,9,27.8,79.5,6.0,61.7,69.7,3
BUS_A,Business,13,Saturday,10,32.4,72.0,43.0,46.3,49.7,5
SCI_B,Science,2,Tuesday,11,24.9,87.2,5.0,,57.1,1
LIB_A,Library,23,Tuesday,11,26.3,81.4,26.0,35.7,37.1,1
LEC_A,LectureHall,15,Saturday,5,32.1,70.8,41.0,41.0,51.8,5
RES_B,Residential,12,Thursday,5,30.7,76.8,107.0,40.0,44.7,3
RES_A,Residential,2,Saturday,7,26.6,75.5,184.0,45.3,50.8,5
ENG_A,Engineering,20,Friday,2,30.4,77.6,6.0,58.5,56.2,4
BUS_B,Business,19,Tuesday,10,29.5,71.0,0.0,34.5,40.2,1
ENG_A,Engineering,23,Monday,2,26.4,81.5,32.0,41.7,41.8,0
BUS_B,Business,19,Saturday,4,24.8,97.1,12.0,32.5,33.7,5
LEC_A,LectureHall,14,Friday,11,30.2,77.6,215.0,78.8,77.5,4
ENG_B,Engineering,18,Sunday,4,30.1,76.0,21.0,50.4,53.5,6
LEC_A,LectureHall,14,Monday,4,31.6,70.8,183.0,67.8,79.9,0
ENG_B,Engineering,21,Sunday,4,28.6,75.6,4.0,47.7,46.6,6
BUS_B,Business,8,Thursday,12,27.8,78.7,166.0,30.2,56.5,3
SCI_A,Science,0,Monday,5,27.1,77.4,0.0,70.7,72.2,0
SCI_B,Science,2,Thursday,1,25.8,79.9,6.0,56.5,60.5,3
LEC_A,LectureHall,15,Friday,7,30.3,73.6,200.0,64.9,69.8,4
ENG_A,Engineering,3,Saturday,3,26.8,75.2,11.0,44.9,48.8,5
RES_B,Residential,12,Monday,5,31.6,75.3,129.0,44.3,46.7,0
SCI_A,Science,14,Friday,8,30.1,68.0,142.0,105.4,104.2,4
BUS_A,Business,9,Monday,12,28.7,77.6,88.0,52.3,47.3,0
RES_A,Residential,19,Wednesday,6,29.2,71.2,172.0,49.0,53.7,2
LEC_A,LectureHall,7,Monday,9,27.1,71.9,0.0,29.0,30.0,0
SCI_A,Science,14,Saturday,7,30.2,70.5,39.0,84.4,78.4,5
BUS_A,Business,6,Thursday,2,24.7,96.0,14.0,32.1,32.5,3
RES_A,Residential,8,Sunday,10,27.0,80.2,199.0,45.2,43.0,6
ENG_A,Engineering,1,Wednesday,8,27.5,71.0,30.0,50.5,52.2,2
RES_A,Residential,8,Monday,6,27.4,80.7,206.0,40.3,47.9,0
ENG_A,Engineering,6,Thursday,11,26.4,82.9,0.0,43.9,42.8,3
RES_A,Residential,3,Monday,8,26.0,83.3,171.0,37.4,46.0,0
SCI_B,Science,3,Saturday,10,25.6,74.8,9.0,59.2,58.8,5
SCI_B,Science,3,Friday,7,27.8,72.7,0.0,67.4,67.2,4
SCI_A,Science,15,Wednesday,1,30.1,73.2,121.0,91.4,92.6,2
SPT_A,Sports,2,Tuesday,1,26.1,83.3,16.0,37.8,35.1,1
SCI_A,Science,8,Wednesday,1,27.6,78.7,73.0,75.4,78.1,2
SPT_A,Sports,5,Monday,4,26.5,74.7,79.0,36.8,42.4,0
ENG_A,Engineering,14,Friday,4,31.4,73.3,190.0,92.0,92.1,4
ENG_A,Engineering,2,Monday,9,25.6,86.8,3.0,35.2,40.2,0
ENG_A,Engineering,0,Wednesday,4,28.2,84.1,0.0,48.1,51.4,2
BUS_A,Business,9,Saturday,10,26.9,78.0,13.0,23.2,27.5,5
ENG_B,Engineering,19,Wednesday,7,29.4,80.7,24.0,40.7,50.9,2
RES_A,Residential,13,Wednesday,2,30.4,73.6,142.0,49.1,50.8,2
LEC_A,LectureHall,2,Thursday,1,26.6,81.6,8.0,24.8,25.9,3
BUS_B,Business,7,Wednesday,1,27.2,70.7,0.0,35.7,35.8,2
ENG_B,Engineering,1,Tuesday,7,25.7,80.1,0.0,30.0,38.7,1
LIB_A,Library,14,Wednesday,4,31.2,72.1,169.0,,66.7,2
LEC_A,LectureHall,10,Sunday,7,29.2,74.3,45.0,33.8,36.3,6
BUS_A,Business,12,Monday,12,28.4,77.5,147.0,57.1,58.3,0
RES_B,Residential,23,Saturday,9,26.9,80.9,286.0,51.0,56.9,5
LIB_A,Library,0,Friday,7,27.6,75.5,0.0,27.0,33.3,4
ENG_B,Engineering,15,Sunday,10,29.0,80.2,56.0,48.8,52.3,6
RES_A,Residential,0,Sunday,10,25.3,76.9,102.0,37.1,39.0,6
LEC_A,LectureHall,13,Wednesday,6,29.5,74.6,225.0,71.0,79.8,2
LEC_A,LectureHall,3,Thursday,4,26.3,77.3,0.0,30.2,30.4,3
BUS_B,Business,17,Wednesday,4,30.1,62.8,91.0,75.2,64.8,2
SCI_B,Science,12,Saturday,4,29.2,76.4,27.0,63.8,77.1,5
RES_B,Residential,17,Thursday,1,30.1,75.3,109.0,45.9,42.1,3
LEC_A,LectureHall,19,Sunday,3,29.7,69.8,0.0,29.3,28.0,6
SPT_A,Sports,22,Thursday,6,27.3,71.5,12.0,93.5,65.3,3
ENG_A,Engineering,23,Sunday,5,28.6,78.9,0.0,46.2,47.4,6
RES_A,Residential,14,Sunday,11,28.8,77.7,164.0,47.0,46.1,6
LEC_A,LectureHall,16,Monday,4,30.2,69.5,130.0,59.7,63.2,0
ENG_A,Engineering,11,Tuesday,9,29.2,80.6,172.0,77.5,73.7,1
LIB_A,Library,2,Sunday,4,25.3,80.8,0.0,23.5,31.1,6
SPT_A,Sports,8,Wednesday,1,29.0,74.4,88.0,60.7,59.5,2
LEC_A,LectureHall,8,Saturday,6,28.2,79.5,26.0,31.9,30.5,5
BUS_A,Business,6,Sunday,12,27.8,78.5,2.0,27.4,32.7,6
RES_A,Residential,18,Wednesday,3,31.9,74.3,192.0,50.9,54.3,2
SPT_A,Sports,9,Saturday,2,27.0,73.7,92.0,43.9,45.3,5
SPT_A,Sports,5,Sunday,7,26.1,83.9,72.0,41.1,50.4,6
RES_A,Residential,9,Thursday,3,26.9,78.7,171.0,37.2,42.9,3
ADM_A,Administration,9,Saturday,12,27.9,77.7,19.0,22.8,25.2,5
BUS_A,Business,1,Wednesday,12,25.9,80.6,0.0,13.1,24.3,2
ENG_A,Engineering,15,Monday,12,29.8,69.9,169.0,75.1,81.4,0
SCI_B,Science,21,Thursday,6,28.0,70.7,0.0,57.2,65.8,3
BUS_A,Business,2,Thursday,7,27.8,80.8,16.0,29.3,28.8,3
RES_A,Residential,2,Thursday,12,25.0,86.3,,51.0,47.4,3
SPT_A,Sports,2,Saturday,4,27.1,79.4,10.0,28.7,43.6,5
ENG_B,Engineering,15,Saturday,10,29.8,75.2,48.0,49.1,50.9,5
RES_B,Residential,6,Thursday,11,,99.2,207.0,43.9,44.1,3
BUS_A,Business,9,Monday,7,28.6,68.8,78.0,48.2,49.6,0
ENG_A,Engineering,15,Thursday,6,30.2,74.6,246.0,100.5,96.1,3
LEC_A,LectureHall,18,Saturday,6,30.3,64.6,258.0,79.3,76.2,5
BUS_A,Business,16,Monday,8,31.3,77.2,92.0,56.2,60.0,0
BUS_A,Business,15,Saturday,2,30.6,76.6,47.0,42.8,43.3,5
ENG_B,Engineering,0,Monday,12,24.6,87.7,0.0,34.4,32.3,0
SCI_B,Science,7,Sunday,9,27.6,74.0,10.0,59.2,66.1,6
BUS_A,Business,4,Sunday,3,25.3,81.8,0.0,22.1,24.5,6
BUS_B,Business,7,Monday,8,29.1,74.8,165.0,36.0,57.4,0
RES_B,Residential,18,Friday,4,30.3,75.1,201.0,48.9,45.8,4
SCI_A,Science,16,Monday,8,30.6,62.2,100.0,99.8,88.6,0
SCI_A,Science,4,Tuesday,1,24.6,81.3,0.0,58.4,60.2,1
LIB_A,Library,12,Wednesday,1,28.8,75.2,172.0,,52.8,2
ENG_A,Engineering,18,Wednesday,1,28.4,78.0,102.0,69.2,64.0,2
RES_B,Residential,11,Tuesday,9,27.7,79.7,135.0,37.7,33.4,1
ENG_A,Engineering,19,Tuesday,8,27.7,68.3,60.0,59.3,52.2,1
BUS_A,Business,7,Tuesday,2,26.8,87.2,1.0,31.5,32.6,1
SCI_A,Science,18,Saturday,8,30.1,74.5,16.0,73.8,79.2,5
LEC_A,LectureHall,16,Sunday,11,28.8,78.3,62.0,37.5,42.8,6
ENG_A,Engineering,18,Saturday,10,29.1,70.8,0.0,48.9,51.3,5
SCI_A,Science,18,Wednesday,9,29.6,73.9,71.0,91.4,85.9,2
RES_A,Residential,13,Friday,4,30.7,73.5,112.0,52.0,46.9,4
SCI_B,Science,4,Thursday,1,24.6,81.2,16.0,50.8,49.5,3
BUS_A,Business,7,Saturday,10,26.8,80.5,0.0,26.8,28.2,5
ENG_A,Engineering,9,Thursday,10,28.2,82.6,99.0,58.2,66.2,3
SCI_B,Science,10,Friday,9,28.5,74.7,94.0,77.5,79.4,4
ENG_A,Engineering,13,Tuesday,5,29.3,77.9,219.0,98.5,97.5,1
ENG_A,Engineering,8,Thursday,12,24.6,99.0,112.0,54.5,59.8,3
ENG_B,Engineering,23,Saturday,1,25.6,87.1,0.0,31.8,34.8,5
ADM_A,Administration,9,Thursday,8,28.5,69.7,68.0,31.1,35.7,3
SCI_A,Science,12,Friday,2,29.4,76.9,123.0,102.5,96.4,4
BUS_B,Business,19,Thursday,3,31.1,75.9,1.0,48.6,46.0,3
BUS_B,Business,6,Monday,9,27.3,80.6,32.0,39.2,39.1,0
ENG_A,Engineering,2,Wednesday,11,26.3,79.4,0.0,32.1,41.1,2
LIB_A,Library,8,Monday,3,29.8,80.0,80.0,44.8,46.5,0
BUS_A,Business,22,Sunday,5,28.3,71.6,10.0,30.7,32.1,6
SPT_A,Sports,17,Sunday,9,28.2,74.0,91.0,55.4,50.3,6
BUS_A,Business,5,Monday,9,27.9,81.6,2.0,31.4,34.7,0
RES_B,Residential,7,Friday,2,26.9,81.4,195.0,48.0,48.1,4
ADM_A,Administration,10,Sunday,7,28.7,69.1,11.0,24.1,28.6,6
SPT_A,Sports,2,Sunday,8,27.0,81.3,12.0,41.6,38.3,6
BUS_B,Business,12,Thursday,6,31.1,72.2,160.0,71.0,76.3,3
RES_A,Residential,10,Tuesday,10,29.5,69.0,139.0,46.3,47.8,1
ENG_A,Engineering,7,Wednesday,9,26.4,,12.0,35.5,40.4,2
ADM_A,Administration,10,Tuesday,5,27.8,74.9,57.0,32.9,34.2,1
ENG_A,Engineering,10,Tuesday,2,28.2,81.4,155.0,71.2,74.7,1
ENG_A,Engineering,21,Wednesday,5,28.5,75.3,28.0,51.3,53.6,2
BUS_B,Business,8,Monday,6,29.6,74.7,83.0,55.6,60.1,0
SCI_A,Science,19,Friday,12,29.1,77.5,3.0,76.0,75.0,4
RES_A,Residential,23,Thursday,3,27.3,83.6,290.0,60.3,53.9,3
LIB_A,Library,14,Tuesday,9,28.9,82.4,155.0,52.7,50.8,1
BUS_A,Business,13,Sunday,6,31.4,70.7,53.0,47.4,48.5,6
LEC_A,LectureHall,22,Monday,10,27.4,75.1,8.0,31.6,28.0,0
BUS_A,Business,15,Tuesday,7,30.4,75.1,137.0,54.3,64.2,1
LEC_A,LectureHall,15,Sunday,5,30.9,71.3,43.0,41.4,45.4,6
ENG_B,Engineering,2,Thursday,7,24.9,88.8,23.0,35.9,33.9,3
LIB_A,Library,17,Friday,4,30.3,72.9,217.0,61.9,62.7,4
LEC_A,LectureHall,17,Sunday,9,30.1,76.6,255.0,81.1,84.9,6
ENG_B,Engineering,2,Monday,9,24.5,85.5,7.0,62.3,46.9,0
SCI_B,Science,0,Thursday,12,26.9,80.5,7.0,55.3,69.6,3
SCI_A,Science,22,Thursday,12,27.6,81.7,15.0,73.7,67.1,3
BUS_B,Business,2,Friday,4,26.6,77.7,0.0,15.3,33.7,4
BUS_B,Business,10,Wednesday,1,29.6,79.8,103.0,51.9,54.8,2
SPT_A,Sports,14,Sunday,12,31.1,71.9,13.0,40.6,46.0,6
ENG_A,Engineering,18,Friday,7,30.7,73.9,68.0,82.8,71.9,4
SCI_A,Science,0,Tuesday,12,26.7,82.7,,62.2,63.4,1
BUS_B,Business,16,Tuesday,9,29.6,82.6,114.0,59.7,55.7,1
ENG_B,Engineering,16,Saturday,7,30.1,79.4,43.0,55.9,51.9,5
SCI_B,Science,11,Saturday,7,,63.3,35.0,73.6,73.3,5
LIB_A,Library,12,Monday,1,27.2,72.9,80.0,34.8,39.2,0
BUS_B,Business,20,Tuesday,8,29.6,76.7,7.0,37.7,42.9,1
BUS_A,Business,20,Saturday,4,29.5,,6.0,35.4,35.9,5
ADM_A,Administration,0,Monday,1,27.1,75.0,13.0,27.1,24.8,0
ENG_B,Engineering,14,Thursday,2,29.5,75.2,143.0,63.9,66.7,3
SCI_B,Science,3,Monday,6,26.0,81.7,6.0,58.0,65.6,0
RES_A,Residential,2,Thursday,10,26.5,87.8,151.0,45.7,43.8,3
BUS_B,Business,11,Thursday,6,27.6,74.1,219.0,72.5,80.7,3
ENG_B,Engineering,14,Sunday,6,31.8,69.8,55.0,61.5,64.1,6
RES_B,Residential,13,Thursday,6,31.6,70.4,93.0,41.9,44.0,3
ENG_B,Engineering,16,Saturday,12,31.5,72.8,23.0,56.0,54.3,5
ENG_A,Engineering,18,Saturday,12,29.4,73.9,0.0,45.7,52.6,5
SCI_A,Science,11,Tuesday,11,27.7,73.7,123.0,86.0,93.1,1
BUS_A,Business,19,Saturday,11,,81.5,24.0,30.8,35.2,5
BUS_A,Business,19,Saturday,10,29.2,82.1,20.0,37.0,37.2,5
LEC_A,LectureHall,18,Monday,10,27.9,75.2,79.0,35.5,38.0,0
RES_A,Residential,2,Saturday,8,26.2,81.5,137.0,48.5,52.2,5
SCI_A,Science,23,Tuesday,3,27.3,79.8,24.0,63.1,70.4,1
LIB_A,Library,18,Thursday,7,31.3,74.1,162.0,60.8,62.9,3
BUS_A,Business,4,Monday,11,,78.7,0.0,33.1,32.2,0
SCI_B,Science,21,Wednesday,5,29.0,71.5,,76.6,78.2,2
ENG_B,Engineering,22,Tuesday,1,27.0,79.3,0.0,31.0,34.3,1
SPT_A,Sports,8,Saturday,11,26.8,90.5,115.0,56.0,53.8,5
BUS_B,Business,11,Sunday,11,29.7,77.8,31.0,35.0,43.4,6
ENG_A,Engineering,0,Monday,1,27.2,80.3,9.0,72.9,57.0,0
BUS_B,Business,19,Sunday,1,29.5,76.9,0.0,38.9,46.3,6
RES_A,Residential,8,Tuesday,5,29.4,64.8,209.0,48.8,53.8,1
ENG_B,Engineering,17,Friday,6,31.9,67.5,53.0,55.4,59.0,4
ENG_B,Engineering,18,Monday,1,29.6,77.7,87.0,55.3,65.3,0
ADM_A,Administration,7,Tuesday,7,27.3,85.3,10.0,20.3,22.0,1
SPT_A,Sports,13,Tuesday,11,34.6,82.1,179.0,71.1,76.6,1
SCI_A,Science,20,Monday,10,27.5,83.0,37.0,65.7,77.5,0
LEC_A,LectureHall,4,Friday,11,25.3,84.8,10.0,22.4,27.3,4
RES_B,Residential,7,Friday,5,27.1,83.5,192.0,50.9,58.0,4
ENG_A,Engineering,19,Tuesday,12,28.7,73.8,11.0,57.1,51.9,1
RES_A,Residential,17,Saturday,3,29.7,80.2,161.0,40.5,47.9,5
BUS_A,Business,16,Tuesday,9,30.1,70.2,93.0,50.0,51.4,1
ENG_B,Engineering,12,Saturday,4,28.0,71.8,,50.8,51.5,5
RES_B,Residential,7,Saturday,8,27.4,82.2,223.0,47.6,49.3,5
ADM_A,Administration,8,Friday,8,27.6,78.9,28.0,32.5,28.1,4
ENG_A,Engineering,11,Thursday,4,30.4,74.7,161.0,75.9,83.4,3
RES_A,Residential,19,Friday,6,30.4,74.7,230.0,56.1,54.2,4
BUS_B,Business,19,Wednesday,1,29.7,79.0,11.0,46.7,48.1,2
RES_A,Residential,9,Monday,10,28.1,83.6,198.0,43.3,49.7,0
LIB_A,Library,9,Thursday,5,27.9,77.6,41.0,40.3,37.0,3
LIB_A,Library,16,Saturday,11,29.2,81.0,181.0,51.1,50.6,5
SCI_A,Science,1,Saturday,12,25.8,83.9,7.0,60.9,64.8,5
SCI_A,Science,3,Friday,2,26.4,87.6,0.0,64.1,63.5,4
BUS_B,Business,18,Monday,8,30.9,76.0,65.0,51.7,54.0,0
ENG_A,Engineering,10,Friday,10,29.2,71.3,120.0,71.4,73.3,4
RES_A,Residential,18,Thursday,4,29.7,78.0,180.0,55.6,53.1,3
SPT_A,Sports,20,Saturday,8,30.2,71.2,138.0,59.6,62.8,5
BUS_B,Business,20,Thursday,3,28.9,78.3,8.0,52.4,47.3,3
ENG_B,Engineering,8,Friday,9,25.9,75.6,116.0,29.3,46.5,4
SCI_B,Science,4,Tuesday,8,26.0,86.3,17.0,48.1,62.9,1
LIB_A,Library,18,Wednesday,4,30.6,79.3,288.0,88.9,82.0,2
LIB_A,Library,22,Thursday,8,28.1,74.0,87.0,42.8,44.1,3
RES_A,Residential,6,Wednesday,10,26.9,81.6,183.0,48.0,47.4,2
SCI_A,Science,1,Monday,4,27.5,83.5,20.0,73.9,72.1,0
RES_A,Residential,23,Sunday,2,28.5,80.1,293.0,56.4,61.2,6
ADM_A,Administration,23,Friday,4,27.2,82.7,20.0,30.8,32.1,4
BUS_A,Business,12,Tuesday,3,30.4,75.4,143.0,50.2,58.2,1
SPT_A,Sports,19,Thursday,1,28.9,76.0,176.0,63.3,64.7,3
RES_A,Residential,15,Friday,3,30.9,67.6,120.0,49.8,51.1,4
BUS_B,Business,12,Monday,10,29.2,83.6,132.0,60.9,60.4,0
SCI_A,Science,6,Tuesday,5,27.8,77.6,15.0,68.1,73.9,1
ADM_A,Administration,21,Friday,7,28.7,77.2,,27.0,29.5,4
SCI_A,Science,23,Wednesday,8,25.9,82.9,0.0,54.5,58.1,2
SCI_A,Science,19,Monday,8,28.3,75.5,,63.4,77.6,0
SCI_B,Science,6,Sunday,7,27.9,79.1,10.0,59.1,59.3,6
ENG_B,Engineering,21,Sunday,1,28.1,75.9,13.0,42.1,45.3,6
RES_A,Residential,20,Saturday,8,29.2,72.8,202.0,46.0,49.7,5
BUS_B,Business,8,Saturday,5,29.7,77.2,25.0,42.5,41.2,5
BUS_B,Business,14,Monday,4,30.0,72.4,145.0,58.0,62.6,0
ENG_B,Engineering,6,Monday,7,28.1,70.3,0.0,43.5,39.4,0
LEC_A,LectureHall,13,Thursday,8,30.8,73.1,215.0,81.1,80.8,3
LEC_A,LectureHall,18,Friday,10,28.3,72.6,100.0,50.5,49.5,4
ADM_A,Administration,6,Thursday,10,25.0,76.0,0.0,20.6,19.8,3
ENG_B,Engineering,20,Saturday,1,28.2,76.6,0.0,42.9,44.1,5
LEC_A,LectureHall,16,Sunday,2,29.3,76.4,40.0,35.2,40.4,6
BUS_A,Business,10,Thursday,12,27.7,81.3,90.0,40.3,48.3,3
ENG_B,Engineering,14,Monday,4,30.1,78.2,154.0,79.4,80.0,0
SPT_A,Sports,9,Wednesday,6,28.2,76.7,43.0,52.9,49.8,2
SPT_A,Sports,18,Thursday,7,29.8,73.8,164.0,53.8,60.2,3
SPT_A,Sports,5,Tuesday,11,26.1,82.6,54.0,37.9,44.8,1
SPT_A,Sports,15,Wednesday,11,29.3,72.1,47.0,46.4,44.7,2
BUS_A,Business,4,Monday,3,27.1,72.8,33.0,36.3,37.5,0
BUS_A,Business,3,Saturday,9,26.5,78.8,9.0,24.6,28.7,5
RES_B,Residential,3,Friday,7,25.7,75.7,137.0,42.3,48.0,4
ENG_B,Engineering,3,Wednesday,4,25.5,84.8,6.0,60.4,46.9,2
BUS_B,Business,13,Tuesday,6,30.5,69.9,179.0,69.7,69.5,1
SCI_B,Science,12,Wednesday,9,29.9,81.4,1.0,62.4,72.6,2
BUS_B,Business,0,Wednesday,6,26.4,84.8,0.0,34.3,35.1,2
LEC_A,LectureHall,2,Wednesday,10,26.7,81.8,15.0,23.2,28.5,2
SPT_A,Sports,15,Saturday,9,29.5,75.8,38.0,40.6,45.1,5
RES_B,Residential,9,Wednesday,5,28.6,81.2,195.0,45.4,46.0,2
ADM_A,Administration,9,Thursday,12,29.5,74.0,62.0,35.5,36.4,3
SCI_B,Science,19,Tuesday,7,30.0,70.0,20.0,73.2,78.6,1
ENG_A,Engineering,9,Sunday,4,29.2,77.5,21.0,52.6,62.4,6
SCI_B,Science,5,Thursday,12,25.2,80.1,0.0,59.0,51.5,3
SCI_A,Science,14,Monday,9,31.2,75.4,133.0,105.4,108.1,0
LEC_A,LectureHall,7,Wednesday,4,27.3,78.2,32.0,34.9,31.3,2
BUS_A,Business,0,Tuesday,7,27.2,75.3,0.0,28.6,32.6,1
ADM_A,Administration,19,Wednesday,3,30.3,72.5,0.0,30.0,33.2,2
BUS_A,Business,17,Monday,6,31.2,71.5,68.0,48.1,51.7,0
ENG_A,Engineering,10,Sunday,6,30.6,78.4,31.0,54.4,55.5,6
ENG_B,Engineering,17,Friday,6,32.1,74.3,81.0,60.7,64.4,4
BUS_B,Business,16,Wednesday,1,30.9,63.7,105.0,57.8,63.6,2
LIB_A,Library,0,Wednesday,2,26.7,81.9,0.0,28.9,33.4,2
SPT_A,Sports,3,Wednesday,3,27.0,72.7,16.0,40.2,43.2,2
SPT_A,Sports,5,Sunday,11,25.7,87.9,69.0,49.2,46.0,6
SCI_A,Science,22,Thursday,9,27.6,77.1,11.0,66.5,69.4,3
SCI_B,Science,2,Wednesday,12,26.5,87.2,2.0,81.2,69.1,2
LIB_A,Library,23,Monday,5,,80.2,52.0,37.5,40.2,0
LEC_A,LectureHall,2,Thursday,2,27.4,84.5,6.0,23.8,29.5,3
LEC_A,LectureHall,12,Thursday,11,28.7,75.7,221.0,79.9,74.4,3
ENG_B,Engineering,3,Wednesday,3,26.7,83.5,0.0,33.4,38.0,2
SCI_B,Science,0,Thursday,2,26.5,83.5,2.0,84.6,73.2,3
ENG_A,Engineering,19,Saturday,4,30.9,75.1,50.0,60.9,69.6,5
ENG_B,Engineering,21,Friday,7,27.4,79.4,23.0,45.1,43.0,4
SCI_A,Science,22,Thursday,1,27.9,75.3,0.0,68.5,66.4,3
SCI_A,Science,12,Saturday,3,30.3,74.2,38.0,80.5,90.8,5
LEC_A,LectureHall,20,Monday,9,27.2,84.3,67.0,34.3,32.2,0
RES_B,Residential,21,Sunday,8,29.1,73.9,248.0,51.9,55.3,6
ADM_A,Administration,12,Thursday,9,30.1,76.7,93.0,38.5,43.0,3
RES_A,Residential,16,Sunday,1,29.2,80.6,125.0,41.1,42.0,6
LEC_A,LectureHall,12,Monday,2,34.7,88.0,265.0,88.8,91.6,0
BUS_B,Business,7,Sunday,7,27.4,83.9,0.0,27.0,30.6,6
LEC_A,LectureHall,3,Sunday,7,26.1,82.2,0.0,21.4,17.6,6
RES_B,Residential,1,Sunday,6,26.5,79.6,131.0,46.6,46.3,6
BUS_A,Business,2,Tuesday,8,25.7,85.6,0.0,15.8,26.0,1
ENG_A,Engineering,0,Sunday,6,27.6,82.6,7.0,42.0,44.1,6
ADM_A,Administration,9,Monday,6,26.5,81.2,53.0,31.3,30.4,0
ENG_B,Engineering,0,Monday,9,26.9,79.5,0.0,39.5,38.2,0
BUS_B,Business,6,Wednesday,7,25.8,79.9,0.0,28.7,35.3,2
BUS_A,Business,10,Monday,7,30.8,77.7,100.0,,61.7,0
ENG_B,Engineering,10,Saturday,8,30.3,72.5,41.0,57.6,56.3,5
RES_B,Residential,16,Friday,12,30.5,65.3,107.0,41.0,46.5,4
BUS_B,Business,0,Friday,4,26.1,81.2,0.0,41.3,39.8,4
SPT_A,Sports,22,Tuesday,5,28.3,80.5,23.0,81.3,65.5,1
SCI_B,Science,22,Tuesday,4,28.1,72.9,0.0,59.1,68.6,1
BUS_B,Business,16,Tuesday,10,29.7,72.6,120.0,69.0,63.1,1
BUS_A,Business,23,Wednesday,2,27.6,86.5,15.0,35.6,36.4,2
ADM_A,Administration,1,Sunday,1,25.9,77.7,11.0,21.7,18.9,6
RES_A,Residential,4,Wednesday,12,23.2,93.3,199.0,50.6,49.3,2
ENG_B,Engineering,13,Wednesday,4,31.0,69.3,147.0,75.5,74.4,2
SPT_A,Sports,21,Tuesday,4,28.9,74.1,103.0,54.6,51.0,1
BUS_B,Business,2,Wednesday,9,25.3,84.6,14.0,35.1,35.0,2
LIB_A,Library,11,Thursday,7,29.4,79.2,76.0,38.5,42.6,3
SCI_B,Science,8,Tuesday,7,28.1,78.7,49.0,69.4,72.2,1
BUS_B,Business,18,Thursday,2,31.1,69.5,84.0,50.4,58.6,3
LIB_A,Library,22,Wednesday,8,29.3,73.6,84.0,46.7,46.2,2
ENG_A,Engineering,1,Monday,10,26.6,83.8,0.0,40.6,43.1,0
BUS_B,Business,8,Wednesday,7,28.6,86.6,51.0,53.2,51.6,2
SCI_A,Science,18,Thursday,7,30.1,81.9,173.0,107.5,108.9,3
RES_A,Residential,13,Monday,9,30.6,74.3,125.0,45.1,46.0,0
SCI_A,Science,20,Thursday,2,28.3,83.3,27.0,82.6,76.0,3
LEC_A,LectureHall,2,Thursday,10,25.1,82.9,0.0,14.4,20.4,3
LEC_A,LectureHall,0,Saturday,8,26.5,84.4,0.0,24.2,22.8,5
ENG_A,Engineering,6,Thursday,12,27.6,,13.0,,49.2,3
ENG_B,Engineering,10,Thursday,1,29.5,72.8,97.0,57.1,63.3,3
RES_B,Residential,5,Wednesday,4,26.9,81.9,176.0,39.3,49.5,2
ENG_A,Engineering,0,Wednesday,1,25.1,86.8,0.0,44.6,40.5,2
SCI_B,Science,15,Wednesday,4,32.5,76.4,109.0,93.3,103.0,2
SCI_B,Science,20,Friday,1,28.3,78.4,18.0,70.9,74.2,4
LEC_A,LectureHall,8,Tuesday,10,26.6,81.0,123.0,52.0,51.5,1
ENG_A,Engineering,12,Tuesday,11,29.4,65.8,200.0,74.4,86.3,1
SPT_A,Sports,22,Tuesday,10,27.3,72.8,90.0,41.3,46.0,1
BUS_A,Business,14,Saturday,2,30.2,75.5,31.0,37.0,42.5,5
RES_B,Residential,19,Sunday,5,30.8,74.5,163.0,39.5,47.3,6
ENG_A,Engineering,8,Wednesday,1,27.8,76.5,86.0,57.8,50.1,2
BUS_B,Business,2,Friday,1,25.4,80.1,0.0,9.1,25.2,4
LIB_A,Library,8,Thursday,2,27.9,70.9,13.0,30.6,30.5,3
ENG_A,Engineering,12,Sunday,3,30.7,74.9,23.0,48.2,58.0,6
SCI_A,Science,23,Tuesday,2,26.8,88.6,3.0,67.3,71.5,1
LIB_A,Library,5,Saturday,12,25.5,80.1,0.0,19.1,24.4,5
ENG_A,Engineering,7,Wednesday,11,26.7,86.4,149.0,35.3,54.7,2
RES_A,Residential,21,Sunday,8,27.6,81.0,262.0,57.9,57.6,6
ENG_A,Engineering,14,Wednesday,4,30.2,77.4,206.0,81.1,84.5,2
SCI_B,Science,13,Tuesday,12,29.7,63.9,110.0,89.5,88.1,1
BUS_A,Business,14,Tuesday,6,30.9,78.4,160.0,74.8,69.3,1
SPT_A,Sports,16,Friday,9,28.3,71.9,77.0,44.0,48.2,4
ADM_A,Administration,23,Tuesday,12,25.2,81.1,7.0,23.7,20.3,1
ENG_A,Engineering,23,Sunday,8,27.9,81.2,0.0,50.5,50.1,6
SPT_A,Sports,9,Tuesday,5,28.7,71.4,28.0,53.2,47.3,1
RES_B,Residential,11,Friday,12,27.6,78.6,151.0,32.7,35.2,4
BUS_A,Business,20,Tuesday,12,27.7,77.5,5.0,31.8,32.9,1
LIB_A,Library,21,Thursday,7,28.4,,101.0,48.0,47.2,3
ENG_B,Engineering,0,Tuesday,12,26.9,79.0,8.0,36.5,38.1,1
RES_A,Residential,12,Monday,5,31.2,78.6,337.0,64.8,66.4,0
BUS_A,Business,4,Sunday,3,26.5,85.8,14.0,32.5,29.5,6
ADM_A,Administration,4,Wednesday,4,25.9,85.0,0.0,17.5,20.3,2
BUS_B,Business,4,Tuesday,11,25.8,81.0,0.0,31.5,33.5,1
SCI_B,Science,21,Thursday,9,27.2,80.7,10.0,62.9,63.5,3
SCI_B,Science,13,Wednesday,6,28.9,76.3,117.0,104.8,90.6,2
SCI_B,Science,20,Sunday,9,29.1,79.7,22.0,66.9,73.7,6
SCI_B,Science,6,Wednesday,2,25.7,87.0,0.0,58.7,58.8,2
ADM_A,Administration,1,Monday,11,24.8,76.7,0.0,19.4,20.0,0
ENG_B,Engineering,14,Friday,4,31.1,74.1,170.0,68.5,75.8,4
BUS_B,Business,16,Sunday,1,30.0,75.1,20.0,37.3,45.4,6
RES_A,Residential,8,Thursday,1,27.4,74.1,190.0,45.1,50.6,3
RES_B,Residential,4,Wednesday,4,26.6,77.9,178.0,48.6,53.2,2
BUS_A,Business,23,Wednesday,11,26.9,72.8,20.0,33.5,35.1,2
RES_A,Residential,5,Friday,5,23.8,95.7,163.0,50.0,46.0,4
SCI_B,Science,20,Monday,5,28.7,74.5,0.0,55.2,72.8,0
RES_B,Residential,11,Wednesday,10,28.7,72.4,122.0,36.4,38.7,2
RES_B,Residential,23,Saturday,1,27.1,93.1,273.0,50.7,50.9,5
SPT_A,Sports,4,Thursday,7,27.0,77.1,48.0,43.7,38.4,3
SCI_B,Science,18,Wednesday,12,29.0,75.6,49.0,60.7,69.6,2
SCI_A,Science,9,Monday,1,28.2,73.5,144.0,36.3,79.0,0
SCI_A,Science,7,Wednesday,7,28.0,78.2,0.0,58.5,67.3,2
ENG_B,Engineering,21,Wednesday,2,28.5,82.7,21.0,50.7,47.5,2
LIB_A,Library,8,Saturday,9,27.9,79.0,0.0,31.1,31.3,5
RES_B,Residential,2,Sunday,3,26.1,85.1,139.0,35.2,44.9,6
SCI_B,Science,19,Friday,8,28.6,72.6,27.0,62.9,63.1,4
BUS_A,Business,4,Monday,1,26.7,85.7,17.0,26.1,36.5,0
BUS_B,Business,2,Saturday,12,25.4,89.0,7.0,28.9,22.0,5
LEC_A,LectureHall,22,Monday,5,30.1,73.0,21.0,88.0,52.4,0
ENG_A,Engineering,1,Wednesday,1,26.2,78.4,0.0,39.6,45.4,2
BUS_A,Business,11,Sunday,1,29.2,69.5,33.0,34.4,38.0,6
SCI_A,Science,1,Saturday,11,26.6,79.3,14.0,59.3,68.8,5
ADM_A,Administration,23,Saturday,5,28.6,75.4,11.0,29.2,27.1,5
BUS_A,Business,15,Saturday,9,30.4,72.1,21.0,35.7,37.8,5
SCI_B,Science,13,Friday,3,29.3,80.9,118.0,97.3,93.7,4
RES_B,Residential,14,Thursday,5,30.9,74.1,70.0,45.1,39.9,3
ADM_A,Administration,21,Sunday,2,27.9,87.5,7.0,25.6,25.9,6
SCI_A,Science,12,Tuesday,10,30.3,75.9,13.0,82.2,82.2,1
LIB_A,Library,1,Tuesday,3,27.0,82.1,22.0,38.2,35.0,1
BUS_A,Business,9,Sunday,3,28.5,72.6,15.0,32.5,32.0,6
BUS_A,Business,7,Tuesday,12,26.3,85.2,148.0,29.6,41.4,1
LIB_A,Library,6,Tuesday,11,24.2,87.0,16.0,29.1,29.8,1
SCI_B,Science,21,Friday,4,26.5,80.5,11.0,60.1,65.2,4
RES_B,Residential,16,Wednesday,8,30.3,73.5,107.0,39.1,43.9,2
ADM_A,Administration,16,Tuesday,2,29.8,,61.0,43.2,41.2,1
ADM_A,Administration,5,Monday,1,25.3,86.8,0.0,21.2,23.2,0
RES_B,Residential,15,Friday,3,34.8,85.4,240.0,51.0,54.2,4
ENG_B,Engineering,21,Friday,2,26.7,84.2,26.0,36.6,42.5,4
RES_B,Residential,2,Friday,5,27.2,85.2,146.0,46.6,50.4,4
RES_B,Residential,19,Saturday,7,29.0,76.4,203.0,49.6,48.6,5
LEC_A,LectureHall,11,Monday,10,29.1,72.8,171.0,53.5,58.5,0
BUS_B,Business,3,Saturday,11,26.3,69.8,6.0,28.9,29.3,5
SPT_A,Sports,13,Thursday,6,31.2,70.5,0.0,48.4,50.6,3
BUS_A,Business,14,Sunday,4,28.1,76.6,42.0,36.4,37.8,6
BUS_B,Business,9,Monday,4,28.3,79.2,98.0,53.2,57.9,0
LEC_A,LectureHall,11,Tuesday,2,29.8,69.8,181.0,82.7,70.2,1
BUS_B,Business,23,Monday,1,26.6,77.9,9.0,41.3,39.6,0
ENG_A,Engineering,16,Monday,8,30.1,81.7,152.0,72.1,78.9,0
ENG_A,Engineering,5,Thursday,11,26.7,77.2,0.0,37.1,35.4,3
ENG_A,Engineering,14,Tuesday,2,30.3,71.9,175.0,85.6,86.2,1
BUS_A,Business,16,Monday,9,29.4,74.3,83.0,40.8,44.0,0
ENG_B,Engineering,18,Thursday,1,30.3,75.2,44.0,65.4,60.5,3
BUS_A,Business,16,Wednesday,12,28.2,79.7,111.0,48.7,51.6,2
ENG_A,Engineering,21,Thursday,2,28.1,82.8,58.0,58.2,57.5,3
ADM_A,Administration,1,Wednesday,9,25.9,88.1,0.0,17.7,20.1,2
SCI_A,Science,12,Saturday,8,28.8,72.8,41.0,89.6,80.3,5
ENG_B,Engineering,14,Saturday,6,30.4,69.0,21.0,45.3,46.7,5
SPT_A,Sports,22,Tuesday,8,27.6,75.5,16.0,82.2,56.9,1
RES_A,Residential,7,Saturday,3,28.2,78.9,247.0,61.0,59.9,5
ENG_A,Engineering,4,Sunday,10,25.8,91.5,3.0,31.7,34.5,6
BUS_B,Business,21,Tuesday,8,27.9,76.2,13.0,41.9,45.5,1
SCI_A,Science,17,Saturday,9,29.9,76.4,37.0,72.1,88.4,5
LEC_A,LectureHall,8,Sunday,1,27.9,74.0,20.0,23.4,24.9,6
LIB_A,Library,14,Tuesday,11,30.4,74.7,213.0,56.8,65.9,1
LEC_A,LectureHall,22,Wednesday,12,28.5,80.4,2.0,29.1,32.4,2
LEC_A,LectureHall,22,Tuesday,11,27.6,74.4,24.0,99.6,58.7,1
SCI_A,Science,9,Friday,8,29.1,76.2,81.0,83.0,88.0,4
ENG_A,Engineering,11,Saturday,5,29.3,76.4,30.0,61.8,55.1,5
LIB_A,Library,11,Saturday,9,27.3,83.3,36.0,35.2,36.0,5
RES_A,Residential,19,Friday,7,28.9,73.8,186.0,44.6,45.7,4
ADM_A,Administration,18,Sunday,11,27.6,86.2,29.0,26.1,24.9,6
ENG_B,Engineering,22,Monday,3,28.0,81.2,0.0,41.4,42.7,0
ADM_A,Administration,8,Sunday,1,26.8,75.0,4.0,20.2,22.6,6
ENG_B,Engineering,7,Saturday,8,27.0,72.3,0.0,37.7,40.1,5
SCI_B,Science,10,Wednesday,11,28.2,71.1,85.0,73.1,78.4,2
ADM_A,Administration,19,Monday,2,30.5,79.9,8.0,30.6,35.6,0
SCI_A,Science,22,Friday,9,28.7,74.1,3.0,62.0,67.2,4
LEC_A,LectureHall,16,Saturday,4,30.2,74.1,19.0,33.7,35.1,5
LIB_A,Library,5,Wednesday,4,27.5,79.2,0.0,26.5,32.6,2
ADM_A,Administration,17,Sunday,3,30.3,72.6,24.0,28.2,30.4,6
SCI_A,Science,18,Tuesday,5,29.3,73.9,55.0,88.6,82.8,1
SCI_A,Science,18,Saturday,3,30.3,69.6,23.0,91.8,93.8,5
ENG_A,Engineering,14,Tuesday,6,34.3,83.4,169.0,79.3,83.9,1
ENG_B,Engineering,17,Saturday,5,31.7,67.4,20.0,47.5,55.0,5
BUS_A,Business,12,Saturday,1,29.2,77.7,44.0,43.5,41.4,5
ENG_B,Engineering,7,Wednesday,4,27.7,83.5,163.0,41.8,61.0,2
ADM_A,Administration,5,Sunday,10,24.9,82.2,0.0,16.6,14.0,6
SCI_B,Science,10,Wednesday,7,28.8,77.8,85.0,81.5,84.4,2
RES_B,Residential,9,Monday,12,28.3,86.6,177.0,46.5,48.3,0
SCI_B,Science,8,Sunday,9,27.6,73.5,5.0,66.8,65.4,6
SPT_A,Sports,23,Tuesday,5,28.4,78.5,20.0,75.4,60.8,1
SCI_B,Science,19,Monday,11,28.4,80.1,19.0,68.1,71.8,0
SCI_A,Science,6,Tuesday,10,27.5,80.1,8.0,62.0,69.6,1
ADM_A,Administration,15,Friday,7,29.5,72.3,103.0,44.3,40.9,4
LEC_A,LectureHall,8,Thursday,4,28.7,79.1,174.0,25.7,58.0,3
RES_B,Residential,7,Monday,2,27.1,80.6,160.0,47.1,48.0,0
ENG_B,Engineering,3,Wednesday,10,25.6,81.8,9.0,32.7,32.5,2
ENG_B,Engineering,8,Sunday,8,28.2,83.0,7.0,42.6,40.6,6
LEC_A,LectureHall,19,Tuesday,12,28.9,72.6,8.0,27.6,29.5,1
SCI_B,Science,16,Tuesday,6,30.1,71.3,74.0,88.5,88.5,1
ENG_B,Engineering,17,Monday,2,31.6,68.4,78.0,67.8,67.5,0
RES_A,Residential,20,Friday,5,29.2,70.9,211.0,42.5,51.2,4
SPT_A,Sports,16,Sunday,7,31.0,68.2,84.0,52.8,48.6,6
BUS_A,Business,6,Saturday,9,25.2,86.2,18.0,26.8,26.2,5
BUS_A,Business,3,Sunday,11,24.5,,6.0,20.9,21.5,6
LIB_A,Library,20,Friday,7,30.2,76.4,134.0,62.4,62.3,4
LIB_A,Library,0,Saturday,7,27.0,,12.0,25.8,30.2,5
SPT_A,Sports,8,Thursday,9,26.4,80.5,100.0,45.1,52.8,3
RES_A,Residential,22,Monday,6,29.4,77.0,290.0,66.5,69.4,0
ENG_A,Engineering,11,Saturday,7,30.1,68.4,54.0,,65.1,5
LIB_A,Library,9,Monday,10,27.3,82.0,40.0,37.1,35.5,0
RES_A,Residential,4,Monday,8,26.3,89.6,179.0,47.1,51.7,0
SCI_B,Science,16,Monday,4,31.5,64.7,61.0,89.5,94.0,0
SCI_A,Science,0,Friday,8,26.5,75.1,11.0,70.5,69.6,4
ENG_B,Engineering,11,Saturday,12,28.5,82.3,48.0,43.8,44.6,5
LEC_A,LectureHall,20,Tuesday,2,27.5,82.8,15.0,32.2,35.6,1
RES_A,Residential,9,Thursday,2,26.4,79.9,94.0,37.9,38.2,3
ENG_A,Engineering,16,Monday,10,29.0,81.3,124.0,62.6,70.2,0
LEC_A,LectureHall,20,Saturday,9,27.9,76.0,12.0,25.9,29.1,5
LEC_A,LectureHall,17,Monday,9,30.2,74.2,121.0,62.4,61.0,0
BUS_A,Business,6,Monday,3,27.3,76.7,18.0,37.7,35.5,0
BUS_A,Business,15,Wednesday,1,29.9,77.9,130.0,59.0,61.4,2
LIB_A,Library,3,Friday,3,27.0,76.9,1.0,30.0,29.0,4
BUS_B,Business,3,Sunday,5,26.4,83.1,19.0,38.6,35.9,6
SCI_A,Science,4,Friday,6,27.6,72.0,6.0,98.5,83.2,4
BUS_A,Business,22,Tuesday,1,26.9,73.8,0.0,31.6,29.8,1
BUS_A,Business,17,Sunday,7,30.9,70.1,11.0,40.9,41.9,6
SCI_A,Science,17,Saturday,12,29.4,,37.0,93.7,85.7,5
ENG_B,Engineering,5,Thursday,2,27.0,74.1,23.0,42.5,46.8,3
ADM_A,Administration,20,Wednesday,10,28.7,76.8,9.0,21.8,26.3,2
BUS_B,Business,2,Saturday,9,25.6,81.9,29.0,25.2,29.4,5
LEC_A,LectureHall,7,Saturday,6,27.3,86.1,36.0,28.4,34.5,5
SCI_A,Science,9,Monday,6,29.2,82.6,67.0,97.0,94.3,0
ENG_B,Engineering,7,Monday,9,26.3,79.4,138.0,23.0,45.1,0
ADM_A,Administration,7,Saturday,10,28.0,79.6,0.0,17.2,20.9,5
LIB_A,Library,20,Sunday,11,28.1,81.6,108.0,47.1,52.8,6
RES_B,Residential,11,Friday,8,29.0,73.2,99.0,41.6,40.0,4
ENG_A,Engineering,9,Saturday,6,29.1,80.6,42.0,53.4,55.9,5
BUS_A,Business,17,Thursday,12,30.6,79.6,74.0,52.7,52.7,3
ADM_A,Administration,8,Tuesday,10,27.0,85.2,43.0,26.3,31.2,1
SCI_B,Science,5,Wednesday,3,27.7,73.6,0.0,57.6,64.5,2
LIB_A,Library,21,Monday,6,29.7,77.1,106.0,51.9,55.0,0
LEC_A,LectureHall,0,Thursday,8,26.9,88.0,9.0,26.2,27.0,3
ENG_B,Engineering,6,Sunday,5,28.1,80.5,34.0,44.1,48.2,6
ENG_A,Engineering,3,Saturday,6,27.0,87.7,13.0,43.3,41.8,5
SPT_A,Sports,5,Tuesday,9,24.3,88.8,63.0,39.7,40.5,1
BUS_B,Business,8,Friday,3,29.3,75.1,50.0,55.6,58.5,4
SPT_A,Sports,22,Thursday,9,28.2,79.8,80.0,45.7,43.0,3
BUS_A,Business,16,Monday,7,30.0,80.2,76.0,55.1,50.3,0
ENG_B,Engineering,9,Monday,9,29.1,77.1,68.0,53.2,52.4,0
ENG_B,Engineering,21,Sunday,10,28.0,78.1,33.0,37.4,38.0,6
RES_A,Residential,13,Sunday,1,28.6,77.8,130.0,39.8,46.5,6
ADM_A,Administration,11,Monday,5,30.0,71.2,103.0,43.4,47.0,0
ENG_B,Engineering,6,Friday,5,25.8,84.8,17.0,43.5,38.0,4
RES_B,Residential,16,Tuesday,9,31.0,69.6,129.0,42.2,46.1,1
BUS_B,Business,0,Saturday,9,25.2,89.4,24.0,31.4,28.1,5
SCI_A,Science,12,Thursday,4,30.6,69.4,,83.6,89.0,3
SCI_A,Science,6,Saturday,3,26.5,90.5,14.0,70.3,80.4,5
ADM_A,Administration,17,Saturday,2,28.3,78.4,10.0,28.0,23.6,5
ENG_B,Engineering,0,Monday,7,28.1,83.1,0.0,34.0,37.1,0
SCI_B,Science,18,Sunday,3,29.5,74.2,19.0,65.7,72.1,6
ENG_B,Engineering,5,Friday,4,26.3,84.8,0.0,36.1,38.8,4
SCI_B,Science,10,Saturday,7,28.5,77.2,10.0,68.6,67.2,5
BUS_B,Business,19,Sunday,6,29.8,79.2,0.0,37.8,37.9,6
BUS_A,Business,19,Friday,11,28.4,82.0,47.0,38.8,37.3,4
RES_A,Residential,16,Tuesday,6,30.6,71.7,116.0,,43.9,1
SCI_B,Science,6,Sunday,11,26.1,82.1,0.0,62.8,56.4,6
SCI_A,Science,9,Saturday,1,28.1,76.7,23.0,72.0,71.1,5
RES_A,Residential,8,Friday,6,27.9,81.6,207.0,46.6,50.5,4
ADM_A,Administration,5,Thursday,8,27.6,77.0,0.0,22.1,27.3,3
LIB_A,Library,19,Sunday,3,29.1,75.3,170.0,65.5,61.7,6
ENG_B,Engineering,14,Monday,2,30.7,66.7,139.0,74.7,70.1,0
SCI_A,Science,1,Thursday,6,26.4,81.6,13.0,69.3,69.3,3
RES_B,Residential,7,Saturday,9,27.5,75.4,241.0,54.4,56.3,5
ADM_A,Administration,10,Wednesday,7,28.7,73.0,84.0,34.3,40.8,2
RES_A,Residential,12,Saturday,5,29.1,77.1,134.0,42.8,49.1,5
SPT_A,Sports,15,Wednesday,10,28.8,77.1,49.0,42.4,44.8,2
SPT_A,Sports,4,Wednesday,8,27.3,82.2,11.0,34.8,39.9,2
ENG_A,Engineering,23,Thursday,5,26.8,84.4,0.0,38.6,42.5,3
SCI_B,Science,2,Monday,2,26.7,81.6,12.0,54.1,68.4,0
SCI_B,Science,10,Sunday,7,29.4,76.0,37.0,74.8,79.1,6
LEC_A,LectureHall,20,Saturday,5,30.0,73.7,11.0,33.2,37.8,5
SCI_B,Science,18,Thursday,6,31.1,62.3,56.0,79.3,89.9,3
BUS_A,Business,0,Wednesday,2,26.4,88.7,0.0,32.9,32.7,2
ENG_B,Engineering,6,Wednesday,10,27.0,76.1,9.0,38.8,39.2,2
RES_A,Residential,13,Wednesday,9,30.2,73.2,109.0,34.4,37.3,2
ENG_B,Engineering,21,Saturday,10,28.4,73.7,0.0,45.9,41.4,5
LIB_A,Library,7,Friday,1,26.1,83.2,23.0,25.7,27.0,4
RES_B,Residential,5,Monday,2,25.3,82.0,168.0,39.8,48.7,0
BUS_B,Business,14,Saturday,5,31.6,72.5,44.0,52.9,55.2,5
BUS_A,Business,21,Tuesday,7,29.4,67.7,14.0,35.3,38.1,1
SCI_A,Science,1,Thursday,8,26.4,79.0,18.0,59.5,69.2,3
SCI_B,Science,23,Monday,6,26.8,76.4,3.0,54.3,63.2,0
ENG_A,Engineering,14,Sunday,8,31.7,64.5,70.0,69.4,67.4,6
ADM_A,Administration,6,Saturday,3,25.9,85.1,4.0,23.0,23.5,5
RES_B,Residential,16,Monday,1,30.9,68.5,87.0,36.3,42.1,0
SPT_A,Sports,18,Sunday,5,31.0,72.7,199.0,74.9,83.5,6
LEC_A,LectureHall,12,Saturday,6,29.8,70.4,256.0,79.2,79.6,5
BUS_A,Business,20,Friday,4,29.3,78.5,4.0,42.3,40.8,4
SCI_A,Science,2,Sunday,10,26.5,81.8,2.0,66.1,62.3,6
ENG_B,Engineering,9,Wednesday,8,27.9,73.7,84.0,53.8,60.0,2
SCI_A,Science,7,Friday,9,26.3,82.4,0.0,47.5,58.4,4
BUS_A,Business,16,Saturday,1,28.9,71.8,41.0,38.8,35.8,5
BUS_B,Business,10,Thursday,2,27.7,79.3,107.0,48.3,57.5,3
LEC_A,LectureHall,20,Friday,5,29.4,78.2,26.0,34.7,42.8,4
RES_A,Residential,1,Saturday,8,26.1,80.7,157.0,41.7,41.0,5
SCI_B,Science,3,Monday,9,26.1,78.4,0.0,57.3,53.3,0
ENG_B,Engineering,22,Saturday,6,28.3,77.6,19.0,40.1,48.5,5
ENG_B,Engineering,2,Sunday,2,27.9,82.6,3.0,36.7,36.5,6
ADM_A,Administration,17,Saturday,1,31.7,74.7,20.0,32.2,31.6,5
SCI_B,Science,6,Saturday,11,25.5,80.3,,53.4,55.4,5
SCI_B,Science,16,Friday,3,29.7,72.6,87.0,83.6,89.2,4
ENG_B,Engineering,15,Friday,4,30.2,74.0,126.0,66.7,63.1,4
RES_B,Residential,16,Friday,4,29.8,68.3,112.0,42.7,46.6,4
LEC_A,LectureHall,21,Wednesday,9,26.5,83.7,22.0,25.8,25.5,2
LEC_A,LectureHall,0,Saturday,11,24.9,85.5,31.0,24.1,29.2,5
LIB_A,Library,23,Monday,10,27.1,78.5,75.0,39.5,37.6,0
ADM_A,Administration,16,Monday,10,30.3,77.5,133.0,48.6,48.2,0
BUS_A,Business,7,Friday,4,27.4,83.1,4.0,34.3,37.6,4
ENG_B,Engineering,9,Sunday,1,28.6,71.6,35.0,46.8,52.3,6
SCI_A,Science,18,Tuesday,8,30.0,78.3,82.0,106.4,98.3,1
ENG_B,Engineering,5,Thursday,7,26.7,85.8,0.0,33.5,36.0,3
ENG_A,Engineering,19,Tuesday,1,29.6,73.6,54.0,60.1,59.2,1
SCI_A,Science,12,Wednesday,1,30.0,69.8,142.0,103.9,104.3,2
BUS_B,Business,3,Wednesday,2,26.1,87.6,0.0,36.7,34.7,2
SCI_B,Science,3,Saturday,11,24.8,87.4,0.0,50.2,58.6,5
BUS_A,Business,10,Thursday,6,29.0,82.9,109.0,54.1,56.4,3
SCI_B,Science,21,Saturday,11,27.8,81.9,22.0,62.5,65.2,5
ENG_A,Engineering,6,Sunday,4,26.3,81.7,13.0,42.2,44.6,6
SCI_A,Science,7,Thursday,2,28.5,83.3,8.0,67.3,74.7,3
LEC_A,LectureHall,16,Sunday,5,31.0,74.3,61.0,40.3,44.4,6
RES_A,Residential,20,Thursday,12,29.2,79.9,205.0,43.6,47.3,3
BUS_B,Business,9,Monday,12,27.0,84.3,102.0,55.3,54.2,0
SCI_A,Science,13,Friday,6,28.6,78.5,129.0,96.4,98.1,4
LIB_A,Library,11,Thursday,8,28.5,73.3,72.0,46.4,48.4,3
SCI_A,Science,7,Thursday,6,28.1,80.0,10.0,67.3,71.2,3
BUS_A,Business,2,Friday,4,26.0,91.4,0.0,31.9,33.8,4
BUS_A,Business,18,Saturday,10,29.4,73.0,28.0,33.4,32.8,5
ENG_A,Engineering,5,Sunday,9,26.5,78.0,22.0,50.3,45.1,6
ADM_A,Administration,3,Saturday,4,25.4,76.5,0.0,20.0,20.0,5
SPT_A,Sports,20,Saturday,3,28.3,79.6,176.0,57.6,64.1,5
ENG_B,Engineering,0,Tuesday,11,26.0,83.2,0.0,32.4,36.7,1
LIB_A,Library,0,Thursday,5,28.3,79.3,0.0,36.2,36.1,3
SPT_A,Sports,13,Sunday,12,28.9,72.7,184.0,53.3,59.5,6
LIB_A,Library,1,Friday,6,27.2,80.2,27.0,36.5,31.7,4
LEC_A,LectureHall,1,Wednesday,3,27.6,82.6,0.0,32.8,30.9,2
ENG_A,Engineering,23,Friday,8,26.9,78.5,20.0,46.4,42.0,4
SCI_B,Science,7,Sunday,5,27.8,80.8,0.0,67.3,68.8,6
RES_A,Residential,12,Friday,8,29.4,78.8,107.0,36.6,41.4,4
SPT_A,Sports,19,Sunday,7,24.6,96.6,185.0,54.9,55.3,6
SCI_A,Science,20,Saturday,1,30.4,68.4,21.0,66.4,72.8,5
LIB_A,Library,23,Saturday,8,27.2,84.6,46.0,33.2,36.1,5
ENG_B,Engineering,5,Wednesday,7,26.6,86.8,0.0,35.7,41.3,2
RES_A,Residential,19,Monday,1,31.2,74.6,150.0,43.0,52.0,0
ENG_B,Engineering,21,Sunday,12,27.7,78.4,19.0,40.4,40.6,6
SCI_B,Science,14,Thursday,6,30.8,68.9,123.0,106.8,103.2,3
SCI_B,Science,15,Saturday,10,29.0,80.7,23.0,65.8,69.3,5
SPT_A,Sports,3,Sunday,6,26.3,86.8,15.0,39.2,37.9,6
ENG_A,Engineering,11,Monday,9,29.7,71.8,155.0,70.7,71.5,0
ENG_A,Engineering,8,Monday,5,28.7,82.9,85.0,64.9,60.2,0
LIB_A,Library,14,Monday,6,31.8,72.7,173.0,49.4,62.4,0
ENG_B,Engineering,20,Thursday,2,28.3,74.3,33.0,54.9,49.7,3
SCI_B,Science,14,Sunday,6,30.2,74.6,28.0,71.5,79.4,6
SCI_B,Science,3,Saturday,10,26.2,78.1,8.0,69.8,60.4,5
SCI_A,Science,19,Saturday,7,29.9,75.8,10.0,72.4,81.5,5
RES_B,Residential,6,Wednesday,8,23.9,99.4,182.0,44.1,45.5,2
LEC_A,LectureHall,23,Saturday,4,26.9,82.5,2.0,23.5,21.1,5
LIB_A,Library,10,Tuesday,9,27.7,72.0,58.0,36.5,33.4,1
ENG_A,Engineering,6,Wednesday,3,27.2,85.7,0.0,44.0,43.9,2
BUS_A,Business,1,Sunday,8,27.4,82.5,0.0,27.0,27.3,6
ENG_B,Engineering,16,Friday,2,29.5,72.9,105.0,73.0,68.0,4
SCI_A,Science,22,Sunday,5,28.1,81.7,0.0,73.5,78.2,6
SPT_A,Sports,21,Wednesday,3,28.5,81.7,117.0,56.6,59.1,2
RES_A,Residential,1,Tuesday,3,25.3,81.2,109.0,,41.6,1
RES_A,Residential,7,Thursday,8,26.8,80.1,185.0,45.4,50.4,3
ENG_B,Engineering,20,Wednesday,3,29.0,74.3,13.0,44.0,48.0,2
LIB_A,Library,17,Monday,7,29.7,74.3,201.0,58.1,57.7,0
ENG_A,Engineering,13,Saturday,12,30.3,69.3,53.0,67.3,62.7,5
SPT_A,Sports,13,Saturday,1,30.1,87.7,14.0,55.4,52.0,5
BUS_A,Business,3,Saturday,6,27.3,86.6,21.0,31.7,34.3,5
SCI_B,Science,23,Monday,6,28.4,86.3,14.0,74.3,71.8,0
BUS_A,Business,0,Monday,12,24.9,86.1,7.0,26.6,25.6,0
SCI_A,Science,4,Wednesday,8,26.8,86.2,6.0,59.9,58.7,2
LIB_A,Library,22,Saturday,10,28.8,79.5,44.0,32.6,34.9,5
ENG_A,Engineering,19,Tuesday,3,27.9,75.8,38.0,52.3,50.4,1
ENG_A,Engineering,9,Monday,4,28.1,77.8,182.0,41.3,65.1,0
SPT_A,Sports,8,Friday,8,28.4,83.3,126.0,51.2,60.5,4
SPT_A,Sports,23,Monday,4,28.2,82.7,14.0,41.1,37.2,0
BUS_A,Business,2,Wednesday,9,26.0,80.3,5.0,22.1,25.2,2
BUS_A,Business,23,Saturday,8,28.0,78.7,0.0,24.4,29.0,5
SPT_A,Sports,21,Tuesday,4,30.6,72.4,118.0,59.1,63.9,1
LEC_A,LectureHall,2,Saturday,1,24.4,83.0,15.0,19.1,19.6,5
SCI_B,Science,12,Thursday,6,30.9,72.4,134.0,96.9,92.4,3
RES_A,Residential,4,Sunday,4,27.1,74.1,166.0,51.3,48.3,6
BUS_A,Business,14,Monday,10,30.9,74.0,139.0,63.6,63.9,0
RES_A,Residential,8,Friday,10,28.6,81.2,174.0,41.2,46.6,4
SCI_B,Science,3,Friday,7,27.3,78.4,14.0,62.6,70.5,4
ENG_A,Engineering,12,Sunday,4,31.5,70.8,37.0,53.7,59.8,6
ENG_B,Engineering,20,Tuesday,1,27.4,78.1,0.0,37.5,39.0,1
RES_A,Residential,10,Friday,6,29.0,80.5,159.0,43.6,45.2,4
ENG_A,Engineering,0,Monday,3,26.7,76.0,14.0,42.6,45.2,0
BUS_A,Business,4,Monday,4,27.1,72.9,0.0,10.6,20.7,0
ENG_A,Engineering,4,Friday,3,24.6,83.7,16.0,34.8,34.7,4
LEC_A,LectureHall,4,Friday,4,25.8,83.8,0.0,22.1,27.4,4
LIB_A,Library,15,Monday,8,30.8,71.8,196.0,65.6,59.7,0
ENG_A,Engineering,4,Sunday,12,25.9,81.3,1.0,63.6,42.4,6
BUS_B,Business,21,Wednesday,2,29.2,70.0,6.0,43.8,47.8,2
BUS_B,Business,8,Friday,8,27.4,85.2,44.0,42.1,39.6,4
RES_B,Residential,1,Sunday,7,27.3,81.9,121.0,37.0,38.4,6
ENG_B,Engineering,15,Saturday,5,29.6,74.5,64.0,60.2,52.6,5
ADM_A,Administration,6,Sunday,4,26.4,90.1,11.0,25.0,22.9,6
SCI_A,Science,15,Saturday,6,31.0,66.3,30.0,93.6,86.2,5
SCI_A,Science,15,Tuesday,3,31.3,64.5,103.0,92.4,101.1,1
RES_A,Residential,13,Saturday,11,29.4,72.3,139.0,37.5,43.2,5
ENG_B,Engineering,3,Thursday,5,26.6,83.8,0.0,30.2,36.4,3
SCI_B,Science,13,Wednesday,11,29.3,75.7,113.0,87.1,90.5,2
LEC_A,LectureHall,21,Saturday,4,28.7,76.2,0.0,30.8,31.6,5
BUS_B,Business,11,Tuesday,7,29.5,76.0,165.0,67.5,65.4,1
SPT_A,Sports,10,Tuesday,9,29.2,73.2,44.0,48.7,40.7,1
ENG_A,Engineering,11,Tuesday,7,29.6,74.4,140.0,92.2,81.2,1
RES_B,Residential,0,Monday,2,26.0,82.5,105.0,40.5,47.4,0
ENG_B,Engineering,3,Tuesday,12,24.7,87.7,14.0,33.2,35.7,1
SCI_A,Science,16,Monday,12,30.6,70.6,93.0,102.2,99.4,0
RES_A,Residential,15,Thursday,8,28.9,75.9,144.0,41.1,44.6,3
SPT_A,Sports,1,Monday,12,27.1,79.2,13.0,37.3,37.7,0
RES_B,Residential,12,Sunday,9,30.6,78.8,104.0,35.8,40.3,6
BUS_B,Business,21,Wednesday,3,29.4,70.2,24.0,49.9,48.1,2
LIB_A,Library,18,Tuesday,9,30.2,71.9,206.0,65.6,62.3,1
SCI_B,Science,12,Tuesday,5,30.4,82.7,110.0,88.4,94.7,1
RES_A,Residential,14,Wednesday,2,30.2,78.6,83.0,48.7,41.7,2
SCI_B,Science,14,Saturday,7,30.0,73.4,,80.8,77.5,5
SPT_A,Sports,12,Saturday,4,30.3,78.7,231.0,62.3,71.3,5
LIB_A,Library,14,Thursday,4,30.3,69.4,165.0,52.8,62.1,3
RES_B,Residential,1,Tuesday,5,28.4,75.0,133.0,56.8,49.2,1
SPT_A,Sports,8,Tuesday,5,29.5,75.7,106.0,57.9,56.0,1
BUS_B,Business,22,Thursday,11,26.4,83.4,22.0,34.8,40.2,3
LEC_A,LectureHall,14,Saturday,6,30.8,71.1,232.0,79.2,78.8,5
BUS_B,Business,6,Thursday,11,25.2,85.8,26.0,39.4,40.5,3
ENG_A,Engineering,15,Thursday,12,29.3,68.7,164.0,86.0,74.1,3
BUS_B,Business,12,Monday,10,28.7,76.4,174.0,60.8,66.2,0
BUS_A,Business,3,Tuesday,4,25.3,82.4,25.0,35.5,35.1,1
SCI_B,Science,18,Friday,1,28.4,84.9,44.0,65.0,77.7,4
ENG_B,Engineering,15,Friday,4,30.2,75.8,129.0,63.1,68.5,4
SCI_B,Science,22,Friday,11,28.4,70.1,5.0,71.4,64.0,4
ENG_A,Engineering,6,Thursday,6,26.5,77.5,9.0,40.7,47.4,3
RES_A,Residential,8,Saturday,8,27.7,83.0,232.0,48.2,49.2,5
SPT_A,Sports,11,Sunday,6,29.0,74.9,9.0,44.9,43.2,6
ENG_A,Engineering,15,Wednesday,7,31.4,73.8,179.0,70.1,79.9,2
SCI_B,Science,15,Tuesday,11,29.2,73.3,92.0,71.7,80.9,1
RES_A,Residential,16,Tuesday,4,29.6,68.7,135.0,45.7,46.0,1
BUS_A,Business,7,Wednesday,12,26.6,79.2,0.0,26.3,28.4,2
BUS_A,Business,11,Monday,1,30.8,76.4,119.0,53.5,58.8,0
RES_B,Residential,17,Saturday,3,31.4,77.1,94.0,47.6,47.6,5
BUS_B,Business,15,Wednesday,5,31.6,69.1,144.0,66.6,74.7,2
SCI_A,Science,6,Sunday,12,25.8,84.2,5.0,57.7,63.4,6
ENG_B,Engineering,11,Tuesday,6,28.5,70.1,130.0,72.0,61.1,1
ADM_A,Administration,8,Tuesday,11,27.0,79.1,43.0,30.9,28.4,1
LEC_A,LectureHall,13,Thursday,3,30.4,73.3,210.0,84.6,84.2,3
ENG_B,Engineering,5,Monday,5,27.4,83.5,19.0,39.4,42.2,0
SCI_A,Science,6,Thursday,6,23.9,98.2,5.0,50.9,58.2,3
BUS_B,Business,18,Sunday,4,29.9,75.0,17.0,44.9,46.4,6
RES_A,Residential,4,Thursday,3,26.3,75.7,167.0,60.0,51.8,3
RES_B,Residential,19,Monday,12,29.1,72.5,137.0,38.6,47.8,0
SPT_A,Sports,21,Monday,3,29.9,66.0,104.0,65.1,63.6,0
SPT_A,Sports,4,Saturday,10,25.6,76.4,6.0,31.7,31.2,5
LEC_A,LectureHall,4,Saturday,12,25.4,86.0,2.0,19.0,21.8,5
ADM_A,Administration,12,Tuesday,4,31.2,76.2,99.0,41.3,52.1,1
BUS_A,Business,12,Tuesday,11,29.5,74.6,132.0,58.6,57.2,1
SPT_A,Sports,10,Friday,6,28.4,78.5,25.0,39.4,45.6,4
LIB_A,Library,4,Saturday,1,25.5,79.4,22.0,29.3,28.3,5
SCI_B,Science,23,Friday,11,26.3,83.4,0.0,59.6,56.9,4
BUS_B,Business,10,Sunday,9,,79.7,19.0,39.3,39.5,6
ENG_B,Engineering,23,Monday,9,27.5,80.6,0.0,,36.6,0
SCI_B,Science,3,Thursday,9,26.4,80.0,0.0,51.0,57.9,3
LEC_A,LectureHall,13,Wednesday,5,30.6,,242.0,86.7,89.2,2
SCI_B,Science,23,Thursday,3,26.2,88.9,0.0,63.2,61.5,3
LIB_A,Library,22,Sunday,1,28.6,83.8,53.0,41.1,47.1,6
RES_B,Residential,0,Monday,3,26.5,80.2,112.0,40.0,41.0,0
ENG_A,Engineering,5,Friday,1,27.3,81.6,2.0,46.4,40.0,4
ENG_A,Engineering,7,Thursday,6,27.4,72.1,4.0,38.7,44.0,3
BUS_A,Business,13,Sunday,11,30.8,69.2,38.0,39.4,40.7,6
BUS_B,Business,18,Thursday,4,30.3,71.9,63.0,58.5,53.7,3
LEC_A,LectureHall,4,Thursday,10,26.0,79.8,11.0,23.3,23.6,3
BUS_A,Business,16,Thursday,5,35.0,82.5,145.0,64.8,72.9,3
SCI_A,Science,4,Sunday,1,26.0,80.8,0.0,62.2,61.4,6
SCI_B,Science,15,Tuesday,3,31.8,72.7,101.0,89.8,92.8,1
SCI_A,Science,19,Sunday,3,29.2,82.3,30.0,77.2,78.0,6
SCI_A,Science,14,Wednesday,10,34.9,82.2,132.0,105.8,114.6,2
BUS_B,Business,13,Monday,5,30.8,71.4,170.0,77.8,73.4,0
LEC_A,LectureHall,11,Friday,2,29.2,80.2,157.0,65.2,63.9,4
RES_A,Residential,8,Friday,3,28.6,78.8,212.0,51.9,52.2,4
BUS_B,Business,11,Friday,8,29.7,70.8,128.0,68.3,69.7,4
BUS_A,Business,16,Sunday,11,31.2,72.6,25.0,44.4,42.2,6
SCI_B,Science,16,Wednesday,6,31.3,72.6,75.0,92.6,92.7,2
ADM_A,Administration,1,Monday,5,28.3,75.4,0.0,26.3,29.2,0
ENG_A,Engineering,15,Monday,7,29.6,74.8,176.0,88.8,87.1,0
RES_A,Residential,5,Thursday,3,28.8,79.4,253.0,62.9,57.3,3
ENG_A,Engineering,10,Saturday,3,29.2,72.8,32.0,55.3,60.0,5
SCI_B,Science,6,Monday,9,26.3,85.0,0.0,48.2,56.7,0
RES_B,Residential,14,Monday,3,30.6,76.2,102.0,39.9,46.4,0
RES_A,Residential,0,Friday,9,27.6,82.4,139.0,47.4,48.5,4
ENG_B,Engineering,0,Monday,12,26.2,90.6,17.0,36.4,40.2,0
SCI_B,Science,17,Monday,1,30.0,75.4,156.0,100.0,98.7,0
SPT_A,Sports,20,Thursday,1,27.3,79.7,151.0,63.9,66.9,3
RES_B,Residential,4,Saturday,7,27.5,81.6,,37.9,45.0,5
BUS_A,Business,0,Sunday,7,26.6,89.9,0.0,27.7,28.2,6
LIB_A,Library,2,Saturday,10,25.0,84.9,28.0,30.3,30.3,5
ENG_B,Engineering,1,Wednesday,8,25.6,77.5,37.0,40.4,35.4,2
SPT_A,Sports,12,Sunday,4,29.5,77.6,57.0,51.0,51.8,6
ENG_B,Engineering,8,Friday,9,23.6,96.5,27.0,27.5,34.8,4
BUS_A,Business,9,Wednesday,2,28.5,81.7,89.0,42.8,44.2,2
ENG_A,Engineering,12,Sunday,1,29.0,81.1,28.0,57.2,61.0,6
BUS_A,Business,16,Friday,9,30.2,71.6,93.0,50.2,53.5,4
BUS_B,Business,9,Tuesday,10,26.3,77.7,177.0,24.8,51.0,1
ENG_B,Engineering,16,Tuesday,7,30.5,73.8,104.0,61.2,70.8,1
ENG_B,Engineering,1,Sunday,5,27.3,78.6,13.0,43.6,45.0,6
ENG_A,Engineering,21,Friday,1,28.9,76.1,23.0,56.4,56.0,4
SCI_A,Science,22,Sunday,12,29.1,79.4,0.0,63.9,73.5,6
ADM_A,Administration,13,Monday,6,30.8,65.6,112.0,47.0,44.8,0
BUS_B,Business,19,Friday,6,30.4,66.6,0.0,46.9,48.5,4
RES_B,Residential,15,Tuesday,8,30.9,69.6,79.0,39.6,40.6,1
ADM_A,Administration,1,Wednesday,2,27.6,77.1,6.0,25.8,25.8,2
SCI_A,Science,11,Wednesday,5,30.4,70.6,107.0,91.2,96.8,2
ADM_A,Administration,15,Saturday,2,30.9,71.9,30.0,26.3,29.1,5
RES_A,Residential,9,Friday,12,27.4,72.9,144.0,39.5,42.9,4
ENG_A,Engineering,14,Monday,6,30.5,71.3,210.0,88.8,89.3,0
SCI_B,Science,13,Wednesday,5,34.1,89.3,153.0,115.2,111.5,2
RES_A,Residential,17,Wednesday,12,28.6,85.0,140.0,48.8,44.9,2
LEC_A,LectureHall,17,Friday,10,29.9,73.1,134.0,63.4,68.4,4
ENG_A,Engineering,12,Monday,1,29.3,76.8,209.0,82.7,78.1,0
SPT_A,Sports,23,Thursday,10,27.5,78.6,1.0,38.7,35.3,3
LEC_A,LectureHall,10,Monday,8,30.0,79.3,,45.1,50.8,0
ADM_A,Administration,20,Thursday,8,28.7,77.3,0.0,26.7,29.9,3
RES_B,Residential,6,Sunday,6,28.6,75.5,173.0,51.4,51.8,6
LEC_A,LectureHall,13,Thursday,4,30.6,70.7,236.0,94.2,86.3,3
BUS_A,Business,4,Monday,6,26.7,78.9,18.0,28.2,35.2,0
LIB_A,Library,16,Saturday,12,29.2,75.1,216.0,61.6,57.9,5
SPT_A,Sports,21,Monday,9,28.2,80.7,75.0,52.2,47.3,0
SCI_A,Science,8,Sunday,10,27.2,,32.0,79.1,71.5,6
SPT_A,Sports,11,Saturday,4,28.9,78.8,6.0,46.0,43.4,5
SCI_A,Science,7,Thursday,3,27.4,81.2,94.0,43.6,78.9,3
SPT_A,Sports,22,Friday,12,27.1,74.9,43.0,70.3,53.7,4
LIB_A,Library,13,Wednesday,9,29.6,75.1,137.0,60.0,49.7,2
LEC_A,LectureHall,15,Tuesday,11,30.0,80.4,178.0,79.0,69.4,1
RES_A,Residential,10,Thursday,3,30.0,79.0,158.0,46.7,49.7,3
ENG_A,Engineering,12,Friday,12,29.7,79.8,201.0,85.8,89.8,4
ENG_B,Engineering,16,Thursday,9,30.5,68.6,126.0,52.9,64.8,3
LEC_A,LectureHall,10,Wednesday,12,28.5,81.8,145.0,52.3,61.6,2
LEC_A,LectureHall,8,Tuesday,2,27.1,77.0,64.0,34.5,42.3,1
SPT_A,Sports,7,Monday,9,26.3,86.5,145.0,59.9,56.0,0
ENG_A,Engineering,19,Sunday,7,27.5,77.8,8.0,38.4,42.1,6
ENG_B,Engineering,11,Tuesday,5,31.0,77.8,154.0,86.0,83.1,1
ENG_A,Engineering,0,Friday,6,27.7,79.2,0.0,50.4,45.7,4
RES_B,Residential,10,Wednesday,12,28.2,71.4,120.0,36.0,36.8,2
SPT_A,Sports,10,Monday,5,29.4,79.2,11.0,44.4,48.1,0
ENG_A,Engineering,19,Thursday,4,30.4,71.5,27.0,55.7,59.3,3
SPT_A,Sports,16,Saturday,2,,74.1,95.0,50.8,54.7,5
ADM_A,Administration,23,Sunday,3,26.9,82.5,4.0,23.0,21.7,6
ENG_B,Engineering,20,Thursday,2,27.9,70.1,21.0,47.0,43.1,3
SCI_B,Science,6,Wednesday,10,27.4,82.3,17.0,58.0,62.3,2
ENG_B,Engineering,18,Saturday,10,27.6,77.1,27.0,40.2,39.9,5
SCI_B,Science,20,Friday,9,28.7,72.9,26.0,75.0,71.2,4
ENG_B,Engineering,8,Saturday,1,26.5,86.2,28.0,44.6,42.4,5
ENG_A,Engineering,5,Thursday,8,25.8,85.1,16.0,43.0,42.2,3
LIB_A,Library,1,Friday,10,27.4,76.9,3.0,27.3,27.4,4
RES_A,Residential,18,Thursday,8,29.0,73.0,122.0,46.1,40.1,3
BUS_A,Business,8,Monday,10,27.8,80.2,75.0,42.2,43.6,0
ENG_B,Engineering,0,Friday,5,26.7,82.8,7.0,33.8,43.2,4
SCI_B,Science,2,Friday,11,26.0,79.4,0.0,53.1,53.7,4
RES_B,Residential,0,Sunday,1,26.5,77.7,92.0,40.7,43.2,6
ADM_A,Administration,23,Saturday,7,26.8,87.6,0.0,20.7,22.5,5
LEC_A,LectureHall,23,Saturday,5,27.4,83.7,20.0,26.6,27.4,5
ENG_A,Engineering,13,Friday,9,30.4,72.3,177.0,77.5,79.1,4
ENG_B,Engineering,21,Saturday,3,29.2,79.3,24.0,41.3,49.2,5
BUS_A,Business,21,Tuesday,7,29.5,75.1,9.0,37.5,44.2,1
LEC_A,LectureHall,9,Sunday,2,27.1,74.1,48.0,31.6,35.3,6
ENG_A,Engineering,0,Friday,7,28.4,79.0,0.0,41.0,43.1,4
LEC_A,LectureHall,14,Sunday,11,29.6,83.3,33.0,35.8,34.1,6
RES_B,Residential,13,Thursday,5,31.9,66.4,118.0,45.9,50.6,3
RES_B,Residential,18,Saturday,3,30.0,72.4,193.0,40.6,45.3,5
BUS_A,Business,1,Wednesday,9,26.5,83.3,0.0,30.3,34.3,2
RES_A,Residential,1,Tuesday,6,,78.4,103.0,43.9,42.1,1
RES_A,Residential,22,Monday,7,28.1,79.2,246.0,64.3,60.7,0
SCI_B,Science,0,Tuesday,9,,81.0,3.0,61.8,64.8,1
ENG_A,Engineering,2,Thursday,5,26.2,80.8,5.0,67.6,52.2,3
BUS_B,Business,19,Sunday,12,28.4,67.6,0.0,35.6,33.3,6
BUS_B,Business,15,Wednesday,9,29.5,77.7,184.0,71.8,70.6,2
LEC_A,LectureHall,21,Monday,9,28.5,76.6,1.0,31.6,26.1,0
ENG_B,Engineering,10,Friday,4,29.7,71.3,108.0,66.8,62.1,4
RES_A,Residential,20,Thursday,6,30.2,85.0,204.0,54.5,51.3,3
SCI_B,Science,0,Monday,11,26.0,80.8,8.0,53.2,57.9,0
ENG_A,Engineering,14,Monday,3,30.3,78.3,203.0,90.2,90.2,0
LIB_A,Library,17,Tuesday,10,30.4,75.7,206.0,57.1,58.3,1
LEC_A,LectureHall,19,Saturday,2,28.6,79.8,263.0,74.2,81.9,5
ADM_A,Administration,23,Wednesday,3,27.3,81.6,19.0,29.0,27.7,2
ADM_A,Administration,14,Monday,7,30.1,72.6,109.0,44.2,47.2,0
ENG_A,Engineering,1,Saturday,10,27.0,86.4,16.0,45.3,42.8,5
SCI_A,Science,8,Sunday,12,26.5,82.6,32.0,51.0,60.4,6
LEC_A,LectureHall,22,Friday,8,27.7,78.9,46.0,25.4,35.4,4
SCI_A,Science,9,Sunday,2,27.8,73.5,6.0,79.5,69.6,6
LIB_A,Library,17,Saturday,12,29.4,72.6,206.0,56.6,55.9,5
RES_B,Residential,23,Monday,10,26.3,83.7,223.0,45.9,42.7,0
ENG_B,Engineering,23,Tuesday,4,26.2,77.5,12.0,41.6,35.9,1
BUS_A,Business,14,Wednesday,6,31.4,67.0,137.0,60.0,60.8,2
RES_B,Residential,12,Tuesday,11,30.1,72.2,97.0,31.0,41.8,1
BUS_A,Business,23,Sunday,3,28.0,76.4,9.0,27.6,33.3,6
LIB_A,Library,2,Tuesday,8,25.8,82.8,0.0,21.8,23.9,1
ENG_A,Engineering,4,Thursday,7,25.7,87.0,2.0,39.4,41.9,3
SPT_A,Sports,21,Wednesday,2,27.8,81.3,91.0,49.2,53.5,2
LIB_A,Library,22,Monday,4,28.3,81.7,57.0,39.4,44.8,0
ENG_B,Engineering,18,Friday,2,28.8,76.2,44.0,49.6,58.2,4
SCI_A,Science,7,Monday,9,27.5,79.6,0.0,57.2,65.7,0
SCI_B,Science,21,Sunday,6,29.4,70.7,0.0,73.7,69.0,6
RES_A,Residential,11,Thursday,6,31.0,,155.0,51.1,51.7,3
RES_A,Residential,21,Saturday,7,27.9,84.7,296.0,53.1,64.7,5
RES_A,Residential,23,Saturday,12,26.8,81.7,311.0,60.9,60.1,5
ADM_A,Administration,18,Friday,10,30.2,75.0,45.0,42.8,36.4,4
BUS_B,Business,19,Monday,2,28.6,84.1,30.0,49.1,51.0,0
BUS_B,Business,16,Wednesday,5,32.4,66.0,106.0,68.2,62.7,2
SCI_B,Science,22,Tuesday,7,27.7,79.5,4.0,66.0,65.2,1
BUS_A,Business,0,Monday,12,26.8,78.3,0.0,19.6,27.1,0
LIB_A,Library,5,Sunday,12,26.1,85.0,25.0,24.2,28.8,6
ENG_A,Engineering,2,Tuesday,3,27.1,78.3,0.0,42.5,43.9,1
BUS_A,Business,18,Wednesday,11,28.8,73.0,79.0,46.1,45.8,2
ENG_A,Engineering,3,Monday,9,27.8,75.7,0.0,45.2,43.3,0
SCI_A,Science,11,Thursday,2,31.4,66.9,138.0,116.1,110.0,3
SPT_A,Sports,20,Saturday,6,30.2,71.0,178.0,63.4,66.0,5
ENG_A,Engineering,4,Monday,6,26.1,87.5,0.0,42.6,45.1,0
ENG_B,Engineering,0,Tuesday,2,27.5,71.3,0.0,40.2,39.4,1
ENG_A,Engineering,3,Saturday,10,24.6,82.2,14.0,32.5,34.4,5
RES_B,Residential,21,Saturday,8,29.1,73.3,225.0,46.9,53.0,5
BUS_B,Business,16,Tuesday,2,29.9,70.4,119.0,58.1,61.2,1
SCI_A,Science,8,Wednesday,5,29.1,79.7,67.0,89.3,86.7,2
LEC_A,LectureHall,9,Friday,3,28.5,79.2,95.0,42.3,44.4,4
SCI_A,Science,6,Saturday,4,27.9,73.2,0.0,67.3,74.5,5
ADM_A,Administration,19,Friday,7,29.6,75.4,0.0,24.7,28.7,4
LEC_A,LectureHall,17,Tuesday,10,28.7,80.8,110.0,44.5,51.5,1
ENG_B,Engineering,18,Thursday,1,30.6,75.0,61.0,56.9,54.2,3
BUS_A,Business,9,Monday,11,27.4,78.7,91.0,40.9,42.7,0
ENG_B,Engineering,3,Wednesday,9,26.7,79.5,0.0,30.6,33.1,2
RES_A,Residential,7,Tuesday,7,26.9,79.0,190.0,50.3,56.5,1
BUS_B,Business,3,Thursday,4,26.2,87.9,11.0,41.1,43.5,3
SCI_A,Science,2,Wednesday,2,26.5,83.7,0.0,56.4,64.6,2
RES_B,Residential,17,Thursday,3,29.5,73.1,87.0,38.7,43.8,3
ENG_A,Engineering,21,Friday,3,27.3,74.3,44.0,52.8,54.7,4
SPT_A,Sports,11,Saturday,5,30.5,79.3,7.0,41.0,44.8,5
RES_B,Residential,2,Friday,8,26.3,84.1,128.0,47.3,45.6,4
LIB_A,Library,10,Saturday,12,28.9,83.4,71.0,41.4,43.7,5
ENG_B,Engineering,6,Wednesday,11,25.7,87.2,0.0,34.7,32.2,2
LIB_A,Library,19,Tuesday,4,30.5,73.7,178.0,70.3,64.1,1
ENG_B,Engineering,18,Monday,11,29.8,74.2,49.0,51.0,54.3,0
RES_A,Residential,6,Friday,1,25.7,89.2,247.0,51.6,54.7,4
SPT_A,Sports,7,Thursday,10,25.6,82.6,130.0,51.3,52.3,3
ENG_B,Engineering,20,Monday,12,27.3,76.7,2.0,35.7,36.0,0
BUS_A,Business,0,Monday,5,27.5,75.5,0.0,31.1,36.8,0
ENG_B,Engineering,2,Monday,12,24.6,79.2,7.0,56.5,41.7,0
RES_A,Residential,19,Monday,6,29.5,73.2,161.0,49.3,53.1,0
SCI_A,Science,1,Wednesday,7,26.4,89.5,10.0,63.2,67.4,2
LIB_A,Library,19,Thursday,9,30.7,79.9,149.0,47.5,53.0,3
LEC_A,LectureHall,7,Tuesday,3,24.6,95.3,27.0,29.6,30.9,1
LIB_A,Library,12,Wednesday,1,28.9,76.3,162.0,51.8,52.6,2
BUS_A,Business,19,Thursday,3,28.0,82.2,12.0,35.0,37.1,3
ENG_B,Engineering,8,Tuesday,2,,69.6,80.0,49.0,55.4,1
SPT_A,Sports,13,Sunday,3,32.2,75.5,10.0,49.5,54.9,6
SCI_A,Science,19,Sunday,2,28.7,66.9,10.0,76.8,70.9,6
RES_B,Residential,8,Tuesday,11,26.1,86.6,137.0,29.6,30.9,1
LEC_A,LectureHall,17,Thursday,10,28.9,79.9,133.0,56.9,57.2,3
RES_A,Residential,18,Saturday,12,31.0,77.7,148.0,45.0,47.9,5
SCI_B,Science,16,Sunday,4,30.7,78.1,8.0,75.7,74.0,6
BUS_B,Business,23,Sunday,5,26.7,81.9,0.0,34.4,35.0,6
RES_A,Residential,10,Friday,6,28.0,82.1,166.0,43.1,44.6,4
SPT_A,Sports,7,Wednesday,6,26.5,82.3,148.0,52.7,56.8,2
SCI_A,Science,2,Monday,2,26.0,83.9,11.0,54.3,57.1,0
ENG_B,Engineering,21,Sunday,10,27.3,86.5,2.0,35.8,36.6,6
ENG_B,Engineering,10,Wednesday,3,29.5,71.3,114.0,65.5,68.5,2
ENG_B,Engineering,2,Monday,6,27.4,80.7,24.0,42.4,45.4,0
RES_A,Residential,6,Monday,3,27.4,83.2,220.0,57.1,53.4,0
LEC_A,LectureHall,23,Sunday,1,28.0,81.8,15.0,95.2,54.6,6
ADM_A,Administration,16,Sunday,11,30.5,67.3,6.0,23.7,26.3,6
ENG_B,Engineering,20,Sunday,10,29.0,74.6,0.0,43.8,47.2,6
SCI_B,Science,11,Tuesday,2,27.9,81.2,105.0,75.8,84.0,1
SCI_A,Science,14,Monday,11,30.0,71.5,112.0,107.8,100.7,0
SCI_A,Science,23,Friday,1,27.7,73.5,1.0,71.3,69.9,4
SCI_A,Science,10,Friday,3,28.9,75.8,179.0,113.7,114.9,4
RES_B,Residential,3,Monday,6,27.3,78.0,176.0,39.8,48.1,0
LIB_A,Library,21,Saturday,12,28.0,88.6,48.0,44.0,41.9,5
LIB_A,Library,2,Sunday,12,25.4,77.8,7.0,24.4,22.9,6
BUS_B,Business,17,Monday,5,30.1,71.1,91.0,61.8,62.8,0
BUS_B,Business,21,Thursday,1,25.9,86.8,5.0,42.4,36.9,3
ENG_A,Engineering,14,Saturday,5,29.6,74.9,52.0,58.2,62.5,5
ENG_A,Engineering,11,Thursday,7,30.3,77.0,151.0,78.2,76.2,3
BUS_B,Business,15,Wednesday,3,30.8,67.6,136.0,62.7,76.0,2
ENG_A,Engineering,12,Thursday,7,30.6,71.7,169.0,81.5,83.6,3
SPT_A,Sports,21,Thursday,10,27.9,72.9,,42.7,47.7,3
LEC_A,LectureHall,12,Wednesday,2,30.0,69.7,194.0,77.6,76.0,2
SCI_A,Science,7,Monday,7,25.5,85.0,25.0,62.0,62.3,0
BUS_A,Business,4,Saturday,8,27.4,81.2,0.0,24.6,26.6,5
BUS_B,Business,9,Friday,9,28.6,79.6,109.0,49.7,55.4,4
ENG_B,Engineering,14,Wednesday,5,30.2,71.3,150.0,66.5,68.1,2
LEC_A,LectureHall,15,Wednesday,6,32.0,70.7,207.0,76.5,79.9,2
ENG_B,Engineering,14,Wednesday,1,30.2,73.8,184.0,73.7,77.5,2
LEC_A,LectureHall,18,Sunday,4,31.4,69.0,32.0,39.2,46.2,6
SCI_A,Science,10,Thursday,3,27.4,75.6,76.0,85.5,77.5,3
LIB_A,Library,12,Monday,11,29.4,72.3,136.0,49.8,52.4,0
ENG_B,Engineering,16,Saturday,5,31.8,73.4,17.0,59.2,58.9,5
ENG_A,Engineering,18,Tuesday,9,29.1,78.6,74.0,57.7,59.8,1
ADM_A,Administration,20,Thursday,3,28.6,74.4,5.0,29.8,27.6,3
RES_B,Residential,6,Monday,2,26.6,77.7,194.0,49.5,47.3,0
RES_A,Residential,5,Saturday,12,26.4,81.8,230.0,40.6,44.5,5
ADM_A,Administration,5,Wednesday,9,26.4,82.6,0.0,24.1,22.5,2
LEC_A,LectureHall,23,Thursday,5,27.5,74.7,34.0,36.1,38.6,3
SPT_A,Sports,8,Wednesday,7,28.0,,121.0,67.8,56.7,2
RES_A,Residential,3,Friday,1,25.5,82.0,190.0,43.8,48.6,4
ENG_B,Engineering,2,Wednesday,1,25.9,84.9,8.0,75.2,48.7,2
ENG_A,Engineering,23,Friday,1,25.0,79.2,0.0,38.0,37.0,4
ADM_A,Administration,2,Friday,7,27.2,83.2,6.0,28.4,30.5,4
BUS_B,Business,9,Sunday,1,27.2,77.0,40.0,29.8,37.1,6
ADM_A,Administration,23,Saturday,5,27.2,79.2,0.0,21.9,24.0,5
LEC_A,LectureHall,8,Tuesday,5,27.2,80.9,79.0,49.8,53.1,1
ENG_A,Engineering,20,Monday,7,28.1,76.7,41.0,49.1,60.3,0
RES_A,Residential,20,Sunday,12,27.2,78.2,263.0,49.3,49.7,6
SCI_A,Science,17,Monday,7,29.8,75.1,49.0,73.1,81.0,0
SCI_A,Science,19,Thursday,6,31.3,72.1,26.0,74.1,82.4,3
SCI_B,Science,21,Monday,12,28.5,81.5,41.0,73.0,68.8,0
SPT_A,Sports,15,Friday,11,30.2,76.3,0.0,45.9,42.3,4
RES_B,Residential,5,Saturday,4,25.5,77.4,224.0,44.9,47.0,5
ADM_A,Administration,2,Monday,10,25.8,77.0,8.0,19.9,22.2,0
SCI_B,Science,9,Tuesday,6,27.4,78.5,81.0,67.5,79.5,1
BUS_A,Business,2,Saturday,12,26.3,84.4,0.0,25.4,30.2,5
LIB_A,Library,4,Monday,10,26.0,82.3,0.0,24.0,28.9,0
LIB_A,Library,10,Sunday,8,30.0,77.9,68.0,43.8,43.1,6
LIB_A,Library,2,Thursday,1,26.2,81.9,9.0,25.7,26.9,3
ADM_A,Administration,11,Tuesday,1,28.2,76.5,94.0,34.7,34.3,1
RES_B,Residential,16,Tuesday,6,30.1,73.9,103.0,41.0,43.5,1
LEC_A,LectureHall,15,Tuesday,6,31.4,75.3,147.0,60.6,67.0,1
BUS_B,Business,3,Monday,7,25.5,78.8,35.0,30.7,36.5,0
SCI_A,Science,7,Thursday,7,29.0,74.4,7.0,55.3,68.6,3
LIB_A,Library,14,Friday,5,31.7,79.1,200.0,64.1,62.4,4
BUS_B,Business,5,Monday,5,26.9,77.1,0.0,35.1,39.0,0
RES_A,Residential,17,Tuesday,6,30.7,75.1,165.0,52.4,50.5,1
LEC_A,LectureHall,14,Thursday,7,31.5,68.2,192.0,63.4,68.4,3
LEC_A,LectureHall,10,Sunday,10,28.3,77.4,15.0,27.7,33.7,6
ENG_B,Engineering,8,Saturday,8,,71.6,23.0,38.8,44.9,5
LEC_A,LectureHall,20,Wednesday,3,29.5,76.4,34.0,,42.0,2
SCI_A,Science,23,Sunday,5,26.8,78.2,2.0,69.4,70.5,6
BUS_B,Business,16,Wednesday,2,29.4,76.2,223.0,70.5,80.9,2
LIB_A,Library,5,Friday,6,26.6,89.6,0.0,28.2,29.0,4
RES_A,Residential,3,Sunday,2,26.7,82.0,218.0,56.5,54.9,6
ADM_A,Administration,17,Thursday,6,,80.7,39.0,38.1,43.4,3
ADM_A,Administration,16,Friday,12,30.5,76.1,72.0,38.3,34.0,4
BUS_B,Business,9,Friday,9,29.6,77.0,58.0,49.9,51.4,4
RES_A,Residential,11,Monday,8,29.1,78.7,130.0,39.2,39.5,0
SCI_A,Science,11,Tuesday,9,29.5,83.5,125.0,85.0,94.7,1
ADM_A,Administration,14,Friday,10,30.3,69.5,97.0,36.5,42.8,4
ENG_B,Engineering,13,Saturday,5,32.3,70.4,61.0,63.3,72.1,5
BUS_B,Business,18,Friday,12,28.9,80.0,77.0,49.0,53.5,4
SCI_B,Science,3,Wednesday,8,27.3,79.1,33.0,68.9,65.2,2
ENG_A,Engineering,7,Sunday,10,26.0,82.3,0.0,30.3,33.8,6
LIB_A,Library,2,Wednesday,6,26.6,80.7,0.0,27.1,30.7,2
SCI_B,Science,14,Thursday,7,31.0,63.6,119.0,99.9,93.8,3
LEC_A,LectureHall,15,Saturday,11,28.5,73.9,200.0,60.6,59.7,5
LIB_A,Library,22,Thursday,3,28.2,78.3,,79.7,58.6,3
SCI_A,Science,8,Monday,12,26.8,77.3,39.0,77.6,76.2,0
BUS_A,Business,14,Saturday,6,29.9,83.3,50.0,44.4,47.7,5
RES_A,Residential,7,Saturday,4,27.9,74.3,229.0,50.3,52.6,5
ADM_A,Administration,6,Monday,6,27.9,75.8,21.0,28.9,29.7,0
SCI_B,Science,17,Friday,6,30.6,80.6,44.0,70.1,81.2,4
SCI_B,Science,13,Thursday,9,28.2,78.4,4.0,60.7,65.9,3
SCI_A,Science,22,Thursday,3,26.7,75.1,30.0,76.5,75.6,3
ADM_A,Administration,16,Friday,2,35.3,80.8,126.0,61.1,67.9,4
RES_B,Residential,1,Tuesday,6,23.9,81.4,141.0,47.2,45.0,1
SCI_B,Science,19,Saturday,12,29.8,76.2,4.0,71.9,72.1,5
ENG_B,Engineering,9,Wednesday,8,28.4,78.1,76.0,63.3,55.9,2
ENG_B,Engineering,6,Wednesday,4,27.1,76.3,0.0,38.3,39.1,2
LEC_A,LectureHall,10,Wednesday,12,29.8,80.2,164.0,64.4,70.1,2
ADM_A,Administration,15,Friday,3,29.6,72.9,87.0,38.3,42.9,4
ENG_B,Engineering,3,Saturday,1,,80.1,5.0,27.9,33.4,5
ENG_B,Engineering,13,Tuesday,5,30.5,74.0,150.0,76.2,81.2,1
SCI_A,Science,20,Saturday,8,27.9,76.3,15.0,67.7,71.2,5
LIB_A,Library,4,Sunday,9,25.4,85.8,31.0,31.5,32.4,6
LEC_A,LectureHall,8,Wednesday,1,28.1,76.7,58.0,38.1,42.4,2
SCI_B,Science,8,Monday,7,28.4,77.4,67.0,71.9,82.0,0
SCI_A,Science,18,Monday,9,29.5,73.7,61.0,83.6,81.2,0
LEC_A,LectureHall,19,Friday,11,28.3,78.5,4.0,28.6,31.5,4
LEC_A,LectureHall,23,Saturday,7,28.5,76.7,0.0,26.9,24.3,5
SPT_A,Sports,12,Friday,10,29.7,78.4,29.0,42.4,41.9,4
BUS_B,Business,1,Wednesday,7,25.7,86.2,19.0,32.3,30.3,2
RES_A,Residential,20,Saturday,9,23.6,99.3,229.0,41.4,40.5,5
SCI_B,Science,2,Monday,8,26.1,81.5,22.0,63.2,59.8,0
LEC_A,LectureHall,20,Monday,8,28.4,,36.0,35.3,38.6,0
RES_B,Residential,23,Tuesday,12,27.0,81.6,249.0,51.8,51.5,1
RES_A,Residential,7,Wednesday,7,29.4,70.4,192.0,52.2,53.1,2
RES_A,Residential,12,Saturday,10,29.6,75.4,123.0,45.8,44.7,5
BUS_B,Business,18,Friday,6,24.5,96.3,73.0,45.2,46.0,4
SCI_A,Science,13,Saturday,2,31.5,75.5,45.0,95.2,96.7,5
SPT_A,Sports,10,Wednesday,5,29.1,79.4,19.0,44.7,50.5,2
ENG_A,Engineering,5,Thursday,6,24.2,97.5,0.0,35.9,37.2,3
RES_A,Residential,6,Saturday,9,26.2,82.3,229.0,39.5,48.4,5
ADM_A,Administration,3,Wednesday,1,27.1,82.5,0.0,25.9,26.4,2
LIB_A,Library,23,Sunday,9,26.7,85.8,23.0,35.9,40.6,6
LIB_A,Library,1,Monday,11,26.9,82.2,0.0,28.0,29.6,0
SCI_B,Science,14,Sunday,12,29.9,75.0,17.0,73.8,73.7,6
ENG_B,Engineering,21,Wednesday,2,24.7,97.0,36.0,39.6,42.0,2
ENG_B,Engineering,4,Wednesday,6,27.9,81.1,0.0,47.5,47.4,2
RES_A,Residential,16,Monday,6,29.7,81.6,147.0,,50.8,0
BUS_A,Business,7,Friday,8,27.2,80.9,1.0,30.3,36.6,4
RES_B,Residential,22,Saturday,7,27.5,87.4,279.0,57.2,56.6,5
SCI_A,Science,23,Thursday,6,28.0,74.0,0.0,74.4,70.9,3
ADM_A,Administration,17,Thursday,4,30.0,69.4,49.0,37.8,32.9,3
LIB_A,Library,20,Friday,6,28.3,75.1,94.0,47.3,52.7,4
SCI_B,Science,10,Sunday,11,29.2,73.7,8.0,68.7,72.3,6
ENG_B,Engineering,18,Monday,10,29.3,80.4,210.0,81.2,80.4,0
SPT_A,Sports,2,Monday,8,26.8,81.9,18.0,39.9,36.2,0
LIB_A,Library,10,Sunday,2,29.2,76.6,51.0,38.1,41.5,6
SCI_B,Science,15,Friday,7,29.1,78.9,106.0,86.2,95.0,4
SPT_A,Sports,15,Monday,7,29.7,82.4,40.0,51.6,46.0,0
SCI_A,Science,4,Friday,6,26.4,84.2,0.0,56.6,64.5,4
ADM_A,Administration,15,Thursday,11,35.8,90.4,137.0,67.6,64.6,3
RES_A,Residential,9,Thursday,3,27.9,83.6,177.0,49.1,49.0,3
SCI_B,Science,8,Sunday,2,27.2,73.5,5.0,62.0,65.3,6
BUS_A,Business,15,Tuesday,2,29.8,76.1,119.0,51.2,58.4,1
ADM_A,Administration,15,Wednesday,11,31.3,71.9,98.0,,48.3,2
RES_B,Residential,4,Friday,5,29.3,78.3,184.0,51.9,52.6,4
BUS_A,Business,4,Friday,5,27.3,77.9,0.0,31.7,32.5,4
LEC_A,LectureHall,4,Saturday,11,27.2,75.8,0.0,22.5,24.0,5
LIB_A,Library,14,Thursday,4,30.3,78.5,196.0,59.3,62.9,3
RES_A,Residential,21,Sunday,4,28.9,75.3,278.0,67.0,66.7,6
LEC_A,LectureHall,23,Saturday,11,26.4,85.7,35.0,92.5,54.0,5
ADM_A,Administration,9,Friday,5,28.7,73.6,64.0,31.6,32.6,4
RES_B,Residential,5,Monday,4,28.0,91.1,204.0,55.5,53.4,0
LEC_A,LectureHall,14,Saturday,6,29.8,79.8,63.0,42.2,40.4,5
SPT_A,Sports,20,Thursday,1,29.0,74.3,171.0,57.4,63.3,3
SPT_A,Sports,14,Monday,8,29.4,79.6,49.0,43.9,48.2,0
RES_B,Residential,16,Saturday,3,30.6,82.4,154.0,44.1,49.4,5
ENG_A,Engineering,20,Thursday,5,29.0,74.9,0.0,51.9,53.2,3
LEC_A,LectureHall,13,Sunday,10,28.0,72.3,34.0,33.6,31.6,6
LEC_A,LectureHall,23,Monday,8,27.1,80.0,11.0,28.5,29.7,0
RES_B,Residential,2,Thursday,3,25.4,80.3,113.0,39.9,45.6,3
ADM_A,Administration,17,Monday,10,30.2,72.5,63.0,36.6,35.3,0
LIB_A,Library,23,Monday,7,26.8,79.6,31.0,89.2,50.6,0
RES_A,Residential,21,Thursday,3,29.7,75.6,296.0,64.5,68.7,3
ADM_A,Administration,1,Tuesday,3,26.1,84.3,0.0,24.3,24.5,1
LEC_A,LectureHall,22,Friday,9,29.2,77.8,11.0,29.1,32.0,4
ENG_B,Engineering,17,Saturday,9,30.1,77.1,0.0,43.7,49.3,5
ENG_B,Engineering,7,Saturday,5,29.2,81.1,4.0,46.4,44.2,5
LEC_A,LectureHall,5,Wednesday,6,26.0,85.9,18.0,29.6,28.0,2
SCI_B,Science,17,Thursday,8,30.9,72.5,67.0,101.4,91.9,3
SCI_A,Science,6,Wednesday,7,26.0,85.2,14.0,64.8,67.6,2
BUS_B,Business,15,Wednesday,10,30.1,82.8,109.0,55.6,64.2,2
LEC_A,LectureHall,11,Wednesday,8,27.3,73.2,216.0,69.8,74.2,2
RES_A,Residential,2,Tuesday,12,26.4,85.2,151.0,48.8,50.9,1
SCI_B,Science,15,Wednesday,9,30.6,72.2,98.0,77.5,89.9,2
RES_B,Residential,0,Friday,10,25.4,83.7,104.0,32.4,36.0,4
ADM_A,Administration,19,Thursday,1,29.5,77.1,8.0,28.2,25.8,3
BUS_A,Business,8,Thursday,12,27.1,84.3,63.0,35.6,40.0,3
ENG_B,Engineering,14,Thursday,11,27.8,82.3,134.0,56.0,60.7,3
RES_B,Residential,1,Tuesday,11,25.6,79.4,152.0,39.2,40.0,1
RES_A,Residential,19,Sunday,8,29.6,71.0,226.0,46.5,49.8,6
SCI_B,Science,3,Tuesday,4,26.6,81.1,0.0,52.2,59.0,1
SPT_A,Sports,15,Saturday,10,31.2,72.2,35.0,42.2,51.7,5
BUS_A,Business,13,Saturday,4,31.4,77.3,47.0,44.3,43.4,5
RES_A,Residential,15,Saturday,12,29.4,69.4,149.0,48.6,41.9,5
SCI_A,Science,19,Tuesday,8,27.8,82.0,12.0,65.8,71.4,1
LIB_A,Library,16,Tuesday,8,29.4,75.2,217.0,54.9,57.4,1
SCI_A,Science,12,Friday,11,28.0,77.8,149.0,94.2,99.1,4
SCI_A,Science,0,Friday,6,27.4,77.7,4.0,90.0,77.8,4
LEC_A,LectureHall,0,Monday,11,27.5,74.6,9.0,31.1,27.0,0
BUS_A,Business,22,Saturday,9,26.0,88.3,7.0,26.2,25.3,5
LEC_A,LectureHall,23,Tuesday,9,,75.6,0.0,23.3,23.8,1
SCI_B,Science,15,Friday,2,31.7,72.8,96.0,95.5,98.0,4
SCI_B,Science,4,Saturday,7,27.1,83.8,0.0,71.1,65.1,5
ENG_A,Engineering,14,Sunday,6,31.1,75.1,72.0,56.4,60.5,6
RES_A,Residential,19,Monday,4,29.0,78.1,166.0,48.7,46.1,0
BUS_B,Business,18,Friday,6,30.9,76.6,59.0,49.9,54.4,4
SCI_B,Science,1,Friday,3,26.3,88.9,7.0,53.5,56.3,4
SCI_A,Science,7,Sunday,12,26.9,86.4,0.0,62.0,67.9,6
SCI_B,Science,12,Saturday,6,29.2,72.4,33.0,81.1,82.7,5
ENG_B,Engineering,12,Thursday,8,31.3,77.8,135.0,66.2,75.3,3
ADM_A,Administration,3,Sunday,3,26.4,78.5,8.0,24.2,22.6,6
ADM_A,Administration,17,Friday,5,30.4,73.6,76.0,46.8,45.6,4
SCI_B,Science,13,Sunday,5,30.5,71.6,32.0,91.8,84.5,6
LEC_A,LectureHall,7,Monday,2,26.9,79.3,168.0,33.9,53.5,0
LIB_A,Library,18,Friday,10,28.2,72.1,278.0,66.8,69.1,4
SCI_A,Science,13,Monday,3,30.4,67.9,135.0,98.5,109.3,0
ENG_A,Engineering,14,Monday,5,30.4,78.9,195.0,96.8,90.9,0
SCI_B,Science,19,Tuesday,10,28.4,72.9,31.0,65.9,64.5,1
LIB_A,Library,17,Saturday,9,28.5,71.5,150.0,56.0,49.9,5
ENG_B,Engineering,10,Monday,1,26.7,78.2,130.0,57.6,58.9,0
BUS_A,Business,5,Sunday,7,24.9,98.1,0.0,20.8,24.2,6
SPT_A,Sports,23,Tuesday,6,26.4,75.9,26.0,94.2,56.6,1
SCI_A,Science,10,Friday,7,29.1,73.6,108.0,90.7,95.6,4
SCI_B,Science,18,Friday,5,31.2,63.2,57.0,86.0,84.6,4
BUS_A,Business,9,Thursday,7,28.9,86.6,110.0,50.9,54.6,3
LIB_A,Library,21,Monday,10,27.8,83.5,82.0,34.0,42.9,0
ADM_A,Administration,11,Saturday,2,29.0,80.0,46.0,27.4,32.3,5
LEC_A,LectureHall,3,Monday,10,25.9,88.8,35.0,24.9,27.2,0
ENG_B,Engineering,23,Monday,8,26.9,82.0,0.0,37.3,35.5,0
SCI_B,Science,17,Friday,4,30.3,71.5,51.0,80.3,82.9,4
BUS_A,Business,11,Saturday,4,28.6,78.0,13.0,35.1,34.3,5
BUS_B,Business,10,Sunday,4,29.0,79.2,51.0,47.7,47.5,6
SCI_B,Science,20,Saturday,10,26.7,90.5,0.0,61.2,60.6,5
SCI_A,Science,2,Saturday,12,26.3,85.4,1.0,65.3,62.5,5
BUS_A,Business,2,Friday,9,25.8,72.7,17.0,32.1,34.3,4
RES_A,Residential,11,Friday,5,30.4,74.8,114.0,43.8,47.0,4
LEC_A,LectureHall,21,Friday,10,27.5,77.5,0.0,25.7,26.7,4
BUS_B,Business,5,Monday,3,26.8,82.7,6.0,38.2,42.1,0
RES_B,Residential,17,Wednesday,2,30.3,77.2,112.0,47.8,46.3,2
LIB_A,Library,13,Saturday,3,31.0,77.4,,52.7,55.1,5
ENG_A,Engineering,9,Friday,5,27.8,78.3,87.0,45.9,61.5,4
SCI_A,Science,15,Thursday,3,30.9,66.4,118.0,109.2,107.3,3
ENG_A,Engineering,2,Saturday,5,26.3,84.5,8.0,45.4,44.7,5
SPT_A,Sports,0,Sunday,12,25.7,84.2,0.0,32.8,33.1,6
SCI_A,Science,17,Sunday,5,29.2,76.5,13.0,70.7,71.0,6
RES_A,Residential,9,Wednesday,12,28.5,81.9,160.0,47.7,47.7,2
RES_A,Residential,12,Monday,7,30.8,75.2,167.0,42.1,51.8,0
RES_B,Residential,13,Tuesday,10,30.6,72.8,82.0,46.4,40.6,1
LIB_A,Library,23,Thursday,11,26.4,80.7,63.0,33.7,39.6,3
LIB_A,Library,6,Tuesday,9,24.8,98.5,23.0,26.8,30.6,1
LEC_A,LectureHall,22,Sunday,10,26.6,86.6,35.0,29.8,34.7,6
LIB_A,Library,18,Friday,6,30.1,73.4,166.0,64.8,63.9,4
BUS_A,Business,12,Saturday,3,28.9,76.4,16.0,34.6,38.7,5
LIB_A,Library,8,Saturday,12,27.8,75.2,62.0,39.2,38.6,5
LIB_A,Library,17,Thursday,3,28.8,81.1,226.0,57.2,64.9,3
SPT_A,Sports,20,Wednesday,2,30.2,72.6,162.0,54.0,58.5,2
RES_B,Residential,15,Tuesday,5,34.7,85.0,201.0,50.0,54.2,1
SCI_A,Science,8,Monday,8,28.6,79.9,31.0,79.6,77.8,0
BUS_A,Business,20,Monday,7,27.9,75.6,6.0,27.9,33.6,0
SPT_A,Sports,17,Saturday,8,31.0,71.6,196.0,76.8,72.6,5
LIB_A,Library,4,Tuesday,6,27.5,78.8,10.0,30.8,33.7,1
LEC_A,LectureHall,10,Saturday,11,27.4,80.8,24.0,19.4,25.3,5
SPT_A,Sports,21,Friday,3,28.1,79.0,128.0,50.5,53.8,4
ENG_A,Engineering,18,Tuesday,11,29.0,82.5,243.0,85.8,92.7,1
SCI_B,Science,15,Wednesday,1,35.7,78.2,134.0,130.3,119.8,2
RES_A,Residential,23,Monday,8,27.2,75.2,249.0,,57.4,0
ADM_A,Administration,15,Saturday,7,31.1,71.5,22.0,,37.0,5
RES_A,Residential,11,Saturday,12,28.2,76.8,144.0,48.0,48.4,5
SCI_B,Science,15,Monday,5,29.3,77.1,93.0,83.4,92.5,0
SPT_A,Sports,18,Thursday,7,30.0,79.7,125.0,68.7,59.0,3
SCI_B,Science,1,Saturday,12,25.4,84.1,1.0,67.3,67.5,5
LIB_A,Library,19,Tuesday,1,28.8,,155.0,58.3,60.9,1
LIB_A,Library,9,Thursday,8,27.8,70.8,69.0,40.4,33.5,3
RES_A,Residential,19,Thursday,12,29.3,80.5,205.0,49.9,50.2,3
LEC_A,LectureHall,6,Monday,5,27.4,83.5,21.0,32.2,32.2,0
SCI_B,Science,22,Tuesday,2,28.3,79.5,0.0,60.1,66.7,1
LIB_A,Library,10,Tuesday,8,29.0,73.0,46.0,30.3,36.4,1
RES_B,Residential,19,Thursday,9,29.1,73.2,194.0,43.6,47.4,3
ENG_B,Engineering,18,Tuesday,12,29.7,68.7,80.0,56.9,57.9,1
ENG_B,Engineering,18,Saturday,10,28.4,73.3,39.0,47.7,47.9,5
BUS_A,Business,5,Thursday,11,25.9,82.6,21.0,28.5,29.3,3
SPT_A,Sports,18,Monday,9,28.1,77.8,156.0,,59.2,0
SPT_A,Sports,3,Thursday,7,26.8,70.5,24.0,,34.1,3
SCI_B,Science,0,Tuesday,8,27.0,77.7,0.0,48.8,57.0,1
BUS_A,Business,6,Thursday,11,25.7,84.2,7.0,25.2,22.5,3
BUS_B,Business,6,Wednesday,11,25.6,88.9,25.0,34.1,37.4,2
LEC_A,LectureHall,11,Sunday,4,28.8,72.2,205.0,67.2,65.4,6
ADM_A,Administration,17,Friday,3,30.5,69.6,61.0,29.7,37.2,4
RES_A,Residential,10,Tuesday,8,28.7,76.0,158.0,52.8,45.8,1
LEC_A,LectureHall,1,Monday,6,26.5,76.1,25.0,32.4,26.2,0
RES_A,Residential,8,Friday,7,28.1,78.0,189.0,42.2,42.9,4
SCI_A,Science,9,Saturday,12,26.8,76.7,1.0,62.1,57.6,5
BUS_B,Business,15,Wednesday,4,30.7,71.1,150.0,57.0,65.2,2
SPT_A,Sports,7,Wednesday,7,27.6,78.3,131.0,57.4,60.7,2
SCI_A,Science,2,Wednesday,3,25.6,85.9,1.0,60.9,62.0,2
SCI_B,Science,16,Thursday,11,29.9,74.3,77.0,97.2,93.5,3
LEC_A,LectureHall,15,Sunday,11,30.2,82.9,50.0,39.3,39.8,6
RES_B,Residential,4,Monday,1,27.2,83.4,202.0,48.2,52.5,0
BUS_A,Business,17,Thursday,6,30.1,67.5,77.0,46.4,50.5,3
LEC_A,LectureHall,18,Sunday,10,30.0,76.6,7.0,30.2,34.1,6
SPT_A,Sports,12,Monday,5,29.5,80.8,0.0,44.7,45.3,0
LEC_A,LectureHall,20,Friday,11,27.8,69.5,20.0,32.3,29.7,4
ADM_A,Administration,7,Friday,5,27.0,79.7,0.0,22.1,27.8,4
ADM_A,Administration,17,Saturday,9,29.9,80.7,21.0,32.8,31.3,5
LIB_A,Library,15,Sunday,8,30.8,68.8,167.0,49.2,54.5,6
BUS_A,Business,16,Monday,7,31.0,75.7,98.0,65.8,50.3,0
RES_B,Residential,11,Monday,8,30.0,80.2,146.0,,47.4,0
LIB_A,Library,17,Saturday,11,30.8,79.9,163.0,57.4,57.6,5
BUS_B,Business,8,Sunday,4,26.9,80.3,20.0,38.6,42.4,6
BUS_A,Business,21,Saturday,2,28.3,78.3,0.0,32.1,33.5,5
BUS_B,Business,6,Friday,9,26.7,83.7,0.0,38.0,38.4,4
BUS_B,Business,9,Wednesday,9,27.3,78.5,77.0,44.2,48.4,2
RES_A,Residential,16,Monday,5,31.4,66.5,85.0,47.5,46.8,0
LEC_A,LectureHall,9,Friday,11,27.6,80.3,133.0,48.1,50.9,4
SCI_A,Science,2,Thursday,2,26.8,85.2,6.0,67.4,74.9,3
BUS_A,Business,8,Friday,2,27.7,74.2,39.0,38.5,39.5,4
ENG_A,Engineering,20,Thursday,12,26.7,78.5,9.0,37.3,41.1,3
SCI_B,Science,2,Friday,11,25.0,83.6,0.0,49.9,56.6,4
RES_B,Residential,21,Friday,3,27.1,80.5,195.0,49.0,54.0,4
ENG_B,Engineering,20,Tuesday,6,28.7,76.9,10.0,38.1,44.9,1
LEC_A,LectureHall,7,Friday,8,26.6,79.5,1.0,28.1,26.7,4
ADM_A,Administration,5,Sunday,1,24.5,,0.0,18.5,20.1,6
ENG_B,Engineering,10,Thursday,3,28.3,78.9,102.0,53.2,57.0,3
SCI_B,Science,13,Thursday,10,30.0,75.1,128.0,62.6,84.6,3
BUS_B,Business,22,Monday,2,27.7,78.6,0.0,49.3,42.1,0
LEC_A,LectureHall,21,Thursday,8,28.4,75.3,19.0,31.3,38.4,3
LEC_A,LectureHall,3,Wednesday,12,24.9,83.3,0.0,24.9,24.3,2
LIB_A,Library,15,Saturday,4,31.6,75.8,186.0,63.3,61.8,5
LIB_A,Library,7,Sunday,12,26.5,82.6,6.0,27.4,29.2,6
ENG_A,Engineering,4,Sunday,10,26.0,77.8,0.0,27.5,36.6,6
SCI_A,Science,19,Thursday,8,28.4,78.6,,78.1,76.2,3
RES_A,Residential,10,Wednesday,10,29.1,74.8,164.0,40.2,43.5,2
SPT_A,Sports,8,Wednesday,6,28.4,77.2,105.0,49.1,52.1,2
SCI_B,Science,11,Thursday,9,29.4,75.0,,85.4,92.4,3
LIB_A,Library,15,Tuesday,8,29.8,,234.0,55.9,64.0,1
ENG_B,Engineering,3,Thursday,11,25.2,80.0,22.0,39.0,40.2,3
SCI_B,Science,10,Saturday,2,28.5,80.1,29.0,77.5,71.9,5
BUS_B,Business,5,Sunday,9,26.4,81.8,0.0,28.7,28.2,6
SCI_A,Science,20,Monday,2,28.3,74.6,18.0,67.6,77.5,0
ENG_B,Engineering,3,Wednesday,8,27.8,78.8,13.0,37.8,38.2,2
RES_A,Residential,12,Saturday,8,27.9,79.2,142.0,47.9,47.2,5
LIB_A,Library,23,Friday,10,26.7,84.0,40.0,98.0,53.4,4
LEC_A,LectureHall,18,Sunday,5,31.6,66.3,0.0,31.1,33.0,6
ADM_A,Administration,18,Tuesday,12,29.3,,40.0,27.0,32.7,1
RES_A,Residential,13,Sunday,3,30.4,75.8,101.0,33.9,35.0,6
BUS_A,Business,0,Sunday,8,25.0,78.1,0.0,19.7,23.7,6
RES_A,Residential,4,Tuesday,9,27.5,82.6,188.0,49.9,51.2,1
LEC_A,LectureHall,20,Saturday,3,28.5,77.4,15.0,31.4,30.0,5
ENG_B,Engineering,20,Friday,10,27.7,73.1,38.0,38.6,41.8,4
ENG_A,Engineering,22,Friday,4,30.1,77.1,53.0,51.4,56.4,4
RES_A,Residential,0,Tuesday,4,26.1,81.6,100.0,42.5,45.8,1
BUS_A,Business,5,Thursday,6,26.7,79.0,13.0,28.7,37.8,3
SCI_A,Science,9,Tuesday,12,25.8,84.6,57.0,56.2,68.4,1
LIB_A,Library,10,Monday,5,28.9,72.3,73.0,35.3,43.6,0
SPT_A,Sports,10,Saturday,3,29.0,81.4,46.0,50.1,51.3,5
LEC_A,LectureHall,0,Tuesday,12,25.8,79.6,13.0,22.7,28.9,1
SCI_A,Science,22,Thursday,2,28.5,81.9,4.0,71.3,76.6,3
SPT_A,Sports,12,Wednesday,5,29.5,75.3,11.0,49.1,44.8,2
ENG_A,Engineering,4,Thursday,2,25.3,83.0,8.0,39.7,37.8,3
ENG_A,Engineering,12,Tuesday,7,28.5,67.2,224.0,89.2,82.7,1
ADM_A,Administration,12,Monday,4,31.1,72.5,133.0,44.7,49.8,0
SPT_A,Sports,1,Thursday,4,27.9,74.6,49.0,40.8,39.7,3
SCI_A,Science,13,Monday,8,29.6,79.0,126.0,105.5,101.1,0
SPT_A,Sports,12,Sunday,6,29.9,78.5,47.0,46.0,47.6,6
ENG_A,Engineering,11,Sunday,8,29.6,71.2,61.0,66.8,64.6,6
BUS_B,Business,9,Wednesday,4,28.5,70.3,95.0,58.8,56.8,2
SCI_A,Science,0,Thursday,3,26.4,83.6,0.0,49.4,53.4,3
RES_A,Residential,12,Tuesday,11,34.2,82.2,268.0,67.1,60.7,1
LIB_A,Library,23,Thursday,6,26.8,83.7,21.0,79.8,48.4,3
RES_B,Residential,23,Monday,11,27.6,75.0,261.0,49.1,53.6,0
RES_B,Residential,23,Sunday,2,27.0,74.5,250.0,63.3,62.2,6
ENG_B,Engineering,14,Thursday,11,29.5,75.2,150.0,64.2,64.4,3
BUS_B,Business,10,Wednesday,3,29.0,79.5,82.0,57.6,57.3,2
RES_B,Residential,14,Tuesday,9,29.9,69.4,286.0,49.7,54.0,1
SCI_B,Science,8,Wednesday,12,27.6,75.7,52.0,69.3,73.2,2
RES_B,Residential,15,Wednesday,6,30.9,79.1,127.0,44.1,47.5,2
SCI_A,Science,12,Wednesday,6,29.6,73.5,137.0,98.9,103.5,2
SCI_B,Science,3,Friday,7,27.8,77.3,0.0,58.0,58.3,4
SCI_A,Science,1,Saturday,9,25.1,83.2,16.0,56.0,60.1,5
ENG_A,Engineering,3,Wednesday,8,27.7,77.8,0.0,35.7,43.9,2
SCI_B,Science,12,Tuesday,10,29.6,71.2,107.0,68.6,79.9,1
LIB_A,Library,6,Friday,11,26.4,81.1,0.0,26.0,23.7,4
BUS_B,Business,12,Sunday,7,30.6,68.8,59.0,47.4,48.0,6
RES_A,Residential,20,Friday,7,30.0,75.2,190.0,61.9,54.1,4
ENG_A,Engineering,9,Friday,7,28.1,78.7,,58.2,63.3,4
SCI_B,Science,12,Monday,9,29.8,76.2,92.0,85.8,89.5,0
BUS_A,Business,16,Friday,10,29.3,77.9,97.0,53.3,52.8,4
RES_A,Residential,7,Saturday,3,26.9,82.5,213.0,50.5,53.5,5
ADM_A,Administration,4,Sunday,2,26.7,80.4,0.0,20.9,20.9,6
LEC_A,LectureHall,2,Sunday,2,25.8,82.8,13.0,24.0,23.4,6
SPT_A,Sports,5,Wednesday,4,28.0,76.1,65.0,49.6,53.8,2
BUS_B,Business,7,Wednesday,2,26.9,81.8,0.0,33.8,38.4,2
RES_B,Residential,20,Tuesday,2,29.7,74.3,193.0,51.3,49.3,1
SCI_A,Science,15,Friday,4,29.3,75.6,137.0,96.0,100.4,4
RES_B,Residential,21,Tuesday,7,30.1,68.9,219.0,57.0,61.9,1
SCI_B,Science,13,Thursday,6,30.6,75.2,121.0,89.7,92.3,3
LEC_A,LectureHall,22,Sunday,3,28.3,77.5,49.0,77.7,48.7,6
ENG_A,Engineering,8,Thursday,11,27.8,76.5,79.0,49.5,56.9,3
RES_A,Residential,16,Saturday,2,29.3,75.0,113.0,48.8,48.3,5
RES_B,Residential,2,Sunday,12,26.4,84.3,149.0,40.8,43.1,6
ADM_A,Administration,1,Saturday,9,27.5,82.0,0.0,16.0,21.9,5
LEC_A,LectureHall,7,Friday,12,26.3,77.1,0.0,20.6,24.2,4
SCI_B,Science,11,Monday,5,30.7,77.5,104.0,93.9,94.6,0
SCI_B,Science,5,Saturday,7,28.2,82.6,9.0,68.5,72.3,5
LIB_A,Library,0,Monday,1,26.8,76.2,7.0,34.6,31.2,0
LIB_A,Library,13,Saturday,11,29.2,77.8,124.0,41.0,44.9,5
BUS_B,Business,17,Wednesday,10,28.9,83.3,64.0,42.9,47.2,2
LEC_A,LectureHall,1,Monday,1,26.7,81.9,0.0,11.1,22.2,0
BUS_A,Business,10,Tuesday,4,29.5,79.8,98.0,51.6,54.5,1
BUS_A,Business,11,Tuesday,8,29.1,75.9,125.0,62.6,58.2,1
LIB_A,Library,13,Saturday,8,30.9,69.7,146.0,61.0,57.4,5
RES_B,Residential,6,Monday,10,26.3,87.2,204.0,46.0,46.8,0
LEC_A,LectureHall,11,Tuesday,9,27.8,73.8,179.0,57.8,65.8,1
LEC_A,LectureHall,7,Thursday,7,27.6,84.1,0.0,27.1,31.2,3
ADM_A,Administration,9,Friday,7,26.8,85.2,65.0,29.7,30.9,4
RES_A,Residential,15,Friday,7,30.0,71.8,108.0,46.8,51.3,4
BUS_B,Business,12,Monday,9,,82.8,180.0,66.0,64.7,0
SPT_A,Sports,13,Tuesday,1,34.2,84.1,233.0,72.1,79.9,1
ENG_A,Engineering,3,Sunday,9,25.4,82.2,0.0,32.0,32.3,6
ENG_A,Engineering,16,Monday,7,29.5,75.2,128.0,74.6,69.2,0
LIB_A,Library,10,Saturday,2,28.8,81.0,38.0,41.5,39.3,5
ADM_A,Administration,2,Thursday,8,27.1,74.9,0.0,23.8,24.3,3
RES_B,Residential,6,Sunday,6,28.8,77.9,216.0,52.9,54.8,6
LEC_A,LectureHall,20,Monday,11,27.7,82.3,3.0,23.5,31.2,0
LEC_A,LectureHall,20,Friday,8,27.3,79.5,0.0,26.6,24.7,4
LIB_A,Library,17,Saturday,1,29.7,80.7,161.0,52.5,56.8,5
ENG_B,Engineering,8,Monday,2,26.0,80.1,125.0,35.3,48.1,0
ADM_A,Administration,11,Tuesday,3,29.5,85.9,77.0,42.4,43.5,1
ENG_A,Engineering,8,Thursday,7,28.0,76.7,87.0,50.4,61.4,3
ENG_A,Engineering,6,Friday,3,28.8,74.0,6.0,44.0,48.3,4
ENG_A,Engineering,23,Friday,6,27.7,84.4,18.0,52.4,51.3,4
ENG_A,Engineering,1,Thursday,8,25.0,78.7,0.0,38.9,36.5,3
ADM_A,Administration,12,Thursday,7,29.4,76.6,98.0,36.9,37.1,3
BUS_B,Business,14,Thursday,2,31.1,79.1,162.0,70.0,73.4,3
RES_B,Residential,11,Wednesday,10,30.3,71.7,127.0,40.1,43.1,2
BUS_B,Business,7,Monday,8,26.9,77.7,0.0,38.5,35.2,0
LIB_A,Library,4,Sunday,8,26.9,72.4,20.0,32.7,33.2,6
LIB_A,Library,19,Tuesday,5,28.0,81.4,142.0,49.8,51.0,1
ENG_B,Engineering,18,Wednesday,7,30.0,74.9,59.0,55.3,61.8,2
SCI_A,Science,19,Sunday,2,29.5,77.6,28.0,84.8,79.4,6
ENG_A,Engineering,18,Friday,4,29.8,70.8,70.0,61.5,57.9,4
LEC_A,LectureHall,16,Wednesday,6,30.2,68.6,124.0,59.0,63.6,2
LEC_A,LectureHall,9,Wednesday,7,27.9,75.1,102.0,49.7,47.6,2
RES_B,Residential,7,Monday,6,26.6,89.1,190.0,49.6,50.8,0
RES_A,Residential,17,Tuesday,11,27.2,84.1,144.0,36.1,41.0,1
ENG_B,Engineering,22,Monday,4,27.9,84.0,0.0,35.8,43.3,0
SCI_A,Science,9,Tuesday,6,27.9,77.3,173.0,102.3,103.4,1
RES_B,Residential,23,Sunday,6,28.5,77.7,271.0,48.3,53.9,6
RES_A,Residential,15,Tuesday,11,30.2,79.0,111.0,33.4,43.3,1
ENG_A,Engineering,14,Tuesday,5,30.8,74.5,226.0,82.2,95.4,1
LEC_A,LectureHall,0,Sunday,11,25.6,79.7,0.0,18.0,24.4,6
SCI_A,Science,11,Sunday,7,28.5,73.5,36.0,85.5,74.6,6
RES_A,Residential,0,Sunday,2,27.3,83.5,122.0,51.4,48.7,6
ENG_A,Engineering,0,Friday,7,26.7,80.7,23.0,47.0,48.6,4
SCI_B,Science,16,Thursday,12,29.7,79.7,93.0,92.5,95.4,3
BUS_A,Business,11,Sunday,3,30.8,83.3,23.0,41.1,38.9,6
BUS_A,Business,13,Thursday,7,29.7,74.3,165.0,57.3,64.2,3
ENG_A,Engineering,20,Tuesday,2,29.1,74.7,39.0,56.9,55.9,1
SCI_B,Science,21,Saturday,6,29.5,69.3,4.0,69.5,74.4,5
SCI_A,Science,17,Sunday,10,29.7,75.0,26.0,75.4,83.9,6
BUS_B,Business,13,Monday,10,31.3,72.2,182.0,57.7,66.2,0
SPT_A,Sports,13,Wednesday,2,29.5,76.2,16.0,42.3,44.1,2
BUS_B,Business,20,Friday,12,28.0,80.1,9.0,40.6,44.8,4
LEC_A,LectureHall,4,Monday,5,27.6,74.2,7.0,29.8,28.8,0
BUS_B,Business,1,Sunday,5,27.0,80.6,28.0,37.2,33.9,6
SCI_A,Science,4,Tuesday,5,26.6,73.9,0.0,62.2,63.2,1
ENG_A,Engineering,3,Monday,4,26.9,77.4,0.0,38.8,38.9,0
BUS_B,Business,20,Thursday,5,30.8,73.2,6.0,45.8,51.7,3
ENG_B,Engineering,21,Tuesday,7,23.9,95.7,11.0,35.5,33.7,1
BUS_B,Business,0,Sunday,1,26.5,85.5,21.0,28.9,30.1,6
BUS_A,Business,3,Wednesday,9,26.7,78.8,5.0,31.8,33.9,2
BUS_A,Business,20,Wednesday,2,29.0,,2.0,32.6,32.9,2
SCI_A,Science,18,Wednesday,10,29.8,79.5,33.0,65.3,84.2,2
SPT_A,Sports,4,Monday,7,26.4,81.3,47.0,32.8,39.5,0
BUS_B,Business,6,Monday,11,26.0,78.3,19.0,32.2,38.6,0
SCI_B,Science,0,Tuesday,2,27.9,79.3,24.0,63.0,56.3,1
ADM_A,Administration,20,Sunday,5,28.6,69.0,3.0,24.4,25.7,6
SCI_B,Science,23,Monday,5,26.8,78.7,15.0,66.5,67.8,0
SPT_A,Sports,1,Wednesday,2,26.0,81.4,7.0,36.4,38.7,2
LEC_A,LectureHall,18,Saturday,1,29.2,79.3,27.0,27.9,30.9,5
BUS_A,Business,23,Sunday,9,28.5,68.4,0.0,33.1,33.7,6
BUS_B,Business,18,Friday,10,30.5,73.4,63.0,47.8,55.7,4
BUS_B,Business,3,Monday,10,,88.0,0.0,5.3,22.1,0
SCI_B,Science,12,Thursday,12,28.2,80.4,122.0,75.8,81.2,3
RES_B,Residential,12,Friday,7,30.3,79.2,96.0,38.9,43.0,4
LEC_A,LectureHall,0,Monday,3,26.6,78.3,0.0,23.7,27.1,0
RES_A,Residential,6,Wednesday,2,28.2,77.0,205.0,49.1,59.3,2
SCI_A,Science,12,Wednesday,3,31.2,73.2,168.0,115.6,117.4,2
ENG_B,Engineering,7,Wednesday,5,30.0,71.9,3.0,45.5,50.2,2
SCI_B,Science,11,Tuesday,4,30.4,68.8,100.0,84.8,87.9,1
LIB_A,Library,10,Monday,5,29.0,78.5,31.0,39.3,40.2,0
BUS_A,Business,10,Sunday,2,29.0,72.1,0.0,31.5,36.6,6
RES_A,Residential,2,Saturday,9,25.9,85.3,160.0,45.4,43.6,5
LEC_A,LectureHall,21,Wednesday,11,27.4,74.2,0.0,27.7,28.8,2
BUS_A,Business,1,Monday,2,26.7,80.5,0.0,25.3,25.9,0
SCI_A,Science,9,Friday,7,29.0,81.5,121.0,52.0,86.7,4
SPT_A,Sports,11,Sunday,6,28.9,78.8,0.0,32.9,43.4,6
SCI_A,Science,14,Wednesday,9,29.9,77.5,132.0,104.7,97.0,2
SCI_A,Science,13,Wednesday,3,30.7,71.3,118.0,97.7,98.8,2
LEC_A,LectureHall,6,Saturday,1,26.4,85.5,43.0,31.0,31.3,5
LEC_A,LectureHall,10,Thursday,2,27.8,77.0,151.0,48.4,58.9,3
SCI_B,Science,3,Sunday,5,26.4,83.6,0.0,59.5,61.9,6
LIB_A,Library,11,Wednesday,4,29.3,80.1,69.0,43.8,43.9,2
BUS_A,Business,1,Monday,5,28.0,81.1,0.0,34.8,31.1,0
BUS_B,Business,4,Wednesday,4,26.6,74.2,23.0,32.6,38.7,2
BUS_B,Business,14,Sunday,3,30.8,75.1,9.0,36.7,42.6,6
LIB_A,Library,17,Tuesday,6,31.3,72.6,167.0,58.1,58.6,1
SPT_A,Sports,5,Wednesday,11,25.3,87.2,79.0,,44.5,2
SCI_B,Science,3,Tuesday,2,27.2,76.6,0.0,58.4,61.4,1
ENG_A,Engineering,15,Thursday,3,30.6,76.5,149.0,75.9,79.8,3
ENG_B,Engineering,7,Wednesday,3,29.0,82.3,0.0,47.3,46.6,2
SCI_B,Science,15,Sunday,8,29.8,74.9,32.0,70.4,78.4,6
LEC_A,LectureHall,16,Saturday,4,29.5,73.1,46.0,33.8,40.8,5
ENG_B,Engineering,2,Monday,6,,,9.0,42.3,41.2,0
ENG_A,Engineering,23,Sunday,9,25.5,87.7,0.0,33.4,41.4,6
BUS_A,Business,1,Monday,9,27.4,76.6,3.0,30.3,30.6,0
BUS_A,Business,9,Thursday,7,30.0,69.2,51.0,43.0,44.4,3
ADM_A,Administration,1,Thursday,5,27.9,76.6,11.0,31.9,27.6,3
LIB_A,Library,21,Friday,6,29.7,74.7,72.0,46.1,50.7,4
ENG_B,Engineering,4,Wednesday,3,26.8,86.4,5.0,40.2,42.0,2
ADM_A,Administration,4,Thursday,5,26.8,77.4,0.0,24.7,32.0,3
SCI_B,Science,0,Thursday,10,25.3,79.1,5.0,54.8,59.3,3
LIB_A,Library,7,Friday,12,28.3,83.8,,32.2,34.1,4
ENG_A,Engineering,23,Thursday,6,27.7,69.4,11.0,41.8,44.4,3
RES_B,Residential,19,Wednesday,5,29.9,72.6,163.0,42.9,41.9,2
ENG_B,Engineering,20,Thursday,10,28.7,80.7,41.0,49.5,50.9,3
SCI_B,Science,14,Monday,3,30.4,78.9,115.0,70.1,92.0,0
BUS_A,Business,16,Monday,10,30.6,73.9,94.0,48.8,56.0,0
RES_B,Residential,22,Saturday,2,,78.8,239.0,63.7,61.3,5
LIB_A,Library,20,Wednesday,6,28.4,74.2,123.0,48.7,55.5,2
SCI_B,Science,10,Sunday,6,30.1,82.3,27.0,70.8,74.9,6
SPT_A,Sports,23,Sunday,6,27.5,80.1,75.0,42.0,44.6,6
ENG_B,Engineering,10,Friday,8,27.6,76.8,121.0,68.6,57.1,4
RES_A,Residential,16,Tuesday,3,32.2,73.2,138.0,47.7,55.0,1
ENG_A,Engineering,11,Tuesday,11,30.6,67.8,165.0,87.1,82.1,1
ADM_A,Administration,9,Friday,10,27.3,81.2,53.0,31.5,27.8,4
SPT_A,Sports,11,Saturday,8,27.8,81.8,219.0,65.4,58.1,5
ENG_A,Engineering,7,Monday,8,26.3,75.2,12.0,38.8,41.2,0
BUS_B,Business,23,Saturday,1,26.9,79.3,0.0,30.3,31.4,5
SPT_A,Sports,17,Monday,5,33.2,67.2,85.0,66.7,71.2,0
RES_B,Residential,23,Sunday,9,26.6,81.9,231.0,42.9,47.8,6
RES_B,Residential,21,Monday,12,27.1,86.5,217.0,44.7,51.6,0
BUS_B,Business,21,Wednesday,11,28.0,81.5,0.0,38.6,34.3,2
LIB_A,Library,20,Friday,1,28.6,85.5,105.0,45.6,47.5,4
RES_A,Residential,11,Friday,12,29.6,75.8,133.0,47.1,44.9,4
ENG_B,Engineering,3,Thursday,3,27.3,74.8,0.0,35.8,36.0,3
SCI_A,Science,20,Monday,4,29.6,77.6,17.0,76.5,80.7,0
ENG_B,Engineering,21,Monday,6,29.4,78.3,27.0,49.1,51.3,0
RES_A,Residential,10,Sunday,6,28.8,80.0,195.0,39.6,42.9,6
SCI_B,Science,8,Tuesday,9,27.7,74.3,69.0,68.6,66.7,1
RES_B,Residential,7,Saturday,6,26.2,80.8,207.0,42.9,47.1,5
RES_B,Residential,7,Sunday,1,27.0,85.0,186.0,40.3,53.6,6
LIB_A,Library,15,Monday,2,31.5,68.8,203.0,62.3,69.2,0
LEC_A,LectureHall,8,Friday,3,28.3,72.9,62.0,43.4,43.8,4
RES_B,Residential,6,Saturday,4,28.3,81.6,178.0,44.2,54.1,5
LEC_A,LectureHall,2,Tuesday,8,26.4,75.9,2.0,23.5,27.7,1
ADM_A,Administration,8,Tuesday,6,26.6,82.7,46.0,35.1,31.0,1
SCI_B,Science,0,Wednesday,9,27.0,80.4,20.0,58.4,66.2,2
ADM_A,Administration,21,Monday,8,29.0,76.6,17.0,28.9,31.1,0
ENG_A,Engineering,22,Sunday,3,27.2,79.3,21.0,47.2,49.5,6
LEC_A,LectureHall,22,Thursday,5,29.0,78.2,18.0,76.9,47.8,3
BUS_A,Business,21,Saturday,7,29.0,76.8,0.0,32.8,32.7,5
BUS_B,Business,14,Monday,8,29.9,75.3,151.0,58.8,61.2,0
ENG_B,Engineering,23,Monday,1,27.8,75.9,0.0,34.8,42.0,0
BUS_A,Business,18,Sunday,9,28.9,73.5,22.0,26.2,30.3,6
ADM_A,Administration,3,Wednesday,12,25.5,80.3,4.0,20.1,17.9,2
RES_B,Residential,2,Wednesday,8,,85.2,167.0,41.4,41.4,2
BUS_A,Business,19,Sunday,5,29.7,72.3,0.0,30.1,38.9,6
BUS_A,Business,18,Thursday,8,29.2,77.9,56.0,39.9,40.0,3
ENG_A,Engineering,8,Monday,7,29.9,67.9,83.0,53.3,63.0,0
SCI_A,Science,7,Monday,7,26.7,81.4,0.0,59.5,67.8,0
RES_A,Residential,7,Monday,10,27.3,85.0,231.0,42.1,52.7,0
RES_A,Residential,10,Monday,1,29.3,74.7,184.0,42.8,45.5,0
SCI_A,Science,16,Wednesday,6,31.0,67.9,91.0,112.2,100.8,2
RES_B,Residential,22,Thursday,1,27.5,72.1,259.0,57.2,53.4,3
SPT_A,Sports,13,Wednesday,7,30.7,75.2,34.0,43.3,47.2,2
LIB_A,Library,4,Friday,2,25.5,87.0,4.0,27.3,28.2,4
LEC_A,LectureHall,3,Thursday,8,25.1,80.7,0.0,11.4,18.6,3
ENG_A,Engineering,2,Sunday,8,24.2,86.6,17.0,32.7,39.3,6
ENG_B,Engineering,23,Wednesday,7,28.4,70.7,5.0,38.2,41.7,2
RES_B,Residential,22,Saturday,4,28.0,78.0,238.0,47.1,53.3,5
BUS_A,Business,2,Friday,3,26.4,80.8,6.0,40.8,38.2,4
ADM_A,Administration,15,Sunday,11,30.3,76.6,7.0,28.9,28.8,6
ENG_A,Engineering,17,Tuesday,1,30.6,75.1,91.0,58.3,63.6,1
LIB_A,Library,9,Wednesday,1,28.3,78.1,39.0,34.5,38.1,2
SPT_A,Sports,1,Tuesday,1,26.0,87.7,22.0,37.3,38.1,1
BUS_A,Business,13,Friday,12,28.8,81.0,137.0,61.3,57.4,4
LIB_A,Library,13,Thursday,5,29.7,67.3,165.0,45.0,53.2,3
BUS_A,Business,8,Saturday,4,29.5,71.6,48.0,41.6,40.3,5
SPT_A,Sports,9,Monday,6,29.7,82.8,48.0,53.0,55.2,0
RES_A,Residential,4,Friday,5,27.6,77.2,187.0,48.2,49.1,4
LIB_A,Library,6,Friday,4,27.5,78.9,5.0,39.1,34.1,4
ENG_B,Engineering,17,Saturday,4,30.8,68.0,24.0,50.2,55.9,5
SPT_A,Sports,11,Saturday,12,30.4,64.6,32.0,44.5,43.4,5
ENG_A,Engineering,9,Saturday,11,27.4,82.0,21.0,42.9,47.3,5
ENG_A,Engineering,19,Friday,11,28.1,78.0,36.0,57.4,53.0,4
SCI_B,Science,20,Thursday,4,28.0,76.1,7.0,62.5,66.0,3
SPT_A,Sports,22,Tuesday,5,28.1,75.8,55.0,46.6,54.8,1
ENG_B,Engineering,1,Tuesday,7,27.2,77.7,25.0,42.7,43.7,1
LEC_A,LectureHall,3,Tuesday,8,26.6,80.1,32.0,30.0,33.8,1
SCI_B,Science,19,Tuesday,9,28.7,80.1,28.0,68.3,74.6,1
SPT_A,Sports,4,Wednesday,7,24.4,86.0,46.0,35.0,40.4,2
ENG_B,Engineering,3,Tuesday,10,25.6,81.7,6.0,30.8,32.3,1
SCI_A,Science,14,Wednesday,8,35.3,91.7,132.0,107.3,121.1,2
LEC_A,LectureHall,12,Monday,12,29.4,72.8,198.0,71.0,69.4,0
BUS_A,Business,23,Sunday,3,29.3,76.6,6.0,39.9,39.7,6
SCI_B,Science,8,Saturday,7,26.4,77.2,0.0,59.6,58.4,5
LIB_A,Library,9,Friday,8,27.0,74.8,50.0,36.7,32.5,4
SCI_A,Science,7,Tuesday,8,25.2,77.1,11.0,59.6,57.3,1
LEC_A,LectureHall,11,Thursday,4,29.8,76.3,267.0,103.3,97.9,3
LEC_A,LectureHall,15,Tuesday,10,27.7,80.9,203.0,70.4,68.9,1
SCI_A,Science,10,Wednesday,6,29.1,74.8,81.0,73.5,87.3,2
ENG_B,Engineering,0,Thursday,11,25.9,79.1,5.0,39.4,37.5,3
RES_A,Residential,13,Thursday,12,30.3,75.3,146.0,45.2,48.7,3
LIB_A,Library,20,Sunday,10,28.2,81.8,80.0,45.1,46.8,6
ENG_A,Engineering,11,Sunday,10,29.1,75.0,68.0,50.5,57.4,6
ENG_A,Engineering,9,Saturday,3,27.7,79.4,39.0,52.1,53.7,5
BUS_B,Business,7,Wednesday,4,27.1,78.4,133.0,24.0,48.5,2
SCI_B,Science,19,Thursday,9,29.0,71.8,14.0,70.4,66.6,3
LIB_A,Library,23,Saturday,2,25.1,83.5,41.0,33.6,39.0,5
RES_B,Residential,18,Wednesday,11,29.1,77.6,133.0,37.2,39.5,2
LEC_A,LectureHall,9,Tuesday,8,28.5,79.0,129.0,56.9,59.8,1
ADM_A,Administration,14,Monday,12,30.8,69.1,113.0,49.9,45.7,0
ENG_A,Engineering,2,Saturday,8,26.2,79.0,0.0,38.4,37.3,5
BUS_B,Business,21,Thursday,1,27.4,83.1,13.0,42.7,42.3,3
SCI_B,Science,5,Tuesday,12,27.4,77.9,0.0,59.5,58.5,1
BUS_B,Business,23,Monday,12,26.6,76.1,0.0,30.3,34.2,0
RES_A,Residential,6,Tuesday,9,25.7,86.8,243.0,47.4,48.6,1
BUS_A,Business,6,Sunday,9,27.4,82.6,27.0,33.8,31.7,6
LEC_A,LectureHall,4,Thursday,2,27.1,78.8,0.0,14.1,19.8,3
ENG_A,Engineering,3,Monday,11,24.1,85.8,47.0,38.4,43.2,0
ADM_A,Administration,9,Monday,6,29.1,82.3,72.0,36.3,35.6,0
SPT_A,Sports,23,Sunday,8,26.4,85.7,31.0,34.2,34.4,6
BUS_B,Business,17,Friday,7,31.0,76.1,,56.2,63.9,4
ENG_B,Engineering,20,Saturday,5,28.5,76.0,35.0,46.6,51.0,5
BUS_B,Business,9,Monday,3,28.0,81.0,112.0,47.9,57.7,0
ENG_A,Engineering,15,Wednesday,10,28.1,81.1,172.0,67.9,70.8,2
SCI_B,Science,17,Thursday,2,30.4,71.7,,71.9,85.9,3
BUS_B,Business,10,Thursday,6,28.9,76.5,141.0,65.0,64.6,3
SCI_B,Science,15,Monday,2,32.6,68.9,111.0,99.8,101.9,0
ADM_A,Administration,23,Monday,12,27.1,81.9,12.0,22.9,26.7,0
RES_A,Residential,18,Thursday,9,29.0,72.2,202.0,43.3,41.3,3
LEC_A,LectureHall,1,Thursday,5,28.0,77.5,3.0,28.6,31.7,3
LEC_A,LectureHall,0,Saturday,11,25.7,79.7,27.0,18.8,22.9,5
SCI_A,Science,19,Saturday,7,29.9,68.6,37.0,71.7,75.4,5
BUS_A,Business,9,Sunday,12,25.3,88.3,22.0,24.4,22.7,6
ADM_A,Administration,16,Thursday,7,30.7,78.9,75.0,38.7,41.3,3
ENG_A,Engineering,17,Thursday,2,30.0,70.5,113.0,58.9,65.5,3
ENG_B,Engineering,14,Sunday,12,30.8,71.5,24.0,63.6,56.9,6
LEC_A,LectureHall,6,Sunday,9,27.9,76.0,32.0,23.5,28.3,6
ENG_B,Engineering,22,Tuesday,7,28.0,74.2,6.0,43.8,38.8,1
ENG_A,Engineering,0,Friday,5,26.8,82.4,12.0,76.8,53.4,4
LEC_A,LectureHall,18,Tuesday,9,30.0,73.5,72.0,49.7,48.7,1
RES_A,Residential,14,Sunday,5,31.4,70.8,125.0,47.8,50.9,6
SCI_A,Science,13,Sunday,10,30.1,70.7,2.0,76.6,76.1,6
SPT_A,Sports,23,Thursday,11,26.2,79.3,39.0,102.6,57.1,3
ENG_A,Engineering,8,Sunday,6,28.0,74.3,39.0,47.2,51.1,6
BUS_B,Business,5,Saturday,12,25.0,83.0,22.0,29.4,30.7,5
SPT_A,Sports,5,Wednesday,3,27.2,73.0,42.0,48.0,44.9,2
SCI_B,Science,23,Saturday,1,26.5,83.2,0.0,58.0,68.6,5
ENG_A,Engineering,8,Tuesday,6,,89.2,193.0,47.8,63.4,1
SPT_A,Sports,10,Wednesday,11,28.9,69.3,54.0,37.9,41.7,2
LIB_A,Library,7,Saturday,4,29.2,75.6,4.0,39.7,40.2,5
SCI_B,Science,23,Tuesday,1,27.0,84.2,11.0,53.9,61.5,1
SPT_A,Sports,16,Monday,11,32.0,67.0,48.0,56.7,54.0,0
LIB_A,Library,4,Thursday,3,27.6,83.5,40.0,40.3,39.8,3
LEC_A,LectureHall,3,Tuesday,12,26.4,83.5,0.0,16.6,27.2,1
ENG_B,Engineering,3,Friday,1,25.0,85.0,10.0,60.9,42.1,4
ENG_B,Engineering,3,Thursday,1,24.7,91.3,3.0,30.4,34.2,3
RES_A,Residential,13,Tuesday,9,28.1,77.6,84.0,39.8,43.7,1
LIB_A,Library,21,Saturday,12,26.7,84.3,98.0,41.6,48.8,5
SCI_A,Science,1,Sunday,1,26.7,86.6,9.0,70.8,66.9,6
ADM_A,Administration,21,Thursday,5,23.7,96.4,14.0,21.7,24.0,3
RES_B,Residential,21,Friday,10,27.7,76.4,241.0,39.0,47.8,4
RES_B,Residential,1,Tuesday,10,25.5,85.5,138.0,44.6,39.3,1
RES_A,Residential,1,Thursday,1,27.5,75.3,112.0,41.8,50.1,3
SCI_A,Science,11,Monday,12,28.0,70.0,174.0,87.5,90.2,0
BUS_A,Business,5,Saturday,3,27.8,76.1,,28.0,34.1,5
BUS_B,Business,13,Tuesday,1,,70.9,153.0,65.1,73.0,1
SPT_A,Sports,21,Thursday,11,27.8,79.1,120.0,55.5,57.2,3
LIB_A,Library,1,Thursday,12,24.7,81.3,10.0,21.0,26.4,3
SCI_A,Science,8,Monday,11,27.7,78.2,66.0,73.4,79.8,0
LEC_A,LectureHall,15,Wednesday,8,30.2,68.6,193.0,86.0,73.9,2
SPT_A,Sports,3,Sunday,2,25.8,84.7,28.0,37.0,35.1,6
ADM_A,Administration,6,Friday,5,27.4,81.0,5.0,29.8,29.5,4
ENG_B,Engineering,4,Thursday,4,27.1,72.2,0.0,39.3,43.8,3
SCI_B,Science,3,Thursday,11,24.7,92.5,2.0,80.0,59.6,3
ENG_A,Engineering,17,Tuesday,3,29.2,74.2,107.0,72.8,67.4,1
ENG_B,Engineering,6,Monday,1,26.9,80.7,27.0,45.3,43.8,0
LEC_A,LectureHall,18,Saturday,4,31.3,76.5,273.0,90.1,93.4,5
SCI_A,Science,10,Friday,6,28.7,78.6,98.0,98.9,98.8,4
LEC_A,LectureHall,19,Friday,3,30.7,71.3,21.0,45.4,46.1,4
ENG_A,Engineering,22,Friday,5,29.0,74.2,23.0,55.9,58.8,4
SCI_A,Science,9,Thursday,5,27.9,77.4,85.0,82.7,86.2,3
RES_B,Residential,5,Sunday,6,26.0,76.7,224.0,48.0,53.3,6
SCI_A,Science,9,Saturday,1,28.0,77.0,3.0,65.9,70.9,5
ENG_B,Engineering,9,Saturday,4,27.8,80.2,42.0,37.8,47.3,5
BUS_B,Business,23,Wednesday,11,25.4,77.5,0.0,28.0,28.8,2
ADM_A,Administration,20,Saturday,6,29.0,74.2,6.0,26.2,26.5,5
SCI_B,Science,8,Tuesday,4,26.7,85.5,65.0,71.3,75.8,1
ENG_A,Engineering,9,Sunday,4,29.3,68.6,35.0,,53.0,6
ENG_A,Engineering,6,Thursday,1,26.5,87.2,0.0,40.6,40.7,3
RES_A,Residential,5,Friday,8,25.6,83.6,234.0,41.2,49.0,4
ENG_A,Engineering,16,Friday,12,28.2,78.8,128.0,69.5,69.2,4
BUS_A,Business,3,Saturday,1,25.1,85.6,0.0,7.0,21.5,5
BUS_B,Business,22,Saturday,8,26.9,78.7,23.0,31.6,35.0,5
LEC_A,LectureHall,20,Thursday,10,27.8,76.6,11.0,34.3,31.9,3
LIB_A,Library,3,Sunday,8,25.8,85.3,4.0,27.5,27.7,6
ENG_A,Engineering,7,Tuesday,4,26.4,77.1,31.0,42.6,49.0,1
SCI_A,Science,14,Sunday,7,29.1,73.2,37.0,71.2,73.5,6
SPT_A,Sports,19,Wednesday,5,29.3,79.6,200.0,68.0,75.5,2
SCI_B,Science,7,Thursday,7,28.6,79.6,0.0,63.5,69.2,3
ENG_A,Engineering,21,Monday,11,27.4,79.3,40.0,46.3,43.7,0
SCI_B,Science,1,Wednesday,8,27.9,79.0,8.0,61.7,65.5,2
SCI_B,Science,11,Sunday,6,29.5,74.9,51.0,82.5,76.6,6
ENG_B,Engineering,23,Monday,8,27.2,91.3,24.0,36.7,39.3,0
SPT_A,Sports,23,Monday,6,25.6,77.4,43.0,37.5,41.3,0
RES_B,Residential,19,Tuesday,12,29.5,69.2,177.0,43.8,43.4,1
SCI_A,Science,13,Sunday,4,30.3,76.7,52.0,92.1,93.1,6
SCI_A,Science,0,Wednesday,2,25.6,82.8,46.0,76.9,74.8,2
LIB_A,Library,17,Saturday,10,29.3,69.2,185.0,54.7,57.1,5
RES_B,Residential,0,Wednesday,5,29.1,81.7,96.0,45.7,45.7,2
BUS_A,Business,5,Monday,2,27.3,78.5,15.0,34.4,36.5,0
SCI_A,Science,5,Sunday,6,25.9,82.5,0.0,62.6,66.2,6
LIB_A,Library,0,Tuesday,9,27.4,76.6,15.0,30.3,31.3,1
RES_B,Residential,18,Friday,12,28.8,82.3,149.0,39.9,42.7,4
LEC_A,LectureHall,13,Saturday,11,30.5,73.5,231.0,75.5,76.6,5
LEC_A,LectureHall,21,Sunday,1,27.2,82.2,0.0,26.0,22.0,6
RES_B,Residential,20,Saturday,8,27.3,78.1,188.0,40.4,43.1,5
LEC_A,LectureHall,4,Wednesday,10,26.4,79.5,41.0,27.7,33.9,2
BUS_B,Business,1,Monday,8,,84.3,22.0,32.9,33.3,0
LEC_A,LectureHall,23,Friday,8,27.0,80.1,13.0,83.7,46.0,4
ADM_A,Administration,18,Wednesday,1,29.1,72.6,52.0,33.9,36.5,2
SCI_A,Science,7,Wednesday,5,27.4,77.7,3.0,66.7,66.4,2
LEC_A,LectureHall,6,Saturday,7,26.4,79.7,18.0,22.3,24.7,5
SPT_A,Sports,0,Saturday,2,27.0,77.1,0.0,31.3,31.9,5
SCI_B,Science,17,Friday,11,28.6,82.7,42.0,76.3,69.3,4
ADM_A,Administration,6,Sunday,4,27.5,76.1,0.0,22.3,24.8,6
ENG_A,Engineering,2,Sunday,8,26.4,86.8,0.0,37.8,42.5,6
BUS_A,Business,14,Thursday,1,30.4,67.7,124.0,62.5,55.8,3
BUS_B,Business,0,Tuesday,2,24.9,82.9,20.0,44.3,35.0,1
RES_A,Residential,17,Thursday,6,29.9,71.6,189.0,48.0,48.8,3
SCI_B,Science,15,Sunday,10,30.4,73.2,40.0,73.2,79.4,6
ENG_A,Engineering,14,Saturday,4,29.9,72.8,57.0,51.0,58.2,5
ADM_A,Administration,2,Friday,2,25.5,76.3,0.0,21.0,20.7,4
RES_B,Residential,2,Thursday,2,26.3,81.4,126.0,42.3,48.2,3
RES_B,Residential,13,Friday,11,28.9,80.0,124.0,33.7,39.6,4
ADM_A,Administration,13,Friday,10,29.5,81.4,99.0,37.5,35.6,4
SPT_A,Sports,3,Thursday,8,25.1,86.4,0.0,32.7,33.4,3
SPT_A,Sports,22,Monday,11,28.2,77.8,39.0,96.7,61.7,0
ENG_B,Engineering,13,Wednesday,4,30.5,76.6,159.0,77.1,77.3,2
LEC_A,LectureHall,7,Sunday,9,26.2,84.3,5.0,21.7,21.0,6
RES_A,Residential,13,Thursday,3,29.9,77.1,125.0,48.0,45.8,3
BUS_A,Business,3,Monday,10,27.7,83.5,6.0,31.2,31.1,0
LEC_A,LectureHall,4,Monday,5,26.2,78.7,12.0,28.9,25.8,0
RES_A,Residential,22,Thursday,1,26.5,81.3,239.0,48.0,48.9,3
BUS_B,Business,10,Wednesday,4,30.0,65.9,118.0,56.6,60.3,2
BUS_B,Business,21,Thursday,3,28.5,72.5,9.0,44.3,44.2,3
LEC_A,LectureHall,12,Friday,11,28.4,84.7,236.0,81.7,76.7,4
ENG_B,Engineering,5,Tuesday,7,28.6,69.3,22.0,46.5,48.7,1
SCI_A,Science,5,Thursday,2,26.3,74.2,0.0,60.8,59.1,3
ENG_A,Engineering,22,Thursday,8,26.3,89.0,27.0,44.4,46.0,3
ENG_B,Engineering,9,Tuesday,1,27.2,76.0,91.0,44.7,53.2,1
ADM_A,Administration,16,Friday,7,30.4,75.6,73.0,41.2,40.8,4
RES_A,Residential,10,Saturday,4,29.1,74.4,154.0,53.3,47.8,5
BUS_A,Business,10,Monday,6,29.9,78.7,90.0,51.0,53.4,0
RES_A,Residential,8,Sunday,4,29.4,77.0,245.0,51.3,52.4,6
LIB_A,Library,15,Friday,10,29.8,72.5,209.0,62.8,60.4,4
SCI_B,Science,23,Saturday,5,,75.7,0.0,64.3,71.7,5
RES_A,Residential,21,Tuesday,10,27.4,80.9,230.0,51.6,57.6,1
BUS_A,Business,22,Wednesday,4,29.0,84.9,0.0,32.0,40.9,2
RES_B,Residential,11,Thursday,5,30.0,71.3,102.0,36.6,38.5,3
SPT_A,Sports,0,Monday,12,25.5,84.8,0.0,28.6,33.1,0
ADM_A,Administration,16,Tuesday,8,28.9,82.1,62.0,29.4,35.2,1
ENG_B,Engineering,11,Friday,4,30.1,75.3,119.0,55.8,67.3,4
SPT_A,Sports,16,Monday,12,31.1,78.3,73.0,52.0,60.9,0
BUS_A,Business,7,Sunday,7,27.8,82.1,0.0,29.0,28.4,6
BUS_B,Business,15,Wednesday,11,30.3,78.8,150.0,68.5,67.5,2
LIB_A,Library,17,Thursday,8,30.3,72.4,232.0,76.6,69.9,3
LIB_A,Library,4,Thursday,11,26.7,75.9,7.0,25.3,26.7,3
BUS_A,Business,15,Monday,4,31.5,75.1,118.0,53.4,59.2,0
SCI_A,Science,4,Saturday,4,27.3,79.8,0.0,79.3,77.5,5
BUS_A,Business,1,Friday,4,26.8,80.4,0.0,36.5,38.0,4
BUS_B,Business,19,Thursday,12,27.7,76.2,11.0,41.2,39.6,3
ENG_B,Engineering,10,Monday,11,28.7,74.0,147.0,59.0,59.3,0
ENG_B,Engineering,11,Sunday,1,29.1,75.2,35.0,,51.2,6
SPT_A,Sports,18,Tuesday,8,29.4,78.0,153.0,72.7,66.6,1
ENG_B,Engineering,7,Saturday,10,23.8,98.7,0.0,30.8,28.4,5
LIB_A,Library,15,Tuesday,9,28.8,75.1,233.0,49.4,54.8,1
BUS_B,Business,19,Thursday,6,28.8,76.1,22.0,48.5,46.9,3
SCI_A,Science,7,Sunday,6,27.2,79.3,11.0,59.3,65.9,6
ENG_B,Engineering,18,Thursday,1,28.0,80.6,61.0,42.5,48.2,3
ENG_A,Engineering,6,Wednesday,7,27.1,83.5,14.0,48.9,46.4,2
ENG_A,Engineering,13,Tuesday,9,31.0,72.2,202.0,78.4,86.9,1
ENG_B,Engineering,15,Sunday,3,30.2,72.2,27.0,49.7,57.1,6
SCI_B,Science,23,Tuesday,11,27.0,79.9,7.0,63.2,56.0,1
ENG_A,Engineering,2,Wednesday,10,26.0,81.5,0.0,36.3,38.3,2
SPT_A,Sports,12,Tuesday,10,28.8,81.6,29.0,37.3,40.2,1
ENG_A,Engineering,14,Saturday,4,30.0,79.3,46.0,59.8,62.5,5
RES_A,Residential,8,Tuesday,9,28.5,79.2,234.0,45.3,55.3,1
RES_A,Residential,4,Sunday,1,28.1,77.2,187.0,49.5,58.5,6
RES_B,Residential,1,Sunday,6,27.2,76.2,169.0,48.2,52.8,6
SCI_B,Science,6,Wednesday,12,26.3,80.1,13.0,61.8,62.1,2
LIB_A,Library,8,Saturday,10,27.6,72.9,60.0,39.5,34.5,5
BUS_B,Business,12,Sunday,11,29.4,80.2,36.0,43.5,43.5,6
SPT_A,Sports,19,Thursday,2,29.1,77.6,136.0,64.2,62.1,3
ENG_B,Engineering,16,Wednesday,1,30.4,73.0,140.0,72.5,69.4,2
RES_B,Residential,23,Wednesday,5,28.4,75.2,269.0,52.4,56.1,2
ADM_A,Administration,23,Saturday,10,27.7,74.7,0.0,17.0,19.9,5
RES_A,Residential,22,Monday,6,27.6,75.2,271.0,57.9,61.0,0
SCI_B,Science,2,Wednesday,8,25.7,81.2,0.0,63.7,59.1,2
RES_B,Residential,14,Sunday,9,30.9,72.0,119.0,43.7,43.8,6
ENG_B,Engineering,12,Saturday,6,30.5,73.7,55.0,53.5,57.5,5
ENG_A,Engineering,3,Friday,3,27.4,76.7,13.0,48.2,49.2,4
SCI_A,Science,14,Wednesday,5,29.6,77.1,135.0,79.5,95.7,2
LEC_A,LectureHall,19,Wednesday,12,29.2,73.2,9.0,33.6,31.8,2
RES_B,Residential,20,Monday,10,28.3,77.1,231.0,34.5,44.7,0
ENG_B,Engineering,13,Monday,9,30.1,75.7,145.0,56.5,62.7,0
RES_A,Residential,9,Wednesday,8,28.7,84.7,174.0,42.8,40.1,2
BUS_B,Business,13,Sunday,3,,69.2,37.0,52.1,54.0,6
LEC_A,LectureHall,7,Friday,11,26.0,82.9,235.0,33.2,60.5,4
LIB_A,Library,2,Tuesday,11,25.9,80.9,2.0,22.8,27.8,1
RES_B,Residential,6,Friday,1,28.3,73.8,174.0,49.4,49.2,4
LIB_A,Library,14,Saturday,12,29.4,77.9,123.0,42.9,41.3,5
LIB_A,Library,9,Tuesday,12,26.7,79.2,25.0,30.1,30.3,1
SCI_A,Science,20,Tuesday,9,29.7,72.8,11.0,78.8,84.6,1
ENG_A,Engineering,19,Friday,11,30.7,78.7,26.0,53.4,56.2,4
RES_A,Residential,5,Tuesday,7,26.6,81.9,194.0,52.1,52.0,1
ENG_A,Engineering,13,Tuesday,9,30.4,80.0,210.0,83.9,92.7,1
LIB_A,Library,11,Wednesday,2,28.4,71.6,72.0,38.4,41.1,2
LIB_A,Library,18,Thursday,5,30.4,75.0,186.0,71.1,64.8,3
RES_A,Residential,16,Saturday,6,30.7,78.8,122.0,40.0,45.0,5
LEC_A,LectureHall,4,Tuesday,11,27.5,78.8,0.0,23.3,23.9,1
SPT_A,Sports,23,Sunday,3,28.4,78.6,50.0,35.0,47.2,6
SCI_B,Science,5,Saturday,9,24.8,88.1,10.0,55.3,54.1,5
ENG_B,Engineering,6,Friday,5,28.4,78.9,0.0,41.9,41.5,4
SPT_A,Sports,3,Friday,3,27.2,78.7,13.0,41.6,42.6,4
ADM_A,Administration,11,Sunday,2,28.5,70.1,16.0,26.8,28.7,6
SCI_A,Science,21,Thursday,12,27.4,72.5,41.0,66.0,68.6,3
RES_A,Residential,6,Monday,3,27.7,85.3,210.0,54.5,56.2,0
SPT_A,Sports,23,Sunday,1,26.6,78.8,18.0,90.1,57.2,6
BUS_B,Business,19,Wednesday,10,29.1,74.6,0.0,47.9,47.6,2
SCI_A,Science,3,Wednesday,2,28.5,81.1,2.0,69.9,70.3,2
SCI_B,Science,19,Friday,11,28.4,80.5,4.0,60.1,65.3,4
SCI_A,Science,22,Tuesday,3,26.5,80.3,4.0,65.5,68.7,1
ENG_A,Engineering,22,Monday,3,27.6,83.2,24.0,41.3,48.1,0
BUS_B,Business,8,Thursday,12,27.5,79.5,77.0,53.3,51.9,3
SCI_A,Science,22,Sunday,5,27.0,84.7,12.0,62.1,71.9,6
SPT_A,Sports,19,Monday,1,30.4,75.7,147.0,58.5,63.2,0
SCI_B,Science,17,Thursday,6,31.6,77.4,62.0,92.1,96.6,3
RES_A,Residential,4,Sunday,3,26.1,80.8,219.0,45.4,50.7,6
RES_B,Residential,4,Thursday,12,26.5,84.0,176.0,42.7,43.3,3
SPT_A,Sports,15,Wednesday,5,30.4,74.7,42.0,48.0,46.2,2
RES_B,Residential,4,Monday,8,26.8,87.7,159.0,44.5,42.9,0
RES_B,Residential,6,Tuesday,2,27.7,86.1,193.0,46.7,48.5,1
SCI_B,Science,3,Sunday,8,25.4,86.3,1.0,54.0,54.4,6
SPT_A,Sports,15,Friday,10,29.9,73.3,21.0,39.4,40.3,4
RES_B,Residential,15,Saturday,6,30.2,78.6,130.0,41.9,41.0,5
SCI_A,Science,13,Thursday,7,31.0,73.9,139.0,106.0,106.2,3
ENG_A,Engineering,21,Friday,1,26.4,76.5,0.0,41.7,42.5,4
ENG_A,Engineering,5,Friday,5,26.7,80.0,19.0,40.2,46.9,4
LIB_A,Library,2,Wednesday,1,26.0,84.9,19.0,32.1,30.7,2
SCI_B,Science,15,Saturday,10,30.6,78.0,2.0,61.8,68.7,5
RES_A,Residential,10,Friday,11,28.2,82.7,139.0,45.2,42.1,4
BUS_A,Business,10,Monday,10,25.8,86.0,94.0,35.9,38.5,0
SPT_A,Sports,13,Saturday,2,28.8,76.0,22.0,37.0,40.5,5
RES_B,Residential,16,Monday,3,34.3,90.6,239.0,69.9,62.4,0
SCI_B,Science,17,Wednesday,4,28.8,71.2,62.0,80.8,79.6,2
SCI_A,Science,21,Saturday,2,27.5,84.4,2.0,54.7,70.8,5
LEC_A,LectureHall,11,Monday,1,29.8,70.3,167.0,61.6,61.2,0
ADM_A,Administration,4,Wednesday,7,26.4,89.7,12.0,24.9,23.1,2
LIB_A,Library,7,Monday,10,26.3,78.2,6.0,26.5,30.1,0
LEC_A,LectureHall,6,Friday,1,27.2,81.7,0.0,26.2,28.8,4
ADM_A,Administration,0,Tuesday,3,26.6,74.0,5.0,,30.2,1
LEC_A,LectureHall,16,Saturday,4,31.8,68.7,46.0,53.0,48.3,5
RES_B,Residential,0,Thursday,1,26.0,80.0,118.0,43.6,41.7,3
SPT_A,Sports,20,Sunday,7,28.7,73.2,176.0,65.8,67.0,6
ENG_A,Engineering,9,Saturday,12,27.6,73.3,53.0,53.7,48.3,5
BUS_A,Business,3,Monday,2,24.9,80.3,15.0,33.6,30.6,0
BUS_B,Business,22,Saturday,4,28.7,78.2,21.0,35.3,40.9,5
BUS_B,Business,11,Saturday,6,31.2,74.2,67.0,59.1,63.5,5
BUS_B,Business,7,Monday,9,26.3,71.6,134.0,30.7,44.7,0
RES_A,Residential,17,Sunday,2,29.9,71.3,145.0,40.2,44.1,6
ENG_B,Engineering,4,Wednesday,5,25.9,83.0,0.0,29.7,35.3,2
ADM_A,Administration,6,Tuesday,7,26.3,90.2,0.0,21.5,23.7,1
ENG_B,Engineering,8,Thursday,4,28.1,76.2,77.0,57.6,56.2,3
ENG_B,Engineering,21,Wednesday,10,27.3,78.1,21.0,38.2,38.4,2
LEC_A,LectureHall,11,Monday,1,29.6,72.6,190.0,72.3,71.8,0
SCI_A,Science,14,Tuesday,1,29.6,76.5,2.0,69.7,79.4,1
LIB_A,Library,14,Saturday,6,30.3,71.8,143.0,50.2,52.7,5
RES_B,Residential,5,Sunday,4,26.2,78.5,187.0,51.3,47.1,6
SCI_A,Science,14,Friday,11,30.5,73.6,133.0,111.3,105.4,4
ADM_A,Administration,11,Monday,3,28.2,72.4,82.0,36.6,37.0,0
ENG_A,Engineering,2,Tuesday,7,28.4,76.0,,56.7,57.1,1
SCI_A,Science,8,Sunday,2,26.6,83.0,4.0,67.8,70.8,6
BUS_B,Business,22,Monday,11,28.4,77.2,4.0,45.3,38.9,0
ENG_A,Engineering,7,Tuesday,5,27.6,81.1,21.0,51.9,50.1,1
ENG_A,Engineering,21,Monday,1,26.8,89.6,81.0,55.4,55.3,0
ADM_A,Administration,19,Wednesday,12,26.8,81.4,8.0,27.7,24.8,2
SCI_B,Science,5,Saturday,7,26.6,82.0,0.0,65.2,69.2,5
LEC_A,LectureHall,10,Tuesday,12,27.7,73.6,145.0,48.2,54.7,1
ENG_A,Engineering,7,Sunday,8,27.7,79.2,5.0,46.6,47.0,6
RES_B,Residential,7,Saturday,1,28.1,83.0,190.0,51.6,57.0,5
ADM_A,Administration,20,Friday,3,27.4,78.5,0.0,28.1,30.3,4
BUS_B,Business,21,Thursday,6,28.3,69.2,0.0,38.3,39.9,3
BUS_B,Business,9,Tuesday,10,26.5,83.2,181.0,22.7,44.6,1
LEC_A,LectureHall,12,Tuesday,4,31.2,74.4,185.0,77.2,73.9,1
BUS_B,Business,10,Monday,7,29.5,82.3,219.0,66.7,74.1,0
SPT_A,Sports,1,Monday,12,25.3,83.8,0.0,31.0,27.2,0
BUS_A,Business,7,Friday,5,27.8,80.0,6.0,38.5,37.7,4
BUS_B,Business,17,Sunday,1,30.0,72.3,7.0,40.2,40.6,6
SCI_A,Science,12,Saturday,7,31.1,71.9,26.0,98.0,88.9,5
LIB_A,Library,19,Tuesday,8,24.2,96.8,149.0,39.6,44.4,1
ADM_A,Administration,21,Friday,4,28.1,78.3,2.0,27.1,27.0,4
BUS_B,Business,12,Wednesday,5,29.3,74.6,165.0,,70.1,2
BUS_A,Business,22,Monday,5,28.3,75.7,3.0,,38.4,0
LIB_A,Library,13,Sunday,7,30.2,75.3,96.0,43.1,44.9,6
SCI_B,Science,19,Tuesday,5,28.5,84.3,11.0,68.5,70.5,1
SCI_B,Science,20,Sunday,2,27.9,81.9,11.0,67.9,68.4,6
ENG_A,Engineering,8,Thursday,1,23.7,96.2,71.0,51.9,47.0,3
RES_A,Residential,7,Saturday,8,28.2,77.5,269.0,50.7,52.8,5
ENG_A,Engineering,19,Wednesday,7,28.5,73.8,67.0,57.8,63.1,2
SCI_B,Science,12,Thursday,2,30.9,70.4,5.0,71.5,79.1,3
LIB_A,Library,10,Saturday,7,29.1,72.0,86.0,35.3,40.4,5
BUS_A,Business,2,Friday,12,25.8,83.7,0.0,27.4,32.8,4
SCI_B,Science,0,Saturday,5,26.4,82.3,0.0,54.6,60.4,5
RES_A,Residential,3,Monday,7,26.2,84.5,218.0,56.3,60.6,0
RES_A,Residential,0,Saturday,6,25.5,83.8,136.0,45.6,50.6,5
LIB_A,Library,12,Wednesday,3,29.4,76.1,100.0,49.5,51.2,2
RES_A,Residential,12,Sunday,10,29.1,73.6,125.0,35.2,40.8,6
LEC_A,LectureHall,7,Wednesday,7,28.2,77.6,191.0,34.7,59.6,2
ENG_B,Engineering,5,Monday,5,27.9,85.5,0.0,41.6,41.1,0
RES_B,Residential,20,Saturday,10,29.4,77.4,217.0,41.9,50.9,5
LIB_A,Library,16,Thursday,7,29.5,72.7,215.0,52.0,59.5,3
SCI_A,Science,7,Wednesday,1,27.7,77.6,29.0,67.1,73.8,2
BUS_A,Business,0,Sunday,10,26.5,79.8,11.0,26.2,24.0,6
BUS_B,Business,16,Saturday,7,29.4,63.4,27.0,38.9,41.8,5
ENG_A,Engineering,22,Wednesday,6,27.9,75.8,26.0,52.7,50.3,2
SCI_A,Science,19,Thursday,4,30.9,73.8,23.0,77.6,85.4,3
SCI_A,Science,18,Saturday,11,30.2,81.9,31.0,75.8,82.8,5
BUS_B,Business,19,Saturday,1,29.5,83.1,1.0,40.0,41.5,5
ENG_B,Engineering,2,Friday,10,25.2,84.5,16.0,34.2,35.3,4
RES_A,Residential,9,Sunday,5,29.6,74.2,194.0,41.4,54.4,6
SCI_A,Science,9,Tuesday,10,28.2,80.7,92.0,72.5,85.5,1
ENG_A,Engineering,4,Thursday,11,23.6,84.3,27.0,38.1,35.3,3
LIB_A,Library,10,Monday,3,28.5,72.9,63.0,37.0,40.0,0
LIB_A,Library,16,Monday,7,31.9,75.3,197.0,62.9,68.1,0
SCI_A,Science,18,Wednesday,2,30.1,73.3,63.0,104.0,97.4,2
ENG_A,Engineering,13,Wednesday,10,29.0,81.8,203.0,71.2,72.4,2
SCI_A,Science,2,Friday,2,27.4,76.2,7.0,68.1,72.0,4
LEC_A,LectureHall,10,Saturday,2,30.0,68.2,20.0,38.2,36.5,5
SCI_B,Science,9,Tuesday,10,27.1,81.0,89.0,74.5,77.9,1
ADM_A,Administration,17,Saturday,10,28.3,78.2,20.0,27.6,24.9,5
SPT_A,Sports,17,Thursday,4,31.3,69.8,122.0,65.3,70.8,3
ADM_A,Administration,4,Wednesday,4,27.5,74.8,3.0,28.2,30.3,2
SCI_B,Science,0,Monday,5,28.7,73.7,0.0,61.2,62.3,0
BUS_A,Business,23,Saturday,5,28.6,71.2,12.0,31.5,33.1,5
SCI_A,Science,18,Wednesday,11,28.9,,61.0,68.7,86.1,2
RES_B,Residential,15,Monday,7,31.2,61.8,101.0,43.1,41.3,0
LIB_A,Library,23,Thursday,8,27.6,81.8,34.0,86.4,51.7,3
SCI_A,Science,14,Monday,3,29.4,79.6,111.0,80.9,92.7,0
LIB_A,Library,12,Monday,4,29.4,78.1,110.0,46.0,51.4,0
LEC_A,LectureHall,7,Monday,8,28.0,78.0,215.0,33.4,59.1,0
SCI_A,Science,10,Monday,3,29.3,67.9,106.0,93.2,96.2,0
ENG_A,Engineering,16,Friday,5,31.5,76.7,138.0,84.0,84.4,4
LIB_A,Library,5,Friday,2,27.2,76.5,6.0,31.4,31.1,4
LEC_A,LectureHall,6,Wednesday,8,26.1,86.0,0.0,26.1,26.3,2
SCI_B,Science,3,Monday,10,26.5,73.7,9.0,52.8,53.2,0
LIB_A,Library,15,Thursday,4,29.7,71.9,218.0,61.3,62.4,3
BUS_A,Business,20,Monday,2,27.8,78.2,13.0,39.0,40.4,0
RES_A,Residential,17,Thursday,7,30.6,75.7,148.0,46.0,44.9,3
BUS_A,Business,1,Saturday,3,26.6,75.6,0.0,31.4,29.0,5
SPT_A,Sports,15,Wednesday,12,28.9,76.4,49.0,45.7,45.9,2
SCI_B,Science,19,Saturday,1,28.2,81.2,10.0,70.1,66.6,5
ENG_A,Engineering,10,Thursday,12,29.1,79.9,114.0,69.6,64.1,3
RES_A,Residential,11,Sunday,3,27.1,81.8,153.0,39.6,45.0,6
ENG_A,Engineering,8,Friday,9,29.3,74.9,97.0,61.8,59.8,4
SPT_A,Sports,11,Sunday,8,29.9,69.5,7.0,39.7,44.5,6
BUS_A,Business,9,Sunday,3,29.5,66.6,8.0,35.9,28.9,6
SCI_B,Science,22,Thursday,11,26.3,89.4,14.0,54.5,54.9,3
ENG_B,Engineering,20,Tuesday,12,30.4,72.5,46.0,47.9,51.2,1
ADM_A,Administration,17,Monday,11,29.8,69.1,69.0,40.5,36.7,0
ENG_A,Engineering,4,Tuesday,3,26.9,79.6,0.0,39.0,42.8,1
LIB_A,Library,2,Friday,7,27.0,81.7,0.0,26.7,28.5,4
ENG_A,Engineering,21,Saturday,4,27.5,85.2,0.0,46.2,47.5,5
LEC_A,LectureHall,23,Wednesday,5,26.4,81.9,0.0,27.7,29.0,2
LEC_A,LectureHall,10,Saturday,10,27.5,77.1,27.0,28.4,24.3,5
LIB_A,Library,19,Friday,9,29.8,,152.0,48.7,50.9,4
ENG_B,Engineering,13,Thursday,12,30.5,76.1,147.0,76.8,72.1,3
SCI_B,Science,3,Friday,6,26.0,85.7,5.0,66.6,64.4,4
SCI_A,Science,4,Monday,7,26.8,81.7,19.0,64.3,70.9,0
RES_B,Residential,16,Thursday,10,35.0,88.4,205.0,54.2,59.5,3
BUS_A,Business,19,Friday,6,31.0,77.0,23.0,46.6,46.4,4
RES_B,Residential,16,Thursday,12,29.9,70.5,105.0,35.9,35.4,3
ENG_A,Engineering,7,Sunday,10,26.7,82.6,32.0,40.3,40.0,6
SPT_A,Sports,22,Saturday,8,28.0,81.1,45.0,,63.4,5
RES_A,Residential,19,Thursday,4,29.1,71.6,209.0,52.8,53.3,3
LEC_A,LectureHall,7,Wednesday,7,27.2,84.4,6.0,30.3,30.0,2
BUS_A,Business,13,Tuesday,11,29.6,72.2,133.0,60.9,54.1,1
RES_B,Residential,20,Wednesday,2,25.0,96.9,,45.3,41.9,2
SCI_B,Science,11,Monday,5,29.8,78.3,107.0,75.2,86.0,0
BUS_B,Business,19,Wednesday,8,23.7,96.0,0.0,29.5,34.4,2
ENG_A,Engineering,13,Monday,3,29.9,75.0,206.0,88.8,90.5,0
SCI_A,Science,21,Friday,5,28.6,76.2,29.0,90.9,83.6,4
BUS_B,Business,3,Saturday,9,26.2,81.3,0.0,16.2,25.7,5
SPT_A,Sports,22,Thursday,7,27.4,74.8,14.0,72.0,53.6,3
ENG_B,Engineering,6,Saturday,11,26.5,82.7,8.0,36.1,34.7,5
ENG_A,Engineering,4,Friday,12,26.3,82.9,0.0,39.1,36.4,4
ADM_A,Administration,7,Wednesday,6,25.9,76.8,0.0,26.0,22.7,2
ENG_B,Engineering,4,Saturday,5,26.9,83.4,19.0,43.6,44.2,5
SPT_A,Sports,2,Saturday,3,27.0,82.3,14.0,36.4,41.0,5
LIB_A,Library,23,Friday,5,26.6,75.0,40.0,26.9,34.8,4
LEC_A,LectureHall,3,Friday,6,26.2,82.0,0.0,26.9,25.6,4
LIB_A,Library,21,Sunday,3,28.1,73.5,78.0,45.0,48.4,6
SPT_A,Sports,23,Saturday,11,26.6,83.6,56.0,38.8,40.7,5
ENG_B,Engineering,6,Thursday,6,26.6,75.2,6.0,38.6,37.2,3
RES_A,Residential,23,Friday,12,27.0,79.6,231.0,55.8,54.4,4
SCI_A,Science,16,Thursday,6,30.9,68.7,93.0,98.0,102.4,3
SCI_B,Science,4,Monday,2,26.4,82.4,20.0,67.5,66.2,0
ADM_A,Administration,20,Saturday,6,28.6,83.5,12.0,27.8,28.7,5
SPT_A,Sports,23,Saturday,9,27.3,79.7,11.0,90.0,54.9,5
LIB_A,Library,19,Monday,12,29.3,82.5,158.0,64.2,61.1,0
ADM_A,Administration,15,Sunday,9,29.6,71.0,37.0,25.1,24.3,6
ADM_A,Administration,6,Tuesday,5,25.3,80.2,4.0,21.9,24.3,1
BUS_A,Business,21,Saturday,5,27.4,88.0,0.0,25.4,24.6,5
SCI_B,Science,4,Thursday,11,25.8,88.1,5.0,69.1,61.9,3
BUS_A,Business,21,Wednesday,11,29.0,73.0,12.0,32.5,37.7,2
BUS_B,Business,9,Wednesday,5,28.7,73.0,75.0,48.7,54.8,2
SCI_B,Science,0,Friday,6,27.6,75.4,13.0,57.2,59.2,4
SPT_A,Sports,16,Sunday,3,30.8,72.9,62.0,47.7,46.3,6
ENG_B,Engineering,9,Friday,7,28.6,79.1,78.0,57.8,52.9,4
SCI_B,Science,6,Friday,3,26.8,83.7,7.0,69.7,63.5,4
RES_B,Residential,4,Tuesday,2,26.5,80.0,168.0,48.5,46.7,1
ENG_A,Engineering,10,Saturday,6,30.0,77.4,35.0,65.7,62.4,5
LEC_A,LectureHall,22,Friday,1,27.1,78.1,48.0,107.7,65.3,4
ENG_B,Engineering,16,Monday,9,29.9,,119.0,59.8,61.3,0
SCI_A,Science,20,Wednesday,3,29.1,75.7,25.0,76.9,84.8,2
ADM_A,Administration,17,Saturday,6,31.8,73.4,18.0,30.1,34.6,5
LEC_A,LectureHall,23,Wednesday,8,25.8,84.4,0.0,21.6,26.2,2
SPT_A,Sports,22,Monday,9,26.9,83.2,52.0,,52.4,0
SPT_A,Sports,19,Sunday,4,30.5,71.0,195.0,76.5,74.9,6
SCI_A,Science,7,Sunday,8,27.4,88.1,14.0,71.6,68.4,6
LEC_A,LectureHall,2,Wednesday,8,25.9,78.1,0.0,22.0,19.3,2
ADM_A,Administration,9,Thursday,4,,79.7,47.0,29.1,30.7,3
SCI_A,Science,21,Friday,7,26.8,73.1,27.0,54.1,62.2,4
SCI_B,Science,3,Tuesday,11,27.8,82.7,2.0,48.9,60.2,1
LIB_A,Library,23,Tuesday,5,28.8,80.5,49.0,40.0,44.7,1
ENG_B,Engineering,18,Saturday,10,27.5,83.3,46.0,44.3,44.8,5
ADM_A,Administration,13,Sunday,1,30.1,74.6,30.0,30.7,29.5,6
LEC_A,LectureHall,17,Sunday,11,29.5,70.7,36.0,30.8,31.8,6
RES_A,Residential,6,Wednesday,4,28.0,76.3,220.0,53.7,60.8,2
RES_B,Residential,4,Tuesday,7,26.9,80.5,,41.0,49.0,1
ENG_A,Engineering,21,Wednesday,6,29.7,78.4,59.0,53.4,60.4,2
LIB_A,Library,16,Saturday,2,29.8,69.4,156.0,57.5,60.1,5
ENG_A,Engineering,23,Friday,8,,78.3,0.0,43.4,43.1,4
LEC_A,LectureHall,2,Saturday,9,26.4,84.8,26.0,26.7,28.6,5
RES_B,Residential,12,Tuesday,6,34.9,90.7,291.0,65.4,70.7,1
BUS_A,Business,8,Wednesday,11,28.3,71.4,110.0,17.8,42.1,2
LIB_A,Library,18,Thursday,11,30.0,73.6,220.0,65.1,66.4,3
RES_B,Residential,18,Tuesday,6,30.2,69.7,152.0,44.1,45.1,1
ENG_A,Engineering,19,Sunday,1,29.0,76.6,3.0,49.3,52.0,6
BUS_A,Business,18,Sunday,4,30.7,77.5,,38.0,39.2,6
LEC_A,LectureHall,12,Monday,12,30.6,67.6,198.0,75.2,78.4,0
SCI_B,Science,22,Sunday,9,27.8,73.7,9.0,44.7,57.7,6
LIB_A,Library,0,Monday,10,26.3,81.6,0.0,27.1,23.6,0
RES_A,Residential,2,Wednesday,4,27.8,79.0,160.0,52.9,52.5,2
ENG_A,Engineering,18,Thursday,1,30.7,73.9,107.0,75.7,78.9,3
LEC_A,LectureHall,11,Thursday,10,28.2,76.3,191.0,63.0,64.9,3
SCI_A,Science,16,Thursday,7,30.4,74.9,87.0,91.6,89.7,3
ADM_A,Administration,15,Sunday,12,28.9,80.1,14.0,26.4,28.5,6
RES_A,Residential,17,Thursday,11,29.9,76.0,84.0,43.9,45.4,3
SCI_A,Science,0,Thursday,9,25.3,88.1,1.0,66.1,61.2,3
ENG_A,Engineering,7,Wednesday,12,27.6,75.3,,46.2,39.2,2
ENG_B,Engineering,11,Thursday,4,29.0,80.3,144.0,65.4,70.2,3
RES_B,Residential,18,Monday,12,29.5,77.5,297.0,54.6,51.3,0
SCI_A,Science,1,Monday,11,25.3,88.3,6.0,83.1,72.3,0
BUS_A,Business,1,Thursday,6,26.4,73.1,0.0,8.1,23.4,3
BUS_B,Business,8,Thursday,12,27.6,75.3,79.0,48.7,51.1,3
SCI_A,Science,7,Sunday,2,26.6,84.7,0.0,68.4,74.4,6
ENG_A,Engineering,17,Wednesday,7,29.8,79.6,257.0,89.3,97.1,2
LEC_A,LectureHall,15,Sunday,6,30.1,76.7,212.0,80.0,77.0,6
LEC_A,LectureHall,23,Tuesday,4,27.9,80.7,9.0,30.5,32.6,1
SPT_A,Sports,15,Sunday,11,29.7,76.2,27.0,40.0,45.4,6
LEC_A,LectureHall,22,Wednesday,2,27.5,82.3,0.0,26.3,26.5,2
SCI_B,Science,0,Saturday,2,25.9,77.8,,65.2,58.3,5
SCI_A,Science,12,Wednesday,1,29.1,69.4,131.0,83.6,88.7,2
ENG_A,Engineering,4,Saturday,7,26.1,83.1,0.0,41.2,41.3,5
RES_A,Residential,16,Monday,10,30.9,69.9,153.0,49.9,48.1,0
RES_B,Residential,14,Wednesday,10,29.1,82.2,101.0,33.2,39.0,2
ENG_A,Engineering,10,Wednesday,11,27.3,88.4,135.0,65.5,66.2,2
ADM_A,Administration,16,Saturday,9,30.0,75.2,21.0,34.5,30.9,5
SCI_A,Science,9,Tuesday,10,27.0,75.4,66.0,69.3,77.7,1
LEC_A,LectureHall,4,Sunday,10,25.1,84.4,0.0,20.1,16.2,6
BUS_A,Business,9,Thursday,9,28.1,77.4,152.0,22.9,42.7,3
BUS_B,Business,11,Thursday,6,29.6,75.7,145.0,57.2,60.2,3
ENG_B,Engineering,10,Sunday,2,28.8,81.1,31.0,49.9,48.3,6
SCI_A,Science,10,Friday,3,27.7,84.1,102.0,77.2,82.3,4
BUS_B,Business,10,Wednesday,11,28.8,77.0,120.0,56.4,62.8,2
ENG_A,Engineering,17,Tuesday,5,31.9,65.4,94.0,69.5,74.2,1
BUS_A,Business,9,Saturday,12,27.6,87.6,16.0,28.1,29.6,5
RES_A,Residential,3,Thursday,10,25.9,77.6,,51.7,44.3,3
LIB_A,Library,18,Wednesday,8,29.5,79.3,193.0,62.9,61.7,2
BUS_A,Business,10,Wednesday,11,28.5,72.4,83.0,48.4,42.4,2
LEC_A,LectureHall,15,Saturday,11,28.0,82.1,84.0,42.6,44.9,5
SCI_B,Science,0,Saturday,12,23.7,91.0,0.0,50.1,48.2,5
ENG_A,Engineering,16,Saturday,1,29.0,78.3,35.0,54.6,54.8,5
ENG_A,Engineering,19,Sunday,12,28.7,79.5,,50.1,55.2,6
ADM_A,Administration,3,Saturday,12,24.6,81.2,5.0,21.0,20.0,5
LEC_A,LectureHall,20,Saturday,11,29.6,72.7,15.0,33.4,32.3,5
SCI_A,Science,4,Saturday,10,26.5,75.9,6.0,59.3,61.4,5
BUS_B,Business,23,Tuesday,9,27.2,75.9,9.0,31.0,40.2,1
LEC_A,LectureHall,15,Tuesday,2,31.7,70.7,191.0,69.1,84.6,1
ENG_B,Engineering,5,Saturday,4,25.5,80.9,9.0,31.5,40.1,5
LEC_A,LectureHall,17,Monday,10,29.5,74.9,126.0,55.8,58.9,0
ADM_A,Administration,23,Wednesday,10,26.2,91.4,5.0,23.9,23.0,2
RES_A,Residential,22,Wednesday,10,27.1,,228.0,46.7,51.6,2
ENG_A,Engineering,19,Sunday,9,29.1,79.7,43.0,48.9,55.9,6
ENG_B,Engineering,14,Sunday,9,30.2,71.2,62.0,54.4,53.6,6
ADM_A,Administration,3,Tuesday,5,27.0,87.1,1.0,26.6,21.3,1
BUS_B,Business,8,Tuesday,6,28.1,76.2,52.0,47.1,44.8,1
SCI_A,Science,0,Sunday,9,24.6,84.8,16.0,64.5,62.8,6
SCI_B,Science,0,Monday,7,28.5,74.3,1.0,100.6,82.3,0
RES_B,Residential,19,Thursday,8,29.1,73.1,200.0,46.5,48.6,3
LIB_A,Library,5,Thursday,9,26.6,78.1,0.0,28.7,29.0,3
BUS_B,Business,3,Sunday,5,26.1,74.9,9.0,32.2,33.3,6
ENG_B,Engineering,5,Thursday,12,25.8,86.4,14.0,34.8,40.9,3
BUS_A,Business,2,Sunday,6,25.2,85.7,5.0,22.3,19.2,6
BUS_A,Business,19,Sunday,7,30.7,71.6,0.0,36.6,35.1,6
RES_A,Residential,10,Tuesday,4,29.5,75.9,143.0,46.2,45.0,1
LEC_A,LectureHall,23,Monday,5,28.0,82.4,28.0,104.4,55.7,0
RES_B,Residential,2,Tuesday,3,25.5,80.2,117.0,46.1,45.1,1
BUS_B,Business,0,Saturday,6,27.5,81.9,12.0,40.2,36.8,5
RES_B,Residential,6,Sunday,10,27.0,76.8,208.0,46.1,45.9,6
ENG_A,Engineering,13,Tuesday,4,,73.4,207.0,94.3,95.2,1
BUS_A,Business,18,Monday,5,31.1,71.3,53.0,48.4,53.3,0
ENG_A,Engineering,21,Friday,9,26.7,84.5,,41.0,42.6,4
ADM_A,Administration,1,Tuesday,8,27.0,80.7,10.0,19.5,24.2,1
ADM_A,Administration,15,Sunday,7,30.7,72.2,32.0,28.9,37.1,6
BUS_B,Business,13,Sunday,5,30.1,70.7,49.0,44.6,45.4,6
BUS_B,Business,17,Monday,2,29.0,80.4,94.0,57.4,54.9,0
LEC_A,LectureHall,16,Tuesday,2,30.1,75.3,151.0,49.3,62.4,1
BUS_B,Business,1,Sunday,10,25.6,86.7,19.0,29.0,31.6,6
ENG_B,Engineering,9,Monday,1,28.2,79.2,78.0,49.4,54.3,0
ADM_A,Administration,9,Sunday,3,29.2,80.3,30.0,29.4,32.0,6
LEC_A,LectureHall,10,Monday,8,29.8,77.9,128.0,64.0,59.1,0
RES_A,Residential,5,Thursday,3,25.4,74.3,217.0,58.4,60.5,3
SPT_A,Sports,12,Friday,11,29.0,77.2,32.0,44.0,42.9,4
ADM_A,Administration,17,Wednesday,9,30.9,76.3,63.0,42.2,43.9,2
ADM_A,Administration,11,Friday,9,30.4,76.0,99.0,42.8,44.1,4
BUS_B,Business,13,Tuesday,10,29.1,77.0,170.0,63.4,68.3,1
BUS_A,Business,13,Sunday,12,29.0,75.2,26.0,35.4,36.5,6
ENG_B,Engineering,1,Friday,3,24.6,83.2,0.0,34.2,39.3,4
BUS_A,Business,14,Wednesday,7,30.1,73.2,137.0,57.7,58.0,2
RES_B,Residential,1,Wednesday,5,26.0,80.4,125.0,39.8,40.9,2
RES_B,Residential,0,Wednesday,6,27.5,74.7,104.0,37.4,42.9,2
LEC_A,LectureHall,4,Saturday,5,26.6,86.2,23.0,28.4,31.0,5
SPT_A,Sports,17,Sunday,3,29.7,70.6,90.0,58.7,63.6,6
ADM_A,Administration,19,Friday,11,28.0,78.7,21.0,22.1,29.7,4
ENG_A,Engineering,20,Friday,12,27.3,75.4,35.0,43.0,44.9,4
SPT_A,Sports,18,Wednesday,3,29.8,75.8,167.0,,70.1,2
BUS_B,Business,6,Sunday,3,27.0,78.9,,36.3,34.8,6
LEC_A,LectureHall,8,Wednesday,1,28.0,80.9,83.0,41.9,46.5,2
LEC_A,LectureHall,20,Sunday,7,27.8,68.6,44.0,29.9,31.1,6
BUS_A,Business,13,Thursday,10,29.5,73.2,138.0,53.6,56.4,3
SPT_A,Sports,13,Saturday,5,30.6,75.0,24.0,55.5,51.6,5
BUS_B,Business,23,Wednesday,5,28.5,78.6,0.0,45.5,41.8,2
ENG_A,Engineering,17,Thursday,3,31.4,74.4,127.0,83.5,82.5,3
BUS_A,Business,10,Sunday,9,28.0,72.6,41.0,30.4,32.7,6
BUS_B,Business,20,Monday,2,28.4,73.6,35.0,44.0,45.2,0
ENG_B,Engineering,17,Friday,11,28.0,81.8,85.0,55.2,51.1,4
SCI_B,Science,1,Wednesday,4,26.4,84.4,7.0,81.8,69.0,2
RES_A,Residential,20,Monday,9,27.1,81.5,234.0,49.0,46.1,0
BUS_B,Business,22,Friday,4,27.2,82.2,0.0,34.9,43.9,4
SPT_A,Sports,6,Friday,8,27.4,77.4,94.0,47.6,54.8,4
RES_A,Residential,17,Monday,7,30.0,70.0,153.0,47.0,45.8,0
ADM_A,Administration,23,Tuesday,2,,77.2,11.0,28.0,28.8,1
SPT_A,Sports,21,Sunday,8,26.1,83.1,137.0,60.1,52.0,6
BUS_A,Business,20,Thursday,8,30.0,77.7,27.0,40.4,44.4,3
ENG_B,Engineering,22,Monday,12,27.3,,0.0,39.3,37.9,0
ADM_A,Administration,19,Saturday,7,29.1,84.0,8.0,24.4,22.2,5
RES_B,Residential,19,Monday,2,29.6,73.5,174.0,34.2,41.4,0
ENG_A,Engineering,21,Tuesday,6,28.6,79.6,22.0,51.8,49.3,1
LEC_A,LectureHall,14,Monday,7,30.5,74.8,188.0,81.4,73.9,0
BUS_A,Business,12,Wednesday,2,31.2,78.5,117.0,64.3,61.5,2
SCI_A,Science,17,Sunday,1,30.5,72.1,5.0,85.2,81.0,6
ADM_A,Administration,3,Friday,12,26.4,83.2,0.0,16.6,20.7,4
ENG_B,Engineering,9,Friday,12,27.6,77.9,75.0,48.6,45.7,4
SCI_B,Science,16,Thursday,1,30.3,78.5,82.0,82.6,79.3,3
RES_B,Residential,20,Wednesday,2,29.4,69.3,200.0,44.5,48.7,2
ENG_A,Engineering,13,Tuesday,12,29.3,75.2,205.0,84.9,82.1,1
ADM_A,Administration,5,Thursday,5,27.4,77.4,0.0,24.3,28.2,3
RES_B,Residential,17,Wednesday,7,30.9,67.9,137.0,50.9,50.9,2
SCI_B,Science,19,Sunday,4,29.0,78.9,0.0,74.1,72.3,6
BUS_B,Business,2,Sunday,7,25.2,84.0,15.0,31.1,30.8,6
ADM_A,Administration,17,Thursday,12,30.3,73.5,69.0,41.0,36.3,3
SPT_A,Sports,19,Thursday,6,30.1,74.2,184.0,83.7,81.1,3
SCI_B,Science,0,Wednesday,4,29.1,73.8,16.0,56.9,70.9,2
LEC_A,LectureHall,15,Saturday,5,29.0,77.6,,32.8,40.0,5
SCI_B,Science,20,Sunday,10,24.0,95.7,15.0,53.3,55.4,6
LIB_A,Library,21,Saturday,2,27.3,80.3,60.0,41.9,42.4,5
SPT_A,Sports,22,Thursday,11,26.5,88.8,80.0,46.8,46.2,3
LIB_A,Library,21,Monday,11,26.8,89.3,51.0,40.2,34.9,0
ENG_B,Engineering,7,Sunday,3,27.1,79.5,2.0,39.5,40.3,6
RES_A,Residential,7,Thursday,1,26.4,82.0,215.0,52.1,52.3,3
BUS_B,Business,9,Friday,6,,76.0,89.0,49.7,52.5,4
SCI_B,Science,15,Thursday,2,30.8,73.5,84.0,75.3,89.0,3
ENG_A,Engineering,10,Monday,1,28.6,71.5,107.0,63.5,73.4,0
SCI_A,Science,20,Friday,10,27.0,75.5,15.0,62.1,70.0,4
LIB_A,Library,2,Wednesday,2,25.6,82.3,0.0,24.7,28.2,2
BUS_B,Business,22,Thursday,2,27.8,75.1,7.0,36.3,40.1,3
SCI_A,Science,7,Monday,5,26.9,78.3,6.0,58.9,70.7,0
RES_A,Residential,6,Monday,2,26.5,84.8,175.0,42.5,49.1,0
LIB_A,Library,23,Thursday,5,25.9,84.5,33.0,77.1,48.9,3
BUS_A,Business,21,Thursday,2,29.5,77.2,0.0,44.0,37.5,3
RES_A,Residential,20,Friday,1,28.6,78.8,208.0,49.6,49.7,4
RES_A,Residential,0,Friday,12,25.5,91.8,108.0,44.5,42.9,4
BUS_B,Business,10,Wednesday,1,28.0,79.4,138.0,54.6,63.1,2
RES_A,Residential,6,Saturday,12,26.4,89.0,247.0,57.7,54.6,5
SCI_B,Science,6,Tuesday,1,26.1,88.9,18.0,62.9,61.3,1
SCI_B,Science,19,Monday,7,30.1,77.2,34.0,68.1,74.7,0
RES_B,Residential,4,Tuesday,2,27.0,81.1,187.0,52.1,53.7,1
BUS_A,Business,19,Saturday,9,29.5,79.4,0.0,36.4,31.0,5
ENG_B,Engineering,10,Thursday,1,29.6,69.0,105.0,61.4,66.8,3
ADM_A,Administration,2,Friday,7,27.3,83.7,3.0,29.7,27.2,4
LEC_A,LectureHall,2,Sunday,8,26.0,85.2,0.0,5.3,13.2,6
SPT_A,Sports,11,Sunday,9,29.8,73.9,,43.2,44.4,6
RES_B,Residential,1,Wednesday,10,25.6,81.5,,35.8,38.4,2
ENG_A,Engineering,9,Wednesday,3,29.2,75.7,92.0,69.6,68.5,2
RES_B,Residential,19,Wednesday,4,29.2,74.5,129.0,39.7,47.9,2
SPT_A,Sports,17,Monday,6,31.2,69.6,98.0,52.5,59.7,0
BUS_A,Business,10,Wednesday,2,29.6,74.9,89.0,50.0,51.9,2
ADM_A,Administration,10,Thursday,8,29.4,75.7,74.0,36.5,36.9,3
SCI_B,Science,19,Wednesday,11,28.5,79.8,14.0,66.5,60.5,2
ENG_A,Engineering,2,Wednesday,10,25.7,84.1,0.0,36.8,41.0,2
LIB_A,Library,15,Sunday,7,30.3,73.2,176.0,61.3,64.1,6
SCI_B,Science,7,Friday,11,26.8,75.6,12.0,50.8,58.9,4
BUS_B,Business,8,Thursday,6,28.6,77.3,52.0,50.7,54.7,3
LIB_A,Library,10,Saturday,8,28.9,81.4,69.0,41.4,41.2,5
SCI_A,Science,16,Wednesday,12,31.1,69.7,103.0,93.2,104.7,2
RES_B,Residential,22,Thursday,10,27.0,80.1,209.0,37.8,46.5,3
RES_A,Residential,8,Saturday,10,27.6,82.9,212.0,45.2,44.1,5
SCI_B,Science,0,Sunday,5,26.5,70.7,0.0,61.5,62.6,6
BUS_B,Business,11,Thursday,4,29.8,78.4,135.0,74.6,67.7,3
ENG_A,Engineering,13,Sunday,9,29.7,75.2,5.0,52.1,52.4,6
SPT_A,Sports,14,Friday,10,29.4,76.1,42.0,45.7,51.3,4
SPT_A,Sports,3,Friday,3,25.6,85.6,6.0,38.6,39.6,4
ENG_A,Engineering,12,Saturday,6,30.6,71.4,53.0,55.7,60.4,5
RES_A,Residential,17,Wednesday,11,26.8,87.9,176.0,42.6,44.7,2
LEC_A,LectureHall,22,Saturday,9,27.7,73.7,10.0,21.7,26.0,5
LIB_A,Library,8,Monday,5,26.8,80.3,43.0,35.6,43.1,0
BUS_A,Business,6,Monday,1,27.0,73.8,0.0,31.2,27.4,0
RES_B,Residential,0,Friday,9,26.3,80.6,84.0,31.4,33.7,4
SPT_A,Sports,10,Sunday,7,28.9,,8.0,40.4,42.3,6
RES_A,Residential,8,Friday,2,28.3,74.3,176.0,46.6,49.0,4
SCI_B,Science,15,Saturday,2,29.6,71.4,20.0,86.1,76.8,5
LEC_A,LectureHall,11,Sunday,8,30.0,73.5,40.0,34.6,37.0,6
BUS_B,Business,18,Wednesday,6,30.6,73.4,52.0,47.1,56.2,2
SCI_A,Science,19,Saturday,8,29.6,75.2,4.0,79.8,81.3,5
ENG_B,Engineering,0,Monday,1,27.2,74.0,21.0,36.5,41.5,0
SCI_B,Science,8,Thursday,7,27.7,77.5,72.0,70.5,70.5,3
RES_B,Residential,20,Tuesday,8,28.7,78.1,200.0,45.2,48.8,1
LEC_A,LectureHall,9,Tuesday,8,29.3,73.0,85.0,44.0,47.3,1
SCI_B,Science,18,Tuesday,11,28.7,70.3,33.0,64.2,72.3,1
SPT_A,Sports,23,Saturday,10,27.2,83.4,41.0,71.5,54.9,5
ADM_A,Administration,2,Monday,11,25.9,83.0,2.0,22.1,22.2,0
LEC_A,LectureHall,10,Wednesday,4,29.9,79.0,125.0,55.2,58.1,2
LEC_A,LectureHall,18,Thursday,3,31.1,69.3,278.0,81.9,96.2,3
SCI_B,Science,8,Monday,10,26.8,81.2,62.0,70.9,70.5,0
LIB_A,Library,9,Thursday,8,27.6,79.3,36.0,34.7,37.7,3
LEC_A,LectureHall,7,Monday,10,26.2,84.2,35.0,32.8,27.5,0
ENG_A,Engineering,1,Saturday,12,26.3,83.0,7.0,34.1,35.1,5
SPT_A,Sports,15,Saturday,4,30.4,67.4,25.0,46.4,47.4,5
LIB_A,Library,9,Sunday,8,29.1,73.8,0.0,34.1,35.5,6
BUS_B,Business,1,Saturday,4,27.2,76.7,0.0,33.4,32.3,5
SPT_A,Sports,22,Monday,3,29.3,77.7,79.0,56.8,52.4,0
SCI_B,Science,4,Saturday,7,26.0,90.3,0.0,56.5,55.9,5
BUS_B,Business,6,Sunday,8,26.7,81.1,0.0,25.4,32.6,6
LEC_A,LectureHall,5,Saturday,4,26.9,74.9,27.0,27.8,32.6,5
SCI_A,Science,1,Sunday,1,27.2,81.2,9.0,62.2,67.3,6
RES_B,Residential,0,Sunday,2,25.1,84.1,104.0,43.8,42.5,6
ENG_A,Engineering,16,Wednesday,5,30.1,73.3,97.0,68.1,73.1,2
ENG_A,Engineering,3,Thursday,6,27.1,75.4,2.0,57.4,46.5,3
BUS_B,Business,0,Sunday,1,27.7,80.3,0.0,34.1,31.7,6
RES_B,Residential,16,Wednesday,3,31.5,70.6,126.0,52.9,46.2,2
ENG_B,Engineering,3,Thursday,2,25.0,90.0,21.0,36.7,38.0,3
ENG_A,Engineering,16,Tuesday,2,29.6,78.4,128.0,71.4,77.4,1
SPT_A,Sports,17,Monday,3,31.0,69.8,113.0,60.3,60.4,0
LEC_A,LectureHall,7,Monday,1,26.7,77.6,0.0,26.2,27.0,0
RES_A,Residential,0,Wednesday,8,26.1,79.6,95.0,,41.0,2
RES_A,Residential,8,Monday,8,27.5,76.9,159.0,34.6,37.7,0
ADM_A,Administration,14,Tuesday,10,29.4,79.8,97.0,30.6,39.6,1
SPT_A,Sports,21,Wednesday,9,28.2,84.9,129.0,47.5,52.6,2
SCI_B,Science,13,Thursday,7,30.5,73.2,114.0,82.8,85.7,3
SCI_B,Science,8,Tuesday,2,27.9,79.2,36.0,70.9,74.6,1
LIB_A,Library,22,Tuesday,10,28.5,79.8,47.0,,44.5,1
LIB_A,Library,12,Sunday,9,30.3,71.6,88.0,40.2,42.7,6
LIB_A,Library,21,Sunday,5,29.5,75.2,64.0,53.5,51.0,6
ENG_B,Engineering,4,Friday,6,26.5,81.9,18.0,42.7,40.2,4
BUS_A,Business,10,Tuesday,10,30.1,76.4,74.0,48.7,50.8,1
LEC_A,LectureHall,16,Saturday,9,30.0,73.3,255.0,69.7,74.6,5
RES_A,Residential,1,Wednesday,6,26.8,72.1,77.0,47.2,47.3,2
ENG_A,Engineering,17,Wednesday,10,30.5,74.2,116.0,74.3,69.2,2
ADM_A,Administration,7,Wednesday,3,27.0,80.9,5.0,28.8,25.6,2
SCI_B,Science,21,Thursday,1,24.7,97.0,28.0,50.6,61.0,3
SCI_A,Science,22,Saturday,1,28.0,77.8,0.0,73.9,71.4,5
ADM_A,Administration,9,Friday,10,27.5,74.2,139.0,41.6,46.9,4
ENG_A,Engineering,23,Tuesday,11,27.9,77.5,23.0,47.3,51.6,1
RES_B,Residential,23,Monday,11,26.3,81.1,261.0,43.7,43.4,0
RES_B,Residential,15,Wednesday,12,31.8,70.1,94.0,43.6,42.4,2
LEC_A,LectureHall,18,Friday,6,29.5,76.4,69.0,48.1,48.7,4
SCI_B,Science,12,Tuesday,5,35.3,91.0,142.0,113.2,115.7,1
SPT_A,Sports,12,Friday,5,28.7,72.9,2.0,36.6,40.3,4
ENG_B,Engineering,16,Tuesday,7,30.5,83.1,109.0,63.6,63.4,1
BUS_B,Business,3,Wednesday,7,25.9,83.8,8.0,39.1,35.2,2
ENG_A,Engineering,19,Monday,5,30.5,68.8,8.0,53.9,56.6,0
BUS_A,Business,19,Wednesday,5,31.4,64.3,4.0,34.9,41.8,2
SPT_A,Sports,15,Saturday,12,29.3,72.4,235.0,61.6,58.9,5
SCI_B,Science,17,Saturday,9,29.1,79.7,8.0,63.3,66.9,5
SCI_A,Science,18,Saturday,4,29.7,72.6,33.0,72.8,86.6,5
SPT_A,Sports,18,Friday,1,28.6,81.4,157.0,53.4,61.9,4
ENG_A,Engineering,20,Sunday,9,27.8,82.8,40.0,47.9,51.5,6
SCI_A,Science,7,Thursday,10,26.5,85.1,4.0,66.3,65.2,3
RES_B,Residential,17,Thursday,6,28.3,85.9,150.0,36.1,37.5,3
ENG_B,Engineering,9,Monday,8,29.2,76.6,169.0,26.9,55.4,0
LEC_A,LectureHall,19,Monday,6,31.0,69.2,0.0,35.5,37.3,0
ADM_A,Administration,11,Friday,5,28.4,73.8,74.0,35.8,37.2,4
RES_A,Residential,4,Tuesday,8,27.4,82.1,196.0,51.9,49.2,1
RES_A,Residential,6,Saturday,9,25.3,90.2,236.0,45.0,50.6,5
LEC_A,LectureHall,13,Monday,2,29.5,66.5,195.0,68.9,65.1,0
ENG_B,Engineering,15,Sunday,11,30.5,67.8,20.0,45.9,47.7,6
SCI_A,Science,5,Sunday,10,26.5,80.4,0.0,60.6,59.4,6
LEC_A,LectureHall,10,Tuesday,1,28.4,82.3,156.0,58.2,64.6,1
RES_A,Residential,1,Wednesday,7,26.3,89.1,133.0,44.2,40.8,2
BUS_A,Business,11,Wednesday,9,29.0,77.9,109.0,56.3,54.7,2
LIB_A,Library,14,Wednesday,10,29.0,75.3,221.0,50.4,57.1,2
ADM_A,Administration,17,Sunday,2,28.6,80.1,,23.5,28.0,6
ADM_A,Administration,21,Wednesday,1,27.9,77.8,15.0,25.5,25.5,2
LIB_A,Library,4,Monday,5,26.9,78.3,0.0,30.3,31.0,0
LEC_A,LectureHall,8,Saturday,9,27.6,,47.0,31.3,33.9,5
ENG_B,Engineering,7,Monday,2,26.9,72.2,7.0,34.8,36.0,0
LEC_A,LectureHall,2,Friday,5,26.8,83.1,13.0,31.1,32.3,4
ADM_A,Administration,8,Tuesday,10,26.2,76.9,38.0,26.0,26.3,1
LEC_A,LectureHall,5,Tuesday,5,27.2,79.2,8.0,32.1,34.0,1
SCI_B,Science,4,Saturday,3,26.5,80.2,0.0,59.8,60.1,5
SCI_B,Science,2,Sunday,12,25.0,79.4,0.0,50.0,59.3,6
ADM_A,Administration,11,Friday,10,27.9,74.6,86.0,39.3,37.8,4
LEC_A,LectureHall,19,Monday,11,29.2,79.2,2.0,28.1,31.5,0
BUS_B,Business,8,Saturday,1,29.8,73.8,5.0,40.6,41.6,5
LEC_A,LectureHall,5,Tuesday,8,25.5,84.3,0.0,17.5,21.4,1
SPT_A,Sports,11,Thursday,9,28.9,76.1,39.0,41.1,41.6,3
BUS_A,Business,4,Friday,10,24.9,81.6,0.0,22.6,24.0,4
SPT_A,Sports,8,Friday,4,28.8,76.6,88.0,58.5,59.4,4
SCI_B,Science,6,Sunday,1,25.5,83.1,5.0,56.4,60.9,6
SPT_A,Sports,23,Friday,1,28.1,79.8,44.0,83.7,56.5,4
LIB_A,Library,12,Friday,6,31.5,69.5,132.0,48.5,51.8,4
ENG_B,Engineering,21,Wednesday,11,28.0,67.4,21.0,34.5,40.6,2
LEC_A,LectureHall,23,Tuesday,4,27.1,80.0,16.0,34.2,30.1,1
LEC_A,LectureHall,3,Monday,2,24.1,83.5,20.0,27.3,28.7,0
ENG_A,Engineering,15,Wednesday,4,31.0,75.7,153.0,62.7,75.3,2
RES_B,Residential,14,Wednesday,7,30.8,72.5,133.0,40.7,40.8,2
BUS_A,Business,6,Saturday,3,27.2,79.4,0.0,28.3,31.3,5
BUS_A,Business,1,Monday,3,26.1,76.2,8.0,32.6,29.1,0
BUS_B,Business,14,Tuesday,8,30.8,70.6,170.0,73.8,70.5,1
RES_B,Residential,19,Sunday,12,29.5,75.3,156.0,46.1,45.3,6
RES_B,Residential,1,Sunday,7,26.3,88.1,131.0,36.6,40.0,6
SCI_A,Science,7,Friday,9,27.2,78.7,129.0,48.7,76.4,4
SCI_B,Science,19,Sunday,3,31.2,73.6,17.0,65.0,75.7,6
SCI_B,Science,17,Monday,1,29.1,77.0,62.0,77.1,77.7,0
BUS_B,Business,19,Tuesday,3,24.9,98.6,0.0,35.0,36.9,1
RES_A,Residential,14,Wednesday,8,31.4,79.0,139.0,49.6,49.9,2
ENG_A,Engineering,20,Sunday,10,28.4,76.6,3.0,42.7,47.8,6
SCI_B,Science,15,Tuesday,9,30.4,80.5,159.0,95.8,99.9,1
LIB_A,Library,11,Saturday,6,28.5,75.6,49.0,47.7,44.0,5
ENG_A,Engineering,5,Sunday,12,24.5,80.7,0.0,29.6,36.1,6
LIB_A,Library,4,Wednesday,8,26.0,80.0,16.0,25.9,28.6,2
ENG_B,Engineering,11,Friday,10,28.5,77.1,135.0,57.4,58.7,4
ADM_A,Administration,21,Sunday,4,29.4,75.0,4.0,18.6,26.5,6
BUS_A,Business,12,Saturday,1,29.1,79.2,35.0,34.5,39.6,5
ENG_A,Engineering,7,Saturday,7,27.9,74.8,48.0,52.7,52.1,5
RES_B,Residential,15,Monday,5,31.2,69.3,105.0,49.3,48.1,0
LEC_A,LectureHall,9,Wednesday,10,27.3,82.2,127.0,46.2,52.1,2
SCI_B,Science,21,Thursday,3,29.5,74.3,26.0,78.5,78.8,3
ADM_A,Administration,17,Friday,11,29.7,66.7,45.0,33.3,33.3,4
LIB_A,Library,13,Wednesday,4,29.5,81.2,167.0,51.2,56.3,2
LIB_A,Library,13,Tuesday,4,30.4,68.6,183.0,55.6,61.2,1
BUS_B,Business,14,Thursday,6,31.0,74.1,171.0,73.0,68.6,3
RES_B,Residential,19,Sunday,2,29.1,77.5,203.0,48.1,48.6,6
ADM_A,Administration,0,Saturday,3,25.3,81.8,0.0,18.6,17.4,5
BUS_A,Business,16,Sunday,12,28.9,78.4,22.0,32.6,33.2,6
ENG_A,Engineering,3,Thursday,7,26.1,87.5,11.0,41.4,40.9,3
SCI_A,Science,23,Saturday,2,26.5,80.7,7.0,68.5,66.7,5
SCI_B,Science,23,Friday,1,28.1,82.4,0.0,65.8,64.1,4
LIB_A,Library,2,Thursday,1,25.9,87.2,8.0,26.4,26.0,3
ADM_A,Administration,8,Sunday,12,25.3,83.2,26.0,20.7,22.3,6
BUS_A,Business,8,Sunday,4,24.1,96.3,8.0,25.1,26.5,6
RES_A,Residential,19,Saturday,12,28.5,75.4,185.0,44.4,43.2,5
BUS_B,Business,3,Friday,1,27.6,79.5,1.0,37.6,34.0,4
LEC_A,LectureHall,14,Monday,12,29.5,74.9,212.0,72.6,80.1,0
RES_A,Residential,20,Friday,3,28.0,81.4,218.0,43.5,50.1,4
SCI_B,Science,21,Thursday,7,28.0,73.5,23.0,69.8,65.9,3
ADM_A,Administration,20,Thursday,8,28.8,76.0,0.0,26.1,26.0,3
SCI_A,Science,11,Monday,8,29.0,66.9,124.0,88.6,91.9,0
ENG_A,Engineering,17,Wednesday,10,29.2,79.5,105.0,56.5,66.0,2
ENG_B,Engineering,22,Wednesday,12,26.7,79.9,0.0,41.2,39.3,2
SCI_B,Science,1,Monday,1,24.6,81.6,22.0,52.3,54.1,0
ENG_A,Engineering,3,Thursday,12,26.9,77.4,0.0,37.1,45.1,3
ENG_A,Engineering,14,Monday,6,31.8,74.4,193.0,73.3,86.9,0
LIB_A,Library,14,Sunday,2,31.9,67.2,190.0,64.0,65.0,6
ENG_A,Engineering,3,Saturday,3,26.4,81.3,19.0,44.5,48.2,5
RES_B,Residential,9,Tuesday,12,26.7,80.6,127.0,35.8,32.2,1
BUS_A,Business,20,Thursday,3,29.0,76.7,13.0,43.1,40.9,3
SCI_A,Science,2,Thursday,7,25.9,87.4,0.0,67.4,68.8,3
RES_A,Residential,3,Saturday,12,25.0,87.3,158.0,32.1,41.1,5
LEC_A,LectureHall,18,Monday,9,28.8,77.5,71.0,47.1,43.8,0
BUS_B,Business,2,Monday,3,25.8,89.2,0.0,31.3,39.6,0
SPT_A,Sports,23,Thursday,6,28.2,78.8,27.0,109.5,71.6,3
ENG_A,Engineering,16,Tuesday,2,29.6,75.5,123.0,72.4,74.1,1
BUS_A,Business,0,Wednesday,11,26.1,79.4,0.0,30.4,30.5,2
SCI_A,Science,5,Saturday,4,28.9,76.4,0.0,71.2,75.2,5
SCI_B,Science,5,Saturday,2,26.7,81.1,1.0,60.4,62.9,5
LIB_A,Library,9,Wednesday,1,29.8,73.6,42.0,42.7,41.9,2
BUS_B,Business,22,Friday,3,27.7,77.7,20.0,38.2,42.6,4
ENG_B,Engineering,18,Thursday,11,29.5,78.2,64.0,48.3,53.9,3
ENG_B,Engineering,13,Thursday,12,29.5,76.2,168.0,62.3,67.2,3
ENG_A,Engineering,14,Wednesday,2,29.2,77.1,208.0,88.9,84.5,2
LEC_A,LectureHall,4,Saturday,5,26.1,75.8,7.0,24.2,24.1,5
ENG_B,Engineering,16,Saturday,4,29.6,75.7,46.0,56.5,55.7,5
SCI_B,Science,18,Wednesday,4,29.8,69.0,51.0,77.5,75.9,2
LEC_A,LectureHall,22,Monday,2,27.6,74.5,11.0,28.8,27.8,0
ENG_B,Engineering,18,Sunday,1,27.6,73.8,15.0,45.3,45.9,6
RES_B,Residential,6,Thursday,11,27.1,79.8,186.0,40.4,45.8,3
LIB_A,Library,18,Thursday,7,29.9,77.3,,64.5,64.1,3
LIB_A,Library,7,Wednesday,6,27.3,69.7,3.0,,30.3,2
BUS_A,Business,13,Wednesday,11,29.4,71.5,153.0,60.8,61.1,2
ENG_B,Engineering,1,Saturday,10,23.2,86.4,10.0,30.0,33.8,5
RES_A,Residential,11,Sunday,6,30.6,67.0,144.0,45.7,49.6,6
SCI_A,Science,18,Saturday,6,30.7,75.4,13.0,94.8,92.4,5
BUS_B,Business,0,Monday,6,25.8,81.8,12.0,34.6,35.9,0
SPT_A,Sports,3,Wednesday,5,25.4,83.7,0.0,31.3,35.0,2
RES_A,Residential,19,Monday,3,28.5,76.2,242.0,48.8,55.9,0
SPT_A,Sports,0,Monday,4,26.9,81.9,0.0,39.3,38.6,0
BUS_A,Business,10,Saturday,11,28.4,78.9,30.0,34.9,31.2,5
RES_B,Residential,14,Friday,12,35.5,87.5,229.0,60.8,59.0,4
BUS_B,Business,20,Saturday,3,29.0,75.9,14.0,44.0,43.2,5
LEC_A,LectureHall,11,Wednesday,5,28.9,68.6,166.0,66.1,67.0,2
LIB_A,Library,4,Tuesday,11,26.0,80.1,13.0,27.7,32.6,1
SPT_A,Sports,19,Sunday,3,29.7,82.4,175.0,55.7,65.6,6
RES_A,Residential,18,Saturday,10,30.0,64.2,202.0,46.7,46.4,5
BUS_B,Business,17,Sunday,11,30.4,79.2,18.0,44.9,41.5,6
RES_A,Residential,11,Tuesday,9,30.1,76.7,170.0,40.0,42.5,1
RES_B,Residential,1,Friday,7,27.4,73.9,90.0,39.4,40.4,4
SCI_A,Science,10,Wednesday,3,30.1,73.1,94.0,98.4,99.1,2
ENG_A,Engineering,21,Tuesday,5,27.4,82.9,58.0,56.4,61.9,1
ENG_B,Engineering,0,Wednesday,11,25.4,84.0,10.0,36.4,32.2,2
RES_A,Residential,22,Monday,1,27.8,82.1,220.0,51.1,50.2,0
SCI_B,Science,3,Tuesday,1,26.4,80.6,7.0,61.8,61.3,1
SPT_A,Sports,23,Wednesday,12,25.8,83.5,31.0,35.9,37.2,2
BUS_A,Business,16,Wednesday,8,29.0,72.0,86.0,37.4,49.8,2
LEC_A,LectureHall,1,Sunday,7,27.0,86.6,0.0,24.3,23.4,6
RES_B,Residential,18,Saturday,6,29.4,88.8,170.0,49.8,45.7,5
LEC_A,LectureHall,5,Thursday,7,27.8,76.8,24.0,32.1,34.9,3
ADM_A,Administration,5,Wednesday,8,24.3,87.4,24.0,,24.1,2
SCI_A,Science,21,Wednesday,6,29.7,76.3,7.0,64.6,74.7,2
ENG_A,Engineering,0,Wednesday,3,26.6,77.7,0.0,43.9,44.3,2
SCI_A,Science,19,Saturday,12,30.5,70.5,11.0,73.6,82.8,5
SPT_A,Sports,11,Monday,2,29.3,69.6,0.0,48.2,47.4,0
LIB_A,Library,13,Saturday,4,30.8,76.9,94.0,49.3,52.7,5
SCI_B,Science,11,Saturday,9,28.1,84.1,30.0,60.8,66.5,5
ENG_B,Engineering,21,Monday,4,28.2,75.6,,43.2,42.5,0
SPT_A,Sports,3,Monday,11,26.3,88.2,23.0,29.7,37.0,0
ENG_B,Engineering,20,Monday,2,27.9,73.4,21.0,45.6,47.8,0
SPT_A,Sports,16,Thursday,10,30.3,78.1,38.0,46.0,49.3,3
ADM_A,Administration,21,Wednesday,8,29.3,,4.0,29.8,29.5,2
SCI_A,Science,23,Sunday,5,28.0,73.6,0.0,63.2,64.9,6
SCI_B,Science,8,Friday,5,27.7,74.2,54.0,68.0,76.1,4
ENG_B,Engineering,0,Tuesday,10,25.7,92.7,0.0,34.8,39.5,1
ADM_A,Administration,15,Wednesday,2,29.7,77.2,132.0,53.1,55.4,2
LEC_A,LectureHall,4,Friday,10,24.7,78.0,0.0,8.1,17.9,4
LIB_A,Library,22,Tuesday,4,27.4,81.1,62.0,43.5,43.7,1
BUS_B,Business,14,Sunday,4,31.3,73.9,65.0,46.8,56.6,6
RES_A,Residential,21,Saturday,11,24.4,97.6,291.0,53.9,54.4,5
ENG_A,Engineering,21,Friday,12,28.2,75.6,42.0,56.3,54.6,4
ENG_A,Engineering,14,Thursday,12,26.8,70.7,,62.2,70.9,3
SCI_B,Science,16,Saturday,6,30.6,80.3,17.0,61.7,76.8,5
SCI_A,Science,16,Monday,3,31.9,70.3,101.0,97.0,104.8,0
BUS_B,Business,10,Thursday,2,29.1,76.3,106.0,54.8,59.0,3
LIB_A,Library,21,Wednesday,10,29.1,75.1,123.0,50.4,52.2,2
SCI_A,Science,7,Thursday,9,26.9,76.3,20.0,55.1,62.8,3
LEC_A,LectureHall,12,Wednesday,3,29.1,70.5,211.0,79.3,77.6,2
BUS_B,Business,5,Monday,7,28.6,80.7,8.0,39.3,39.6,0
BUS_A,Business,0,Monday,11,26.5,79.2,0.0,30.1,29.7,0
RES_A,Residential,9,Tuesday,3,29.0,75.9,157.0,48.7,47.5,1
ENG_A,Engineering,9,Sunday,12,27.0,76.9,39.0,46.5,44.9,6
RES_B,Residential,13,Saturday,7,30.1,72.6,132.0,34.4,38.5,5
ADM_A,Administration,3,Saturday,5,26.4,80.5,7.0,21.4,23.3,5
ENG_A,Engineering,0,Tuesday,1,26.1,83.2,7.0,45.7,44.7,1
RES_B,Residential,2,Tuesday,2,26.3,83.2,111.0,43.2,43.1,1
RES_A,Residential,7,Friday,11,27.8,,177.0,49.5,47.5,4
SCI_A,Science,3,Tuesday,7,26.7,84.6,0.0,60.6,67.1,1
SCI_B,Science,23,Monday,11,27.8,82.2,12.0,70.0,69.0,0
BUS_B,Business,21,Wednesday,8,28.4,72.3,28.0,35.2,39.3,2
ENG_A,Engineering,3,Saturday,8,25.7,79.4,3.0,77.9,52.4,5
ENG_A,Engineering,14,Tuesday,6,32.3,73.3,179.0,81.3,82.6,1
LEC_A,LectureHall,19,Tuesday,4,29.3,78.3,25.0,33.1,36.7,1
RES_A,Residential,2,Wednesday,7,26.3,82.7,131.0,46.5,47.6,2
SCI_A,Science,17,Sunday,8,31.7,78.1,40.0,86.6,93.3,6
LEC_A,LectureHall,1,Friday,10,25.7,81.7,,22.5,21.2,4
SCI_B,Science,20,Friday,10,26.9,79.6,14.0,51.8,60.4,4
BUS_B,Business,18,Friday,2,30.4,71.2,81.0,53.7,60.9,4
SPT_A,Sports,0,Thursday,2,26.0,81.6,7.0,35.6,36.6,3
SPT_A,Sports,18,Friday,4,30.8,72.7,151.0,65.0,66.8,4
SCI_A,Science,3,Thursday,3,25.9,89.2,11.0,63.5,69.6,3
BUS_A,Business,22,Sunday,6,28.8,74.2,28.0,30.8,33.4,6
ENG_A,Engineering,5,Thursday,4,26.8,75.3,10.0,42.1,44.5,3
LEC_A,LectureHall,23,Saturday,11,26.6,82.7,13.0,19.3,21.1,5
SCI_B,Science,19,Sunday,10,27.9,72.2,0.0,64.8,56.2,6
ENG_A,Engineering,9,Tuesday,5,30.4,76.1,100.0,67.7,72.8,1
LEC_A,LectureHall,21,Saturday,12,27.6,83.1,0.0,27.4,20.5,5
SCI_A,Science,16,Thursday,5,30.9,72.7,90.0,107.1,111.0,3
BUS_A,Business,23,Wednesday,12,27.1,88.1,14.0,37.0,36.3,2
LEC_A,LectureHall,19,Wednesday,7,30.4,65.2,20.0,38.7,39.7,2
ENG_B,Engineering,9,Sunday,3,30.0,78.6,42.0,59.5,54.9,6
BUS_B,Business,0,Sunday,2,28.2,73.3,0.0,33.5,34.4,6
SCI_B,Science,12,Friday,4,34.7,84.9,141.0,122.0,121.4,4
ENG_B,Engineering,16,Thursday,9,29.8,78.4,113.0,73.7,60.9,3
ENG_B,Engineering,0,Sunday,4,27.9,74.9,28.0,45.1,48.1,6
SCI_A,Science,13,Friday,4,31.4,76.4,176.0,101.4,121.9,4
LEC_A,LectureHall,8,Friday,4,28.5,68.3,96.0,50.9,55.0,4
ADM_A,Administration,19,Tuesday,5,28.8,68.8,9.0,31.8,32.2,1
BUS_A,Business,7,Friday,2,28.7,75.0,0.0,39.6,40.2,4
LIB_A,Library,19,Thursday,2,28.5,68.5,158.0,60.2,57.9,3
ENG_A,Engineering,23,Wednesday,12,27.3,84.0,0.0,44.3,45.9,2
BUS_A,Business,7,Monday,3,29.1,75.6,104.0,24.0,47.8,0
ADM_A,Administration,15,Wednesday,12,28.5,75.0,95.0,36.6,35.9,2
ENG_A,Engineering,21,Saturday,5,29.3,71.9,41.0,48.5,50.9,5
BUS_A,Business,4,Saturday,10,26.8,80.8,0.0,21.7,26.5,5
RES_B,Residential,16,Monday,9,29.6,72.5,106.0,41.5,40.6,0
SCI_B,Science,11,Saturday,8,28.7,72.8,9.0,68.9,63.6,5
ENG_A,Engineering,17,Thursday,12,29.7,84.6,82.0,74.7,71.7,3
LEC_A,LectureHall,22,Saturday,6,29.1,74.7,16.0,32.9,33.9,5
SCI_A,Science,17,Friday,6,31.2,73.6,67.0,101.4,104.2,4
RES_B,Residential,10,Wednesday,7,29.2,80.3,138.0,42.0,40.6,2
SCI_B,Science,17,Thursday,6,29.7,71.7,151.0,95.5,97.0,3
RES_B,Residential,13,Friday,2,30.1,68.9,75.0,40.0,42.7,4
ENG_A,Engineering,1,Wednesday,1,27.5,82.0,25.0,49.3,49.8,2
ENG_B,Engineering,2,Saturday,7,26.5,81.0,0.0,37.2,35.4,5
ENG_A,Engineering,17,Tuesday,8,29.6,76.5,122.0,67.4,72.1,1
ENG_B,Engineering,3,Wednesday,3,25.0,77.1,23.0,40.7,42.9,2
BUS_A,Business,17,Monday,7,30.8,75.2,92.0,60.5,60.6,0
SCI_A,Science,19,Thursday,10,23.9,95.9,30.0,59.6,67.2,3
SCI_B,Science,8,Sunday,6,,79.8,10.0,57.3,64.3,6
LIB_A,Library,4,Wednesday,11,25.7,82.2,4.0,22.3,24.7,2
RES_B,Residential,10,Sunday,4,28.3,74.2,150.0,39.4,38.7,6
ENG_B,Engineering,16,Friday,9,29.1,75.6,131.0,65.8,67.3,4
SCI_A,Science,8,Wednesday,12,26.8,77.6,59.0,61.4,75.0,2
LIB_A,Library,15,Sunday,11,31.0,70.9,192.0,66.4,64.3,6
LEC_A,LectureHall,22,Tuesday,12,28.6,85.6,17.0,35.7,37.6,1
ENG_B,Engineering,11,Friday,5,30.3,77.9,134.0,66.9,77.0,4
ENG_B,Engineering,16,Tuesday,12,31.3,70.8,109.0,67.4,58.1,1
LEC_A,LectureHall,0,Sunday,8,27.3,77.4,0.0,20.5,21.9,6
LEC_A,LectureHall,23,Friday,9,27.9,75.7,8.0,30.7,33.3,4
BUS_B,Business,5,Thursday,7,25.4,87.0,20.0,36.5,33.1,3
SCI_A,Science,7,Monday,3,26.5,74.6,11.0,68.4,62.1,0
RES_A,Residential,6,Wednesday,9,26.5,85.9,206.0,47.1,53.0,2
ENG_A,Engineering,23,Tuesday,9,27.6,76.4,16.0,47.1,48.2,1
RES_A,Residential,18,Thursday,3,29.8,69.2,190.0,40.1,49.2,3
ADM_A,Administration,16,Thursday,9,29.0,76.6,65.0,35.9,35.3,3
RES_A,Residential,9,Friday,8,29.1,78.5,179.0,44.8,51.6,4
ADM_A,Administration,4,Friday,4,27.8,83.3,2.0,26.5,26.1,4
RES_A,Residential,16,Sunday,5,31.7,72.3,157.0,51.4,56.2,6
ENG_B,Engineering,12,Monday,9,30.7,78.2,154.0,68.4,74.3,0
SCI_B,Science,6,Saturday,3,27.1,85.5,9.0,67.9,68.6,5
RES_A,Residential,16,Saturday,9,28.6,79.9,168.0,46.7,45.2,5
ADM_A,Administration,0,Saturday,3,27.0,78.1,4.0,24.0,25.0,5
ENG_A,Engineering,20,Monday,5,30.1,74.2,0.0,54.0,56.0,0
BUS_A,Business,12,Sunday,5,30.8,66.4,37.0,47.6,42.5,6
ENG_B,Engineering,5,Saturday,8,25.5,82.4,34.0,38.3,42.7,5
SPT_A,Sports,5,Thursday,1,25.7,72.9,61.0,40.2,42.9,3
LIB_A,Library,19,Monday,3,32.3,74.8,184.0,,73.7,0
LEC_A,LectureHall,12,Wednesday,7,29.4,83.7,199.0,67.4,72.0,2
RES_A,Residential,18,Friday,12,29.4,76.4,153.0,47.6,46.3,4
ADM_A,Administration,16,Friday,2,30.5,67.2,59.0,43.5,40.7,4
SCI_A,Science,7,Thursday,7,29.4,68.5,7.0,72.2,67.4,3
RES_B,Residential,22,Saturday,12,26.6,77.7,247.0,51.7,53.6,5
ENG_A,Engineering,14,Sunday,12,29.6,69.9,66.0,61.1,63.6,6
RES_B,Residential,7,Thursday,3,27.0,84.5,210.0,50.7,45.9,3
ENG_B,Engineering,10,Thursday,11,28.4,75.5,89.0,49.6,55.6,3
ADM_A,Administration,3,Saturday,1,26.0,84.4,4.0,15.9,21.3,5
RES_A,Residential,23,Saturday,2,27.3,80.4,308.0,62.3,60.9,5
ADM_A,Administration,7,Tuesday,3,27.8,80.8,9.0,25.3,27.1,1
SCI_B,Science,14,Friday,8,30.1,72.9,116.0,94.1,93.4,4
SPT_A,Sports,6,Thursday,10,26.6,81.5,128.0,52.1,51.0,3
RES_A,Residential,14,Tuesday,7,29.7,78.2,109.0,42.9,45.7,1
RES_A,Residential,9,Tuesday,6,26.7,86.4,181.0,43.4,49.4,1
BUS_B,Business,18,Tuesday,12,29.9,76.3,220.0,73.7,80.2,1
BUS_A,Business,11,Saturday,10,28.1,82.6,41.0,36.3,34.8,5
SCI_A,Science,14,Friday,12,29.6,76.2,134.0,104.3,100.5,4
BUS_B,Business,2,Thursday,12,25.1,80.4,0.0,,24.8,3
SCI_A,Science,9,Thursday,11,26.9,73.8,152.0,44.7,71.7,3
BUS_A,Business,23,Thursday,11,28.5,78.1,0.0,35.9,32.8,3
LEC_A,LectureHall,14,Thursday,8,30.1,73.9,209.0,72.5,71.5,3
LIB_A,Library,18,Thursday,5,30.7,74.4,179.0,64.0,63.3,3
ENG_B,Engineering,9,Saturday,9,28.2,74.2,44.0,45.8,40.6,5
ENG_B,Engineering,7,Wednesday,10,26.2,82.4,0.0,33.3,32.1,2
BUS_A,Business,9,Saturday,10,26.9,84.6,26.0,26.9,28.8,5
BUS_B,Business,9,Thursday,10,28.3,81.2,79.0,50.7,53.2,3
ENG_B,Engineering,11,Tuesday,11,27.2,79.5,139.0,62.3,63.8,1
BUS_B,Business,7,Monday,11,26.3,85.0,13.0,35.2,36.7,0
SCI_B,Science,5,Tuesday,2,25.8,82.9,0.0,53.5,52.0,1
SPT_A,Sports,23,Friday,9,27.8,83.2,53.0,37.0,39.2,4
SPT_A,Sports,1,Tuesday,11,24.9,87.9,0.0,,27.4,1
SCI_B,Science,12,Tuesday,9,28.4,79.0,108.0,,84.6,1
SPT_A,Sports,22,Saturday,7,27.2,77.3,62.0,46.2,52.1,5
LEC_A,LectureHall,2,Monday,4,26.8,84.3,0.0,23.7,30.0,0
SCI_A,Science,15,Saturday,9,31.8,66.7,51.0,86.6,85.5,5
ENG_A,Engineering,12,Sunday,3,30.1,71.6,64.0,63.2,63.2,6
RES_B,Residential,22,Thursday,8,28.1,68.2,244.0,56.4,54.2,3
SCI_A,Science,4,Monday,2,24.7,84.9,4.0,60.6,61.1,0
ADM_A,Administration,18,Tuesday,7,29.7,75.1,32.0,28.1,27.1,1
LIB_A,Library,22,Saturday,9,28.0,83.0,36.0,86.3,56.7,5
SCI_B,Science,18,Thursday,10,30.2,71.0,54.0,82.4,71.4,3
LIB_A,Library,3,Tuesday,10,26.7,78.9,11.0,28.7,33.2,1
ENG_B,Engineering,14,Sunday,12,29.7,76.5,66.0,58.1,57.2,6
LIB_A,Library,7,Saturday,5,27.3,71.6,0.0,29.2,29.5,5
SCI_B,Science,10,Thursday,1,27.5,83.3,72.0,75.6,79.9,3
SCI_B,Science,8,Monday,7,28.2,75.6,44.0,73.0,75.9,0
RES_A,Residential,1,Wednesday,12,26.9,85.7,169.0,45.2,49.2,2
LIB_A,Library,9,Sunday,4,29.0,70.8,70.0,41.0,37.8,6
LIB_A,Library,16,Sunday,11,31.1,67.2,246.0,63.5,70.8,6
ENG_B,Engineering,3,Wednesday,7,25.5,,0.0,32.0,33.6,2
SCI_A,Science,18,Thursday,3,30.6,,42.0,85.0,87.9,3
ENG_B,Engineering,2,Tuesday,7,25.2,89.0,1.0,59.5,40.0,1
RES_B,Residential,20,Saturday,7,27.9,83.0,187.0,44.5,42.9,5
SCI_B,Science,6,Thursday,10,25.9,78.0,0.0,48.6,55.7,3
BUS_A,Business,0,Friday,5,26.3,76.0,0.0,24.7,29.6,4
LIB_A,Library,10,Thursday,6,29.8,70.5,85.0,35.6,41.4,3
LIB_A,Library,22,Friday,12,27.1,82.3,13.0,72.8,48.8,4
RES_A,Residential,21,Thursday,4,28.9,74.9,241.0,62.6,60.1,3
RES_B,Residential,0,Tuesday,9,27.0,82.5,132.0,39.7,45.6,1
SCI_A,Science,0,Thursday,12,25.6,80.7,0.0,58.0,58.9,3
ENG_A,Engineering,10,Tuesday,7,30.4,71.5,100.0,58.2,62.7,1
LEC_A,LectureHall,21,Thursday,4,28.6,83.4,22.0,33.2,37.1,3
RES_A,Residential,23,Friday,1,25.5,83.9,232.0,56.0,56.0,4
LEC_A,LectureHall,9,Wednesday,9,26.9,77.1,131.0,49.4,48.5,2
RES_A,Residential,4,Thursday,10,25.6,83.4,207.0,52.0,50.1,3
SCI_B,Science,7,Friday,11,27.6,76.7,0.0,55.4,61.5,4
LIB_A,Library,23,Sunday,4,26.8,79.0,40.0,34.8,36.4,6
LEC_A,LectureHall,1,Friday,8,26.2,83.1,17.0,29.2,32.0,4
SCI_A,Science,11,Sunday,12,28.4,77.4,28.0,88.8,85.1,6
BUS_A,Business,15,Sunday,3,29.6,75.1,44.0,45.6,45.8,6
ADM_A,Administration,0,Friday,6,27.3,79.1,14.0,30.2,27.5,4
SCI_A,Science,0,Wednesday,2,27.5,83.8,12.0,70.0,75.2,2
SCI_B,Science,18,Wednesday,1,30.4,73.0,50.0,92.7,86.0,2
SCI_A,Science,4,Friday,4,26.0,93.7,18.0,77.5,72.7,4
ADM_A,Administration,8,Thursday,5,29.9,65.1,39.0,38.4,38.9,3
BUS_A,Business,21,Tuesday,4,28.8,84.6,9.0,45.1,40.3,1
RES_A,Residential,16,Wednesday,3,29.5,67.5,109.0,36.5,43.8,2
BUS_B,Business,19,Friday,8,30.2,69.7,0.0,38.0,44.0,4
BUS_B,Business,7,Tuesday,7,27.1,80.9,11.0,32.7,41.0,1
SCI_A,Science,22,Thursday,1,26.0,82.5,21.0,66.5,65.9,3
ENG_A,Engineering,9,Sunday,6,28.3,78.7,19.0,52.5,50.5,6
ENG_A,Engineering,11,Friday,8,28.1,80.8,166.0,71.4,73.1,4
ENG_B,Engineering,23,Tuesday,9,27.1,78.1,4.0,36.9,37.1,1
LIB_A,Library,11,Saturday,4,29.8,71.9,96.0,38.1,47.7,5
ENG_A,Engineering,15,Sunday,2,29.3,84.1,39.0,57.1,61.3,6
ENG_B,Engineering,21,Thursday,11,27.1,74.1,47.0,41.1,46.6,3
RES_A,Residential,4,Monday,11,26.7,82.7,213.0,58.1,52.8,0
ENG_A,Engineering,2,Wednesday,8,27.8,74.3,0.0,40.4,42.9,2
LIB_A,Library,15,Friday,11,28.8,80.3,195.0,49.0,56.4,4
SPT_A,Sports,20,Monday,6,30.2,75.1,186.0,64.1,66.4,0
BUS_A,Business,2,Saturday,1,25.8,82.6,0.0,22.5,22.6,5
SCI_B,Science,14,Wednesday,7,30.0,76.4,117.0,93.1,89.8,2
BUS_B,Business,15,Wednesday,7,31.2,66.8,,73.3,69.0,2
BUS_B,Business,12,Wednesday,7,29.4,74.1,165.0,70.4,63.4,2
SCI_B,Science,22,Sunday,10,26.9,74.9,0.0,62.9,59.9,6
ADM_A,Administration,1,Wednesday,10,25.5,86.4,11.0,17.2,23.0,2
BUS_A,Business,0,Thursday,12,25.5,82.7,13.0,23.1,25.6,3
BUS_A,Business,19,Tuesday,12,29.2,78.2,16.0,30.4,35.3,1
BUS_A,Business,13,Friday,11,29.0,84.7,133.0,60.3,63.0,4
SCI_B,Science,10,Saturday,10,27.4,80.1,30.0,64.5,67.5,5
BUS_B,Business,0,Tuesday,6,27.2,79.7,0.0,41.9,38.7,1
BUS_B,Business,9,Saturday,9,27.4,75.1,59.0,36.6,40.8,5
SCI_B,Science,23,Sunday,10,26.6,86.5,11.0,56.3,57.3,6
RES_A,Residential,2,Friday,1,25.8,85.5,150.0,45.5,47.7,4
BUS_A,Business,20,Sunday,7,29.9,69.9,0.0,31.8,29.3,6
SCI_B,Science,12,Monday,9,28.5,79.4,110.0,62.0,71.9,0
RES_A,Residential,6,Saturday,10,26.9,86.2,227.0,52.2,58.2,5
SCI_B,Science,0,Sunday,8,26.9,79.2,2.0,51.8,62.1,6
LEC_A,LectureHall,13,Friday,8,31.2,71.8,213.0,71.0,82.3,4
BUS_B,Business,20,Monday,7,28.5,79.3,0.0,42.8,38.8,0
SPT_A,Sports,9,Monday,7,28.7,68.8,63.0,51.3,44.4,0
ADM_A,Administration,12,Wednesday,4,31.0,84.5,94.0,47.7,48.9,2
BUS_B,Business,3,Friday,3,24.9,77.5,0.0,32.4,32.6,4
ENG_B,Engineering,6,Wednesday,9,28.0,84.2,15.0,43.2,45.2,2
ENG_A,Engineering,8,Saturday,2,28.4,81.2,24.0,48.1,51.0,5
RES_A,Residential,17,Friday,2,30.3,76.4,124.0,48.8,49.6,4
SCI_A,Science,6,Sunday,1,25.0,82.4,2.0,54.0,64.4,6
SPT_A,Sports,0,Wednesday,12,25.8,80.6,0.0,,33.3,2
ADM_A,Administration,11,Monday,1,28.6,75.8,84.0,37.2,35.1,0
RES_B,Residential,13,Monday,11,28.6,75.7,91.0,39.8,38.9,0
BUS_A,Business,7,Monday,7,27.2,83.8,1.0,34.7,32.2,0
BUS_B,Business,11,Thursday,12,29.5,82.1,152.0,69.4,69.2,3
LEC_A,LectureHall,23,Wednesday,3,26.6,76.3,0.0,,25.2,2
SPT_A,Sports,16,Friday,10,29.3,72.4,72.0,46.7,48.9,4
ENG_B,Engineering,20,Saturday,11,27.6,83.3,,37.2,33.9,5
LEC_A,LectureHall,1,Wednesday,6,27.2,86.3,10.0,,32.4,2
BUS_A,Business,6,Friday,9,27.2,79.6,21.0,31.9,30.4,4
ENG_B,Engineering,10,Sunday,4,29.0,75.3,25.0,47.7,51.0,6
LEC_A,LectureHall,4,Monday,5,26.2,83.5,53.0,31.0,33.8,0
SCI_A,Science,14,Thursday,3,35.4,88.4,149.0,149.4,143.9,3
LIB_A,Library,14,Wednesday,10,29.2,75.2,160.0,50.7,54.3,2
ENG_B,Engineering,15,Tuesday,2,30.4,70.5,146.0,71.9,79.9,1
SPT_A,Sports,10,Saturday,7,29.0,75.6,45.0,46.6,44.0,5
BUS_B,Business,2,Friday,6,27.5,77.6,0.0,33.4,39.5,4
ENG_A,Engineering,19,Tuesday,7,28.8,65.6,20.0,43.3,45.8,1
LIB_A,Library,5,Tuesday,2,26.3,86.1,39.0,26.0,30.6,1
RES_B,Residential,11,Sunday,5,29.5,78.5,98.0,40.0,37.0,6
ENG_A,Engineering,19,Friday,2,28.8,79.8,73.0,53.9,60.9,4
RES_A,Residential,10,Friday,1,28.4,84.3,157.0,49.5,49.4,4
BUS_A,Business,1,Monday,9,26.3,82.3,0.0,26.5,27.5,0
BUS_A,Business,9,Monday,5,29.9,72.3,75.0,51.0,57.0,0
ADM_A,Administration,16,Friday,12,28.5,77.2,70.0,29.7,32.2,4
SCI_A,Science,12,Monday,6,29.9,71.2,140.0,88.4,99.5,0
RES_A,Residential,5,Saturday,12,25.5,90.8,253.0,55.7,54.5,5
LIB_A,Library,2,Saturday,12,25.0,83.1,2.0,28.2,29.1,5
RES_B,Residential,9,Saturday,4,30.0,75.8,172.0,45.5,45.1,5
ENG_B,Engineering,2,Tuesday,9,26.1,78.6,6.0,32.1,38.5,1
BUS_A,Business,12,Sunday,9,30.1,76.6,58.0,38.6,45.1,6
LIB_A,Library,7,Friday,11,26.1,83.9,23.0,30.2,27.2,4
BUS_A,Business,22,Tuesday,2,26.6,85.2,2.0,30.0,30.4,1
ENG_B,Engineering,20,Wednesday,5,31.1,63.4,14.0,53.9,49.2,2
LIB_A,Library,6,Wednesday,11,27.4,77.7,26.0,34.5,34.3,2
LIB_A,Library,5,Monday,6,26.8,80.5,0.0,30.5,30.7,0
ENG_A,Engineering,5,Wednesday,6,27.9,75.3,16.0,49.7,45.2,2
RES_B,Residential,0,Sunday,11,26.1,83.1,106.0,45.7,41.7,6
RES_A,Residential,12,Monday,1,30.3,78.6,85.0,53.0,47.4,0
SCI_A,Science,1,Friday,2,27.3,83.5,10.0,70.0,72.5,4
BUS_B,Business,14,Sunday,9,28.4,80.0,53.0,40.2,39.4,6
SCI_A,Science,22,Friday,11,26.0,80.2,0.0,58.1,61.1,4
SPT_A,Sports,8,Wednesday,1,26.5,81.9,124.0,56.6,57.4,2
ENG_A,Engineering,12,Monday,3,29.5,75.5,205.0,76.9,79.9,0
SCI_B,Science,19,Thursday,7,29.5,72.8,15.0,71.5,75.7,3
RES_A,Residential,18,Sunday,2,30.5,71.7,170.0,50.3,50.5,6
SCI_A,Science,3,Tuesday,5,27.3,80.0,0.0,69.5,71.6,1
ADM_A,Administration,16,Monday,1,35.0,87.0,119.0,49.5,56.6,0
ENG_B,Engineering,8,Friday,7,27.7,82.4,69.0,45.2,50.2,4
LIB_A,Library,3,Monday,11,25.8,79.7,12.0,24.5,30.3,0
LEC_A,LectureHall,5,Friday,5,26.4,82.4,0.0,23.3,25.6,4
SCI_B,Science,1,Sunday,1,25.5,79.0,0.0,50.2,55.6,6
SPT_A,Sports,2,Friday,2,26.3,82.9,6.0,33.4,31.6,4
LIB_A,Library,19,Monday,5,29.3,79.2,160.0,65.5,61.8,0
BUS_A,Business,18,Wednesday,10,28.5,75.6,47.0,29.3,34.1,2
SCI_B,Science,10,Monday,10,29.5,79.6,65.0,79.4,79.6,0
BUS_B,Business,19,Friday,5,30.6,71.8,25.0,44.3,54.5,4
LEC_A,LectureHall,1,Saturday,5,26.7,80.1,0.0,22.3,24.4,5
BUS_A,Business,17,Wednesday,11,29.8,77.6,50.0,43.7,41.7,2
SCI_A,Science,16,Sunday,5,31.5,76.1,31.0,84.4,82.6,6
LIB_A,Library,17,Thursday,1,30.9,78.4,239.0,62.4,68.9,3
LIB_A,Library,4,Sunday,9,24.8,89.0,2.0,27.1,29.3,6
RES_B,Residential,18,Thursday,5,32.0,79.3,139.0,44.5,47.5,3
SPT_A,Sports,9,Monday,1,26.2,85.0,67.0,51.0,50.9,0
ENG_A,Engineering,13,Saturday,4,31.0,74.6,77.0,66.7,68.7,5
BUS_A,Business,2,Friday,1,25.8,83.2,4.0,25.7,28.2,4
SCI_A,Science,0,Wednesday,5,27.0,77.3,17.0,68.7,64.0,2
BUS_A,Business,15,Thursday,4,33.3,67.7,187.0,69.1,78.0,3
BUS_B,Business,20,Sunday,6,27.8,79.7,2.0,35.9,42.6,6
RES_B,Residential,17,Monday,2,29.8,73.1,177.0,,46.2,0
BUS_A,Business,13,Thursday,1,30.9,79.8,146.0,65.0,68.5,3
RES_B,Residential,9,Saturday,5,28.9,74.1,140.0,38.9,42.4,5
BUS_A,Business,13,Thursday,8,30.2,73.8,152.0,65.5,69.2,3
BUS_A,Business,8,Wednesday,8,27.3,80.3,48.0,45.3,43.5,2
ENG_B,Engineering,23,Monday,7,27.5,82.5,0.0,35.6,38.9,0
ENG_A,Engineering,18,Sunday,10,29.5,70.9,22.0,45.8,51.3,6
ENG_A,Engineering,13,Wednesday,2,29.3,70.5,,85.0,89.5,2
ADM_A,Administration,13,Wednesday,2,28.9,65.8,130.0,42.8,36.4,2
SCI_A,Science,9,Wednesday,12,28.1,76.7,59.0,74.1,82.9,2
ENG_B,Engineering,13,Tuesday,1,30.1,68.2,151.0,70.1,71.1,1
SCI_B,Science,22,Saturday,4,26.3,78.9,8.0,65.2,62.7,5
ENG_B,Engineering,17,Saturday,7,31.1,70.1,25.0,46.4,53.4,5
RES_A,Residential,22,Saturday,1,27.7,80.4,278.0,56.6,62.6,5
RES_B,Residential,10,Wednesday,6,27.8,76.9,153.0,39.5,42.6,2
LEC_A,LectureHall,22,Monday,6,28.5,70.4,0.0,28.2,26.9,0
SCI_A,Science,22,Sunday,2,25.3,85.2,0.0,54.7,57.9,6
RES_A,Residential,16,Tuesday,3,31.2,70.7,130.0,44.7,48.4,1
ENG_B,Engineering,7,Wednesday,7,26.8,83.5,10.0,34.8,41.4,2
ADM_A,Administration,12,Wednesday,2,29.8,79.7,114.0,50.3,44.9,2
ADM_A,Administration,3,Sunday,8,26.2,80.8,2.0,16.5,19.9,6
SCI_B,Science,3,Monday,3,,80.5,0.0,64.1,62.7,0
ENG_A,Engineering,20,Monday,2,29.2,76.6,37.0,52.2,47.2,0
LEC_A,LectureHall,9,Saturday,12,26.7,75.1,57.0,30.0,32.1,5
LIB_A,Library,16,Wednesday,8,31.2,77.0,,62.3,56.6,2
ENG_A,Engineering,23,Thursday,2,27.0,81.2,12.0,45.7,46.2,3
RES_B,Residential,19,Wednesday,7,28.7,68.4,172.0,38.6,38.9,2
BUS_B,Business,2,Thursday,9,26.1,77.4,0.0,9.8,25.1,3
BUS_A,Business,7,Friday,7,28.2,75.7,128.0,33.6,48.1,4
BUS_A,Business,4,Wednesday,10,25.4,84.4,30.0,26.9,30.9,2
SCI_B,Science,9,Monday,10,27.8,73.2,72.0,72.8,73.8,0
ENG_A,Engineering,7,Sunday,11,26.1,80.6,11.0,38.0,41.2,6
RES_B,Residential,18,Wednesday,7,29.5,80.2,139.0,41.2,39.8,2
SPT_A,Sports,22,Friday,6,27.6,79.9,72.0,44.1,48.7,4
ENG_B,Engineering,8,Monday,12,26.8,82.4,58.0,42.2,47.3,0
SCI_A,Science,15,Tuesday,6,31.1,69.1,130.0,103.7,101.6,1
RES_A,Residential,5,Tuesday,3,24.6,99.3,215.0,52.0,50.8,1
RES_B,Residential,1,Saturday,3,27.5,77.9,137.0,54.1,54.0,5
RES_B,Residential,5,Sunday,11,26.2,79.6,207.0,40.4,46.0,6
LEC_A,LectureHall,3,Wednesday,11,25.4,77.5,11.0,24.7,21.1,2
SCI_A,Science,12,Tuesday,4,30.8,77.3,9.0,85.8,89.3,1
BUS_B,Business,17,Friday,3,31.8,73.6,63.0,73.6,63.6,4
LEC_A,LectureHall,12,Sunday,8,29.3,75.5,45.0,40.6,36.5,6
ADM_A,Administration,11,Sunday,8,,73.8,21.0,24.5,23.6,6
RES_B,Residential,6,Sunday,9,25.7,84.7,179.0,44.9,44.8,6
LIB_A,Library,6,Saturday,2,25.7,75.7,0.0,27.9,32.3,5
SCI_A,Science,10,Wednesday,10,28.7,72.1,71.0,83.6,85.1,2
SCI_A,Science,5,Sunday,9,27.0,76.8,3.0,48.4,49.4,6
LEC_A,LectureHall,13,Friday,9,29.9,71.0,208.0,65.0,71.8,4
ENG_B,Engineering,9,Friday,9,27.5,86.1,75.0,53.7,52.7,4
BUS_B,Business,16,Friday,5,30.2,74.9,133.0,76.2,71.6,4
BUS_A,Business,6,Monday,5,28.8,80.4,0.0,35.0,35.1,0
RES_A,Residential,1,Sunday,5,27.0,81.4,137.0,47.7,50.3,6
RES_A,Residential,18,Sunday,10,29.6,73.2,156.0,40.4,48.6,6
BUS_A,Business,19,Wednesday,11,29.9,79.6,11.0,38.1,41.5,2
RES_A,Residential,5,Thursday,11,26.4,72.6,226.0,44.9,52.9,3
LEC_A,LectureHall,13,Wednesday,12,30.6,75.4,185.0,60.9,68.0,2
SPT_A,Sports,12,Tuesday,1,29.0,78.3,25.0,46.5,43.1,1
LIB_A,Library,15,Saturday,8,30.1,76.2,158.0,52.9,54.3,5
BUS_B,Business,8,Sunday,2,27.3,73.1,19.0,39.7,39.0,6
RES_B,Residential,21,Friday,2,28.3,74.7,229.0,55.6,57.8,4
ADM_A,Administration,8,Sunday,1,25.4,91.4,3.0,18.2,20.3,6
SPT_A,Sports,21,Wednesday,2,28.4,78.1,,60.2,60.5,2
ENG_A,Engineering,0,Sunday,7,27.7,76.9,0.0,36.1,43.9,6
SCI_B,Science,22,Saturday,10,26.6,82.4,11.0,52.4,57.8,5
RES_A,Residential,22,Wednesday,3,26.8,83.7,,50.4,51.2,2
ADM_A,Administration,15,Thursday,1,29.9,73.1,94.0,48.8,50.7,3
BUS_B,Business,3,Thursday,10,24.8,85.0,0.0,17.3,27.0,3
RES_A,Residential,21,Saturday,3,28.4,76.3,297.0,72.6,68.1,5
ENG_A,Engineering,13,Thursday,10,29.6,75.8,212.0,87.1,86.6,3
ENG_A,Engineering,13,Wednesday,12,30.2,80.6,210.0,81.2,88.8,2
ADM_A,Administration,22,Friday,3,25.5,72.4,17.0,22.7,26.9,4
RES_B,Residential,17,Sunday,11,28.7,74.7,130.0,37.6,33.1,6
RES_B,Residential,0,Friday,5,27.4,79.4,107.0,43.5,44.1,4
LEC_A,LectureHall,3,Wednesday,7,26.5,76.6,47.0,39.0,34.3,2
RES_A,Residential,21,Wednesday,7,29.7,70.4,234.0,58.2,57.9,2
SCI_B,Science,2,Sunday,2,26.5,75.1,9.0,60.4,58.8,6
SPT_A,Sports,19,Tuesday,1,28.1,78.5,166.0,60.0,64.1,1
BUS_A,Business,10,Tuesday,7,29.1,71.4,99.0,,53.8,1
ADM_A,Administration,12,Saturday,5,29.3,82.5,37.0,37.7,35.0,5
LIB_A,Library,10,Friday,12,27.1,84.6,67.0,34.7,36.8,4
ENG_A,Engineering,23,Wednesday,7,26.4,76.0,0.0,39.0,40.7,2
SCI_A,Science,22,Tuesday,3,29.5,73.5,20.0,82.9,79.4,1
RES_B,Residential,14,Tuesday,1,30.3,78.7,95.0,37.9,38.7,1
ADM_A,Administration,8,Saturday,5,27.9,75.7,28.0,23.6,24.6,5
LEC_A,LectureHall,8,Monday,5,25.6,86.4,75.0,48.4,45.1,0
LIB_A,Library,11,Thursday,10,29.3,78.7,84.0,37.0,37.0,3
SCI_A,Science,5,Monday,5,25.8,92.3,4.0,61.1,58.5,0
BUS_A,Business,8,Saturday,9,27.4,76.6,9.0,30.0,32.9,5
LEC_A,LectureHall,23,Tuesday,3,26.9,83.1,38.0,86.0,54.4,1
BUS_A,Business,17,Thursday,10,30.6,71.0,70.0,45.8,46.7,3
RES_A,Residential,9,Thursday,10,28.6,77.2,181.0,36.2,42.1,3
RES_B,Residential,5,Friday,7,25.4,83.8,175.0,49.1,48.0,4
SCI_A,Science,3,Wednesday,3,25.5,76.9,1.0,88.9,71.7,2
BUS_A,Business,23,Tuesday,1,27.3,73.9,18.0,32.2,40.9,1
ENG_B,Engineering,7,Friday,8,26.1,85.2,1.0,32.8,33.9,4
SCI_A,Science,18,Thursday,12,30.0,69.6,31.0,79.0,77.5,3
RES_A,Residential,9,Friday,7,28.8,76.7,218.0,36.1,48.8,4
BUS_A,Business,16,Friday,7,28.6,80.0,91.0,41.5,49.5,4
SPT_A,Sports,12,Monday,3,30.6,69.1,13.0,49.3,46.1,0
LEC_A,LectureHall,14,Sunday,7,30.2,74.3,43.0,31.5,41.2,6
SCI_B,Science,17,Thursday,12,30.0,71.4,56.0,73.9,76.6,3
LEC_A,LectureHall,22,Monday,12,27.3,78.2,8.0,24.0,28.0,0
ADM_A,Administration,11,Friday,11,30.1,69.2,83.0,34.2,37.2,4
SCI_A,Science,10,Tuesday,2,28.1,71.3,88.0,84.9,83.3,1
LEC_A,LectureHall,12,Saturday,2,28.3,81.7,52.0,38.6,36.9,5
BUS_B,Business,22,Monday,6,26.3,82.3,24.0,38.2,37.1,0
BUS_B,Business,5,Thursday,2,25.7,86.6,15.0,35.4,34.9,3
BUS_A,Business,13,Thursday,10,30.0,77.3,132.0,63.6,58.8,3
RES_B,Residential,12,Sunday,8,29.7,67.0,142.0,45.8,47.6,6
LIB_A,Library,3,Saturday,11,26.0,78.1,0.0,19.6,22.8,5
RES_B,Residential,12,Friday,9,29.1,76.7,106.0,39.5,40.2,4
LIB_A,Library,10,Thursday,4,30.0,70.5,100.0,48.3,55.5,3
LEC_A,LectureHall,13,Monday,6,30.1,75.0,,65.4,81.4,0
RES_A,Residential,11,Sunday,2,27.5,68.5,173.0,39.4,47.0,6
SCI_A,Science,21,Tuesday,1,27.7,77.1,36.0,81.9,76.3,1
RES_A,Residential,17,Saturday,9,31.4,71.7,140.0,50.9,47.1,5
RES_A,Residential,21,Wednesday,8,25.8,81.9,251.0,46.5,51.0,2
SPT_A,Sports,17,Saturday,5,31.7,73.4,109.0,70.5,71.0,5
BUS_A,Business,16,Saturday,5,29.2,79.4,33.0,37.7,36.4,5
ENG_A,Engineering,21,Tuesday,3,29.3,77.1,24.0,52.9,54.8,1
SCI_B,Science,6,Tuesday,11,24.5,84.5,7.0,41.0,53.8,1
BUS_A,Business,6,Monday,8,27.0,84.9,30.0,32.0,33.7,0
LIB_A,Library,11,Saturday,3,29.7,74.1,33.0,39.0,41.4,5
ADM_A,Administration,7,Thursday,3,27.2,84.9,0.0,30.9,27.7,3
SCI_A,Science,19,Friday,2,30.7,72.3,20.0,66.8,81.2,4
ENG_B,Engineering,16,Saturday,2,30.3,76.2,48.0,60.3,59.6,5
SCI_A,Science,22,Monday,3,29.6,83.9,0.0,81.4,80.3,0
RES_B,Residential,18,Friday,5,29.8,76.5,140.0,39.1,46.2,4
RES_B,Residential,8,Monday,3,28.6,,179.0,43.3,48.5,0
LIB_A,Library,15,Saturday,2,29.5,69.6,185.0,51.3,53.0,5
ENG_A,Engineering,11,Monday,4,29.8,77.5,166.0,62.3,76.5,0
LEC_A,LectureHall,15,Sunday,2,29.8,69.7,72.0,39.0,46.9,6
SCI_A,Science,3,Sunday,11,26.6,77.9,0.0,55.8,61.8,6
BUS_B,Business,13,Sunday,4,30.6,68.4,40.0,51.5,50.5,6
BUS_B,Business,23,Friday,11,27.6,81.4,24.0,35.8,41.6,4
SCI_A,Science,16,Friday,12,28.9,77.7,85.0,84.5,82.1,4
SCI_B,Science,4,Wednesday,2,24.0,88.1,4.0,42.5,53.8,2
BUS_A,Business,17,Friday,1,30.3,75.0,102.0,58.0,56.4,4
SCI_B,Science,6,Wednesday,9,26.3,83.5,14.0,52.4,59.8,2
SPT_A,Sports,5,Tuesday,5,26.4,77.8,88.0,44.8,45.3,1
SPT_A,Sports,13,Saturday,3,29.9,73.9,41.0,53.5,54.6,5
ENG_B,Engineering,1,Monday,4,26.6,87.3,32.0,39.6,48.3,0
RES_B,Residential,20,Thursday,12,27.7,74.0,202.0,39.6,38.5,3
LEC_A,LectureHall,20,Wednesday,6,29.8,73.9,0.0,29.7,35.0,2
RES_A,Residential,23,Tuesday,8,26.7,83.4,281.0,56.6,55.9,1
BUS_B,Business,15,Saturday,7,30.8,78.5,41.0,44.7,44.7,5
BUS_B,Business,4,Sunday,2,27.6,81.9,17.0,31.5,38.6,6
ENG_B,Engineering,18,Monday,12,,69.7,90.0,57.3,58.7,0
ENG_A,Engineering,15,Wednesday,9,29.7,,148.0,74.5,73.7,2
LEC_A,LectureHall,9,Sunday,10,28.5,79.9,18.0,26.8,27.3,6
SCI_B,Science,0,Wednesday,12,26.4,88.9,7.0,85.0,69.5,2
ENG_A,Engineering,5,Saturday,5,25.6,79.4,3.0,36.4,39.3,5
BUS_A,Business,23,Tuesday,2,26.3,79.4,8.0,27.8,33.8,1
BUS_A,Business,0,Wednesday,12,26.9,75.1,4.0,31.5,33.1,2
SCI_B,Science,1,Wednesday,7,26.0,79.5,0.0,64.4,62.7,2
SCI_A,Science,22,Saturday,10,27.5,75.1,0.0,76.7,68.9,5
SCI_B,Science,14,Friday,5,30.7,68.4,118.0,95.6,85.4,4
BUS_B,Business,19,Friday,3,27.5,82.2,17.0,,45.9,4
SCI_A,Science,12,Wednesday,4,34.6,81.9,129.0,99.4,120.0,2
SPT_A,Sports,16,Sunday,12,28.8,70.4,87.0,41.7,45.8,6
ADM_A,Administration,11,Sunday,11,28.1,81.4,31.0,28.7,21.7,6
SCI_B,Science,20,Monday,10,28.1,78.2,17.0,71.4,67.3,0
SCI_A,Science,10,Monday,6,30.8,66.2,100.0,97.8,93.8,0
SCI_B,Science,17,Monday,4,29.3,79.7,61.0,67.9,80.9,0
BUS_B,Business,5,Wednesday,5,26.8,82.8,13.0,41.2,41.3,2
SCI_A,Science,11,Sunday,12,27.8,77.7,33.0,65.0,78.3,6
LIB_A,Library,22,Thursday,8,27.2,79.1,61.0,39.1,41.4,3
SPT_A,Sports,16,Wednesday,6,31.3,66.4,95.0,60.2,61.5,2
BUS_B,Business,11,Friday,4,30.9,74.7,153.0,63.6,70.0,4
LIB_A,Library,11,Sunday,7,29.0,78.4,229.0,61.8,61.9,6
BUS_B,Business,14,Sunday,3,29.2,81.8,,39.1,43.8,6
SCI_A,Science,22,Thursday,4,27.8,78.7,0.0,75.5,70.1,3
ENG_A,Engineering,0,Thursday,2,26.8,81.9,0.0,42.4,43.3,3
LEC_A,LectureHall,9,Thursday,11,27.8,79.3,96.0,47.0,45.8,3
BUS_A,Business,9,Wednesday,7,29.2,73.1,86.0,47.1,51.0,2
LEC_A,LectureHall,3,Tuesday,1,25.2,80.2,12.0,27.7,26.4,1
SCI_B,Science,3,Wednesday,12,25.5,77.7,11.0,60.6,58.3,2
SCI_A,Science,17,Tuesday,7,29.7,74.4,88.0,83.5,92.7,1
LEC_A,LectureHall,9,Sunday,2,28.0,76.1,6.0,29.5,30.1,6
LEC_A,LectureHall,10,Friday,4,30.5,70.5,151.0,57.0,63.2,4
BUS_A,Business,1,Thursday,6,27.6,77.2,16.0,31.6,35.5,3
SCI_B,Science,2,Tuesday,5,26.7,84.9,0.0,70.6,68.3,1
RES_B,Residential,5,Friday,10,25.9,78.0,181.0,45.5,42.2,4
SCI_A,Science,4,Tuesday,12,25.9,82.9,9.0,63.4,74.8,1
LEC_A,LectureHall,19,Tuesday,7,31.0,71.4,6.0,35.4,35.4,1
LEC_A,LectureHall,23,Friday,5,28.1,76.2,39.0,73.6,53.5,4
ADM_A,Administration,5,Wednesday,4,27.9,78.9,0.0,30.2,30.1,2
ENG_A,Engineering,2,Sunday,11,26.5,80.2,0.0,36.1,37.8,6
LIB_A,Library,11,Monday,10,28.7,83.4,78.0,40.0,44.1,0
BUS_B,Business,12,Sunday,1,29.3,75.6,41.0,40.9,42.6,6
BUS_B,Business,19,Wednesday,4,30.5,72.8,31.0,52.0,53.5,2
RES_B,Residential,13,Tuesday,2,30.5,79.9,92.0,44.1,39.7,1
SPT_A,Sports,23,Thursday,5,26.8,89.0,38.0,38.5,45.4,3
ENG_A,Engineering,0,Wednesday,3,27.0,74.7,16.0,43.3,43.4,2
ENG_A,Engineering,1,Monday,6,26.7,,8.0,65.2,54.3,0
SPT_A,Sports,16,Tuesday,7,29.5,76.5,61.0,56.5,49.3,1
ENG_A,Engineering,8,Saturday,7,27.7,73.4,46.0,45.1,51.6,5
SPT_A,Sports,15,Friday,2,30.7,73.8,63.0,51.3,54.2,4
SPT_A,Sports,17,Saturday,5,31.4,64.7,132.0,54.1,66.6,5
ENG_B,Engineering,16,Tuesday,2,30.6,75.2,144.0,75.8,74.8,1
RES_B,Residential,11,Friday,3,29.0,78.4,149.0,47.3,45.4,4
ADM_A,Administration,4,Saturday,12,27.1,83.2,11.0,17.1,19.7,5
LEC_A,LectureHall,21,Sunday,10,27.5,77.5,0.0,20.9,21.0,6
ADM_A,Administration,4,Thursday,10,25.7,82.8,11.0,23.5,18.0,3
SCI_A,Science,21,Saturday,12,28.1,81.5,15.0,54.7,72.5,5
ENG_A,Engineering,11,Saturday,4,30.0,73.2,62.0,65.3,65.8,5
ENG_A,Engineering,2,Sunday,5,28.0,78.8,0.0,42.8,48.0,6
SPT_A,Sports,11,Saturday,1,28.0,71.0,29.0,42.8,45.8,5
SPT_A,Sports,4,Thursday,4,27.0,81.5,50.0,43.0,43.2,3
RES_A,Residential,12,Friday,10,28.5,78.6,160.0,43.7,48.4,4
RES_B,Residential,7,Saturday,4,26.7,91.3,222.0,53.7,48.8,5
RES_B,Residential,12,Saturday,3,30.1,70.3,110.0,38.1,38.2,5
BUS_B,Business,14,Monday,9,28.9,75.6,183.0,71.1,64.7,0
LIB_A,Library,22,Thursday,2,28.5,80.1,72.0,51.5,52.3,3
SPT_A,Sports,17,Saturday,2,29.0,72.0,190.0,71.4,63.6,5
RES_B,Residential,22,Friday,8,28.6,76.4,266.0,53.2,55.4,4
BUS_B,Business,14,Thursday,1,35.0,83.5,203.0,93.6,89.4,3
SPT_A,Sports,15,Tuesday,11,29.9,75.5,24.0,41.6,36.8,1
RES_B,Residential,20,Sunday,10,27.7,77.4,213.0,43.0,47.6,6
SCI_B,Science,2,Monday,5,25.3,78.7,0.0,57.0,62.1,0
RES_B,Residential,23,Tuesday,5,,84.0,212.0,57.1,53.4,1
SCI_A,Science,6,Sunday,9,27.0,83.5,13.0,69.0,69.8,6
RES_A,Residential,2,Tuesday,1,25.2,86.9,169.0,44.6,44.8,1
BUS_B,Business,8,Thursday,5,26.7,82.8,90.0,54.8,49.9,3
ADM_A,Administration,0,Friday,4,26.6,79.5,0.0,22.8,23.5,4
SCI_A,Science,3,Friday,7,25.9,85.8,10.0,50.6,61.5,4
RES_B,Residential,14,Wednesday,1,29.5,72.4,76.0,34.6,39.8,2
LIB_A,Library,4,Monday,11,27.7,80.7,0.0,27.2,28.0,0
SCI_A,Science,10,Thursday,9,29.0,75.0,99.0,83.7,85.1,3
SCI_A,Science,10,Wednesday,4,29.5,86.1,84.0,79.5,90.0,2
BUS_B,Business,10,Monday,12,27.8,73.6,99.0,48.2,50.8,0
BUS_B,Business,22,Wednesday,5,28.4,75.7,0.0,45.4,43.3,2
BUS_B,Business,13,Friday,5,30.2,67.8,172.0,70.9,65.4,4
SCI_A,Science,10,Monday,11,28.1,76.2,91.0,96.9,81.4,0
LIB_A,Library,0,Friday,12,25.8,85.5,6.0,25.1,27.1,4
BUS_B,Business,19,Wednesday,3,29.1,83.2,0.0,42.5,44.8,2
BUS_A,Business,1,Thursday,3,26.0,76.9,0.0,30.6,32.7,3
BUS_B,Business,0,Wednesday,8,27.0,82.9,5.0,36.8,37.4,2
ENG_B,Engineering,14,Thursday,9,30.8,75.2,139.0,72.1,71.5,3
SCI_A,Science,8,Saturday,3,29.0,77.9,21.0,71.8,75.8,5
LIB_A,Library,23,Wednesday,7,26.6,85.5,91.0,43.2,53.1,2
ADM_A,Administration,19,Sunday,9,30.2,72.1,0.0,27.9,29.8,6
SCI_B,Science,13,Wednesday,7,29.6,77.2,125.0,91.2,92.6,2
RES_B,Residential,1,Thursday,6,27.2,77.1,128.0,41.6,44.4,3
LIB_A,Library,2,Sunday,6,26.0,87.1,26.0,29.0,36.7,6
LEC_A,LectureHall,13,Tuesday,11,29.0,86.9,191.0,53.9,64.4,1
LEC_A,LectureHall,22,Sunday,12,27.7,89.9,44.0,32.8,38.5,6
SCI_B,Science,8,Saturday,4,28.8,75.6,12.0,65.0,65.7,5
RES_A,Residential,8,Saturday,1,26.4,84.1,220.0,36.6,43.4,5
SCI_A,Science,16,Sunday,11,28.8,77.0,18.0,69.6,77.1,6
RES_A,Residential,16,Monday,12,29.1,78.4,112.0,34.0,43.5,0
LEC_A,LectureHall,4,Monday,1,24.9,88.8,20.0,24.6,26.0,0
LIB_A,Library,5,Tuesday,8,26.4,91.5,23.0,26.4,29.3,1
ADM_A,Administration,14,Friday,10,28.7,74.6,119.0,38.9,45.4,4
BUS_B,Business,11,Wednesday,4,29.2,78.2,180.0,67.0,70.2,2
ENG_A,Engineering,11,Saturday,7,30.3,74.1,,57.7,57.1,5
RES_B,Residential,20,Tuesday,3,27.9,71.9,189.0,43.0,45.6,1
LEC_A,LectureHall,1,Wednesday,11,26.2,88.9,6.0,20.6,26.2,2
BUS_A,Business,21,Friday,5,27.9,75.9,0.0,36.0,34.2,4
LIB_A,Library,12,Saturday,6,30.3,68.5,150.0,59.3,54.7,5
LEC_A,LectureHall,20,Monday,8,27.8,71.9,45.0,34.3,38.8,0
SCI_B,Science,7,Thursday,10,27.8,72.7,3.0,62.7,61.8,3
BUS_A,Business,12,Monday,9,30.3,74.2,139.0,53.0,56.4,0
ADM_A,Administration,4,Thursday,5,25.5,77.3,0.0,22.6,21.6,3
ADM_A,Administration,9,Friday,9,28.4,84.0,50.0,33.5,32.8,4
ENG_A,Engineering,11,Friday,8,28.9,83.9,194.0,81.1,84.8,4
BUS_B,Business,3,Thursday,1,26.3,77.9,4.0,36.5,33.5,3
RES_A,Residential,23,Wednesday,11,27.2,77.5,261.0,49.3,55.1,2
RES_A,Residential,8,Monday,4,28.1,81.4,164.0,47.5,49.4,0
BUS_B,Business,13,Tuesday,1,30.5,75.8,157.0,71.6,71.9,1
LIB_A,Library,15,Wednesday,8,31.7,72.4,151.0,60.8,58.5,2
SCI_A,Science,16,Friday,12,29.8,78.9,108.0,91.4,106.5,4
BUS_A,Business,17,Tuesday,2,29.6,69.7,75.0,45.2,48.3,1
RES_A,Residential,21,Tuesday,6,29.1,72.8,225.0,59.7,59.2,1
LEC_A,LectureHall,19,Monday,3,30.1,78.3,0.0,37.2,36.3,0
BUS_B,Business,1,Monday,3,26.9,81.7,19.0,39.0,40.3,0
LIB_A,Library,4,Monday,6,27.5,80.8,0.0,36.7,34.1,0
BUS_B,Business,10,Wednesday,5,30.1,72.2,116.0,74.6,67.2,2
LEC_A,LectureHall,5,Thursday,5,26.6,70.8,0.0,23.3,21.0,3
BUS_A,Business,4,Friday,7,26.6,85.5,0.0,16.8,29.2,4
LIB_A,Library,18,Thursday,7,29.4,71.7,168.0,62.8,59.9,3
ENG_A,Engineering,11,Saturday,5,29.2,69.2,65.0,48.8,65.5,5
LIB_A,Library,7,Sunday,1,26.2,81.7,0.0,28.5,28.2,6
SCI_B,Science,22,Sunday,4,28.6,77.8,0.0,62.2,74.1,6
SCI_A,Science,12,Thursday,4,29.8,73.5,154.0,106.8,109.6,3
SPT_A,Sports,10,Saturday,5,30.3,79.3,56.0,55.1,53.5,5
RES_A,Residential,13,Sunday,8,30.5,71.3,139.0,48.7,44.8,6
ENG_B,Engineering,8,Friday,6,28.2,71.1,53.0,55.1,54.3,4
SPT_A,Sports,9,Wednesday,9,27.1,81.8,38.0,,41.1,2
SCI_A,Science,1,Thursday,8,27.5,82.7,3.0,63.7,69.0,3
SCI_B,Science,5,Monday,8,26.3,80.8,0.0,53.9,51.1,0
SCI_A,Science,19,Sunday,6,30.6,66.1,6.0,78.1,74.9,6
ADM_A,Administration,22,Saturday,12,28.8,74.7,14.0,26.2,25.8,5
ENG_B,Engineering,3,Friday,11,25.6,78.4,25.0,36.9,39.1,4
RES_A,Residential,5,Monday,7,27.8,81.1,239.0,55.5,55.2,0
RES_A,Residential,7,Monday,8,27.1,80.6,143.0,45.5,46.5,0
LEC_A,LectureHall,6,Thursday,6,27.3,77.7,16.0,23.0,29.1,3
ENG_B,Engineering,9,Thursday,3,27.9,69.2,92.0,62.6,58.1,3
RES_B,Residential,13,Friday,3,30.7,68.3,64.0,37.2,35.9,4
ENG_A,Engineering,14,Wednesday,2,31.2,74.8,208.0,94.3,98.4,2
LEC_A,LectureHall,3,Saturday,8,26.9,82.5,0.0,21.7,20.8,5
SPT_A,Sports,20,Saturday,6,28.4,73.7,179.0,60.7,61.4,5
SCI_A,Science,22,Saturday,11,26.6,81.5,6.0,62.1,65.2,5
RES_A,Residential,17,Tuesday,3,29.9,83.7,151.0,54.0,53.8,1
BUS_B,Business,11,Monday,7,29.8,79.1,,66.5,61.1,0
BUS_B,Business,7,Sunday,11,28.9,79.0,11.0,31.9,35.4,6
LEC_A,LectureHall,7,Saturday,7,28.1,76.2,23.0,33.0,30.8,5
ENG_B,Engineering,23,Sunday,8,27.5,78.5,11.0,33.9,39.2,6
BUS_A,Business,0,Monday,8,28.8,81.2,0.0,32.8,31.8,0
ENG_A,Engineering,13,Monday,2,30.2,80.6,210.0,73.9,86.7,0
LEC_A,LectureHall,23,Thursday,1,28.7,81.8,0.0,31.6,28.3,3
RES_B,Residential,3,Tuesday,9,25.6,86.6,176.0,41.8,45.5,1
SCI_A,Science,0,Monday,3,27.1,80.7,14.0,62.2,68.3,0
BUS_A,Business,23,Tuesday,1,27.2,73.3,0.0,38.8,33.4,1
LIB_A,Library,5,Friday,9,26.5,78.1,22.0,29.5,34.8,4
BUS_B,Business,22,Friday,2,28.6,67.2,0.0,43.7,41.5,4
RES_A,Residential,3,Monday,10,25.8,74.3,141.0,47.1,49.0,0
RES_A,Residential,4,Sunday,9,25.8,83.6,205.0,48.0,52.8,6
ENG_B,Engineering,19,Wednesday,8,29.6,71.9,40.0,56.2,59.2,2
BUS_A,Business,11,Saturday,11,27.5,84.5,28.0,31.2,34.3,5
SCI_A,Science,8,Tuesday,11,26.4,77.1,38.0,65.4,69.5,1
SCI_A,Science,20,Sunday,11,28.0,77.3,2.0,52.4,64.0,6
ENG_A,Engineering,23,Wednesday,6,28.1,74.7,0.0,45.1,50.1,2
LIB_A,Library,5,Wednesday,12,25.4,87.3,,26.3,24.8,2
ADM_A,Administration,9,Saturday,5,28.6,76.6,16.0,26.3,23.0,5
SPT_A,Sports,14,Tuesday,5,29.2,76.4,23.0,41.5,47.3,1
LEC_A,LectureHall,6,Sunday,3,28.4,77.6,0.0,27.3,23.5,6
LEC_A,LectureHall,17,Saturday,6,30.5,72.1,,39.1,44.3,5
RES_A,Residential,14,Sunday,4,31.1,73.0,102.0,48.2,45.0,6
SCI_A,Science,17,Monday,3,31.2,68.7,,80.3,78.3,0
BUS_B,Business,22,Monday,3,27.8,88.5,16.0,42.1,48.5,0
LIB_A,Library,3,Sunday,9,25.9,83.6,0.0,27.8,26.3,6
ENG_B,Engineering,8,Tuesday,1,27.6,75.8,149.0,32.9,53.3,1
SCI_A,Science,23,Friday,3,28.0,73.4,21.0,76.1,67.2,4
RES_B,Residential,1,Tuesday,7,25.2,77.4,108.0,31.7,34.7,1
LEC_A,LectureHall,22,Sunday,6,28.5,81.6,9.0,70.2,38.9,6
RES_B,Residential,8,Tuesday,8,28.8,72.5,189.0,39.8,44.4,1
SCI_B,Science,1,Saturday,9,25.7,92.0,0.0,51.1,54.4,5
LEC_A,LectureHall,22,Thursday,12,27.5,76.6,8.0,33.3,30.3,3
RES_A,Residential,1,Wednesday,5,27.2,76.7,186.0,55.0,52.7,2
LEC_A,LectureHall,6,Friday,9,26.8,75.7,24.0,25.9,30.2,4
ENG_A,Engineering,11,Thursday,8,28.3,72.1,170.0,72.4,66.9,3
BUS_B,Business,8,Saturday,2,28.1,73.8,1.0,32.5,30.7,5
RES_B,Residential,20,Wednesday,8,28.2,81.3,189.0,45.2,46.4,2
RES_A,Residential,2,Tuesday,3,26.1,80.8,137.0,51.2,46.6,1
SPT_A,Sports,13,Monday,3,28.7,75.5,34.0,43.1,42.6,0
ENG_B,Engineering,19,Monday,12,29.7,74.3,28.0,,54.0,0
BUS_B,Business,2,Thursday,6,25.5,82.8,16.0,31.5,39.8,3
LEC_A,LectureHall,18,Tuesday,9,26.9,,124.0,45.8,52.7,1
ADM_A,Administration,13,Saturday,3,30.1,72.9,44.0,36.0,39.7,5
SCI_A,Science,2,Thursday,5,26.7,71.6,0.0,57.2,64.9,3
LEC_A,LectureHall,15,Saturday,8,30.3,74.8,231.0,79.4,75.6,5
RES_B,Residential,8,Saturday,11,25.8,81.4,201.0,37.0,38.6,5
LIB_A,Library,11,Sunday,12,27.9,76.1,50.0,32.7,34.1,6
SPT_A,Sports,4,Thursday,2,26.0,80.5,35.0,34.5,39.0,3
LIB_A,Library,23,Sunday,3,28.7,72.4,21.0,80.6,58.2,6
ENG_A,Engineering,3,Tuesday,1,,85.0,0.0,,36.7,1
ENG_B,Engineering,6,Wednesday,11,26.4,76.5,16.0,39.0,35.4,2
ENG_B,Engineering,16,Sunday,9,29.6,73.2,21.0,43.2,49.0,6
ENG_A,Engineering,3,Tuesday,10,25.3,89.9,0.0,34.2,37.6,1
RES_A,Residential,19,Wednesday,7,30.6,74.4,188.0,46.2,48.0,2
SCI_A,Science,15,Monday,12,30.6,72.9,144.0,105.6,109.6,0
LEC_A,LectureHall,2,Friday,4,27.1,82.5,20.0,33.1,32.7,4
SCI_B,Science,13,Tuesday,5,30.9,72.3,123.0,81.5,93.3,1
BUS_A,Business,6,Thursday,8,27.4,75.4,0.0,28.0,31.8,3
BUS_B,Business,13,Thursday,1,29.4,77.7,191.0,69.5,69.0,3
SCI_B,Science,4,Friday,9,26.5,78.6,0.0,57.4,52.0,4
BUS_A,Business,1,Monday,4,25.5,75.9,4.0,32.2,33.0,0
LEC_A,LectureHall,2,Saturday,8,25.8,74.2,2.0,21.6,20.0,5
ENG_A,Engineering,5,Thursday,3,27.7,79.1,27.0,42.9,45.6,3
RES_A,Residential,17,Tuesday,1,29.4,75.4,147.0,44.3,46.3,1
BUS_A,Business,20,Tuesday,5,29.5,69.0,15.0,38.1,45.2,1
LEC_A,LectureHall,17,Wednesday,1,29.4,76.1,134.0,52.5,61.3,2
RES_B,Residential,11,Monday,4,29.5,84.2,140.0,42.8,41.1,0
LEC_A,LectureHall,15,Wednesday,6,30.0,76.1,181.0,73.6,70.2,2
LIB_A,Library,17,Saturday,2,29.4,78.6,270.0,59.6,68.3,5
ENG_A,Engineering,3,Friday,6,25.9,83.6,0.0,36.5,41.9,4
ENG_A,Engineering,21,Tuesday,6,27.9,76.1,24.0,45.6,44.2,1
BUS_A,Business,1,Sunday,6,27.0,78.3,0.0,26.6,30.4,6
SCI_A,Science,19,Sunday,12,29.0,70.3,13.0,77.2,76.7,6
ENG_B,Engineering,10,Wednesday,1,29.6,67.1,110.0,62.6,63.2,2
RES_A,Residential,3,Sunday,4,27.8,74.6,233.0,64.7,64.3,6
RES_A,Residential,18,Tuesday,5,30.7,73.3,128.0,48.7,47.9,1
BUS_B,Business,17,Monday,1,29.1,81.5,95.0,54.9,56.2,0
SPT_A,Sports,13,Tuesday,10,28.9,75.3,0.0,41.2,43.7,1
SPT_A,Sports,11,Wednesday,2,28.4,85.3,0.0,36.4,45.1,2
ENG_B,Engineering,6,Thursday,2,25.9,83.4,28.0,43.8,45.8,3
ENG_B,Engineering,20,Thursday,8,27.6,77.0,13.0,52.6,46.2,3
SCI_A,Science,3,Wednesday,6,26.1,85.4,21.0,57.1,64.7,2
ENG_B,Engineering,13,Thursday,7,30.7,68.8,145.0,63.6,75.3,3
LIB_A,Library,18,Wednesday,8,29.2,76.6,183.0,51.3,58.0,2
LIB_A,Library,14,Sunday,8,30.8,74.1,261.0,62.7,67.0,6
SCI_B,Science,13,Sunday,11,29.4,80.0,31.0,74.6,74.4,6
ENG_A,Engineering,6,Monday,6,26.2,76.9,12.0,,45.5,0
ENG_A,Engineering,2,Saturday,8,25.6,82.8,14.0,41.3,36.7,5
SCI_B,Science,15,Thursday,6,30.5,77.3,105.0,99.2,99.9,3
SCI_B,Science,13,Wednesday,12,30.9,67.3,123.0,99.8,90.1,2
ENG_B,Engineering,18,Thursday,1,28.4,75.2,63.0,48.3,53.6,3
ENG_A,Engineering,8,Tuesday,7,28.0,70.5,108.0,56.2,61.9,1
ENG_A,Engineering,10,Wednesday,5,29.4,75.8,107.0,65.9,66.5,2
SCI_B,Science,13,Thursday,9,28.2,72.5,114.0,78.0,78.5,3
RES_B,Residential,6,Thursday,6,27.2,77.8,198.0,44.8,47.5,3
ENG_A,Engineering,7,Monday,2,26.9,80.4,0.0,32.9,39.6,0
SCI_A,Science,3,Monday,3,26.1,78.1,4.0,77.5,75.8,0
RES_B,Residential,6,Friday,5,26.6,80.2,238.0,49.3,53.3,4
ENG_B,Engineering,18,Sunday,8,31.3,67.7,22.0,52.4,51.6,6
BUS_A,Business,23,Saturday,10,28.0,70.7,8.0,30.1,30.5,5
SPT_A,Sports,0,Saturday,12,27.7,71.6,17.0,35.8,40.9,5
RES_B,Residential,18,Friday,12,29.0,73.4,196.0,35.1,39.0,4
ENG_A,Engineering,4,Sunday,9,25.2,83.1,15.0,42.2,38.0,6
LIB_A,Library,19,Tuesday,4,29.9,77.1,162.0,56.5,61.5,1
LIB_A,Library,23,Friday,6,27.0,,40.0,33.2,41.8,4
LEC_A,LectureHall,11,Tuesday,9,28.7,73.6,209.0,63.3,64.0,1
LIB_A,Library,18,Friday,7,30.5,76.0,207.0,58.4,62.1,4
BUS_A,Business,2,Monday,10,26.0,83.0,1.0,31.1,30.7,0
ADM_A,Administration,8,Sunday,8,28.2,72.3,27.0,27.5,26.4,6
ENG_A,Engineering,15,Saturday,3,29.7,81.4,48.0,63.8,67.1,5
RES_B,Residential,8,Wednesday,6,27.4,78.1,155.0,39.2,35.0,2
LEC_A,LectureHall,22,Saturday,5,28.7,76.0,0.0,26.6,27.8,5
RES_A,Residential,14,Wednesday,6,29.6,74.0,139.0,45.4,45.5,2
BUS_B,Business,11,Saturday,7,29.1,,17.0,33.4,40.9,5
ENG_B,Engineering,13,Sunday,5,30.9,69.8,33.0,50.9,57.2,6
LIB_A,Library,19,Thursday,9,29.0,78.5,158.0,54.8,57.8,3
SCI_B,Science,21,Sunday,11,27.5,80.3,14.0,65.2,60.9,6
ADM_A,Administration,13,Thursday,10,29.7,75.1,120.0,36.9,44.4,3
SCI_B,Science,10,Wednesday,4,28.4,69.8,89.0,,83.1,2
RES_A,Residential,13,Saturday,9,30.2,72.0,133.0,47.9,51.0,5
SCI_B,Science,8,Sunday,1,27.4,88.5,6.0,60.0,62.7,6
SCI_A,Science,10,Thursday,12,29.6,74.6,86.0,85.9,93.4,3
RES_A,Residential,21,Saturday,7,29.1,73.8,301.0,64.5,64.3,5
BUS_B,Business,10,Wednesday,11,28.1,78.5,123.0,56.0,60.2,2
LIB_A,Library,10,Monday,7,28.9,80.1,81.0,46.5,44.4,0
ADM_A,Administration,13,Tuesday,6,30.3,73.8,110.0,46.5,47.5,1
RES_B,Residential,20,Saturday,6,29.7,67.5,210.0,38.9,42.7,5
SCI_B,Science,4,Wednesday,4,27.0,78.4,0.0,54.3,59.8,2
BUS_A,Business,20,Sunday,5,28.1,71.1,5.0,32.3,34.1,6
RES_A,Residential,9,Monday,2,28.4,71.6,174.0,47.5,50.7,0
RES_A,Residential,17,Saturday,4,29.5,69.9,198.0,52.2,53.9,5
ENG_A,Engineering,16,Wednesday,5,30.2,67.9,137.0,64.9,75.7,2
RES_A,Residential,23,Tuesday,11,25.0,90.5,284.0,54.8,56.0,1
SCI_A,Science,0,Sunday,6,27.7,75.4,10.0,81.2,67.9,6
BUS_B,Business,11,Tuesday,8,29.9,75.8,135.0,69.3,68.0,1
SPT_A,Sports,7,Sunday,12,27.2,74.1,122.0,49.7,51.3,6
LIB_A,Library,5,Sunday,11,24.9,85.3,0.0,25.7,27.9,6
ENG_B,Engineering,18,Thursday,2,29.7,74.4,196.0,61.4,70.3,3
BUS_A,Business,5,Wednesday,5,27.0,83.5,3.0,39.5,31.7,2
SPT_A,Sports,9,Wednesday,6,29.0,75.9,248.0,69.8,68.8,2
SPT_A,Sports,11,Wednesday,4,29.2,74.9,10.0,47.8,44.8,2
BUS_A,Business,16,Saturday,10,29.3,81.1,26.0,30.7,31.2,5
SCI_B,Science,6,Saturday,10,24.7,83.2,0.0,49.6,53.8,5
BUS_B,Business,13,Friday,10,29.2,72.6,216.0,71.6,70.7,4
ENG_B,Engineering,7,Saturday,3,28.1,74.8,0.0,47.1,45.6,5
LEC_A,LectureHall,20,Saturday,2,28.5,80.1,0.0,26.8,23.9,5
ENG_A,Engineering,7,Thursday,8,26.4,83.1,0.0,39.4,39.7,3
RES_B,Residential,16,Thursday,12,30.8,68.9,108.0,43.6,42.8,3
LIB_A,Library,15,Wednesday,10,29.2,79.3,206.0,60.5,60.3,2
LIB_A,Library,17,Monday,12,28.5,72.9,213.0,55.0,55.1,0
BUS_A,Business,17,Monday,5,29.8,74.7,73.0,53.5,54.5,0
SPT_A,Sports,3,Friday,5,26.8,79.5,46.0,46.1,44.7,4
ADM_A,Administration,19,Sunday,6,28.7,82.1,0.0,24.7,26.4,6
LIB_A,Library,16,Sunday,7,29.9,77.4,281.0,74.6,71.7,6
ADM_A,Administration,18,Thursday,7,30.2,76.0,46.0,37.0,36.9,3
SPT_A,Sports,1,Tuesday,12,25.7,87.7,6.0,34.1,35.7,1
LEC_A,LectureHall,11,Monday,1,29.9,72.1,184.0,59.3,64.3,0
BUS_A,Business,20,Sunday,2,29.2,75.1,3.0,31.6,34.2,6
LIB_A,Library,13,Wednesday,7,30.2,68.7,142.0,53.1,51.3,2
LEC_A,LectureHall,7,Tuesday,7,27.1,86.2,23.0,28.8,27.5,1
BUS_B,Business,3,Thursday,12,25.6,85.1,43.0,38.9,41.3,3
BUS_B,Business,18,Wednesday,7,30.4,76.1,76.0,60.5,62.3,2
LEC_A,LectureHall,17,Sunday,3,30.1,76.8,63.0,40.0,40.1,6
ENG_B,Engineering,14,Friday,2,29.3,70.6,171.0,64.2,75.2,4
RES_B,Residential,13,Thursday,2,31.7,71.6,111.0,38.7,44.8,3
SPT_A,Sports,16,Tuesday,3,30.6,69.2,93.0,53.8,61.2,1
LIB_A,Library,0,Sunday,11,24.2,78.9,0.0,23.3,26.1,6
RES_B,Residential,8,Monday,12,25.0,83.5,160.0,,32.5,0
LIB_A,Library,18,Sunday,8,24.8,,135.0,44.9,47.6,6
RES_B,Residential,0,Sunday,10,25.5,84.3,146.0,40.7,37.0,6
RES_A,Residential,11,Wednesday,4,29.6,79.3,133.0,51.7,49.8,2
LEC_A,LectureHall,22,Saturday,5,26.7,80.8,18.0,24.6,26.3,5
SCI_A,Science,18,Tuesday,3,31.0,66.9,65.0,88.6,93.3,1
BUS_A,Business,8,Thursday,6,27.7,80.1,99.0,27.6,42.3,3
ENG_B,Engineering,0,Wednesday,9,26.5,82.3,2.0,39.0,33.9,2
RES_A,Residential,18,Monday,6,29.1,72.4,161.0,41.2,45.3,0
LEC_A,LectureHall,20,Thursday,9,26.7,83.4,0.0,25.4,24.8,3
RES_B,Residential,15,Monday,12,28.9,74.9,76.0,33.4,34.8,0
RES_A,Residential,16,Saturday,6,28.8,77.6,148.0,42.7,44.0,5
RES_B,Residential,15,Friday,3,30.8,71.4,168.0,42.9,52.3,4
BUS_B,Business,9,Wednesday,5,29.0,,58.0,53.0,53.3,2
ENG_A,Engineering,16,Saturday,7,30.9,75.9,44.0,62.9,62.2,5
SCI_B,Science,13,Tuesday,3,30.7,67.8,145.0,116.5,104.6,1
SCI_A,Science,3,Saturday,4,25.3,87.8,3.0,62.8,60.3,5
SPT_A,Sports,15,Monday,7,31.9,73.1,245.0,70.0,75.5,0
ENG_A,Engineering,12,Tuesday,1,29.5,76.1,,81.2,80.1,1
SCI_A,Science,20,Monday,12,29.3,72.3,19.0,71.0,80.6,0
SCI_B,Science,23,Tuesday,3,26.9,79.3,13.0,50.5,62.1,1
BUS_B,Business,1,Thursday,10,25.7,83.5,0.0,11.6,28.6,3
LEC_A,LectureHall,0,Wednesday,12,27.5,76.3,8.0,31.7,31.2,2
ENG_B,Engineering,5,Tuesday,9,24.6,82.2,0.0,31.7,32.2,1
SPT_A,Sports,14,Monday,9,31.0,74.5,34.0,47.7,53.1,0
RES_B,Residential,17,Friday,9,30.2,69.3,115.0,41.3,37.0,4
ENG_A,Engineering,9,Tuesday,1,29.1,73.2,82.0,62.9,69.0,1
SPT_A,Sports,0,Monday,7,27.0,82.2,0.0,34.3,34.4,0
SPT_A,Sports,12,Tuesday,4,,74.0,0.0,41.0,45.4,1
SCI_B,Science,7,Monday,10,27.0,81.1,0.0,53.8,55.7,0
BUS_A,Business,4,Sunday,1,25.0,85.5,0.0,18.2,21.2,6
BUS_B,Business,3,Friday,7,27.8,81.2,0.0,45.3,43.8,4
RES_B,Residential,22,Wednesday,10,26.8,82.2,227.0,41.9,50.1,2
RES_A,Residential,4,Thursday,6,27.7,77.2,198.0,54.9,57.0,3
SCI_A,Science,11,Saturday,12,28.6,76.9,48.0,77.7,79.5,5
ADM_A,Administration,17,Monday,3,30.3,74.3,77.0,36.3,41.2,0
SCI_B,Science,0,Wednesday,5,28.3,77.8,0.0,64.2,63.9,2
LIB_A,Library,19,Thursday,8,27.8,66.9,155.0,48.6,51.9,3
SCI_A,Science,8,Wednesday,10,26.7,75.8,,49.5,80.4,2
BUS_B,Business,12,Tuesday,4,30.6,75.4,155.0,86.6,75.5,1
ENG_A,Engineering,4,Saturday,5,25.4,76.2,30.0,38.3,37.0,5
SPT_A,Sports,1,Thursday,12,24.8,85.5,7.0,26.0,32.8,3
SCI_A,Science,18,Thursday,4,31.0,67.4,53.0,80.6,85.6,3
SPT_A,Sports,6,Wednesday,5,26.7,84.4,109.0,48.2,56.3,2
ADM_A,Administration,11,Wednesday,7,30.0,77.3,89.0,37.2,39.2,2
RES_B,Residential,1,Sunday,12,24.9,86.1,140.0,39.1,44.7,6
ENG_A,Engineering,7,Saturday,3,28.3,82.2,9.0,55.9,54.8,5
BUS_B,Business,12,Wednesday,3,29.8,68.1,173.0,77.9,70.7,2
SCI_B,Science,13,Thursday,10,30.4,79.8,,109.3,99.3,3
ADM_A,Administration,12,Thursday,3,31.2,72.7,101.0,48.0,50.9,3
RES_A,Residential,15,Tuesday,2,32.4,67.3,128.0,50.5,54.0,1
BUS_A,Business,15,Tuesday,12,29.3,83.2,111.0,49.0,55.9,1
LIB_A,Library,1,Monday,1,25.8,82.2,31.0,30.7,25.5,0
BUS_B,Business,15,Sunday,11,28.5,76.5,78.0,46.4,46.2,6
BUS_B,Business,17,Monday,10,29.1,76.8,69.0,55.6,57.3,0
BUS_B,Business,14,Monday,2,29.8,78.4,137.0,70.5,62.5,0
ENG_B,Engineering,22,Sunday,1,28.5,76.8,8.0,39.5,46.2,6
SCI_A,Science,2,Saturday,3,26.1,87.1,0.0,54.6,71.5,5
ENG_A,Engineering,8,Tuesday,8,29.3,76.7,84.0,55.7,56.8,1
ENG_A,Engineering,16,Thursday,2,29.4,70.9,134.0,71.5,72.6,3
BUS_B,Business,1,Saturday,5,27.3,84.0,0.0,35.0,36.6,5
SCI_B,Science,10,Sunday,6,,77.9,24.0,68.9,69.9,6
LEC_A,LectureHall,6,Sunday,4,26.6,80.8,19.0,,29.5,6
RES_B,Residential,17,Sunday,7,29.3,74.9,139.0,41.2,44.1,6
ADM_A,Administration,4,Tuesday,2,26.4,73.1,17.0,22.7,24.6,1
ADM_A,Administration,8,Friday,4,28.8,76.2,35.0,35.4,34.8,4
ADM_A,Administration,9,Monday,2,29.0,76.5,55.0,36.5,42.6,0
ENG_A,Engineering,7,Sunday,8,27.6,85.5,9.0,39.7,42.1,6
SCI_B,Science,5,Friday,1,28.5,84.6,13.0,64.8,72.7,4
LEC_A,LectureHall,16,Sunday,10,30.8,79.9,,65.2,75.4,6
ENG_A,Engineering,13,Sunday,6,30.5,74.0,37.0,61.8,64.5,6
BUS_B,Business,20,Tuesday,6,28.5,79.8,20.0,48.5,48.7,1
LEC_A,LectureHall,23,Thursday,5,28.0,69.9,21.0,40.2,38.5,3
ENG_A,Engineering,0,Thursday,3,27.3,81.4,0.0,44.0,44.5,3
BUS_A,Business,10,Saturday,11,28.8,75.7,35.0,34.1,35.2,5
ADM_A,Administration,3,Wednesday,1,25.5,79.2,0.0,19.1,22.7,2
LEC_A,LectureHall,19,Saturday,11,29.0,70.9,199.0,60.2,64.1,5
BUS_A,Business,16,Thursday,12,29.1,77.5,92.0,40.9,42.0,3
LEC_A,LectureHall,5,Wednesday,2,26.3,80.4,0.0,24.7,23.1,2
ENG_A,Engineering,14,Wednesday,2,31.7,69.1,167.0,83.6,88.7,2
ENG_B,Engineering,16,Tuesday,12,29.7,77.5,117.0,62.5,64.0,1
ADM_A,Administration,4,Wednesday,5,26.5,75.5,3.0,27.6,29.6,2
RES_B,Residential,18,Tuesday,6,30.3,72.3,115.0,45.4,44.4,1
SPT_A,Sports,7,Thursday,7,25.3,83.2,129.0,44.4,51.8,3
ENG_A,Engineering,5,Thursday,12,25.5,78.4,16.0,32.9,36.7,3
SCI_B,Science,7,Friday,3,27.9,,0.0,60.5,63.7,4
RES_B,Residential,4,Sunday,2,26.2,83.6,140.0,39.9,46.1,6
LEC_A,LectureHall,23,Wednesday,2,27.9,75.6,5.0,,33.5,2
ENG_B,Engineering,17,Tuesday,12,29.8,75.8,74.0,43.9,53.5,1
ADM_A,Administration,14,Saturday,12,30.4,73.7,30.0,32.4,33.4,5
LEC_A,LectureHall,20,Sunday,2,28.2,81.8,23.0,30.4,33.6,6
RES_A,Residential,5,Tuesday,3,27.5,,178.0,41.9,47.8,1
LIB_A,Library,14,Sunday,9,30.4,73.8,165.0,53.5,55.4,6
BUS_A,Business,14,Thursday,12,28.9,71.5,129.0,49.9,52.1,3
SPT_A,Sports,0,Tuesday,11,26.3,83.7,,31.0,33.2,1
RES_A,Residential,15,Tuesday,7,32.4,68.5,84.0,38.8,43.8,1
ENG_A,Engineering,1,Saturday,3,25.3,79.7,0.0,42.4,40.3,5
SCI_A,Science,7,Tuesday,4,26.6,83.0,0.0,69.5,69.9,1
SCI_B,Science,21,Thursday,7,29.0,72.6,20.0,69.5,73.8,3
SPT_A,Sports,4,Monday,12,24.5,82.1,52.0,40.5,39.9,0
SCI_B,Science,1,Wednesday,9,26.7,79.4,15.0,60.6,58.4,2
RES_A,Residential,4,Friday,3,25.2,86.0,192.0,49.5,55.5,4
SCI_A,Science,18,Thursday,5,30.8,74.2,,,98.8,3
SCI_A,Science,6,Saturday,7,23.9,95.1,16.0,55.8,62.0,5
LIB_A,Library,3,Friday,1,24.7,84.5,9.0,27.4,28.5,4
BUS_B,Business,4,Thursday,9,26.4,88.3,,33.3,33.8,3
LEC_A,LectureHall,15,Tuesday,4,31.1,64.6,162.0,65.8,68.8,1
SCI_B,Science,18,Sunday,10,28.9,77.2,10.0,64.6,69.0,6
RES_A,Residential,20,Friday,12,27.9,76.8,,44.0,51.1,4
LIB_A,Library,8,Wednesday,12,28.3,72.7,32.0,29.3,33.8,2
ENG_B,Engineering,22,Tuesday,9,27.4,81.5,0.0,43.1,42.0,1
ADM_A,Administration,4,Sunday,3,26.2,78.5,0.0,19.5,21.7,6
RES_A,Residential,7,Saturday,4,27.6,78.5,243.0,50.6,55.5,5
SCI_A,Science,6,Thursday,11,26.0,80.5,14.0,67.1,68.2,3
BUS_B,Business,22,Wednesday,5,27.5,85.1,8.0,32.1,40.1,2
ENG_B,Engineering,3,Friday,1,26.6,78.9,2.0,36.5,35.8,4
ENG_A,Engineering,4,Monday,8,25.3,87.7,4.0,35.9,42.8,0
LEC_A,LectureHall,18,Sunday,1,29.3,79.0,34.0,32.5,31.0,6
ADM_A,Administration,22,Wednesday,4,28.2,68.8,2.0,24.4,26.3,2
BUS_B,Business,9,Wednesday,3,27.8,79.2,117.0,57.9,58.9,2
SPT_A,Sports,16,Sunday,2,30.2,71.3,187.0,69.0,61.2,6
ENG_A,Engineering,17,Thursday,11,31.5,79.4,83.0,65.9,72.3,3
ENG_B,Engineering,12,Thursday,5,30.3,78.3,165.0,73.6,76.9,3
LIB_A,Library,13,Saturday,11,29.6,73.7,282.0,76.5,73.9,5
SPT_A,Sports,14,Wednesday,12,31.2,64.5,0.0,46.1,46.0,2
SPT_A,Sports,8,Sunday,11,26.2,86.8,111.0,40.9,44.7,6
LIB_A,Library,13,Saturday,2,29.2,70.7,110.0,47.3,52.5,5
LEC_A,LectureHall,23,Saturday,8,26.9,83.8,35.0,25.8,30.3,5
BUS_B,Business,6,Thursday,3,26.6,83.9,0.0,37.4,41.2,3
LIB_A,Library,5,Monday,8,27.4,79.5,4.0,31.9,31.4,0
SCI_A,Science,0,Friday,6,25.8,74.8,0.0,61.9,67.8,4
SCI_A,Science,18,Friday,9,29.6,71.7,65.0,80.6,93.9,4
ENG_B,Engineering,1,Saturday,1,26.5,77.9,14.0,34.6,38.1,5
ENG_A,Engineering,17,Monday,9,28.2,90.1,111.0,62.7,71.0,0
ENG_B,Engineering,2,Wednesday,11,24.3,,15.0,30.9,31.0,2
ADM_A,Administration,9,Thursday,4,28.0,82.0,51.0,35.5,40.0,3
SCI_B,Science,4,Monday,8,25.7,86.5,5.0,88.1,69.4,0
LEC_A,LectureHall,7,Thursday,4,26.5,76.7,0.0,25.5,23.7,3
SCI_A,Science,14,Wednesday,2,31.3,69.9,178.0,106.0,114.2,2
BUS_B,Business,8,Saturday,9,27.7,72.4,13.0,33.8,37.9,5
SCI_A,Science,20,Wednesday,5,28.7,85.4,26.0,77.7,81.8,2
LIB_A,Library,22,Sunday,6,26.8,72.0,54.0,31.7,35.6,6
SCI_A,Science,13,Thursday,5,29.8,72.2,144.0,80.4,94.5,3
BUS_A,Business,11,Sunday,11,29.7,80.7,31.0,43.1,39.9,6
ENG_B,Engineering,12,Tuesday,6,31.6,72.8,174.0,83.4,81.4,1
ADM_A,Administration,8,Sunday,7,28.5,80.9,23.0,28.6,32.8,6
ENG_B,Engineering,22,Monday,1,27.2,78.9,29.0,40.5,41.0,0
SCI_B,Science,16,Monday,10,30.4,71.1,158.0,114.4,105.8,0
RES_A,Residential,14,Monday,10,29.4,79.4,134.0,45.1,51.9,0
SCI_B,Science,10,Wednesday,1,29.3,69.3,74.0,77.1,82.4,2
LEC_A,LectureHall,1,Thursday,11,26.6,73.2,15.0,28.3,32.0,3
LEC_A,LectureHall,15,Saturday,6,31.6,69.0,75.0,51.0,51.7,5
SPT_A,Sports,18,Thursday,3,,85.8,176.0,58.9,66.0,3
ENG_A,Engineering,19,Saturday,11,28.3,71.0,0.0,43.0,48.2,5
SPT_A,Sports,19,Friday,4,28.4,75.9,166.0,65.6,68.7,4
ADM_A,Administration,16,Wednesday,9,30.5,68.0,80.0,41.6,44.9,2
SCI_A,Science,19,Friday,8,29.3,77.3,33.0,64.3,70.8,4
ENG_A,Engineering,17,Saturday,10,28.4,67.7,20.0,49.4,49.5,5
SCI_A,Science,8,Sunday,5,28.1,80.7,10.0,61.5,65.8,6
RES_A,Residential,4,Sunday,10,24.8,81.1,195.0,46.9,48.9,6
BUS_B,Business,19,Sunday,8,29.6,73.8,25.0,37.4,43.8,6
SCI_B,Science,21,Wednesday,7,29.7,80.8,8.0,67.2,72.6,2
BUS_B,Business,10,Thursday,4,28.8,77.3,172.0,70.4,63.5,3
ADM_A,Administration,0,Tuesday,5,27.6,87.8,9.0,25.8,23.3,1
ENG_A,Engineering,12,Sunday,4,30.2,68.2,43.0,63.4,65.4,6
RES_B,Residential,14,Thursday,8,31.1,70.4,91.0,40.7,41.9,3
SCI_B,Science,10,Sunday,1,28.7,69.7,34.0,70.1,73.4,6
LIB_A,Library,10,Sunday,1,,73.2,226.0,49.2,55.8,6
ENG_A,Engineering,4,Wednesday,5,26.1,76.1,,46.3,46.3,2
SPT_A,Sports,18,Wednesday,11,29.1,70.4,133.0,59.4,63.2,2
ENG_A,Engineering,15,Monday,11,29.2,70.0,141.0,76.6,75.8,0
SPT_A,Sports,10,Monday,10,27.0,83.9,15.0,34.8,36.6,0
ADM_A,Administration,1,Wednesday,5,27.7,76.4,14.0,21.7,26.6,2
RES_B,Residential,5,Wednesday,8,24.1,81.8,175.0,42.2,46.5,2
RES_B,Residential,8,Wednesday,6,27.2,77.3,180.0,42.3,42.4,2
ENG_B,Engineering,16,Monday,8,29.5,75.1,77.0,55.1,56.4,0
ENG_B,Engineering,2,Tuesday,8,25.1,86.7,9.0,57.3,44.4,1
SCI_A,Science,5,Friday,3,25.4,80.9,10.0,59.1,57.0,4
SCI_A,Science,0,Thursday,10,25.7,83.0,2.0,56.1,55.2,3
RES_A,Residential,1,Sunday,11,26.2,77.9,140.0,49.7,50.1,6
ENG_A,Engineering,4,Wednesday,7,27.0,77.7,0.0,40.0,38.5,2
ENG_B,Engineering,2,Friday,2,26.0,82.4,20.0,38.6,38.3,4
LIB_A,Library,13,Wednesday,3,30.9,73.6,155.0,53.9,63.2,2
BUS_B,Business,8,Friday,8,28.3,75.2,50.0,50.1,42.1,4
ADM_A,Administration,3,Friday,3,27.4,81.3,5.0,23.9,27.7,4
LEC_A,LectureHall,23,Tuesday,7,27.7,76.1,0.0,24.5,24.6,1
ENG_A,Engineering,9,Saturday,12,28.2,74.4,56.0,54.6,53.0,5
SCI_A,Science,11,Monday,5,31.2,77.1,118.0,101.8,104.3,0
SCI_A,Science,14,Friday,4,31.4,72.6,149.0,119.3,113.8,4
ENG_A,Engineering,10,Tuesday,8,28.7,79.4,132.0,69.2,67.0,1
BUS_A,Business,2,Monday,7,27.5,81.5,23.0,31.2,32.5,0
RES_B,Residential,8,Sunday,10,27.9,75.5,220.0,43.3,51.6,6
ENG_A,Engineering,14,Tuesday,2,28.7,80.1,171.0,77.7,81.1,1
RES_B,Residential,7,Friday,2,27.3,77.4,208.0,41.8,46.4,4
LEC_A,LectureHall,19,Friday,3,30.2,77.0,0.0,37.4,40.0,4
RES_A,Residential,14,Sunday,12,31.8,67.1,95.0,48.2,46.7,6
RES_B,Residential,9,Saturday,3,28.3,79.1,188.0,41.5,43.1,5
SPT_A,Sports,22,Saturday,11,24.7,86.1,104.0,47.9,37.1,5
RES_A,Residential,11,Wednesday,5,29.6,71.3,172.0,53.8,53.4,2
SCI_A,Science,2,Saturday,1,26.1,89.8,0.0,68.9,71.7,5
SCI_A,Science,8,Wednesday,11,28.0,77.7,56.0,69.7,75.9,2
RES_B,Residential,18,Sunday,12,28.6,73.7,155.0,37.1,37.9,6
BUS_A,Business,22,Saturday,9,26.2,76.8,0.0,25.8,24.8,5
SPT_A,Sports,6,Friday,6,26.0,83.5,100.0,41.3,43.4,4
SCI_A,Science,15,Sunday,8,30.0,72.4,11.0,74.4,80.5,6
RES_B,Residential,19,Tuesday,2,28.4,74.4,202.0,36.2,40.6,1
LEC_A,LectureHall,13,Wednesday,6,29.8,,225.0,85.7,81.6,2
RES_B,Residential,13,Monday,1,31.6,70.0,111.0,47.4,48.8,0
ENG_A,Engineering,11,Monday,8,29.8,70.9,189.0,83.3,82.3,0
ENG_A,Engineering,1,Monday,12,25.9,87.2,23.0,42.3,45.4,0
SCI_A,Science,20,Thursday,4,24.7,98.5,21.0,68.3,70.3,3
RES_B,Residential,5,Monday,5,26.7,81.4,165.0,47.9,46.1,0
LIB_A,Library,21,Thursday,2,27.4,74.9,101.0,44.5,48.1,3
SCI_A,Science,7,Wednesday,10,25.7,85.2,0.0,53.4,58.1,2
RES_A,Residential,18,Wednesday,10,28.9,88.7,112.0,39.4,37.1,2
LEC_A,LectureHall,2,Thursday,3,24.6,86.8,16.0,26.9,28.2,3
RES_B,Residential,2,Wednesday,12,25.7,76.0,165.0,40.6,48.4,2
SCI_A,Science,1,Thursday,4,27.4,86.0,0.0,76.5,68.8,3
RES_A,Residential,2,Friday,10,25.4,87.5,138.0,38.0,42.7,4
ADM_A,Administration,19,Monday,3,28.8,78.9,0.0,27.4,32.9,0
SPT_A,Sports,18,Monday,2,30.3,69.8,174.0,69.9,65.8,0
SPT_A,Sports,14,Saturday,12,29.8,75.4,213.0,53.8,57.9,5
LEC_A,LectureHall,21,Sunday,4,28.5,81.7,0.0,30.3,29.6,6
BUS_A,Business,19,Friday,1,28.3,82.0,3.0,30.1,36.1,4
SCI_A,Science,4,Wednesday,11,26.2,75.8,7.0,84.9,77.8,2
ENG_A,Engineering,11,Monday,3,29.7,82.5,169.0,89.1,84.2,0
RES_A,Residential,10,Thursday,8,30.6,74.6,146.0,47.4,44.3,3
BUS_B,Business,9,Wednesday,9,29.4,69.1,72.0,51.4,48.0,2
LEC_A,LectureHall,2,Thursday,4,26.3,81.2,15.0,22.1,25.3,3
SCI_B,Science,3,Saturday,10,25.0,80.8,10.0,59.0,55.6,5
BUS_B,Business,8,Sunday,3,28.1,81.5,1.0,41.5,38.0,6
SCI_B,Science,1,Saturday,8,26.5,82.6,1.0,49.9,56.7,5
SCI_A,Science,15,Thursday,7,31.1,66.7,103.0,105.0,105.9,3
ENG_B,Engineering,7,Friday,7,28.3,78.1,183.0,34.7,65.8,4
RES_A,Residential,4,Thursday,12,25.3,82.9,251.0,46.2,47.6,3
SCI_B,Science,6,Sunday,10,24.7,83.3,0.0,50.5,47.6,6
BUS_A,Business,4,Tuesday,8,26.0,78.7,36.0,34.6,32.6,1
BUS_B,Business,17,Wednesday,10,29.4,79.4,66.0,42.9,51.3,2
LEC_A,LectureHall,5,Sunday,10,26.7,84.2,9.0,23.6,22.8,6
LEC_A,LectureHall,1,Thursday,7,26.8,80.7,0.0,23.0,23.5,3
BUS_B,Business,14,Tuesday,4,31.5,79.1,165.0,68.5,72.4,1
ENG_B,Engineering,23,Thursday,10,28.3,86.3,4.0,43.4,41.0,3
ADM_A,Administration,1,Wednesday,3,26.4,87.1,0.0,15.8,19.2,2
ENG_A,Engineering,17,Thursday,6,31.3,65.4,137.0,78.4,84.4,3
LEC_A,LectureHall,11,Saturday,2,30.2,79.0,226.0,73.5,77.5,5
BUS_B,Business,3,Tuesday,2,26.1,79.3,14.0,36.9,35.3,1
SCI_A,Science,1,Thursday,3,27.7,72.6,24.0,69.4,73.3,3
LEC_A,LectureHall,7,Thursday,6,27.0,81.8,39.0,40.2,38.1,3
SCI_B,Science,9,Monday,9,,76.2,61.0,71.2,77.1,0
SPT_A,Sports,3,Tuesday,3,26.1,82.7,,32.8,40.7,1
SCI_A,Science,21,Sunday,3,28.4,82.2,25.0,66.5,78.3,6
RES_A,Residential,15,Saturday,1,29.8,79.5,121.0,40.6,41.3,5
LIB_A,Library,11,Sunday,3,29.1,86.3,268.0,66.0,69.8,6
SCI_B,Science,4,Sunday,10,26.8,79.2,2.0,64.0,58.5,6
SCI_B,Science,4,Monday,5,26.3,75.1,15.0,59.8,60.0,0
BUS_A,Business,10,Monday,1,26.6,76.9,98.0,45.3,47.9,0
LEC_A,LectureHall,16,Sunday,11,29.4,75.3,23.0,28.9,32.7,6
ENG_A,Engineering,15,Monday,2,31.0,69.7,150.0,83.1,86.9,0
ENG_A,Engineering,1,Saturday,9,26.3,82.6,0.0,36.5,42.6,5
BUS_B,Business,14,Saturday,1,31.7,70.5,78.0,52.4,53.5,5
LEC_A,LectureHall,2,Tuesday,6,27.1,75.6,25.0,36.9,32.8,1
SCI_A,Science,10,Monday,4,30.8,74.0,98.0,116.7,109.6,0
LIB_A,Library,4,Sunday,8,25.9,90.8,2.0,29.8,33.9,6
RES_B,Residential,9,Friday,4,30.7,70.5,134.0,45.4,42.9,4
ADM_A,Administration,0,Saturday,2,26.3,79.4,2.0,20.1,23.5,5
LIB_A,Library,22,Tuesday,3,27.6,81.9,59.0,45.6,47.0,1
SCI_A,Science,16,Friday,10,30.8,76.5,106.0,91.1,89.0,4
SCI_A,Science,11,Tuesday,3,29.8,71.1,118.0,83.3,95.1,1
RES_B,Residential,9,Friday,10,28.5,84.5,148.0,33.0,39.2,4
LIB_A,Library,22,Sunday,9,28.1,77.6,38.0,44.7,43.4,6
ADM_A,Administration,1,Tuesday,8,24.4,88.4,0.0,20.9,21.3,1
ENG_A,Engineering,16,Friday,6,35.5,79.3,176.0,117.9,106.0,4
RES_A,Residential,14,Sunday,12,29.2,81.8,139.0,42.8,44.5,6
ADM_A,Administration,20,Monday,4,28.9,76.9,11.0,32.1,27.9,0
LEC_A,LectureHall,8,Tuesday,12,26.5,81.9,82.0,42.6,43.7,1
SPT_A,Sports,17,Tuesday,1,29.2,77.9,92.0,50.0,49.4,1
RES_B,Residential,7,Friday,4,28.0,87.7,205.0,51.1,52.3,4
LEC_A,LectureHall,17,Thursday,5,28.7,79.3,79.0,40.4,43.2,3
ENG_A,Engineering,13,Saturday,4,30.1,72.6,39.0,65.2,62.1,5
ADM_A,Administration,5,Tuesday,1,23.8,99.5,12.0,18.1,21.0,1
RES_A,Residential,21,Tuesday,3,28.9,72.8,189.0,53.2,59.3,1
ENG_B,Engineering,18,Monday,5,30.4,79.4,64.0,62.3,66.3,0
ENG_A,Engineering,1,Friday,1,26.9,72.2,48.0,42.7,46.7,4
ENG_B,Engineering,5,Sunday,6,27.4,81.2,4.0,32.6,42.2,6
BUS_A,Business,6,Saturday,6,26.7,81.1,0.0,28.7,30.8,5
BUS_A,Business,18,Wednesday,1,29.3,82.4,81.0,51.3,55.9,2
ADM_A,Administration,2,Saturday,1,26.6,87.0,0.0,21.5,20.0,5
SCI_B,Science,19,Tuesday,4,28.4,75.1,31.0,67.6,69.9,1
ENG_A,Engineering,5,Tuesday,3,26.3,76.8,7.0,39.0,38.4,1
BUS_B,Business,17,Monday,2,29.8,68.0,73.0,,61.6,0
BUS_A,Business,11,Wednesday,2,28.7,80.6,116.0,53.5,54.5,2
SPT_A,Sports,20,Friday,2,27.6,76.5,143.0,54.6,58.6,4
LIB_A,Library,17,Tuesday,4,31.3,69.6,235.0,68.1,64.7,1
ENG_B,Engineering,10,Wednesday,10,28.4,78.5,85.0,54.1,55.5,2
SPT_A,Sports,5,Thursday,6,26.5,84.5,36.0,37.8,44.2,3
BUS_B,Business,16,Monday,8,30.2,78.5,144.0,59.6,58.9,0
LIB_A,Library,6,Friday,6,28.1,81.8,0.0,34.2,41.9,4
ENG_B,Engineering,14,Monday,10,29.5,76.5,155.0,63.0,68.5,0
RES_B,Residential,17,Wednesday,5,31.0,74.3,133.0,47.9,45.7,2
ENG_B,Engineering,3,Friday,3,27.3,81.5,15.0,41.2,42.8,4
RES_B,Residential,6,Thursday,11,27.2,85.3,178.0,42.1,43.2,3
LEC_A,LectureHall,6,Thursday,1,25.6,83.2,0.0,21.9,23.2,3
LEC_A,LectureHall,16,Sunday,1,28.8,76.5,26.0,30.9,33.0,6
ENG_B,Engineering,19,Sunday,1,28.5,75.4,2.0,44.5,42.9,6
SCI_B,Science,9,Monday,6,28.4,78.1,64.0,71.3,75.5,0
SCI_A,Science,12,Friday,11,29.6,79.4,8.0,73.1,76.9,4
ENG_A,Engineering,10,Thursday,11,28.2,67.7,114.0,59.0,64.6,3
BUS_A,Business,12,Tuesday,2,30.2,68.7,119.0,59.8,54.4,1
RES_B,Residential,22,Wednesday,8,27.8,86.6,241.0,52.5,56.3,2
ENG_B,Engineering,15,Saturday,1,31.3,74.6,36.0,53.2,59.6,5
LIB_A,Library,17,Friday,8,30.4,68.6,188.0,44.3,53.0,4
ENG_A,Engineering,1,Wednesday,3,27.3,81.0,0.0,41.0,44.6,2
ENG_B,Engineering,21,Thursday,1,28.5,73.8,18.0,44.3,44.9,3
BUS_A,Business,4,Monday,6,27.0,80.8,18.0,30.4,34.3,0
RES_A,Residential,11,Sunday,6,29.7,74.8,178.0,43.5,46.2,6
LEC_A,LectureHall,1,Tuesday,7,26.1,84.1,0.0,29.3,25.4,1
LEC_A,LectureHall,20,Tuesday,4,29.5,78.0,0.0,33.8,32.5,1
SPT_A,Sports,0,Saturday,7,26.4,83.5,22.0,36.9,43.2,5
ENG_A,Engineering,19,Tuesday,1,29.3,78.1,68.0,51.9,66.0,1
LIB_A,Library,20,Tuesday,2,29.2,76.7,135.0,54.1,55.5,1
LIB_A,Library,15,Wednesday,11,28.7,76.8,185.0,50.9,49.9,2
LEC_A,LectureHall,8,Friday,2,28.9,76.5,107.0,45.3,55.7,4
BUS_B,Business,8,Tuesday,12,26.0,,192.0,32.9,51.8,1
BUS_A,Business,2,Sunday,9,26.0,79.3,18.0,27.5,25.0,6
SCI_A,Science,5,Thursday,6,26.6,83.5,0.0,61.9,65.0,3
SCI_A,Science,21,Thursday,9,28.0,78.5,0.0,72.5,74.7,3
RES_A,Residential,16,Saturday,5,30.2,73.4,153.0,43.9,47.6,5
LEC_A,LectureHall,13,Sunday,8,28.4,84.6,46.0,37.6,42.0,6
SCI_A,Science,2,Monday,9,,82.9,0.0,58.9,62.1,0
BUS_B,Business,11,Tuesday,2,30.3,78.2,134.0,57.5,65.7,1
BUS_B,Business,4,Friday,11,24.8,92.5,17.0,32.1,33.1,4
RES_B,Residential,20,Tuesday,9,28.7,69.5,214.0,38.3,44.3,1
LEC_A,LectureHall,15,Monday,2,31.0,66.4,176.0,79.5,79.5,0
SPT_A,Sports,8,Monday,8,27.8,76.9,116.0,55.2,50.9,0
ENG_A,Engineering,6,Tuesday,11,27.0,79.7,0.0,41.8,40.7,1
BUS_B,Business,21,Wednesday,3,28.7,78.9,14.0,41.7,41.7,2
SCI_A,Science,19,Sunday,3,29.3,,17.0,70.9,78.2,6
SCI_A,Science,23,Wednesday,5,27.3,83.3,6.0,65.3,70.8,2
LEC_A,LectureHall,1,Wednesday,6,26.0,81.4,,25.2,22.9,2
LIB_A,Library,7,Tuesday,1,27.1,77.6,0.0,28.0,27.3,1
ADM_A,Administration,13,Saturday,6,31.7,65.9,27.0,35.6,39.1,5
SCI_A,Science,0,Tuesday,9,26.4,78.9,0.0,57.1,62.6,1
SPT_A,Sports,8,Sunday,2,27.1,86.8,125.0,50.9,51.6,6
BUS_B,Business,2,Wednesday,10,24.7,91.1,0.0,28.6,31.6,2
SCI_B,Science,6,Monday,2,27.4,75.5,0.0,56.2,59.8,0
ENG_B,Engineering,21,Sunday,4,29.1,73.0,23.0,47.0,50.3,6
SCI_A,Science,8,Tuesday,7,26.6,88.1,61.0,69.0,68.9,1
SCI_A,Science,10,Sunday,1,28.9,76.1,35.0,74.7,84.0,6
SPT_A,Sports,3,Tuesday,12,25.4,79.6,52.0,31.2,45.7,1
LIB_A,Library,10,Wednesday,1,27.6,82.0,66.0,39.6,39.5,2
BUS_A,Business,10,Sunday,10,27.3,84.0,41.0,31.2,32.1,6
ENG_A,Engineering,0,Sunday,10,25.8,80.4,0.0,32.1,38.5,6
SCI_B,Science,17,Monday,2,29.0,78.6,71.0,93.4,88.3,0
ENG_A,Engineering,11,Friday,1,28.6,76.3,189.0,64.7,76.8,4
LIB_A,Library,3,Friday,10,26.6,76.7,18.0,26.7,27.6,4
SCI_A,Science,15,Friday,2,30.1,76.6,119.0,112.6,103.7,4
BUS_A,Business,9,Wednesday,10,26.8,70.6,58.0,32.0,32.0,2
ENG_A,Engineering,21,Wednesday,9,26.2,78.4,47.0,49.8,49.3,2
BUS_B,Business,8,Saturday,5,26.7,76.8,29.0,34.8,38.6,5
SCI_A,Science,0,Thursday,4,27.4,80.0,13.0,63.8,68.6,3
SPT_A,Sports,17,Thursday,2,28.9,72.8,124.0,52.5,54.0,3
SPT_A,Sports,7,Wednesday,2,27.0,82.5,95.0,51.0,53.0,2
ENG_A,Engineering,16,Tuesday,11,29.8,72.2,128.0,75.2,72.7,1
BUS_A,Business,7,Saturday,1,26.6,77.6,15.0,28.3,30.9,5
LIB_A,Library,22,Saturday,5,28.9,75.5,14.0,72.2,53.6,5
SCI_A,Science,3,Sunday,5,27.3,82.5,10.0,80.2,75.2,6
RES_B,Residential,2,Monday,2,26.4,88.8,176.0,43.1,47.4,0
ENG_B,Engineering,3,Saturday,12,25.3,79.2,15.0,30.1,35.0,5
RES_B,Residential,22,Monday,3,27.7,76.1,204.0,54.1,53.2,0
SCI_A,Science,12,Friday,3,30.0,76.9,137.0,104.0,108.8,4
RES_B,Residential,4,Thursday,8,26.5,85.9,180.0,43.9,50.0,3
LEC_A,LectureHall,0,Monday,12,26.8,78.0,0.0,24.6,24.5,0
RES_B,Residential,10,Sunday,3,29.1,74.0,143.0,45.1,44.8,6
SCI_B,Science,17,Sunday,12,29.7,83.7,13.0,66.5,71.5,6
LEC_A,LectureHall,5,Tuesday,9,26.0,80.3,1.0,24.7,25.3,1
SPT_A,Sports,19,Wednesday,12,28.9,77.6,162.0,58.8,58.7,2
ADM_A,Administration,2,Sunday,3,26.2,87.2,8.0,21.5,23.1,6
SPT_A,Sports,23,Friday,7,26.5,79.7,19.0,34.1,34.1,4
SCI_B,Science,13,Thursday,12,29.9,78.0,122.0,86.4,99.0,3
RES_A,Residential,20,Saturday,3,28.4,87.2,237.0,53.0,50.8,5
BUS_A,Business,11,Friday,4,30.4,77.1,140.0,57.1,59.9,4
LEC_A,LectureHall,12,Monday,10,,76.7,216.0,65.0,64.5,0
SCI_B,Science,1,Thursday,7,25.9,82.4,1.0,50.5,55.3,3
RES_A,Residential,9,Tuesday,11,27.1,78.9,196.0,40.6,41.9,1
LIB_A,Library,2,Monday,11,25.6,79.5,0.0,24.4,28.4,0
RES_B,Residential,5,Thursday,10,26.1,81.8,204.0,44.7,47.1,3
SCI_A,Science,23,Saturday,9,28.0,77.2,4.0,71.8,69.9,5
ADM_A,Administration,6,Friday,9,27.2,79.4,6.0,25.2,23.5,4
LIB_A,Library,23,Wednesday,3,28.1,79.1,19.0,92.4,57.3,2
RES_A,Residential,12,Monday,10,29.8,77.1,131.0,41.2,42.1,0
ENG_B,Engineering,17,Monday,12,29.9,72.6,80.0,44.2,55.5,0
ENG_A,Engineering,5,Saturday,5,26.3,79.0,0.0,37.2,44.2,5
SPT_A,Sports,6,Wednesday,6,26.5,78.9,112.0,52.7,48.3,2
SCI_A,Science,11,Thursday,1,27.4,78.7,166.0,76.4,98.2,3
RES_B,Residential,10,Friday,4,29.6,77.1,70.0,34.9,36.5,4
BUS_B,Business,12,Wednesday,11,28.4,76.5,166.0,66.2,68.6,2
ENG_A,Engineering,21,Saturday,9,29.2,80.6,0.0,48.7,53.4,5
ENG_A,Engineering,2,Monday,8,24.5,76.8,0.0,25.7,26.5,0
ENG_A,Engineering,10,Saturday,7,30.5,75.3,54.0,71.9,66.1,5
ADM_A,Administration,6,Friday,8,25.8,87.9,0.0,23.1,25.5,4
LEC_A,LectureHall,0,Monday,2,26.6,76.5,25.0,25.1,27.1,0
ENG_B,Engineering,10,Tuesday,11,29.2,67.8,128.0,62.0,62.2,1
BUS_A,Business,0,Thursday,6,26.2,75.5,3.0,29.0,31.7,3
SCI_B,Science,0,Thursday,3,27.7,76.6,1.0,62.8,66.3,3
LIB_A,Library,9,Monday,1,28.8,71.9,58.0,26.7,37.5,0
LEC_A,LectureHall,9,Tuesday,3,26.5,74.5,121.0,58.7,53.6,1
ENG_B,Engineering,16,Friday,12,30.2,75.2,98.0,65.5,61.3,4
ENG_B,Engineering,15,Saturday,10,28.5,76.8,54.0,45.6,46.3,5
BUS_B,Business,21,Tuesday,1,27.1,76.2,0.0,35.6,36.9,1
BUS_A,Business,1,Tuesday,3,26.7,77.6,0.0,32.7,30.5,1
ADM_A,Administration,4,Tuesday,10,24.7,88.7,3.0,19.9,15.8,1
SPT_A,Sports,8,Monday,6,28.3,80.8,105.0,59.5,55.8,0
RES_A,Residential,9,Monday,7,29.2,75.9,212.0,52.7,49.2,0
LEC_A,LectureHall,23,Friday,6,27.1,81.2,7.0,31.4,29.4,4
ENG_B,Engineering,15,Tuesday,9,30.1,76.6,133.0,67.4,62.7,1
ENG_B,Engineering,7,Tuesday,8,28.4,77.1,15.0,46.1,47.2,1
ENG_A,Engineering,4,Sunday,5,26.9,79.3,2.0,42.3,43.0,6
SCI_B,Science,5,Thursday,9,27.1,81.8,11.0,62.2,57.0,3
BUS_B,Business,3,Thursday,4,24.8,84.9,7.0,33.9,35.4,3
RES_B,Residential,21,Wednesday,4,28.8,73.3,188.0,52.8,52.0,2
ENG_B,Engineering,10,Friday,1,28.8,86.1,107.0,56.5,63.5,4
ADM_A,Administration,9,Monday,6,29.2,74.3,46.0,29.9,36.5,0
BUS_A,Business,8,Saturday,1,26.8,84.6,24.0,32.0,26.7,5
ADM_A,Administration,1,Thursday,6,26.0,75.6,1.0,20.8,24.3,3
BUS_B,Business,18,Saturday,7,30.8,71.8,21.0,43.0,46.9,5
ENG_A,Engineering,7,Sunday,10,27.8,77.5,0.0,38.4,40.0,6
RES_A,Residential,17,Thursday,2,29.3,72.0,147.0,40.9,41.6,3
LEC_A,LectureHall,23,Monday,7,27.0,82.2,0.0,27.4,31.2,0
LIB_A,Library,4,Saturday,3,25.4,82.5,23.0,31.5,32.7,5
ENG_B,Engineering,23,Saturday,9,28.1,79.9,13.0,46.0,41.2,5
ENG_B,Engineering,15,Friday,8,32.0,69.9,135.0,74.8,76.1,4
ADM_A,Administration,7,Saturday,4,27.5,80.5,0.0,23.1,23.2,5
RES_B,Residential,0,Thursday,8,27.9,73.8,97.0,38.3,46.2,3
ENG_B,Engineering,10,Monday,7,30.3,71.6,81.0,56.4,56.2,0
LIB_A,Library,17,Tuesday,7,31.5,74.4,194.0,61.6,68.6,1
SCI_A,Science,13,Monday,1,34.4,78.1,167.0,130.1,130.5,0
RES_B,Residential,10,Sunday,9,28.7,86.3,163.0,36.8,38.3,6
BUS_B,Business,1,Monday,10,26.2,82.4,7.0,35.9,34.7,0
ENG_A,Engineering,16,Wednesday,9,30.5,73.0,114.0,69.3,76.0,2
ADM_A,Administration,15,Friday,9,29.7,78.7,82.0,34.0,35.9,4
LIB_A,Library,8,Tuesday,12,27.5,91.6,3.0,24.1,24.1,1
ENG_A,Engineering,13,Monday,11,30.4,71.7,204.0,86.9,85.3,0
BUS_A,Business,7,Thursday,2,27.2,80.1,14.0,40.5,36.6,3
SPT_A,Sports,2,Monday,10,25.2,85.7,41.0,32.2,32.6,0
SCI_A,Science,5,Wednesday,11,27.2,78.6,16.0,66.6,72.8,2
SCI_A,Science,15,Tuesday,11,31.6,74.3,90.0,90.4,93.6,1
BUS_A,Business,21,Friday,5,28.9,74.6,9.0,37.4,42.5,4
SPT_A,Sports,19,Monday,12,29.8,72.9,171.0,79.0,73.3,0
RES_B,Residential,15,Friday,8,29.9,78.7,123.0,40.2,44.6,4
RES_B,Residential,0,Saturday,9,26.4,89.3,117.0,38.0,39.2,5
RES_A,Residential,5,Thursday,7,27.6,81.1,158.0,48.9,51.1,3
ADM_A,Administration,22,Friday,11,28.7,81.1,13.0,27.6,29.0,4
RES_A,Residential,11,Sunday,10,29.0,79.7,168.0,42.6,44.0,6
ENG_B,Engineering,13,Sunday,6,30.9,70.2,32.0,54.0,53.9,6
RES_B,Residential,10,Friday,11,29.4,78.6,149.0,33.9,41.2,4
LIB_A,Library,5,Tuesday,6,26.8,81.4,0.0,25.3,27.6,1
ENG_A,Engineering,15,Thursday,12,31.4,75.7,154.0,76.0,83.4,3
LEC_A,LectureHall,22,Tuesday,10,28.6,77.7,0.0,26.4,25.7,1
ENG_B,Engineering,15,Saturday,12,30.9,68.8,12.0,46.0,50.8,5
LIB_A,Library,15,Wednesday,12,29.2,76.2,170.0,55.4,53.5,2
LIB_A,Library,11,Sunday,4,30.2,75.6,35.0,38.6,47.5,6
ENG_B,Engineering,2,Friday,12,26.2,81.8,0.0,32.8,36.8,4
SCI_B,Science,11,Saturday,5,30.1,73.3,26.0,79.8,85.2,5
ENG_A,Engineering,9,Monday,4,29.3,84.9,129.0,71.5,75.6,0
SCI_B,Science,5,Thursday,6,26.5,79.3,0.0,57.2,57.3,3
RES_A,Residential,13,Friday,9,29.0,70.0,100.0,37.0,41.5,4
BUS_A,Business,13,Monday,6,31.4,66.6,162.0,75.0,72.1,0
LEC_A,LectureHall,14,Monday,8,29.1,69.6,189.0,68.8,65.2,0
ENG_B,Engineering,19,Wednesday,10,27.9,83.7,41.0,43.8,45.0,2
SPT_A,Sports,4,Sunday,11,26.2,86.3,21.0,35.4,36.4,6
LIB_A,Library,0,Thursday,5,26.4,83.5,16.0,27.5,28.5,3
LEC_A,LectureHall,0,Friday,5,26.6,73.6,0.0,23.9,27.0,4
SCI_A,Science,22,Monday,7,26.8,88.8,0.0,61.1,61.9,0
LIB_A,Library,6,Tuesday,4,26.4,80.0,11.0,25.5,26.5,1
ENG_B,Engineering,13,Friday,5,29.0,74.1,142.0,66.3,72.0,4
SCI_A,Science,13,Friday,2,34.6,88.6,120.0,127.9,126.0,4
LEC_A,LectureHall,7,Wednesday,8,27.8,82.9,15.0,29.7,27.4,2
ENG_A,Engineering,21,Thursday,9,29.2,,25.0,59.0,56.8,3
ENG_B,Engineering,8,Saturday,6,27.5,79.9,31.0,,46.0,5
SCI_B,Science,18,Wednesday,3,29.8,74.1,48.0,74.0,79.8,2
SCI_B,Science,15,Wednesday,7,31.3,64.8,112.0,82.5,91.6,2
SCI_A,Science,10,Tuesday,2,28.5,80.2,105.0,75.4,84.3,1
SCI_A,Science,21,Monday,4,28.2,75.5,23.0,74.8,79.4,0
LEC_A,LectureHall,14,Friday,8,30.6,69.6,222.0,74.5,81.3,4
RES_B,Residential,1,Monday,10,26.5,79.3,138.0,34.8,39.8,0
ENG_B,Engineering,18,Monday,5,30.8,74.1,53.0,49.2,53.0,0
RES_B,Residential,2,Monday,5,25.0,81.0,123.0,43.1,44.2,0
RES_B,Residential,12,Monday,2,34.0,85.7,261.0,57.2,59.0,0
ENG_B,Engineering,16,Tuesday,4,30.6,72.4,95.0,65.1,60.1,1
ENG_A,Engineering,14,Friday,6,31.8,67.6,200.0,88.1,91.5,4
ENG_A,Engineering,11,Tuesday,8,29.5,86.5,154.0,72.2,78.7,1
ENG_A,Engineering,9,Sunday,10,28.9,76.9,0.0,43.9,45.7,6
BUS_B,Business,16,Wednesday,2,30.9,76.6,130.0,59.7,65.0,2
BUS_B,Business,3,Wednesday,6,27.5,82.4,7.0,41.9,42.2,2
RES_A,Residential,15,Saturday,1,30.0,81.3,137.0,43.5,44.6,5
RES_B,Residential,18,Wednesday,10,29.8,69.1,164.0,40.0,39.3,2
ENG_B,Engineering,8,Sunday,11,28.2,74.0,4.0,40.6,44.5,6
RES_B,Residential,18,Thursday,9,30.5,68.0,287.0,56.5,56.3,3
BUS_A,Business,11,Thursday,12,30.2,86.8,100.0,58.3,51.3,3
ENG_A,Engineering,19,Monday,6,30.0,73.3,33.0,49.9,56.2,0
BUS_B,Business,16,Wednesday,7,30.4,71.5,130.0,63.4,67.7,2
ADM_A,Administration,15,Thursday,10,30.2,76.1,92.0,35.4,45.4,3
ADM_A,Administration,16,Monday,3,31.0,70.0,76.0,44.0,47.1,0
ADM_A,Administration,7,Monday,3,27.5,77.4,0.0,25.6,28.7,0
SCI_A,Science,10,Thursday,6,29.6,78.9,103.0,82.2,93.2,3
ADM_A,Administration,7,Thursday,11,24.8,90.8,2.0,23.5,17.1,3
LEC_A,LectureHall,9,Saturday,3,28.1,71.8,24.0,25.7,27.0,5
BUS_A,Business,23,Wednesday,8,26.6,73.9,15.0,25.4,30.9,2
LIB_A,Library,3,Thursday,1,26.1,80.5,37.0,30.6,32.2,3
ENG_B,Engineering,2,Monday,9,25.9,75.8,19.0,35.7,34.9,0
SCI_B,Science,10,Saturday,9,,68.5,30.0,74.9,72.9,5
BUS_B,Business,2,Monday,11,27.5,83.9,0.0,35.0,36.1,0
BUS_B,Business,5,Wednesday,8,26.6,80.0,18.0,37.6,40.6,2
BUS_B,Business,13,Sunday,5,30.9,66.1,38.0,44.8,43.8,6
BUS_B,Business,2,Tuesday,6,28.0,73.7,0.0,15.0,30.3,1
SCI_A,Science,12,Wednesday,12,29.2,76.5,120.0,96.4,91.0,2
ENG_B,Engineering,9,Sunday,8,27.5,86.1,22.0,36.5,48.6,6
BUS_B,Business,19,Sunday,2,28.9,75.1,25.0,39.4,39.5,6
BUS_A,Business,8,Wednesday,4,27.9,80.5,76.0,46.9,47.0,2
LEC_A,LectureHall,14,Saturday,8,30.4,68.1,33.0,39.9,39.4,5
BUS_A,Business,1,Tuesday,10,25.5,84.5,0.0,7.7,21.7,1
LIB_A,Library,18,Thursday,1,28.5,73.5,199.0,58.9,60.0,3
BUS_B,Business,18,Sunday,8,28.9,69.5,6.0,33.7,33.7,6
ENG_A,Engineering,16,Monday,3,32.0,69.0,122.0,85.3,78.5,0
LEC_A,LectureHall,23,Saturday,11,25.8,85.4,20.0,89.0,51.8,5
LIB_A,Library,17,Tuesday,2,30.9,65.3,197.0,68.3,64.1,1
RES_B,Residential,8,Wednesday,11,26.2,77.6,177.0,33.5,36.7,2
ENG_A,Engineering,2,Friday,3,26.1,80.6,22.0,35.8,44.9,4
SCI_B,Science,20,Thursday,2,27.8,75.1,16.0,51.0,61.8,3
SPT_A,Sports,20,Wednesday,1,29.7,76.7,143.0,60.2,61.6,2
LEC_A,LectureHall,22,Friday,5,28.3,80.2,0.0,30.3,28.3,4
ENG_B,Engineering,0,Tuesday,10,26.4,79.6,11.0,27.1,32.1,1
ENG_A,Engineering,7,Monday,5,29.2,75.9,216.0,35.2,69.7,0
SCI_B,Science,21,Thursday,5,29.1,65.9,2.0,65.3,68.6,3
BUS_B,Business,4,Monday,5,26.5,86.2,0.0,32.5,41.1,0
ADM_A,Administration,4,Saturday,3,26.5,78.4,11.0,22.0,22.8,5
RES_B,Residential,9,Tuesday,4,28.1,73.5,204.0,50.1,49.3,1
SCI_B,Science,20,Saturday,5,29.0,70.8,10.0,60.8,68.8,5
SCI_B,Science,4,Sunday,9,24.7,83.0,1.0,46.8,49.1,6
LIB_A,Library,3,Thursday,10,25.6,86.7,8.0,24.4,25.7,3
SCI_B,Science,13,Wednesday,11,28.8,74.2,99.0,85.1,88.6,2
LEC_A,LectureHall,7,Tuesday,11,27.3,78.9,0.0,21.3,21.7,1
BUS_A,Business,19,Wednesday,12,29.7,78.5,0.0,39.0,38.1,2
SCI_A,Science,22,Friday,12,,75.7,9.0,78.6,78.2,4
BUS_B,Business,8,Friday,9,27.7,81.5,85.0,51.9,57.6,4
BUS_A,Business,7,Wednesday,11,26.6,85.2,0.0,29.8,31.8,2
RES_A,Residential,11,Thursday,2,28.6,84.9,78.0,41.0,47.9,3
ENG_A,Engineering,9,Monday,6,27.6,80.3,118.0,60.9,69.7,0
RES_B,Residential,8,Friday,4,29.1,63.8,182.0,48.8,50.8,4
BUS_B,Business,4,Thursday,1,25.7,89.6,0.0,33.9,36.6,3
RES_B,Residential,2,Friday,12,24.3,81.7,,36.6,33.7,4
SCI_B,Science,5,Sunday,10,26.2,81.6,0.0,45.9,48.8,6
RES_A,Residential,17,Saturday,12,28.8,80.1,168.0,45.2,50.6,5
LIB_A,Library,3,Monday,12,24.8,83.5,0.0,24.3,24.7,0
BUS_A,Business,10,Saturday,6,30.1,64.9,17.0,35.1,37.0,5
LIB_A,Library,19,Thursday,8,29.6,74.4,170.0,61.8,63.2,3
BUS_B,Business,4,Monday,7,27.2,73.6,11.0,37.2,38.2,0
LEC_A,LectureHall,17,Monday,12,30.8,69.2,133.0,66.9,64.1,0
LEC_A,LectureHall,9,Friday,3,29.0,75.0,108.0,43.5,53.9,4
RES_A,Residential,9,Wednesday,12,27.5,78.9,228.0,47.0,50.5,2
BUS_B,Business,0,Saturday,6,27.1,85.7,21.0,29.9,36.6,5
ADM_A,Administration,0,Sunday,10,25.2,81.5,0.0,15.8,18.7,6
ENG_B,Engineering,8,Monday,10,25.4,79.2,61.0,42.0,45.1,0
RES_B,Residential,11,Tuesday,6,,70.6,163.0,42.4,41.5,1
LIB_A,Library,9,Wednesday,3,29.0,81.5,59.0,37.2,44.4,2
SCI_B,Science,4,Monday,4,27.2,77.3,8.0,55.0,60.0,0
RES_B,Residential,20,Saturday,6,29.5,76.5,223.0,51.7,49.1,5
SCI_B,Science,9,Thursday,10,28.3,77.6,,78.9,75.1,3
LIB_A,Library,13,Wednesday,2,30.0,77.3,160.0,54.0,57.5,2
ENG_A,Engineering,0,Friday,10,,75.6,9.0,40.7,46.6,4
LIB_A,Library,20,Thursday,3,28.9,70.0,114.0,54.8,53.2,3
LEC_A,LectureHall,15,Saturday,12,29.7,73.6,47.0,32.4,33.1,5
SPT_A,Sports,20,Sunday,5,28.0,85.9,140.0,50.2,62.1,6
SCI_B,Science,14,Sunday,1,29.8,68.7,37.0,76.0,75.5,6
RES_A,Residential,3,Thursday,3,25.9,83.1,183.0,46.2,53.5,3
RES_A,Residential,3,Wednesday,6,28.0,77.4,192.0,57.4,57.7,2
LIB_A,Library,5,Tuesday,11,25.7,80.8,17.0,28.5,29.7,1
BUS_B,Business,3,Saturday,2,25.6,84.0,0.0,28.2,27.6,5
SCI_B,Science,10,Tuesday,8,28.8,74.6,87.0,76.6,77.0,1
ADM_A,Administration,20,Tuesday,2,29.6,76.5,16.0,34.0,37.7,1
BUS_B,Business,5,Wednesday,12,25.2,89.6,15.0,33.0,36.4,2
RES_B,Residential,2,Saturday,6,27.6,78.5,156.0,42.7,48.6,5
ENG_B,Engineering,14,Thursday,10,31.0,73.0,148.0,68.2,74.3,3
BUS_A,Business,11,Friday,2,30.3,66.7,131.0,55.4,60.9,4
SCI_B,Science,9,Thursday,6,27.6,79.4,69.0,68.4,78.1,3
ADM_A,Administration,20,Saturday,7,29.4,76.3,4.0,29.9,28.9,5
SPT_A,Sports,14,Monday,1,28.2,75.5,46.0,42.7,48.1,0
SPT_A,Sports,21,Sunday,3,23.6,97.6,144.0,44.3,44.8,6
ADM_A,Administration,4,Sunday,3,24.7,82.0,0.0,10.7,17.4,6
BUS_A,Business,14,Sunday,12,29.7,78.3,34.0,36.9,34.3,6
SCI_B,Science,3,Friday,3,24.6,79.1,1.0,62.3,55.8,4
SCI_A,Science,8,Thursday,2,26.9,76.3,49.0,71.7,72.1,3
LIB_A,Library,2,Wednesday,6,27.3,79.7,0.0,,35.1,2
ADM_A,Administration,21,Tuesday,12,26.0,79.2,0.0,22.3,18.2,1
LIB_A,Library,14,Sunday,8,31.0,73.0,127.0,45.4,54.5,6
LEC_A,LectureHall,13,Tuesday,3,30.6,72.5,,76.3,78.3,1
ENG_A,Engineering,5,Monday,11,26.3,78.0,0.0,35.8,34.8,0
LEC_A,LectureHall,9,Sunday,4,28.3,73.1,42.0,,38.5,6
RES_B,Residential,23,Friday,12,27.4,80.9,238.0,52.2,56.9,4
BUS_A,Business,16,Sunday,6,30.9,68.8,37.0,42.0,43.2,6
ENG_B,Engineering,7,Thursday,6,28.0,71.5,0.0,37.9,38.0,3
RES_B,Residential,6,Wednesday,9,26.1,81.2,189.0,44.2,40.9,2
RES_A,Residential,15,Friday,1,28.4,79.5,81.0,45.8,41.4,4
SCI_B,Science,11,Thursday,9,28.6,79.6,103.0,81.3,83.4,3
LEC_A,LectureHall,9,Tuesday,10,27.8,78.6,99.0,46.0,51.3,1
SCI_A,Science,8,Thursday,2,25.9,82.4,43.0,79.4,77.2,3
LIB_A,Library,20,Saturday,8,27.3,79.2,99.0,44.5,47.1,5
RES_B,Residential,4,Monday,2,27.0,84.2,198.0,59.5,59.3,0
RES_A,Residential,0,Sunday,5,26.6,84.7,128.0,50.0,47.8,6
SCI_B,Science,0,Monday,2,27.3,79.8,0.0,68.7,63.8,0
ENG_A,Engineering,9,Friday,12,28.9,83.3,111.0,68.1,72.2,4
SCI_A,Science,23,Sunday,11,25.3,85.6,5.0,67.7,58.0,6
BUS_B,Business,23,Tuesday,1,25.7,82.8,26.0,43.2,40.6,1
LEC_A,LectureHall,23,Saturday,9,27.6,80.6,42.0,82.5,51.4,5
LEC_A,LectureHall,2,Sunday,4,27.1,79.9,0.0,12.8,24.8,6
SCI_A,Science,20,Thursday,8,29.0,77.7,17.0,81.0,78.3,3
SCI_B,Science,6,Saturday,10,27.3,81.3,6.0,63.4,60.3,5
SPT_A,Sports,22,Saturday,10,27.1,78.7,15.0,97.3,65.8,5
LIB_A,Library,4,Wednesday,2,26.3,77.9,0.0,22.9,27.4,2
SPT_A,Sports,19,Tuesday,11,30.3,68.9,182.0,64.2,68.5,1
LIB_A,Library,14,Friday,4,31.4,71.6,193.0,60.1,64.6,4
RES_A,Residential,9,Thursday,2,26.8,73.4,193.0,44.5,43.2,3
SCI_A,Science,22,Sunday,9,27.6,74.0,0.0,63.9,66.9,6
RES_A,Residential,6,Saturday,12,26.4,84.0,234.0,52.6,49.3,5
ENG_B,Engineering,2,Saturday,6,25.9,77.0,0.0,30.5,29.9,5
BUS_B,Business,11,Friday,2,29.5,72.9,150.0,61.2,65.1,4
RES_B,Residential,3,Wednesday,5,27.4,77.5,148.0,40.7,46.9,2
BUS_B,Business,22,Sunday,10,,82.6,12.0,26.5,24.6,6
LEC_A,LectureHall,23,Saturday,2,25.3,88.7,5.0,22.5,19.8,5
ENG_B,Engineering,7,Friday,9,25.7,89.4,0.0,31.7,27.7,4
ENG_A,Engineering,17,Monday,1,28.1,77.6,75.0,63.0,61.3,0
LEC_A,LectureHall,10,Wednesday,10,28.5,83.0,144.0,58.2,58.7,2
LEC_A,LectureHall,16,Tuesday,3,29.8,72.0,127.0,50.7,55.2,1
BUS_A,Business,16,Tuesday,3,30.9,78.2,99.0,55.0,58.7,1
ADM_A,Administration,8,Saturday,8,26.4,80.0,29.0,21.4,25.5,5
SCI_A,Science,9,Saturday,10,28.3,73.5,5.0,73.4,71.6,5
BUS_A,Business,16,Sunday,5,29.5,74.5,29.0,32.6,33.3,6
RES_B,Residential,0,Thursday,5,25.1,88.0,107.0,39.7,42.9,3
RES_A,Residential,10,Monday,4,29.7,76.0,133.0,50.7,50.1,0
BUS_A,Business,16,Tuesday,7,31.3,69.0,89.0,46.8,49.8,1
LIB_A,Library,19,Saturday,11,27.0,77.8,147.0,,49.3,5
LIB_A,Library,19,Monday,1,29.3,73.1,171.0,64.6,65.0,0
LIB_A,Library,10,Sunday,8,28.1,87.7,87.0,45.5,38.1,6
ADM_A,Administration,2,Wednesday,3,27.0,78.1,8.0,28.2,29.8,2
SCI_B,Science,4,Friday,5,26.8,83.7,4.0,49.5,56.6,4
RES_B,Residential,12,Monday,11,29.3,79.7,122.0,36.9,37.8,0
SCI_A,Science,14,Tuesday,11,30.7,70.5,118.0,,100.4,1
BUS_A,Business,4,Sunday,5,26.7,85.9,0.0,7.2,22.2,6
ENG_A,Engineering,22,Friday,5,29.8,73.0,9.0,53.1,59.3,4
RES_A,Residential,14,Monday,4,31.5,70.3,99.0,47.8,51.0,0
ENG_B,Engineering,0,Saturday,9,27.3,80.7,4.0,73.3,47.1,5
ADM_A,Administration,16,Friday,9,29.7,79.7,88.0,38.8,43.3,4
BUS_B,Business,0,Monday,8,27.2,76.2,0.0,29.3,32.2,0
SPT_A,Sports,10,Thursday,10,27.9,79.9,36.0,38.1,38.7,3
LEC_A,LectureHall,9,Friday,7,29.3,75.6,218.0,43.6,65.6,4
RES_A,Residential,1,Thursday,10,25.5,80.3,101.0,43.3,45.9,3
RES_A,Residential,9,Wednesday,10,27.9,78.3,197.0,41.3,45.1,2
LIB_A,Library,5,Wednesday,9,25.3,82.6,0.0,22.0,24.0,2
SCI_B,Science,5,Saturday,9,25.7,83.1,0.0,51.4,56.6,5
SPT_A,Sports,1,Wednesday,10,26.1,82.0,0.0,35.5,33.4,2
BUS_A,Business,2,Thursday,4,25.9,82.9,0.0,27.1,19.1,3
RES_B,Residential,14,Sunday,1,29.0,81.0,70.0,40.9,39.8,6
ENG_B,Engineering,18,Monday,10,30.7,70.7,64.0,56.6,59.6,0
LEC_A,LectureHall,11,Saturday,12,26.7,82.0,15.0,27.5,26.3,5
ENG_B,Engineering,19,Friday,6,24.7,98.4,23.0,33.7,38.1,4
SCI_B,Science,3,Monday,2,26.9,82.9,7.0,72.4,62.6,0
ENG_A,Engineering,9,Saturday,6,28.7,81.0,44.0,,56.2,5
LEC_A,LectureHall,6,Tuesday,5,28.4,74.4,0.0,28.5,31.4,1
RES_A,Residential,15,Monday,3,31.4,67.3,155.0,,55.1,0
RES_B,Residential,2,Saturday,4,27.1,80.7,132.0,46.5,49.1,5
SCI_A,Science,8,Saturday,3,29.2,79.0,0.0,66.8,73.8,5
BUS_A,Business,23,Sunday,4,27.9,76.8,9.0,30.4,34.5,6
LIB_A,Library,18,Sunday,5,24.8,99.0,149.0,53.0,51.5,6
SPT_A,Sports,19,Wednesday,1,29.2,76.5,160.0,69.6,63.9,2
RES_A,Residential,7,Monday,12,24.4,99.1,239.0,52.1,50.7,0
RES_B,Residential,15,Wednesday,5,31.3,74.8,96.0,45.7,46.9,2
ADM_A,Administration,9,Sunday,2,27.3,87.2,17.0,28.2,25.1,6
SCI_B,Science,5,Wednesday,9,26.3,78.4,18.0,59.4,59.7,2
SCI_A,Science,0,Sunday,11,27.0,78.2,5.0,48.9,62.1,6
BUS_A,Business,2,Monday,11,26.3,80.6,3.0,29.3,27.4,0
RES_A,Residential,20,Monday,4,29.5,76.4,268.0,51.3,53.2,0
ENG_A,Engineering,5,Thursday,3,26.9,87.3,34.0,45.1,48.0,3
BUS_B,Business,14,Thursday,4,31.0,77.4,,75.1,76.5,3
BUS_A,Business,4,Thursday,4,26.4,73.4,0.0,29.3,29.3,3
ENG_B,Engineering,8,Thursday,5,29.1,69.4,116.0,37.0,53.8,3
BUS_A,Business,11,Tuesday,12,28.2,77.0,125.0,45.7,50.3,1
SCI_B,Science,12,Wednesday,6,30.0,76.2,109.0,78.3,89.0,2
BUS_B,Business,7,Saturday,11,25.7,91.3,16.0,31.7,32.1,5
BUS_B,Business,22,Wednesday,3,28.1,,17.0,39.9,43.3,2
SCI_B,Science,19,Wednesday,5,29.5,77.1,0.0,68.7,75.9,2
ADM_A,Administration,18,Monday,11,30.6,70.9,19.0,35.5,29.1,0
RES_B,Residential,15,Saturday,11,28.7,82.2,94.0,35.8,42.3,5
SCI_A,Science,21,Saturday,7,27.2,81.1,12.0,67.9,72.6,5
SPT_A,Sports,17,Friday,7,31.2,81.0,100.0,56.2,64.1,4
BUS_A,Business,2,Saturday,1,25.8,83.2,2.0,24.4,25.4,5
ENG_A,Engineering,4,Tuesday,5,26.1,83.7,,75.0,53.8,1
LIB_A,Library,18,Saturday,10,29.5,73.9,231.0,66.5,68.2,5
LEC_A,LectureHall,10,Thursday,1,27.9,73.7,122.0,46.6,50.7,3
SCI_A,Science,4,Tuesday,5,27.0,77.1,0.0,54.3,65.7,1
BUS_B,Business,6,Monday,3,25.0,82.9,2.0,37.0,32.4,0
BUS_B,Business,11,Tuesday,4,29.3,78.8,132.0,61.9,66.7,1
SCI_A,Science,11,Wednesday,12,29.8,77.2,130.0,107.6,106.2,2
BUS_A,Business,19,Wednesday,1,29.2,79.6,0.0,38.6,41.6,2
ADM_A,Administration,10,Thursday,10,27.6,72.9,72.0,31.8,37.4,3
BUS_A,Business,7,Thursday,3,27.7,84.9,0.0,37.1,35.2,3
LIB_A,Library,20,Tuesday,7,29.7,77.9,140.0,44.9,53.9,1
SCI_A,Science,3,Sunday,5,25.6,84.8,0.0,70.2,66.1,6
ENG_A,Engineering,10,Sunday,1,28.2,78.4,42.0,52.7,50.1,6
ENG_A,Engineering,13,Wednesday,5,29.6,74.9,180.0,75.2,76.6,2
SCI_B,Science,6,Saturday,7,26.3,84.9,0.0,57.6,59.7,5
LIB_A,Library,9,Thursday,10,27.1,80.4,46.0,32.7,34.2,3
ENG_A,Engineering,13,Saturday,7,30.6,82.8,39.0,57.0,58.8,5
RES_B,Residential,9,Tuesday,10,28.3,82.7,147.0,37.0,37.1,1
LEC_A,LectureHall,2,Wednesday,6,25.9,86.0,14.0,27.6,28.5,2
ENG_B,Engineering,0,Saturday,5,27.4,82.2,0.0,39.7,43.7,5
ENG_B,Engineering,2,Wednesday,6,26.5,80.9,0.0,41.0,38.9,2
SPT_A,Sports,5,Saturday,3,25.2,85.1,38.0,39.7,41.1,5
RES_B,Residential,18,Tuesday,2,30.5,69.9,299.0,60.2,65.1,1
SCI_B,Science,5,Friday,12,26.6,85.0,0.0,50.5,59.2,4
LEC_A,LectureHall,7,Thursday,9,27.3,76.2,10.0,27.2,27.8,3
ENG_A,Engineering,6,Sunday,12,25.6,86.7,10.0,35.8,35.0,6
RES_A,Residential,1,Tuesday,8,26.2,86.0,112.0,43.3,45.7,1
SPT_A,Sports,17,Monday,9,28.7,74.9,125.0,52.2,54.2,0
BUS_B,Business,6,Wednesday,8,28.2,73.9,0.0,38.6,40.6,2
SPT_A,Sports,20,Tuesday,6,29.1,71.4,142.0,60.0,58.7,1
BUS_B,Business,22,Tuesday,9,27.6,80.5,0.0,40.1,37.2,1
ADM_A,Administration,0,Monday,4,,82.9,21.0,28.6,27.4,0
LEC_A,LectureHall,9,Friday,12,28.4,76.8,84.0,47.1,41.5,4
SCI_A,Science,9,Thursday,5,29.0,71.0,75.0,85.9,86.6,3
LEC_A,LectureHall,20,Monday,5,24.5,,26.0,28.7,27.7,0
SPT_A,Sports,19,Tuesday,8,30.0,70.3,181.0,60.1,64.5,1
SPT_A,Sports,22,Tuesday,6,28.7,74.3,11.0,88.0,60.2,1
ENG_A,Engineering,20,Saturday,10,28.2,82.3,20.0,44.7,45.8,5
BUS_A,Business,18,Tuesday,10,30.4,76.9,69.0,46.7,50.3,1
SCI_A,Science,17,Monday,5,31.2,76.6,88.0,101.6,96.9,0
SCI_B,Science,7,Tuesday,6,27.7,79.5,12.0,67.3,70.6,1
ENG_A,Engineering,20,Thursday,5,29.1,73.9,10.0,54.0,53.4,3
BUS_B,Business,1,Thursday,8,26.4,75.4,0.0,7.3,22.8,3
SCI_A,Science,11,Sunday,3,,72.6,16.0,84.5,88.2,6
BUS_A,Business,6,Friday,12,26.1,80.0,5.0,30.9,28.3,4
LIB_A,Library,18,Saturday,8,29.9,81.1,223.0,76.3,68.2,5
LIB_A,Library,1,Saturday,7,25.8,83.9,12.0,28.1,27.0,5
RES_B,Residential,2,Sunday,8,26.6,80.8,145.0,41.6,47.2,6
ADM_A,Administration,5,Saturday,12,25.7,86.3,0.0,19.9,16.0,5
ENG_B,Engineering,20,Sunday,6,28.6,79.5,44.0,48.3,51.1,6
ENG_B,Engineering,20,Monday,12,27.9,80.3,12.0,39.3,38.2,0
BUS_A,Business,18,Friday,3,30.4,73.3,59.0,43.6,44.9,4
ENG_B,Engineering,22,Saturday,4,28.5,68.9,10.0,45.5,48.8,5
LEC_A,LectureHall,19,Wednesday,12,29.0,70.2,0.0,30.4,32.8,2
ENG_A,Engineering,11,Tuesday,11,28.6,76.0,154.0,69.3,73.6,1
LEC_A,LectureHall,22,Wednesday,6,28.0,81.8,0.0,27.0,28.1,2
RES_A,Residential,17,Wednesday,2,30.1,74.9,109.0,44.1,44.4,2
LEC_A,LectureHall,1,Sunday,6,27.2,75.1,0.0,19.7,21.2,6
ENG_A,Engineering,10,Thursday,11,27.4,81.6,151.0,64.2,63.9,3
SCI_A,Science,11,Tuesday,1,27.2,80.9,112.0,82.9,83.7,1
RES_B,Residential,17,Friday,7,29.9,74.0,87.0,38.9,37.8,4
ENG_B,Engineering,7,Sunday,8,28.1,81.1,22.0,48.1,47.2,6
LIB_A,Library,9,Friday,8,28.5,80.9,27.0,33.8,33.0,4
SCI_B,Science,14,Friday,11,29.9,72.3,112.0,84.8,84.7,4
ADM_A,Administration,10,Monday,2,28.4,81.1,104.0,42.9,46.7,0
SPT_A,Sports,14,Sunday,6,30.7,71.4,10.0,50.4,51.5,6
ADM_A,Administration,1,Thursday,9,27.8,76.9,6.0,24.4,22.2,3
BUS_B,Business,1,Friday,10,24.9,82.3,21.0,33.2,33.9,4
ADM_A,Administration,23,Saturday,6,27.3,67.1,0.0,19.1,21.9,5
RES_B,Residential,3,Thursday,8,26.9,75.9,165.0,34.2,40.3,3
LIB_A,Library,0,Thursday,2,25.3,82.8,0.0,26.8,30.3,3
SPT_A,Sports,7,Thursday,5,27.3,82.4,166.0,62.9,64.5,3
RES_B,Residential,13,Wednesday,1,29.6,78.9,106.0,40.2,41.6,2
LEC_A,LectureHall,2,Wednesday,8,27.3,86.4,0.0,8.9,17.7,2
ADM_A,Administration,2,Friday,10,27.0,81.5,1.0,24.7,25.6,4
BUS_A,Business,6,Tuesday,4,27.9,76.7,18.0,36.6,36.7,1
RES_B,Residential,21,Friday,9,28.4,72.7,193.0,51.7,53.0,4
LIB_A,Library,19,Friday,9,28.9,80.0,139.0,51.6,54.2,4
RES_B,Residential,23,Thursday,3,28.0,78.8,246.0,59.2,56.1,3
SCI_B,Science,9,Tuesday,7,29.5,74.9,75.0,85.5,82.7,1
RES_B,Residential,12,Sunday,12,28.2,87.5,187.0,48.6,44.6,6
RES_B,Residential,21,Thursday,4,28.7,88.0,178.0,55.9,50.9,3
ENG_B,Engineering,15,Monday,12,31.4,76.7,148.0,74.1,76.3,0
SCI_A,Science,6,Tuesday,5,27.4,77.5,7.0,62.8,63.3,1
ENG_A,Engineering,21,Sunday,7,28.9,77.2,23.0,61.5,58.8,6
ENG_A,Engineering,18,Tuesday,11,28.6,84.9,70.0,58.8,54.1,1
SCI_A,Science,19,Sunday,5,30.5,74.5,0.0,94.4,88.9,6
SCI_B,Science,20,Monday,4,27.5,85.2,8.0,70.9,68.6,0
BUS_B,Business,12,Wednesday,3,29.7,74.9,165.0,53.2,63.9,2
BUS_A,Business,21,Saturday,10,27.6,78.1,7.0,29.3,34.4,5
BUS_A,Business,5,Sunday,3,27.6,76.4,0.0,30.2,28.8,6
LEC_A,LectureHall,13,Friday,9,29.7,69.6,201.0,68.6,69.2,4
SCI_A,Science,7,Monday,6,26.5,79.2,0.0,69.5,66.9,0
RES_B,Residential,14,Saturday,11,29.8,73.5,62.0,34.4,37.5,5
RES_A,Residential,13,Wednesday,2,30.4,76.5,170.0,45.3,46.5,2
BUS_A,Business,21,Saturday,4,29.4,74.0,14.0,36.9,35.9,5
ENG_B,Engineering,12,Wednesday,4,29.8,75.9,149.0,76.2,75.3,2
ENG_A,Engineering,15,Tuesday,6,29.8,76.8,126.0,82.7,79.8,1
BUS_B,Business,17,Saturday,3,29.7,72.8,27.0,42.4,43.4,5
SPT_A,Sports,13,Saturday,3,32.0,64.4,220.0,62.1,64.5,5
RES_B,Residential,19,Sunday,6,28.4,82.0,198.0,47.8,45.4,6
SCI_B,Science,2,Monday,3,25.7,84.1,0.0,65.6,60.2,0
SCI_B,Science,6,Sunday,11,27.6,74.9,19.0,70.0,71.0,6
LIB_A,Library,15,Saturday,7,30.0,75.2,134.0,52.1,49.6,5
ENG_A,Engineering,4,Thursday,5,26.3,71.8,12.0,38.5,39.4,3
ENG_A,Engineering,16,Friday,5,34.4,85.4,214.0,102.2,105.1,4
RES_A,Residential,10,Wednesday,9,27.6,81.8,194.0,38.5,43.5,2
ENG_B,Engineering,13,Thursday,1,30.0,68.0,167.0,70.8,75.5,3
SCI_B,Science,3,Friday,3,25.7,79.7,4.0,67.0,65.7,4
RES_B,Residential,1,Friday,6,26.7,79.8,104.0,38.2,45.0,4
ADM_A,Administration,12,Monday,1,30.4,,89.0,42.2,43.9,0
LEC_A,LectureHall,2,Tuesday,3,25.1,80.8,11.0,20.7,23.6,1
SCI_B,Science,21,Thursday,7,29.6,74.2,21.0,65.5,78.0,3
LEC_A,LectureHall,3,Thursday,9,26.3,79.6,19.0,20.4,28.5,3
LEC_A,LectureHall,13,Saturday,4,29.0,71.1,92.0,42.0,40.2,5
RES_A,Residential,17,Thursday,10,29.3,74.8,141.0,39.2,42.0,3
SCI_B,Science,0,Wednesday,3,26.6,86.9,28.0,65.0,63.4,2
BUS_B,Business,13,Thursday,6,29.6,81.3,160.0,69.1,74.0,3
LEC_A,LectureHall,23,Saturday,3,27.5,78.0,0.0,24.9,26.6,5
SCI_A,Science,5,Tuesday,10,26.9,78.8,0.0,60.8,68.2,1
RES_B,Residential,15,Wednesday,12,29.6,72.1,85.0,30.7,37.2,2
SCI_B,Science,2,Saturday,10,25.0,79.3,3.0,78.0,64.1,5
SCI_A,Science,13,Monday,3,31.2,74.7,136.0,92.6,107.0,0
SPT_A,Sports,1,Wednesday,9,27.0,84.8,0.0,36.2,30.7,2
LIB_A,Library,15,Thursday,12,28.8,72.0,209.0,54.5,57.5,3
LIB_A,Library,20,Sunday,6,29.0,75.3,64.0,46.1,51.5,6
ENG_B,Engineering,19,Thursday,11,29.6,77.4,29.0,49.2,47.4,3
ENG_A,Engineering,7,Sunday,2,26.3,86.6,0.0,46.3,41.4,6
BUS_B,Business,16,Wednesday,11,34.4,90.4,193.0,77.2,84.0,2
LIB_A,Library,8,Wednesday,12,26.2,90.8,43.0,31.6,36.3,2
ENG_A,Engineering,15,Saturday,4,30.4,76.1,83.0,,72.2,5
SPT_A,Sports,9,Friday,6,28.9,78.7,73.0,59.2,56.8,4
SPT_A,Sports,11,Monday,1,29.0,70.7,0.0,46.0,38.6,0
BUS_A,Business,20,Thursday,2,29.0,82.3,0.0,34.4,36.7,3
ADM_A,Administration,1,Wednesday,5,27.7,80.3,0.0,7.9,22.6,2
BUS_B,Business,15,Wednesday,8,35.5,85.5,151.0,96.1,84.4,2
SPT_A,Sports,23,Friday,1,25.2,81.6,20.0,82.0,48.9,4
BUS_A,Business,13,Wednesday,6,30.2,69.4,179.0,76.8,79.9,2
ENG_B,Engineering,8,Wednesday,12,27.6,,61.0,44.2,44.1,2
BUS_B,Business,0,Friday,4,27.6,78.0,0.0,41.2,43.0,4
ENG_B,Engineering,19,Thursday,10,29.5,69.9,24.0,,51.3,3
ENG_B,Engineering,8,Monday,8,28.7,83.8,61.0,51.9,47.2,0
LIB_A,Library,23,Thursday,12,27.9,74.3,28.0,44.4,38.5,3
RES_B,Residential,22,Tuesday,4,28.5,77.9,234.0,59.0,50.1,1
ADM_A,Administration,10,Tuesday,4,28.6,72.7,65.0,40.2,39.0,1
SCI_B,Science,22,Sunday,1,24.9,84.4,16.0,50.6,56.4,6
SCI_A,Science,22,Sunday,3,26.5,84.5,1.0,59.2,69.9,6
BUS_A,Business,21,Sunday,3,28.0,78.8,20.0,30.1,33.7,6
ADM_A,Administration,17,Sunday,8,30.2,73.7,6.0,27.9,27.7,6
LEC_A,LectureHall,13,Monday,11,27.5,78.0,215.0,63.7,61.9,0
LEC_A,LectureHall,4,Sunday,10,25.4,87.6,26.0,21.9,23.7,6
RES_B,Residential,23,Friday,12,26.7,81.1,221.0,48.4,50.6,4
ENG_A,Engineering,4,Wednesday,7,27.0,83.6,0.0,45.9,42.1,2
RES_A,Residential,20,Thursday,12,27.4,82.0,232.0,45.6,46.6,3
LEC_A,LectureHall,0,Friday,3,26.5,91.1,0.0,23.8,28.2,4
SPT_A,Sports,16,Saturday,4,32.6,69.9,72.0,62.1,68.7,5
ENG_A,Engineering,17,Sunday,12,29.7,,28.0,50.6,52.2,6
BUS_B,Business,13,Sunday,9,28.9,73.1,56.0,41.8,42.4,6
LIB_A,Library,16,Monday,10,30.1,75.2,232.0,68.6,64.5,0
SCI_A,Science,3,Thursday,12,25.8,83.6,0.0,67.2,64.6,3
LEC_A,LectureHall,20,Tuesday,1,28.1,75.5,0.0,25.5,29.1,1
ENG_B,Engineering,15,Tuesday,10,29.6,80.0,136.0,57.9,67.5,1
ENG_A,Engineering,4,Sunday,11,25.7,85.2,37.0,44.8,45.4,6
ENG_A,Engineering,23,Saturday,3,28.8,74.9,,58.5,52.5,5
SPT_A,Sports,9,Wednesday,11,27.7,77.3,72.0,48.7,54.5,2
SPT_A,Sports,2,Monday,3,26.6,77.7,0.0,33.1,36.1,0
LEC_A,LectureHall,19,Sunday,3,28.4,79.4,30.0,29.6,28.6,6
SPT_A,Sports,6,Friday,5,27.8,81.4,126.0,53.6,58.3,4
BUS_B,Business,3,Monday,9,26.8,78.3,0.0,40.7,40.4,0
SCI_B,Science,18,Friday,11,30.3,78.8,63.0,79.8,84.9,4
LEC_A,LectureHall,3,Wednesday,10,26.3,81.8,17.0,25.4,29.5,2
ADM_A,Administration,3,Saturday,7,26.1,81.4,0.0,19.4,20.3,5
LIB_A,Library,9,Friday,11,25.7,85.7,76.0,32.7,35.5,4
LIB_A,Library,1,Wednesday,12,25.1,84.3,0.0,22.7,24.5,2
BUS_A,Business,1,Sunday,10,25.4,85.9,0.0,16.8,23.2,6
ENG_B,Engineering,16,Tuesday,9,29.2,75.1,108.0,56.9,59.9,1
RES_A,Residential,22,Tuesday,8,27.1,79.3,248.0,56.6,58.2,1
SCI_A,Science,10,Wednesday,10,28.8,70.5,89.0,81.0,82.5,2
LEC_A,LectureHall,23,Sunday,9,26.5,80.2,22.0,,30.8,6
BUS_B,Business,16,Friday,12,29.0,,123.0,62.8,66.6,4
BUS_B,Business,9,Saturday,6,29.2,78.6,0.0,41.9,40.3,5
BUS_A,Business,9,Wednesday,2,28.1,74.9,79.0,50.5,45.7,2
BUS_A,Business,15,Thursday,3,34.6,86.0,126.0,80.8,77.1,3
ENG_B,Engineering,13,Wednesday,7,30.1,72.4,160.0,63.6,74.7,2
SCI_B,Science,11,Tuesday,6,30.1,68.4,98.0,76.8,90.5,1
RES_B,Residential,6,Wednesday,1,25.7,87.4,164.0,38.8,36.7,2
SCI_A,Science,19,Wednesday,5,29.2,80.3,13.0,73.9,76.3,2
BUS_B,Business,3,Friday,7,27.0,68.0,2.0,30.1,33.7,4
ENG_B,Engineering,12,Wednesday,6,31.3,77.0,155.0,70.3,78.9,2
RES_B,Residential,22,Thursday,9,27.5,77.7,209.0,51.4,56.4,3
LEC_A,LectureHall,5,Monday,9,25.6,84.0,7.0,23.9,26.3,0
SPT_A,Sports,3,Saturday,12,25.1,83.9,0.0,28.9,30.1,5
SPT_A,Sports,7,Monday,3,27.2,82.4,127.0,57.0,52.8,0
ENG_B,Engineering,20,Monday,11,27.4,80.8,10.0,39.8,40.2,0
RES_B,Residential,16,Tuesday,11,30.1,71.8,143.0,43.1,42.9,1
ENG_A,Engineering,12,Tuesday,3,30.6,75.6,,99.3,100.9,1
SCI_B,Science,0,Monday,10,25.8,79.7,1.0,50.8,50.6,0
SCI_B,Science,19,Sunday,12,,96.0,0.0,57.2,47.9,6
ENG_A,Engineering,15,Tuesday,12,29.1,75.5,184.0,82.3,78.1,1
SCI_A,Science,13,Wednesday,11,29.5,79.2,137.0,102.1,104.7,2
SCI_B,Science,11,Monday,8,29.1,72.8,97.0,84.1,86.9,0
SCI_A,Science,0,Monday,2,26.0,77.5,6.0,62.2,64.0,0
LIB_A,Library,5,Wednesday,7,26.2,80.8,1.0,22.7,27.9,2
BUS_A,Business,8,Saturday,2,27.8,79.6,29.0,30.4,29.4,5
BUS_B,Business,19,Saturday,9,30.5,74.4,0.0,40.8,40.9,5
LIB_A,Library,8,Thursday,6,28.6,79.2,60.0,33.0,42.4,3
SPT_A,Sports,9,Sunday,4,31.0,71.1,70.0,56.0,58.4,6
BUS_B,Business,3,Tuesday,9,25.3,84.0,0.0,28.9,33.9,1
LEC_A,LectureHall,21,Wednesday,6,28.3,71.2,39.0,43.2,38.4,2
RES_A,Residential,13,Saturday,4,32.2,68.4,125.0,54.5,56.1,5
RES_B,Residential,18,Tuesday,5,30.0,76.8,186.0,41.2,49.0,1
ENG_A,Engineering,1,Thursday,7,25.4,88.2,29.0,46.8,46.9,3
SCI_B,Science,1,Sunday,4,26.9,81.7,1.0,71.0,65.1,6
SCI_A,Science,15,Monday,7,29.9,75.4,100.0,83.1,87.4,0
SCI_B,Science,10,Thursday,6,29.2,76.8,112.0,88.2,91.4,3
RES_A,Residential,22,Tuesday,9,27.6,77.7,284.0,62.1,57.6,1
LEC_A,LectureHall,23,Saturday,9,26.8,80.8,0.0,23.7,23.0,5
RES_B,Residential,19,Monday,4,28.6,79.5,167.0,47.7,42.9,0
SCI_B,Science,14,Sunday,6,30.5,64.6,21.0,60.6,71.0,6
RES_A,Residential,14,Saturday,8,30.2,72.7,83.0,45.5,43.9,5
ENG_A,Engineering,13,Friday,7,28.0,78.2,228.0,85.1,87.9,4
SCI_A,Science,2,Friday,10,24.5,86.9,22.0,60.0,65.3,4
RES_A,Residential,14,Friday,10,29.2,76.2,129.0,36.0,43.7,4
SCI_B,Science,0,Thursday,12,26.7,78.0,9.0,54.2,57.0,3
BUS_A,Business,22,Friday,1,26.7,75.6,19.0,32.2,39.9,4
ENG_A,Engineering,17,Monday,2,29.0,78.8,105.0,54.6,59.4,0
LEC_A,LectureHall,15,Tuesday,12,35.3,79.9,214.0,92.4,96.3,1
LIB_A,Library,3,Wednesday,6,25.7,86.2,33.0,31.2,34.4,2
SCI_A,Science,23,Thursday,4,27.4,77.7,20.0,70.5,73.1,3
SCI_A,Science,14,Saturday,7,29.6,72.4,48.0,86.0,85.3,5
LIB_A,Library,0,Wednesday,11,26.1,78.1,0.0,29.5,28.1,2
SPT_A,Sports,3,Monday,1,24.7,91.4,34.0,37.4,33.5,0
ENG_B,Engineering,1,Tuesday,10,25.3,78.0,0.0,28.2,28.8,1
RES_B,Residential,0,Sunday,8,26.4,81.1,123.0,42.0,42.2,6
BUS_B,Business,0,Saturday,9,27.5,77.0,5.0,33.9,32.9,5
ENG_B,Engineering,22,Monday,10,28.3,86.0,12.0,45.6,42.9,0
LEC_A,LectureHall,7,Wednesday,10,,99.2,0.0,22.6,22.4,2
LEC_A,LectureHall,12,Thursday,6,31.7,67.9,221.0,87.9,85.6,3
LEC_A,LectureHall,22,Tuesday,7,27.3,77.5,31.0,95.1,60.4,1
LIB_A,Library,21,Wednesday,10,24.9,96.4,97.0,43.7,38.6,2
LEC_A,LectureHall,15,Wednesday,4,30.8,72.2,184.0,67.5,70.3,2
SPT_A,Sports,1,Tuesday,7,26.9,88.0,0.0,30.5,33.7,1
ENG_B,Engineering,16,Monday,5,30.7,70.9,127.0,73.3,76.7,0
BUS_A,Business,23,Tuesday,2,26.6,74.1,1.0,30.3,32.3,1
RES_A,Residential,16,Thursday,11,29.9,75.3,115.0,39.1,44.7,3
BUS_B,Business,3,Sunday,4,26.1,84.7,0.0,7.1,22.6,6
ENG_B,Engineering,3,Monday,3,26.9,82.5,10.0,34.5,36.1,0
ADM_A,Administration,20,Friday,9,28.9,78.7,0.0,22.2,25.5,4
SCI_A,Science,21,Wednesday,12,26.2,76.6,23.0,66.6,73.8,2
BUS_A,Business,15,Friday,5,31.6,72.2,112.0,55.8,61.0,4
ENG_B,Engineering,6,Wednesday,6,26.9,81.2,13.0,42.9,42.4,2
ADM_A,Administration,8,Thursday,10,26.2,84.1,42.0,28.0,27.5,3
BUS_B,Business,3,Monday,11,27.2,78.2,0.0,40.3,40.4,0
LIB_A,Library,5,Thursday,1,26.4,74.1,0.0,26.0,25.9,3
RES_A,Residential,11,Saturday,12,27.8,65.4,177.0,43.7,49.3,5
ADM_A,Administration,15,Monday,7,31.6,79.8,99.0,48.5,48.5,0
SCI_B,Science,11,Tuesday,9,28.5,76.6,105.0,90.4,76.8,1
ENG_A,Engineering,19,Tuesday,12,29.1,74.3,36.0,48.9,52.1,1
RES_A,Residential,11,Sunday,11,29.2,80.3,109.0,41.1,39.9,6
SPT_A,Sports,3,Monday,10,25.6,82.5,27.0,38.3,33.3,0
SCI_B,Science,19,Tuesday,10,28.5,74.7,17.0,64.0,68.6,1
BUS_A,Business,7,Wednesday,7,26.7,82.4,34.0,37.2,41.9,2
ADM_A,Administration,13,Wednesday,1,30.0,68.6,99.0,39.2,46.3,2
LIB_A,Library,23,Thursday,9,25.9,,59.0,32.2,36.7,3
ENG_B,Engineering,14,Monday,1,30.5,69.1,151.0,70.2,73.0,0
LIB_A,Library,13,Saturday,11,29.5,75.2,99.0,35.1,48.3,5
BUS_A,Business,4,Monday,1,25.9,80.4,0.0,7.0,22.7,0
LIB_A,Library,16,Wednesday,2,30.2,73.9,200.0,54.2,62.3,2
RES_B,Residential,6,Sunday,4,27.8,84.7,,52.6,55.1,6
LIB_A,Library,0,Saturday,7,27.6,78.8,0.0,,28.8,5
RES_B,Residential,14,Wednesday,11,30.6,76.3,97.0,42.0,42.1,2
BUS_B,Business,11,Saturday,1,28.2,90.4,51.0,46.7,42.1,5
LEC_A,LectureHall,15,Wednesday,9,34.2,79.9,199.0,80.9,84.3,2
LEC_A,LectureHall,17,Monday,12,30.0,72.8,85.0,52.3,54.7,0
LEC_A,LectureHall,11,Thursday,11,28.6,80.7,201.0,72.8,69.7,3
LEC_A,LectureHall,8,Tuesday,6,27.3,78.6,93.0,42.4,45.1,1
RES_A,Residential,16,Friday,3,31.6,67.9,108.0,48.0,50.1,4
SCI_A,Science,3,Tuesday,3,26.8,80.1,0.0,62.8,67.6,1
ENG_B,Engineering,2,Tuesday,3,26.1,95.0,9.0,38.5,43.7,1
ENG_B,Engineering,6,Thursday,8,26.7,78.5,29.0,40.2,39.7,3
ADM_A,Administration,12,Sunday,8,29.7,76.3,35.0,30.4,31.7,6
ENG_B,Engineering,8,Friday,10,28.3,78.3,70.0,55.1,54.2,4
SPT_A,Sports,14,Friday,2,30.7,76.5,56.0,58.2,48.9,4
ADM_A,Administration,21,Friday,1,28.4,78.9,2.0,26.6,27.4,4
RES_A,Residential,14,Sunday,11,29.1,80.8,160.0,49.5,49.2,6
RES_B,Residential,4,Friday,12,26.7,81.2,138.0,39.4,38.6,4
ENG_B,Engineering,8,Saturday,7,28.0,83.1,12.0,47.1,46.2,5
RES_A,Residential,18,Monday,1,28.1,72.6,138.0,43.7,49.7,0
ENG_B,Engineering,7,Monday,12,25.5,75.5,10.0,35.4,35.9,0
LEC_A,LectureHall,11,Sunday,7,28.8,69.7,49.0,34.9,38.8,6
BUS_A,Business,13,Tuesday,11,31.3,68.0,159.0,62.4,73.2,1
LEC_A,LectureHall,22,Monday,9,26.8,77.4,12.0,25.8,28.4,0
SPT_A,Sports,12,Thursday,2,29.0,79.4,12.0,46.2,45.2,3
BUS_A,Business,17,Saturday,4,30.8,78.4,34.0,42.8,51.0,5
RES_A,Residential,7,Saturday,11,26.8,76.5,268.0,60.8,58.5,5
SCI_B,Science,9,Thursday,7,30.6,80.0,73.0,82.1,86.4,3
ENG_B,Engineering,12,Wednesday,10,29.1,70.7,180.0,77.8,78.3,2
SCI_A,Science,9,Friday,7,29.9,69.6,62.0,82.9,88.5,4
BUS_B,Business,11,Wednesday,12,28.0,73.5,138.0,57.7,61.3,2
LEC_A,LectureHall,22,Saturday,1,25.8,76.5,16.0,23.3,22.6,5
BUS_B,Business,8,Monday,10,27.8,76.8,70.0,43.4,52.5,0
LIB_A,Library,17,Thursday,11,29.2,78.2,199.0,56.4,54.9,3
ENG_B,Engineering,7,Tuesday,4,26.6,83.2,143.0,23.6,46.7,1
SCI_B,Science,3,Monday,6,27.4,74.7,5.0,51.8,58.1,0
SCI_A,Science,9,Wednesday,9,28.4,79.3,74.0,77.8,80.5,2
RES_A,Residential,15,Wednesday,10,31.7,70.0,119.0,39.9,43.7,2
RES_A,Residential,0,Friday,1,25.3,77.6,157.0,43.4,42.9,4
ENG_B,Engineering,17,Tuesday,6,30.1,78.8,110.0,61.1,61.8,1
BUS_B,Business,20,Monday,7,29.3,74.4,10.0,42.0,44.8,0
ENG_B,Engineering,5,Friday,1,26.1,83.8,11.0,37.0,35.3,4
RES_A,Residential,12,Thursday,2,30.0,77.5,,43.3,50.3,3
ADM_A,Administration,21,Thursday,4,24.8,99.5,0.0,23.8,27.1,3
RES_B,Residential,23,Saturday,1,25.2,77.9,270.0,49.5,51.0,5
LEC_A,LectureHall,15,Monday,3,31.7,68.7,195.0,74.8,79.7,0
LIB_A,Library,2,Wednesday,2,25.0,76.2,0.0,26.2,25.2,2
RES_A,Residential,16,Tuesday,3,34.7,79.4,258.0,71.7,74.1,1
ENG_B,Engineering,7,Sunday,12,25.5,84.1,0.0,33.1,33.2,6
ADM_A,Administration,5,Thursday,7,28.6,76.2,0.0,27.4,26.3,3
BUS_B,Business,4,Tuesday,10,26.0,83.7,,38.1,35.5,1
ENG_B,Engineering,11,Thursday,8,29.6,69.9,130.0,60.5,67.1,3
LIB_A,Library,20,Saturday,1,29.1,75.6,95.0,51.0,54.4,5
BUS_A,Business,6,Monday,6,26.9,81.7,2.0,30.4,32.9,0
SCI_A,Science,4,Monday,1,25.6,83.2,11.0,61.6,67.4,0
RES_B,Residential,22,Thursday,1,28.0,79.0,253.0,64.6,61.6,3
BUS_A,Business,2,Sunday,9,26.4,89.1,0.0,,19.8,6
RES_B,Residential,21,Monday,5,27.7,80.2,169.0,50.0,49.4,0
LEC_A,LectureHall,3,Wednesday,8,24.5,78.9,0.0,,23.1,2
RES_B,Residential,22,Wednesday,4,27.8,82.3,218.0,56.5,55.4,2
LIB_A,Library,9,Thursday,5,30.5,76.4,36.0,39.0,44.0,3
RES_B,Residential,22,Monday,11,27.5,82.0,226.0,49.3,54.4,0
ADM_A,Administration,2,Monday,6,27.1,78.7,0.0,15.1,21.5,0
BUS_A,Business,2,Wednesday,1,25.5,85.1,8.0,27.9,30.4,2
BUS_A,Business,4,Monday,2,25.8,85.8,0.0,25.0,26.0,0
ENG_A,Engineering,13,Tuesday,5,29.7,73.2,208.0,89.1,93.2,1
ENG_A,Engineering,5,Saturday,2,25.9,84.7,6.0,40.7,42.1,5
RES_A,Residential,1,Tuesday,9,26.4,87.1,157.0,44.9,49.3,1
LEC_A,LectureHall,16,Saturday,3,31.1,75.1,39.0,44.4,41.9,5
LIB_A,Library,9,Saturday,6,29.1,73.1,27.0,33.4,39.3,5
SCI_A,Science,9,Monday,12,28.3,79.5,130.0,49.3,79.2,0
SPT_A,Sports,7,Saturday,4,28.1,,107.0,49.1,57.6,5
ENG_A,Engineering,21,Saturday,7,27.8,75.1,4.0,41.1,45.1,5
ENG_A,Engineering,11,Tuesday,11,28.6,87.3,155.0,69.9,71.3,1
RES_B,Residential,20,Wednesday,11,27.7,80.1,199.0,51.7,48.2,2
LIB_A,Library,19,Friday,9,28.9,80.5,151.0,61.6,56.6,4
LEC_A,LectureHall,9,Friday,8,27.8,84.6,104.0,56.5,49.2,4
SPT_A,Sports,15,Monday,7,30.2,76.3,44.0,50.6,50.0,0
ENG_B,Engineering,19,Saturday,10,28.5,82.5,0.0,30.5,37.8,5
LEC_A,LectureHall,4,Saturday,8,26.6,83.2,0.0,23.2,24.4,5
BUS_A,Business,10,Monday,5,28.9,73.6,99.0,54.4,53.4,0
ENG_B,Engineering,20,Sunday,2,30.0,74.2,0.0,52.4,53.5,6
BUS_B,Business,15,Saturday,4,30.3,72.3,9.0,36.4,37.4,5
SCI_A,Science,0,Wednesday,7,27.5,82.7,2.0,75.0,72.4,2
SPT_A,Sports,8,Friday,5,28.4,77.8,107.0,55.1,58.4,4
ENG_B,Engineering,23,Monday,8,27.9,78.2,33.0,36.6,40.4,0
RES_A,Residential,20,Sunday,5,26.9,76.2,238.0,52.5,56.2,6
RES_A,Residential,15,Sunday,2,,65.2,169.0,56.3,49.7,6
BUS_B,Business,9,Friday,12,27.6,76.5,73.0,41.9,45.3,4
SCI_B,Science,3,Thursday,1,25.1,84.1,,48.2,54.6,3
ENG_A,Engineering,6,Saturday,1,26.0,76.2,0.0,42.4,45.2,5
BUS_B,Business,12,Friday,2,30.2,69.6,167.0,67.7,70.9,4
LIB_A,Library,15,Tuesday,9,31.0,69.2,179.0,57.7,54.5,1
BUS_B,Business,22,Thursday,11,27.6,84.7,18.0,44.7,45.3,3
SPT_A,Sports,12,Sunday,2,32.4,67.8,0.0,55.7,50.1,6
BUS_B,Business,9,Tuesday,12,28.1,73.7,88.0,46.6,51.3,1
ENG_B,Engineering,10,Wednesday,1,29.3,73.7,117.0,58.1,59.7,2
ADM_A,Administration,13,Sunday,11,28.6,75.4,31.0,25.5,29.1,6
SCI_B,Science,11,Thursday,10,29.0,70.7,88.0,,78.4,3
LEC_A,LectureHall,5,Wednesday,2,25.9,80.4,21.0,27.5,30.9,2
BUS_B,Business,20,Wednesday,4,30.6,75.4,23.0,49.4,56.4,2
BUS_B,Business,0,Saturday,6,27.7,75.4,6.0,32.7,37.1,5
BUS_B,Business,3,Thursday,10,24.6,86.4,4.0,31.4,31.1,3
RES_B,Residential,6,Friday,11,26.5,82.0,131.0,36.9,44.9,4
LEC_A,LectureHall,7,Sunday,6,27.5,77.0,0.0,21.8,24.3,6
LIB_A,Library,3,Sunday,10,26.2,78.6,17.0,25.1,31.6,6
SCI_A,Science,11,Wednesday,11,30.0,69.5,105.0,73.8,91.4,2
BUS_A,Business,14,Wednesday,11,28.0,77.2,123.0,45.3,46.2,2
LIB_A,Library,1,Thursday,9,25.7,86.2,0.0,23.0,26.2,3
BUS_A,Business,17,Sunday,6,30.8,70.2,14.0,40.7,37.0,6
BUS_A,Business,5,Thursday,4,27.2,73.7,21.0,29.9,34.8,3
SCI_A,Science,2,Friday,7,24.9,85.1,10.0,57.1,58.6,4
SCI_A,Science,4,Sunday,9,26.5,81.0,0.0,65.4,55.9,6
RES_B,Residential,15,Monday,11,27.7,69.4,92.0,27.5,34.7,0
RES_A,Residential,5,Saturday,4,27.4,81.3,245.0,58.9,53.4,5
BUS_A,Business,6,Wednesday,5,26.2,77.3,7.0,35.2,32.5,2
ENG_A,Engineering,18,Saturday,5,31.8,72.6,39.0,64.2,60.9,5
BUS_A,Business,9,Friday,4,30.0,72.6,61.0,46.8,49.3,4
BUS_B,Business,10,Saturday,12,28.6,75.0,48.0,43.0,44.5,5
LIB_A,Library,23,Thursday,4,28.2,81.5,19.0,36.8,40.1,3
LEC_A,LectureHall,4,Sunday,3,25.2,87.6,25.0,22.2,21.2,6
ENG_B,Engineering,11,Sunday,9,,74.6,27.0,45.8,49.1,6
RES_A,Residential,9,Saturday,3,29.5,80.8,178.0,35.4,47.6,5
SCI_B,Science,6,Thursday,9,24.9,71.8,1.0,52.4,50.1,3
BUS_B,Business,19,Friday,4,29.0,71.2,10.0,45.7,38.2,4
SPT_A,Sports,13,Wednesday,10,30.1,75.2,28.0,37.3,43.9,2
BUS_A,Business,5,Sunday,8,27.6,78.0,10.0,30.9,29.5,6
RES_B,Residential,21,Saturday,5,28.6,79.0,242.0,52.1,51.3,5
ENG_A,Engineering,7,Wednesday,6,27.9,68.3,0.0,,41.9,2
RES_A,Residential,1,Thursday,4,27.0,74.7,128.0,46.6,45.3,3
LEC_A,LectureHall,10,Thursday,10,27.2,75.7,139.0,64.7,54.4,3
ENG_A,Engineering,8,Friday,12,26.9,80.6,89.0,57.1,57.6,4
RES_A,Residential,0,Tuesday,4,27.7,80.0,116.0,49.6,49.9,1
SCI_A,Science,20,Thursday,12,28.2,75.1,15.0,69.7,68.9,3
RES_B,Residential,5,Monday,6,26.9,79.1,159.0,43.9,47.8,0
SCI_A,Science,9,Tuesday,9,27.8,82.4,63.0,80.4,76.3,1
SPT_A,Sports,17,Wednesday,6,29.5,78.0,167.0,60.6,68.3,2
RES_B,Residential,23,Saturday,12,27.9,79.8,262.0,52.0,60.6,5
BUS_A,Business,8,Wednesday,6,28.8,75.5,61.0,45.9,44.3,2
LEC_A,LectureHall,21,Sunday,8,29.1,81.1,0.0,,31.2,6
SPT_A,Sports,11,Saturday,7,,74.1,68.0,53.1,54.0,5
ENG_A,Engineering,11,Friday,3,30.0,76.3,190.0,75.9,89.6,4
SPT_A,Sports,16,Monday,3,31.4,73.1,90.0,58.9,58.5,0
LIB_A,Library,21,Wednesday,9,29.0,72.5,80.0,46.5,44.7,2
RES_A,Residential,21,Tuesday,10,25.5,92.1,204.0,47.0,51.2,1
RES_B,Residential,6,Saturday,6,27.1,81.3,216.0,47.2,51.2,5
SCI_B,Science,4,Sunday,9,24.4,83.2,0.0,50.1,54.9,6
ADM_A,Administration,13,Monday,11,28.7,74.5,116.0,,45.2,0
LIB_A,Library,17,Saturday,6,29.7,73.3,171.0,52.4,55.7,5
BUS_B,Business,14,Friday,9,30.6,69.0,156.0,61.1,72.3,4
LEC_A,LectureHall,10,Saturday,7,29.5,78.9,39.0,35.5,42.2,5
LEC_A,LectureHall,21,Sunday,6,28.8,78.8,0.0,25.3,23.8,6
LEC_A,LectureHall,9,Friday,7,27.3,87.0,94.0,42.8,48.7,4
RES_B,Residential,23,Tuesday,9,25.8,86.2,227.0,50.3,48.5,1
LEC_A,LectureHall,9,Friday,7,30.1,73.2,140.0,56.4,59.7,4
SCI_B,Science,0,Monday,10,26.4,77.7,0.0,63.6,56.8,0
SPT_A,Sports,13,Tuesday,8,29.3,87.1,0.0,41.3,38.3,1
SCI_A,Science,10,Friday,5,29.3,68.5,104.0,99.0,95.5,4
RES_B,Residential,14,Saturday,6,29.7,,107.0,38.5,39.6,5
LIB_A,Library,3,Monday,12,25.5,81.5,2.0,31.8,26.4,0
SCI_B,Science,16,Tuesday,2,28.8,77.6,83.0,80.4,79.7,1
SPT_A,Sports,19,Monday,12,28.7,72.5,172.0,57.9,61.2,0
ENG_A,Engineering,9,Sunday,11,29.0,85.3,57.0,54.0,52.3,6
ENG_A,Engineering,18,Tuesday,3,31.7,66.3,82.0,75.0,69.6,1
SPT_A,Sports,12,Tuesday,4,30.1,75.2,23.0,48.2,45.3,1
SPT_A,Sports,10,Sunday,3,29.3,79.6,42.0,44.0,41.7,6
LEC_A,LectureHall,9,Friday,5,28.8,81.5,112.0,47.5,56.3,4
SCI_A,Science,4,Tuesday,5,25.9,87.6,1.0,61.0,64.3,1
RES_A,Residential,8,Friday,5,29.1,73.6,207.0,44.0,43.6,4
SCI_B,Science,5,Friday,2,25.9,87.6,7.0,63.7,63.9,4
LEC_A,LectureHall,12,Tuesday,4,31.3,69.6,206.0,73.3,84.3,1
ENG_A,Engineering,8,Wednesday,6,28.2,78.0,94.0,62.5,60.4,2
BUS_B,Business,8,Friday,6,23.7,98.2,75.0,35.2,41.8,4
ADM_A,Administration,2,Monday,8,26.0,,0.0,21.6,25.1,0
LIB_A,Library,3,Thursday,8,26.1,87.4,0.0,24.7,27.1,3
ENG_A,Engineering,1,Friday,11,25.5,83.3,8.0,62.1,42.7,4
RES_B,Residential,10,Friday,6,29.3,77.3,147.0,41.0,40.7,4
BUS_A,Business,18,Sunday,1,28.5,80.6,11.0,32.0,33.8,6
ENG_A,Engineering,4,Saturday,1,27.9,78.2,2.0,51.6,49.0,5
LEC_A,LectureHall,14,Friday,9,,72.0,186.0,54.3,61.1,4
ENG_A,Engineering,3,Friday,3,26.4,73.2,12.0,39.6,45.5,4
RES_A,Residential,23,Thursday,11,28.7,82.1,255.0,62.2,60.1,3
RES_B,Residential,2,Monday,6,28.0,75.9,151.0,47.5,48.1,0
SPT_A,Sports,5,Thursday,1,26.8,77.5,69.0,43.3,49.7,3
BUS_B,Business,16,Wednesday,9,29.7,70.8,124.0,61.2,62.0,2
LEC_A,LectureHall,23,Friday,6,26.0,83.1,27.0,97.6,53.3,4
BUS_B,Business,7,Sunday,4,27.7,77.9,15.0,37.9,41.5,6
ENG_A,Engineering,2,Saturday,8,26.6,77.8,18.0,40.6,40.0,5
ADM_A,Administration,22,Monday,1,27.0,79.0,0.0,27.7,23.0,0
LEC_A,LectureHall,14,Saturday,5,30.2,75.6,58.0,34.5,37.7,5
ENG_A,Engineering,12,Friday,10,29.6,68.5,198.0,91.1,87.1,4
ENG_B,Engineering,3,Saturday,2,26.2,80.1,7.0,34.0,39.6,5
SPT_A,Sports,22,Tuesday,12,27.5,70.2,29.0,80.8,52.2,1
RES_B,Residential,14,Tuesday,11,29.2,77.5,107.0,34.8,33.5,1
BUS_B,Business,11,Thursday,7,30.7,71.0,133.0,65.5,69.9,3
SCI_A,Science,11,Friday,2,28.9,76.8,127.0,98.7,98.5,4
LIB_A,Library,15,Thursday,3,29.8,81.0,177.0,56.1,61.4,3
BUS_A,Business,21,Wednesday,8,27.6,80.0,14.0,32.0,31.4,2
LEC_A,LectureHall,11,Friday,7,31.8,66.0,192.0,71.2,78.3,4
ENG_B,Engineering,17,Sunday,6,30.6,73.1,25.0,55.5,55.3,6
BUS_A,Business,14,Monday,3,32.3,68.7,138.0,67.1,68.3,0
ENG_A,Engineering,17,Saturday,11,29.1,69.6,41.0,55.7,53.1,5
BUS_B,Business,20,Sunday,6,30.2,71.2,12.0,43.4,43.7,6
BUS_B,Business,9,Wednesday,12,28.9,75.9,106.0,53.9,50.5,2
LEC_A,LectureHall,12,Sunday,10,30.0,65.9,73.0,45.6,48.3,6
RES_B,Residential,3,Monday,10,26.0,80.2,139.0,44.3,42.1,0
BUS_A,Business,0,Monday,2,25.1,87.9,0.0,24.4,29.7,0
LIB_A,Library,11,Saturday,4,29.7,79.8,96.0,46.9,49.0,5
BUS_A,Business,16,Sunday,8,30.9,71.2,34.0,38.8,46.5,6
RES_A,Residential,7,Wednesday,8,24.1,,169.0,40.8,48.8,2
RES_B,Residential,3,Saturday,10,25.1,85.1,171.0,43.8,47.9,5
BUS_A,Business,0,Tuesday,4,27.1,82.5,0.0,31.9,35.7,1
BUS_B,Business,19,Sunday,9,28.9,75.0,2.0,32.6,40.0,6
BUS_B,Business,23,Saturday,9,26.2,85.4,5.0,28.3,29.4,5
SCI_A,Science,16,Monday,1,30.3,79.3,83.0,97.3,94.2,0
ENG_A,Engineering,16,Monday,12,30.2,78.4,142.0,79.9,77.7,0
LIB_A,Library,23,Friday,7,28.1,78.7,43.0,40.0,41.3,4
RES_A,Residential,2,Monday,11,,82.2,149.0,37.1,45.5,0
RES_B,Residential,7,Monday,7,28.2,79.3,198.0,40.2,46.5,0
ENG_A,Engineering,3,Tuesday,11,25.4,78.5,12.0,34.6,33.3,1
ENG_A,Engineering,20,Tuesday,1,28.5,73.2,13.0,42.8,50.8,1
BUS_A,Business,18,Friday,5,30.2,74.4,65.0,50.5,50.1,4
ENG_B,Engineering,16,Friday,4,31.4,69.7,103.0,67.5,66.7,4
SCI_B,Science,21,Thursday,3,29.1,72.1,34.0,72.6,67.0,3
SPT_A,Sports,10,Sunday,6,30.3,77.2,1.0,42.1,45.1,6
BUS_B,Business,18,Tuesday,8,29.2,74.8,75.0,48.5,48.3,1
ENG_A,Engineering,4,Wednesday,12,26.1,81.1,0.0,35.3,40.7,2
ENG_A,Engineering,1,Sunday,7,27.3,78.9,0.0,36.1,39.4,6
BUS_B,Business,13,Friday,7,29.2,76.6,159.0,66.4,69.7,4
RES_B,Residential,2,Thursday,6,26.8,74.4,115.0,39.6,43.9,3
SCI_A,Science,17,Friday,12,29.8,75.0,68.0,97.9,90.9,4
ENG_A,Engineering,2,Saturday,12,26.7,77.8,16.0,44.8,45.5,5
RES_B,Residential,5,Tuesday,6,26.0,78.1,172.0,38.4,39.0,1
SPT_A,Sports,6,Tuesday,9,26.0,74.8,102.0,49.3,48.2,1
RES_B,Residential,14,Tuesday,10,35.2,88.6,292.0,54.4,53.1,1
LIB_A,Library,11,Sunday,1,28.7,70.5,47.0,,40.7,6
LIB_A,Library,5,Monday,8,27.1,78.6,11.0,31.1,35.0,0
ENG_B,Engineering,15,Wednesday,9,30.5,78.7,112.0,67.4,64.1,2
RES_A,Residential,13,Saturday,3,29.8,82.2,175.0,48.4,50.4,5
BUS_A,Business,0,Friday,11,27.1,81.7,0.0,29.2,28.3,4
ADM_A,Administration,22,Thursday,2,27.2,87.8,0.0,24.2,29.4,3
BUS_B,Business,15,Tuesday,11,31.3,64.7,146.0,77.5,77.5,1
SPT_A,Sports,6,Saturday,2,26.4,71.7,104.0,52.7,50.7,5
ENG_B,Engineering,8,Monday,10,28.0,79.2,49.0,32.9,43.2,0
BUS_B,Business,10,Saturday,11,28.0,82.7,15.0,30.5,35.0,5
LIB_A,Library,0,Thursday,9,26.8,80.3,2.0,27.1,27.0,3
SPT_A,Sports,0,Wednesday,3,27.0,79.7,27.0,44.6,41.7,2
SCI_A,Science,14,Wednesday,5,32.3,73.5,131.0,123.0,111.2,2
ENG_A,Engineering,8,Friday,10,26.9,76.7,66.0,45.0,50.3,4
RES_A,Residential,10,Wednesday,1,29.1,76.9,168.0,49.8,50.8,2
LEC_A,LectureHall,18,Sunday,5,31.1,69.8,0.0,32.6,31.5,6
BUS_B,Business,0,Friday,9,25.6,82.8,42.0,37.0,38.2,4
SCI_B,Science,5,Friday,12,24.6,81.6,16.0,58.4,53.3,4
LIB_A,Library,11,Friday,5,30.4,73.6,79.0,41.2,46.7,4
LIB_A,Library,22,Sunday,8,28.6,87.1,51.0,42.4,36.0,6
LEC_A,LectureHall,1,Friday,6,26.9,83.0,0.0,25.3,25.2,4
SCI_A,Science,7,Friday,9,25.4,87.5,0.0,58.1,58.3,4
SCI_A,Science,10,Wednesday,6,29.9,79.4,82.0,86.9,97.4,2
ENG_B,Engineering,14,Tuesday,9,,75.2,143.0,76.9,66.1,1
ENG_B,Engineering,0,Wednesday,11,26.9,79.1,0.0,36.4,36.3,2
SPT_A,Sports,18,Sunday,4,29.2,72.1,168.0,63.7,64.3,6
LIB_A,Library,19,Saturday,11,27.8,73.5,82.0,46.1,47.0,5
ENG_B,Engineering,17,Wednesday,9,27.9,79.9,90.0,50.1,46.1,2
LEC_A,LectureHall,10,Wednesday,8,30.3,71.1,143.0,66.8,60.4,2
BUS_A,Business,9,Wednesday,11,28.2,78.3,83.0,45.1,44.8,2
BUS_A,Business,1,Saturday,1,25.9,84.0,4.0,26.8,28.9,5
ENG_A,Engineering,12,Monday,2,29.2,79.3,181.0,75.2,79.8,0
SCI_A,Science,2,Saturday,9,26.4,76.2,0.0,52.5,61.8,5
ENG_B,Engineering,8,Monday,3,27.5,81.0,45.0,53.2,55.9,0
BUS_A,Business,0,Thursday,1,26.5,81.5,17.0,32.0,30.6,3
SCI_A,Science,7,Friday,10,24.4,98.9,0.0,49.4,53.0,4
ADM_A,Administration,14,Sunday,4,29.9,74.0,25.0,30.9,34.5,6
BUS_A,Business,15,Tuesday,10,30.3,78.4,132.0,54.3,58.2,1
BUS_A,Business,3,Saturday,7,26.3,84.5,0.0,12.9,22.3,5
LIB_A,Library,12,Friday,8,34.8,80.6,237.0,66.0,68.8,4
BUS_A,Business,21,Sunday,10,26.9,86.1,11.0,24.2,29.9,6
SCI_A,Science,20,Friday,7,29.3,73.2,45.0,82.0,82.9,4
BUS_A,Business,7,Sunday,11,26.2,79.9,9.0,25.2,26.9,6
BUS_A,Business,19,Friday,5,28.9,76.0,11.0,39.1,40.5,4
SCI_B,Science,14,Sunday,8,31.7,68.1,38.0,80.4,84.7,6
SCI_B,Science,21,Friday,7,27.5,76.7,29.0,67.4,64.5,4
LIB_A,Library,4,Wednesday,3,27.1,86.5,0.0,31.2,30.2,2
RES_B,Residential,17,Monday,9,30.6,74.2,167.0,48.4,45.8,0
ENG_A,Engineering,4,Friday,11,26.9,78.8,0.0,39.8,41.3,4
ADM_A,Administration,21,Wednesday,8,28.0,80.1,0.0,22.1,26.2,2
ENG_B,Engineering,3,Tuesday,8,25.2,85.0,0.0,32.1,33.3,1
RES_B,Residential,6,Friday,3,26.8,78.1,161.0,41.4,48.4,4
BUS_A,Business,15,Thursday,3,31.2,72.3,139.0,61.8,69.4,3
BUS_A,Business,15,Sunday,9,28.7,72.8,23.0,34.7,35.2,6
RES_B,Residential,17,Friday,11,28.9,80.1,145.0,45.9,40.5,4
BUS_B,Business,18,Saturday,10,28.7,72.6,0.0,31.6,30.6,5
LIB_A,Library,7,Friday,10,26.0,88.4,29.0,27.8,29.5,4
LEC_A,LectureHall,1,Friday,5,,75.0,0.0,32.2,29.5,4
RES_A,Residential,5,Friday,2,25.1,87.6,234.0,54.2,51.7,4
LEC_A,LectureHall,17,Sunday,1,30.1,76.5,6.0,29.4,32.3,6
BUS_B,Business,5,Tuesday,1,26.8,87.8,22.0,39.6,39.1,1
BUS_A,Business,23,Tuesday,10,26.2,77.6,3.0,26.2,25.2,1
BUS_A,Business,3,Tuesday,7,27.2,82.1,0.0,31.5,27.6,1
BUS_A,Business,20,Sunday,1,27.5,86.3,13.0,26.5,25.5,6
SCI_B,Science,1,Thursday,8,26.1,80.5,11.0,52.5,59.6,3
SCI_A,Science,18,Thursday,12,29.3,,51.0,66.8,74.1,3
ENG_A,Engineering,17,Sunday,6,29.3,76.2,17.0,46.3,51.5,6
RES_A,Residential,11,Saturday,12,28.4,83.1,166.0,45.1,41.8,5
RES_B,Residential,18,Monday,7,29.0,76.6,126.0,39.9,43.3,0
RES_B,Residential,19,Thursday,5,29.3,78.7,146.0,41.3,41.9,3
BUS_B,Business,0,Saturday,8,27.1,79.1,0.0,30.7,32.1,5
ENG_B,Engineering,21,Wednesday,9,29.1,71.2,25.0,50.1,44.2,2
BUS_A,Business,12,Sunday,11,30.6,74.8,38.0,42.9,39.8,6
ENG_B,Engineering,0,Thursday,8,27.0,80.7,14.0,39.9,41.6,3
ENG_A,Engineering,3,Tuesday,11,26.6,85.9,6.0,44.4,42.5,1
BUS_B,Business,15,Wednesday,1,31.1,71.0,140.0,72.0,70.6,2
SCI_A,Science,18,Tuesday,2,29.9,74.5,40.0,81.8,79.5,1
BUS_A,Business,17,Monday,6,31.1,74.0,68.0,44.4,53.5,0
SCI_A,Science,7,Wednesday,3,27.6,81.3,0.0,67.5,73.1,2
ENG_A,Engineering,0,Friday,2,26.6,85.4,0.0,38.9,38.8,4
BUS_A,Business,12,Thursday,1,30.2,72.3,128.0,65.9,61.7,3
BUS_B,Business,20,Friday,10,28.8,80.7,11.0,45.8,48.2,4
SPT_A,Sports,13,Tuesday,1,29.5,74.5,22.0,48.3,46.8,1
ENG_A,Engineering,10,Tuesday,12,29.7,73.0,132.0,74.3,75.1,1
RES_A,Residential,6,Tuesday,6,26.5,75.6,246.0,62.0,58.4,1
BUS_A,Business,2,Tuesday,5,27.5,84.0,0.0,37.8,37.2,1
RES_B,Residential,8,Monday,1,27.0,84.4,172.0,41.3,42.3,0
SCI_B,Science,7,Saturday,6,27.9,76.2,0.0,66.9,64.0,5
ADM_A,Administration,12,Friday,7,29.0,76.4,83.0,38.3,41.2,4
BUS_B,Business,1,Sunday,12,26.9,77.9,0.0,32.5,34.6,6
ENG_B,Engineering,13,Thursday,10,28.7,72.8,150.0,57.9,61.6,3
RES_A,Residential,18,Friday,6,31.6,70.4,168.0,51.1,51.2,4
ENG_A,Engineering,0,Friday,6,28.1,77.8,48.0,53.6,53.0,4
RES_A,Residential,0,Sunday,9,27.0,79.8,94.0,42.9,41.3,6
RES_B,Residential,16,Wednesday,5,34.8,83.6,286.0,45.3,56.5,2
SCI_B,Science,9,Tuesday,4,29.1,79.6,86.0,76.3,79.7,1
ENG_B,Engineering,17,Friday,2,30.9,74.5,207.0,89.7,90.6,4
SCI_B,Science,0,Thursday,9,26.8,81.4,6.0,53.6,59.3,3
BUS_A,Business,12,Monday,2,28.7,80.7,129.0,52.8,59.8,0
BUS_B,Business,8,Thursday,8,28.0,75.9,40.0,44.9,47.2,3
LIB_A,Library,4,Monday,5,27.6,79.8,0.0,27.9,30.5,0
RES_B,Residential,12,Wednesday,7,30.8,77.1,83.0,39.1,44.9,2
SCI_B,Science,9,Saturday,5,28.1,81.8,37.0,67.2,67.1,5
BUS_A,Business,14,Monday,7,30.6,75.4,123.0,52.3,55.9,0
RES_B,Residential,20,Thursday,7,28.3,,201.0,46.2,45.8,3
ENG_B,Engineering,5,Monday,4,25.4,80.8,0.0,33.9,34.3,0
RES_B,Residential,6,Saturday,5,28.2,78.1,221.0,57.7,56.5,5
LEC_A,LectureHall,13,Thursday,10,29.4,75.9,203.0,60.6,69.7,3
ENG_A,Engineering,22,Sunday,8,26.6,81.2,0.0,38.7,42.8,6
LEC_A,LectureHall,16,Thursday,4,30.3,72.5,121.0,63.3,56.4,3
SCI_B,Science,8,Thursday,10,26.5,79.9,48.0,59.3,61.6,3
SCI_A,Science,2,Tuesday,9,25.6,84.9,21.0,63.4,71.5,1
BUS_B,Business,5,Friday,12,25.7,84.4,0.0,30.4,30.7,4
ENG_A,Engineering,2,Wednesday,6,25.5,80.0,27.0,41.4,43.0,2
ENG_A,Engineering,2,Tuesday,3,25.6,83.5,26.0,37.0,44.8,1
SCI_B,Science,16,Wednesday,7,30.8,74.0,81.0,94.3,95.7,2
LIB_A,Library,11,Tuesday,8,30.4,71.4,64.0,49.9,47.8,1
SCI_A,Science,5,Tuesday,12,24.5,84.0,12.0,52.1,61.5,1
LEC_A,LectureHall,10,Monday,9,29.1,69.7,120.0,53.7,54.0,0
ENG_B,Engineering,0,Thursday,2,26.6,83.2,7.0,64.1,48.2,3
LEC_A,LectureHall,8,Tuesday,6,29.0,76.5,206.0,26.2,56.6,1
ENG_B,Engineering,18,Tuesday,3,30.9,78.0,69.0,63.5,64.3,1
SCI_A,Science,8,Saturday,1,28.2,72.3,6.0,65.4,70.3,5
ENG_B,Engineering,11,Thursday,1,28.2,74.7,114.0,52.5,60.7,3
LEC_A,LectureHall,9,Sunday,5,29.7,77.7,31.0,35.7,39.0,6
LEC_A,LectureHall,22,Friday,7,28.6,76.4,6.0,35.4,37.7,4
LIB_A,Library,1,Sunday,1,27.4,83.2,24.0,33.4,35.2,6
ENG_B,Engineering,19,Sunday,11,28.5,80.9,18.0,45.4,44.6,6
ADM_A,Administration,19,Thursday,6,28.0,74.5,0.0,26.8,27.3,3
LIB_A,Library,23,Friday,11,28.0,73.2,32.0,38.1,41.7,4
RES_B,Residential,18,Wednesday,5,24.7,99.1,191.0,39.0,43.5,2
RES_B,Residential,9,Tuesday,3,27.9,72.6,168.0,38.0,39.5,1
SCI_B,Science,0,Sunday,10,27.1,84.2,0.0,62.7,63.6,6
ENG_B,Engineering,9,Wednesday,8,29.5,82.5,79.0,48.9,56.2,2
RES_A,Residential,23,Monday,6,28.1,78.5,310.0,62.0,67.6,0
SPT_A,Sports,6,Monday,10,26.7,80.8,98.0,52.0,52.1,0
BUS_A,Business,18,Saturday,12,29.1,68.4,6.0,22.6,29.9,5
LIB_A,Library,7,Sunday,8,27.4,74.9,0.0,29.3,32.0,6
BUS_B,Business,3,Friday,1,24.3,81.5,0.0,11.7,28.1,4
ENG_A,Engineering,19,Thursday,11,29.2,77.8,39.0,54.4,54.4,3
LEC_A,LectureHall,15,Monday,11,30.9,69.4,177.0,56.7,66.0,0
SCI_A,Science,13,Saturday,11,30.7,76.9,57.0,89.9,87.3,5
SCI_B,Science,6,Wednesday,1,24.4,81.9,2.0,44.7,56.2,2
LIB_A,Library,4,Monday,11,26.8,85.7,,33.2,32.0,0
LEC_A,LectureHall,18,Wednesday,2,30.0,71.3,140.0,56.4,60.9,2
ENG_A,Engineering,13,Wednesday,1,29.5,82.7,219.0,82.6,87.7,2
SCI_A,Science,13,Monday,1,27.1,85.5,121.0,78.4,88.1,0
LEC_A,LectureHall,23,Tuesday,6,25.8,71.9,6.0,27.6,29.1,1
ADM_A,Administration,7,Sunday,4,26.7,78.1,25.0,23.6,28.2,6
SPT_A,Sports,11,Friday,8,28.9,75.7,33.0,45.9,40.5,4
LIB_A,Library,0,Friday,6,26.9,78.1,5.0,26.2,21.1,4
ENG_A,Engineering,5,Sunday,6,26.3,84.3,0.0,44.1,46.1,6
RES_B,Residential,6,Monday,5,25.7,,185.0,48.8,49.7,0
BUS_A,Business,4,Thursday,8,25.6,87.6,38.0,35.1,34.3,3
ENG_B,Engineering,7,Monday,7,27.3,91.2,18.0,42.5,45.6,0
LIB_A,Library,8,Wednesday,7,27.2,76.8,94.0,47.7,43.0,2
ENG_B,Engineering,6,Saturday,5,26.1,79.5,6.0,33.5,38.5,5
ENG_A,Engineering,8,Wednesday,8,27.1,82.5,81.0,49.9,54.6,2
BUS_B,Business,5,Thursday,11,25.6,92.5,0.0,32.6,32.2,3
LIB_A,Library,9,Saturday,12,27.1,84.0,17.0,25.4,27.1,5
LEC_A,LectureHall,11,Friday,8,30.3,70.3,186.0,61.8,68.4,4
SCI_B,Science,0,Thursday,5,27.2,84.5,2.0,64.2,63.5,3
LIB_A,Library,22,Monday,6,28.5,76.6,47.0,107.9,62.9,0
SCI_B,Science,0,Saturday,6,28.2,79.3,0.0,62.7,61.3,5
RES_A,Residential,17,Sunday,5,32.0,62.8,113.0,36.1,43.8,6
BUS_B,Business,7,Wednesday,6,27.4,81.6,0.0,37.6,37.1,2
BUS_A,Business,3,Saturday,5,27.1,83.0,0.0,27.3,32.8,5
ENG_B,Engineering,10,Wednesday,9,,80.5,99.0,54.2,61.5,2
SCI_A,Science,6,Friday,12,26.2,79.6,14.0,56.6,64.4,4
LIB_A,Library,0,Friday,12,26.7,74.7,33.0,31.5,30.4,4
RES_A,Residential,6,Wednesday,5,28.5,73.4,180.0,59.4,59.8,2
LIB_A,Library,6,Friday,6,26.7,78.2,3.0,31.9,32.2,4
BUS_B,Business,20,Tuesday,10,29.1,76.3,,42.3,47.9,1
SPT_A,Sports,12,Sunday,5,30.4,78.1,26.0,52.1,52.5,6
BUS_B,Business,11,Sunday,11,29.6,76.2,29.0,36.7,42.9,6
RES_A,Residential,12,Friday,3,34.0,84.9,245.0,59.4,70.5,4
LEC_A,LectureHall,7,Wednesday,10,25.8,78.3,52.0,29.7,39.6,2
LIB_A,Library,16,Friday,1,29.5,79.1,183.0,56.4,58.4,4
LIB_A,Library,18,Sunday,7,29.4,75.1,167.0,59.0,63.2,6
ENG_B,Engineering,19,Friday,8,28.0,79.7,17.0,42.5,41.7,4
SCI_B,Science,2,Friday,8,26.8,79.2,0.0,60.2,63.2,4
ENG_B,Engineering,6,Monday,7,25.7,83.7,7.0,32.7,35.0,0
SCI_B,Science,21,Sunday,12,28.1,75.2,2.0,52.8,58.7,6
BUS_A,Business,15,Saturday,3,31.8,69.5,27.0,39.9,43.7,5
LIB_A,Library,4,Sunday,12,26.8,83.4,2.0,28.4,32.3,6
LEC_A,LectureHall,6,Thursday,1,26.9,85.8,0.0,26.0,20.5,3
ENG_B,Engineering,10,Friday,1,29.1,73.9,73.0,49.9,55.2,4
ADM_A,Administration,2,Monday,2,25.2,86.1,7.0,22.8,26.5,0
SPT_A,Sports,20,Saturday,8,28.0,76.4,164.0,65.1,60.2,5
LIB_A,Library,21,Sunday,4,28.7,79.5,59.0,45.5,45.8,6
SCI_B,Science,8,Sunday,7,28.9,79.2,8.0,74.9,72.4,6
LIB_A,Library,12,Tuesday,9,29.7,72.8,141.0,47.1,43.9,1
RES_A,Residential,7,Thursday,2,26.9,78.7,162.0,56.2,48.7,3
SCI_A,Science,17,Tuesday,7,30.3,81.4,69.0,85.2,97.9,1
LIB_A,Library,23,Wednesday,2,27.4,73.8,55.0,40.2,40.0,2
RES_B,Residential,12,Wednesday,12,30.2,70.4,70.0,35.7,36.6,2
ENG_A,Engineering,2,Wednesday,5,25.3,84.5,22.0,41.1,42.4,2
BUS_A,Business,4,Wednesday,1,25.2,77.5,0.0,12.6,20.9,2
BUS_A,Business,3,Monday,3,26.1,84.7,0.0,31.0,31.6,0
ENG_A,Engineering,7,Sunday,3,23.9,95.8,19.0,32.8,40.3,6
SCI_A,Science,7,Saturday,11,25.6,89.9,2.0,70.7,69.6,5
BUS_B,Business,3,Tuesday,6,26.5,83.1,0.0,35.7,37.2,1
ADM_A,Administration,21,Wednesday,5,31.2,77.3,2.0,38.2,38.0,2
ENG_B,Engineering,2,Tuesday,2,26.7,88.7,30.0,43.6,38.0,1
RES_B,Residential,23,Sunday,11,,83.0,258.0,51.5,51.8,6
LIB_A,Library,9,Saturday,3,26.1,81.0,72.0,37.2,37.2,5
SCI_A,Science,20,Monday,8,29.2,77.9,21.0,75.8,75.9,0
RES_B,Residential,21,Sunday,12,27.1,81.6,214.0,41.8,47.1,6
SCI_A,Science,20,Friday,1,28.0,79.0,20.0,75.4,75.5,4
ENG_A,Engineering,0,Thursday,7,26.0,75.1,10.0,34.1,34.3,3
BUS_A,Business,20,Saturday,11,27.7,86.9,17.0,28.3,29.0,5
SCI_B,Science,17,Thursday,3,31.8,68.1,52.0,90.0,87.9,3
SCI_B,Science,18,Tuesday,3,30.0,74.1,28.0,66.1,76.3,1
RES_B,Residential,22,Tuesday,4,28.7,79.5,265.0,59.2,52.7,1
RES_A,Residential,23,Sunday,1,28.5,73.0,289.0,62.8,63.2,6
LIB_A,Library,9,Saturday,7,28.8,75.1,55.0,40.4,40.3,5
SCI_B,Science,20,Friday,1,,81.4,2.0,73.0,71.5,4
ENG_A,Engineering,22,Tuesday,12,27.5,77.8,0.0,35.1,42.6,1
ENG_A,Engineering,18,Sunday,8,31.2,70.7,51.0,63.3,68.8,6
ENG_B,Engineering,21,Saturday,8,27.0,77.0,0.0,35.6,35.7,5
RES_A,Residential,21,Wednesday,4,28.9,77.7,227.0,59.0,55.6,2
SCI_B,Science,1,Thursday,5,26.5,84.0,0.0,69.9,59.4,3
RES_A,Residential,15,Saturday,10,29.2,73.3,123.0,41.8,43.2,5
BUS_A,Business,16,Wednesday,10,31.5,70.1,108.0,62.7,58.7,2
ENG_B,Engineering,9,Thursday,2,28.4,79.8,88.0,54.0,54.9,3
ADM_A,Administration,18,Tuesday,9,29.4,73.9,35.0,28.3,31.3,1
ENG_A,Engineering,3,Thursday,8,25.2,82.9,19.0,48.9,47.5,3
SCI_B,Science,3,Monday,11,26.6,80.9,13.0,50.1,51.6,0
LEC_A,LectureHall,20,Tuesday,9,27.3,83.7,0.0,29.0,27.5,1
SCI_A,Science,7,Thursday,5,27.0,74.2,128.0,56.8,72.3,3
ENG_B,Engineering,14,Thursday,10,30.1,68.1,141.0,72.6,71.2,3
BUS_A,Business,4,Wednesday,9,25.6,85.1,0.0,18.0,26.0,2
BUS_B,Business,9,Sunday,5,29.6,75.8,33.0,42.8,37.9,6
SCI_A,Science,23,Thursday,2,28.4,78.8,0.0,70.6,75.3,3
ENG_A,Engineering,8,Friday,2,28.0,78.1,56.0,53.8,57.6,4
SCI_A,Science,1,Monday,6,26.7,79.6,0.0,57.6,58.6,0
SCI_A,Science,18,Friday,12,28.5,75.7,29.0,57.5,70.1,4
BUS_B,Business,22,Sunday,11,,85.4,4.0,27.7,29.3,6
LIB_A,Library,2,Saturday,6,26.6,80.9,27.0,31.2,34.7,5
SPT_A,Sports,15,Monday,7,31.0,71.5,18.0,48.8,48.5,0
LEC_A,LectureHall,14,Sunday,2,30.2,72.0,54.0,42.5,42.5,6
SPT_A,Sports,7,Tuesday,10,26.2,86.3,118.0,51.4,48.8,1
LIB_A,Library,19,Wednesday,9,28.9,74.6,172.0,50.8,52.3,2
ENG_A,Engineering,23,Friday,4,27.6,74.1,0.0,44.6,46.6,4
ENG_B,Engineering,3,Sunday,2,25.0,86.9,8.0,32.7,36.0,6
BUS_A,Business,4,Saturday,4,27.4,73.0,1.0,27.4,27.4,5
RES_A,Residential,0,Thursday,12,24.9,85.7,101.0,35.5,43.3,3
LEC_A,LectureHall,11,Saturday,11,29.2,84.1,50.0,34.0,33.8,5
BUS_B,Business,7,Friday,1,26.9,80.8,0.0,32.7,37.8,4
ADM_A,Administration,10,Saturday,5,29.7,78.1,32.0,29.7,32.2,5
LEC_A,LectureHall,8,Monday,6,28.5,83.1,65.0,44.9,47.5,0
ENG_B,Engineering,15,Wednesday,9,29.8,77.3,135.0,61.3,62.6,2
RES_A,Residential,19,Sunday,9,27.6,89.9,180.0,44.1,50.2,6
SCI_A,Science,8,Tuesday,2,27.1,80.3,96.0,52.2,77.0,1
SCI_A,Science,12,Thursday,5,30.2,79.6,148.0,87.0,98.8,3
ENG_B,Engineering,6,Friday,12,26.1,75.5,8.0,34.0,33.1,4
LEC_A,LectureHall,9,Friday,8,28.1,75.2,75.0,39.9,44.1,4
LEC_A,LectureHall,21,Sunday,8,26.4,85.4,0.0,18.2,19.4,6
LIB_A,Library,7,Tuesday,8,27.2,84.0,0.0,30.6,31.4,1
LEC_A,LectureHall,2,Saturday,10,24.9,82.1,0.0,18.7,18.5,5
LIB_A,Library,13,Sunday,10,31.3,69.3,289.0,78.9,73.7,6
LIB_A,Library,4,Friday,6,27.3,80.0,0.0,32.8,30.4,4
ENG_B,Engineering,22,Wednesday,7,28.4,76.1,24.0,41.4,46.7,2
ENG_A,Engineering,22,Monday,8,26.2,81.1,28.0,50.0,51.5,0
ENG_B,Engineering,19,Saturday,1,28.7,73.5,4.0,37.9,45.7,5
ADM_A,Administration,22,Friday,2,29.3,77.8,18.0,30.3,35.3,4
ADM_A,Administration,6,Saturday,2,27.4,68.3,12.0,20.5,20.4,5
ENG_A,Engineering,5,Thursday,12,25.3,73.8,21.0,38.8,44.0,3
BUS_A,Business,14,Tuesday,2,29.1,75.7,143.0,62.3,63.9,1
ENG_A,Engineering,5,Saturday,3,27.8,78.3,2.0,51.1,46.9,5
RES_A,Residential,14,Friday,6,30.8,66.7,109.0,43.5,44.9,4
LIB_A,Library,13,Wednesday,11,28.9,69.8,288.0,62.2,64.3,2
SCI_B,Science,13,Monday,1,34.2,86.2,118.0,89.2,96.6,0
SCI_B,Science,6,Friday,3,26.4,82.0,2.0,54.1,62.0,4
SCI_A,Science,5,Sunday,11,26.8,85.2,12.0,71.3,71.0,6
ENG_A,Engineering,1,Monday,8,25.8,82.8,27.0,45.8,44.6,0
BUS_B,Business,22,Friday,11,26.9,80.6,9.0,34.2,34.4,4
SCI_B,Science,0,Thursday,1,27.2,79.7,16.0,71.0,64.3,3
SCI_A,Science,18,Friday,4,31.3,67.2,77.0,88.6,98.7,4
SCI_B,Science,17,Monday,8,29.4,73.3,70.0,72.0,84.8,0
ENG_B,Engineering,1,Wednesday,5,26.5,85.0,18.0,43.3,46.6,2
ENG_A,Engineering,11,Monday,3,28.9,79.5,194.0,86.0,86.7,0
ADM_A,Administration,16,Friday,12,29.1,78.5,72.0,,40.0,4
BUS_B,Business,0,Sunday,5,26.9,81.2,0.0,33.7,37.5,6
SCI_A,Science,14,Thursday,8,31.0,68.3,136.0,107.1,103.2,3
SCI_B,Science,23,Tuesday,3,27.7,85.2,21.0,65.6,65.8,1
LIB_A,Library,3,Sunday,9,24.7,84.3,10.0,24.1,24.4,6
SCI_B,Science,11,Monday,11,29.7,75.3,98.0,91.0,84.2,0
LEC_A,LectureHall,21,Tuesday,2,29.8,73.9,0.0,36.6,31.4,1
BUS_B,Business,20,Tuesday,4,29.1,78.2,7.0,40.1,45.6,1
SCI_A,Science,0,Wednesday,7,27.4,77.0,3.0,67.0,70.4,2
LIB_A,Library,23,Tuesday,7,27.0,77.2,49.0,41.0,47.4,1
BUS_A,Business,10,Tuesday,1,28.2,77.3,122.0,55.5,59.8,1
SCI_A,Science,15,Saturday,11,29.4,73.0,58.0,84.4,88.2,5
SCI_B,Science,0,Saturday,9,27.2,81.3,1.0,50.3,54.8,5
RES_A,Residential,4,Monday,9,25.7,82.1,167.0,42.1,49.0,0
ENG_A,Engineering,22,Sunday,8,29.1,69.8,9.0,52.2,55.8,6
SCI_B,Science,1,Sunday,5,27.1,76.1,11.0,55.9,60.6,6
LEC_A,LectureHall,23,Monday,9,27.5,80.4,16.0,79.4,45.5,0
SPT_A,Sports,11,Wednesday,10,27.9,82.8,21.0,36.9,42.7,2
RES_B,Residential,15,Thursday,7,30.0,71.5,99.0,41.1,37.3,3
SCI_B,Science,1,Saturday,3,26.6,79.4,0.0,62.2,56.5,5
RES_A,Residential,15,Monday,1,28.9,73.2,107.0,37.2,42.6,0
BUS_A,Business,19,Saturday,3,27.7,75.1,10.0,34.4,30.3,5
LIB_A,Library,9,Friday,10,27.0,83.8,40.0,28.4,36.4,4
ADM_A,Administration,23,Saturday,3,28.3,75.3,13.0,27.7,22.1,5
LEC_A,LectureHall,12,Friday,8,29.3,75.2,211.0,79.2,76.5,4
SPT_A,Sports,14,Tuesday,12,29.9,80.3,32.0,48.6,50.2,1
BUS_B,Business,12,Wednesday,10,,76.9,174.0,70.4,71.1,2
ADM_A,Administration,18,Saturday,6,30.0,74.7,8.0,30.9,29.3,5
ENG_B,Engineering,23,Saturday,10,27.0,74.7,8.0,38.1,40.2,5
LIB_A,Library,15,Saturday,9,29.5,71.6,174.0,55.9,48.8,5
SCI_A,Science,13,Thursday,8,31.8,68.4,133.0,,108.6,3
BUS_A,Business,21,Sunday,7,28.8,77.6,4.0,29.4,27.5,6
LIB_A,Library,9,Wednesday,10,28.5,81.0,52.0,38.7,38.7,2
LEC_A,LectureHall,8,Saturday,10,27.1,81.7,34.0,23.3,24.7,5
BUS_A,Business,3,Saturday,8,26.1,84.3,0.0,10.4,19.4,5
RES_A,Residential,16,Wednesday,8,30.1,72.6,122.0,41.1,43.9,2
SCI_B,Science,19,Wednesday,4,28.5,,8.0,66.4,64.1,2
LEC_A,LectureHall,5,Sunday,2,26.4,79.2,1.0,23.3,24.2,6
ENG_B,Engineering,5,Tuesday,2,25.2,88.9,0.0,31.5,33.8,1
ENG_A,Engineering,8,Monday,10,27.6,78.6,80.0,43.7,59.2,0
SPT_A,Sports,16,Sunday,7,29.9,79.9,104.0,52.8,57.0,6
SCI_A,Science,12,Monday,5,29.8,79.8,150.0,99.8,100.4,0
SCI_B,Science,20,Thursday,12,27.7,81.7,0.0,59.6,58.6,3
BUS_B,Business,11,Monday,10,29.0,73.8,145.0,68.1,66.1,0
BUS_B,Business,23,Thursday,8,27.9,77.8,13.0,36.2,44.4,3
BUS_A,Business,12,Tuesday,9,30.9,78.8,141.0,61.4,62.3,1
SCI_A,Science,22,Wednesday,7,26.8,72.5,0.0,66.3,65.3,2
LEC_A,LectureHall,18,Tuesday,1,28.3,75.1,75.0,43.8,45.8,1
SCI_B,Science,13,Tuesday,5,30.3,71.5,120.0,91.5,101.0,1
ENG_A,Engineering,4,Friday,7,26.5,83.6,41.0,42.3,48.2,4
SCI_A,Science,8,Saturday,4,28.7,77.1,20.0,73.1,80.6,5
RES_A,Residential,3,Thursday,10,26.2,87.3,197.0,40.3,47.0,3
LEC_A,LectureHall,19,Saturday,11,27.9,81.4,0.0,18.6,20.8,5
LIB_A,Library,0,Sunday,3,27.4,76.4,0.0,32.3,34.0,6
LEC_A,LectureHall,10,Wednesday,11,28.3,69.5,177.0,64.3,60.2,2
LEC_A,LectureHall,23,Friday,5,27.9,77.5,38.0,96.6,62.0,4
SPT_A,Sports,15,Monday,2,29.5,74.4,35.0,43.5,47.4,0
LEC_A,LectureHall,12,Thursday,9,29.3,72.9,231.0,82.5,74.2,3
SPT_A,Sports,10,Saturday,9,27.5,82.0,243.0,58.4,64.1,5
SCI_B,Science,5,Monday,5,27.1,85.0,0.0,62.5,64.8,0
SCI_B,Science,17,Tuesday,10,29.6,,57.0,81.5,85.0,1
BUS_B,Business,19,Thursday,11,27.8,86.2,0.0,35.9,36.4,3
SPT_A,Sports,9,Sunday,12,28.9,77.2,54.0,51.2,51.6,6
RES_B,Residential,13,Wednesday,10,29.0,76.9,97.0,37.3,35.1,2
LEC_A,LectureHall,22,Saturday,1,27.4,78.2,0.0,26.3,26.3,5
ENG_A,Engineering,22,Monday,2,27.4,80.6,15.0,47.8,51.1,0
ENG_A,Engineering,13,Monday,6,29.5,74.2,183.0,98.2,85.2,0
BUS_B,Business,4,Friday,2,26.3,78.1,32.0,44.3,43.1,4
SCI_A,Science,3,Monday,12,26.3,78.3,7.0,79.0,65.8,0
SPT_A,Sports,23,Monday,3,27.1,81.4,26.0,85.5,52.0,0
SPT_A,Sports,22,Saturday,12,27.4,83.6,59.0,44.3,44.7,5
LIB_A,Library,19,Sunday,1,29.5,78.3,131.0,55.1,62.2,6
BUS_A,Business,4,Wednesday,2,25.4,87.2,0.0,15.0,20.9,2
RES_A,Residential,19,Wednesday,2,28.8,80.9,171.0,47.9,43.0,2
ADM_A,Administration,12,Tuesday,9,30.4,71.8,100.0,,47.4,1
SCI_A,Science,19,Monday,7,29.6,73.2,15.0,76.1,79.4,0
BUS_A,Business,22,Thursday,6,28.1,78.4,0.0,31.8,37.2,3
LEC_A,LectureHall,16,Sunday,3,30.1,81.1,26.0,36.0,39.2,6
SCI_A,Science,20,Friday,6,29.2,71.3,15.0,91.9,84.9,4
SPT_A,Sports,8,Wednesday,12,28.0,73.9,83.0,49.6,52.8,2
LEC_A,LectureHall,1,Sunday,10,26.0,83.1,3.0,21.3,17.7,6
SCI_A,Science,1,Tuesday,2,24.5,78.1,0.0,58.8,63.9,1
SCI_A,Science,7,Tuesday,7,28.2,81.4,17.0,70.9,72.8,1
ENG_A,Engineering,14,Wednesday,1,30.0,78.4,161.0,62.5,76.0,2
LEC_A,LectureHall,16,Tuesday,5,31.6,72.4,141.0,59.8,68.9,1
SCI_A,Science,17,Tuesday,12,28.1,71.6,74.0,82.7,88.4,1
RES_A,Residential,9,Friday,1,26.4,78.0,225.0,39.1,39.7,4
LIB_A,Library,13,Wednesday,7,31.3,73.9,112.0,41.8,52.8,2
RES_A,Residential,21,Tuesday,12,28.2,79.1,258.0,58.7,53.1,1
LIB_A,Library,7,Monday,3,26.9,78.8,0.0,27.0,27.2,0
RES_B,Residential,1,Sunday,4,28.0,76.4,118.0,52.1,48.6,6
ENG_A,Engineering,19,Saturday,5,31.0,66.2,14.0,50.7,57.1,5
ENG_B,Engineering,0,Tuesday,10,26.7,76.8,9.0,56.9,46.1,1
ENG_B,Engineering,0,Saturday,11,26.2,91.5,5.0,68.5,45.6,5
ENG_A,Engineering,0,Thursday,4,27.9,74.4,22.0,47.4,47.8,3
BUS_B,Business,6,Tuesday,10,26.2,85.7,11.0,28.1,33.0,1
LIB_A,Library,19,Tuesday,5,29.7,76.7,176.0,67.4,64.6,1
ADM_A,Administration,15,Wednesday,4,30.0,65.8,102.0,45.6,45.1,2
LEC_A,LectureHall,17,Tuesday,11,27.1,78.2,101.0,44.2,47.8,1
SCI_B,Science,23,Monday,8,27.2,89.8,8.0,66.9,63.5,0
BUS_A,Business,3,Saturday,9,24.9,74.1,0.0,23.3,21.7,5
SCI_A,Science,8,Thursday,2,28.6,78.0,39.0,75.0,82.9,3
SCI_A,Science,0,Sunday,4,27.2,82.2,15.0,81.5,75.6,6
LIB_A,Library,20,Monday,8,29.1,82.7,128.0,50.5,53.1,0
ENG_B,Engineering,6,Monday,2,26.0,83.5,0.0,40.7,36.5,0
LEC_A,LectureHall,17,Saturday,8,29.3,69.2,33.0,30.9,36.9,5
ENG_A,Engineering,1,Wednesday,7,27.5,79.4,25.0,49.1,52.9,2
SCI_B,Science,8,Wednesday,1,26.2,77.4,66.0,64.2,66.1,2
BUS_B,Business,13,Saturday,6,31.1,72.5,66.0,54.9,51.6,5
ENG_B,Engineering,5,Wednesday,6,25.9,74.3,8.0,30.6,35.8,2
BUS_B,Business,1,Wednesday,2,25.5,81.9,23.0,37.7,38.1,2
BUS_A,Business,23,Saturday,10,26.7,84.3,0.0,26.9,25.8,5
BUS_A,Business,10,Sunday,2,30.3,74.2,40.0,40.5,41.6,6
BUS_B,Business,17,Sunday,9,30.9,78.7,24.0,47.8,45.9,6
BUS_B,Business,10,Monday,10,28.8,81.5,126.0,53.2,57.3,0
RES_B,Residential,21,Monday,5,28.5,75.3,221.0,55.1,57.3,0
SPT_A,Sports,5,Saturday,5,27.2,79.9,72.0,43.6,47.0,5
BUS_A,Business,1,Monday,7,28.0,76.0,0.0,15.5,27.2,0
BUS_A,Business,7,Tuesday,10,26.7,77.8,12.0,24.9,31.2,1
LEC_A,LectureHall,1,Saturday,10,26.8,81.4,48.0,27.3,29.8,5
SPT_A,Sports,4,Saturday,10,24.0,75.9,16.0,28.7,28.5,5
SPT_A,Sports,8,Thursday,9,27.1,80.7,106.0,51.8,46.1,3
LEC_A,LectureHall,8,Wednesday,1,27.5,77.9,65.0,33.0,43.8,2
RES_A,Residential,20,Thursday,9,29.6,71.1,240.0,45.7,51.4,3
LIB_A,Library,17,Wednesday,8,28.9,75.7,207.0,57.2,56.5,2
LEC_A,LectureHall,14,Monday,11,29.9,72.7,171.0,61.8,65.3,0
ENG_A,Engineering,23,Thursday,2,27.7,70.9,0.0,45.5,49.0,3
LEC_A,LectureHall,13,Wednesday,7,35.4,84.8,259.0,105.0,100.2,2
ADM_A,Administration,10,Sunday,11,27.0,79.4,22.0,21.7,24.3,6
LEC_A,LectureHall,4,Thursday,4,25.9,79.2,27.0,24.9,28.2,3
LIB_A,Library,11,Sunday,2,29.4,73.4,225.0,65.7,68.3,6
LIB_A,Library,19,Saturday,4,30.5,75.0,230.0,76.7,69.5,5
LIB_A,Library,8,Monday,2,27.2,71.8,14.0,32.0,35.8,0
BUS_A,Business,1,Saturday,1,26.3,91.9,4.0,25.7,24.9,5
BUS_B,Business,15,Tuesday,10,29.6,70.7,166.0,64.2,66.8,1
RES_B,Residential,7,Wednesday,2,27.1,77.6,195.0,49.7,47.5,2
SPT_A,Sports,12,Friday,11,29.6,75.7,11.0,38.9,38.3,4
RES_A,Residential,4,Sunday,3,28.7,80.6,184.0,65.7,57.0,6
SPT_A,Sports,16,Saturday,3,,72.4,184.0,67.1,69.3,5
BUS_A,Business,11,Tuesday,9,27.4,79.9,111.0,32.8,50.0,1
SPT_A,Sports,6,Wednesday,1,25.5,82.5,119.0,41.6,46.0,2
RES_A,Residential,17,Saturday,5,30.8,64.4,158.0,51.9,50.3,5
BUS_A,Business,23,Monday,1,27.2,87.7,0.0,30.4,33.8,0
RES_B,Residential,20,Saturday,4,29.9,70.2,203.0,43.9,45.1,5
LIB_A,Library,19,Tuesday,5,30.2,79.4,152.0,46.0,56.2,1
SCI_A,Science,19,Friday,8,28.9,78.9,30.0,75.0,78.7,4
BUS_A,Business,3,Monday,1,28.1,83.8,0.0,12.3,25.9,0
RES_B,Residential,15,Friday,2,30.4,72.3,135.0,35.2,42.3,4
SCI_A,Science,9,Wednesday,8,27.5,80.3,72.0,82.0,80.0,2
ENG_B,Engineering,19,Monday,11,28.3,74.9,44.0,40.1,45.5,0
RES_B,Residential,1,Saturday,2,26.7,77.8,132.0,48.5,46.7,5
SCI_A,Science,14,Wednesday,10,29.6,71.7,132.0,104.0,101.6,2
RES_A,Residential,18,Friday,8,30.8,78.6,202.0,48.3,59.0,4
LIB_A,Library,9,Friday,2,28.2,75.7,33.0,31.1,34.7,4
SCI_A,Science,7,Thursday,7,28.6,83.1,0.0,59.1,70.9,3
LIB_A,Library,20,Tuesday,3,28.7,76.1,114.0,51.8,55.1,1
ENG_A,Engineering,5,Monday,1,25.7,82.3,0.0,35.5,41.4,0
ADM_A,Administration,20,Tuesday,1,29.5,79.9,5.0,30.2,36.1,1
SCI_A,Science,21,Saturday,5,30.4,72.7,7.0,62.3,74.3,5
SPT_A,Sports,20,Wednesday,6,29.6,72.6,152.0,79.5,64.8,2
ENG_A,Engineering,10,Saturday,5,30.5,68.9,,59.5,66.3,5
LEC_A,LectureHall,8,Wednesday,5,29.2,72.7,164.0,35.4,52.1,2
SCI_A,Science,20,Wednesday,6,28.9,,11.0,81.4,76.9,2
BUS_B,Business,4,Monday,2,25.4,84.8,4.0,34.1,36.7,0
ADM_A,Administration,10,Tuesday,12,29.9,72.1,72.0,33.0,35.0,1
SCI_A,Science,2,Tuesday,7,26.8,80.9,0.0,66.4,72.1,1
ENG_A,Engineering,14,Monday,5,31.2,78.2,191.0,77.1,83.3,0
BUS_B,Business,19,Saturday,7,29.9,72.1,12.0,36.8,41.5,5
RES_B,Residential,13,Monday,1,30.9,76.1,96.0,38.1,40.6,0
SCI_B,Science,14,Saturday,4,31.6,70.7,51.0,83.7,77.6,5
RES_A,Residential,15,Monday,2,28.5,77.2,100.0,45.9,44.3,0
LIB_A,Library,7,Tuesday,4,29.0,74.4,0.0,30.8,35.3,1
ENG_B,Engineering,12,Wednesday,5,31.1,69.7,145.0,68.3,72.7,2
RES_A,Residential,1,Saturday,6,27.1,80.6,162.0,43.4,47.1,5
ENG_B,Engineering,9,Saturday,10,28.1,85.8,12.0,44.8,44.4,5
SCI_A,Science,22,Wednesday,9,28.1,83.4,0.0,67.7,63.8,2
ENG_A,Engineering,0,Saturday,3,27.4,76.8,10.0,43.7,48.1,5
SPT_A,Sports,14,Sunday,9,30.8,72.1,17.0,50.8,44.7,6
BUS_A,Business,1,Sunday,4,24.8,78.7,0.0,13.0,20.9,6
ENG_A,Engineering,15,Thursday,3,31.1,75.9,143.0,78.8,79.2,3
BUS_B,Business,12,Tuesday,3,30.2,65.7,189.0,71.1,79.2,1
SCI_B,Science,19,Thursday,9,29.2,71.8,29.0,75.6,72.1,3
LIB_A,Library,16,Wednesday,1,30.9,78.6,203.0,74.0,67.4,2
ENG_A,Engineering,2,Monday,5,25.0,87.9,1.0,59.4,42.3,0
BUS_B,Business,8,Sunday,12,27.3,74.0,17.0,36.0,36.8,6
BUS_B,Business,4,Tuesday,2,25.5,86.7,0.0,13.6,28.0,1
BUS_B,Business,13,Tuesday,8,28.5,76.8,151.0,63.8,64.6,1
RES_B,Residential,0,Tuesday,4,27.2,80.5,111.0,43.9,38.6,1
BUS_A,Business,15,Thursday,6,31.3,79.0,120.0,60.0,60.1,3
RES_B,Residential,17,Sunday,8,29.5,69.7,130.0,46.8,42.2,6
LIB_A,Library,20,Saturday,12,28.4,77.4,90.0,43.4,53.6,5
RES_A,Residential,2,Thursday,12,25.0,90.3,119.0,49.1,45.6,3
BUS_A,Business,11,Wednesday,1,29.3,78.4,128.0,60.3,60.0,2
SCI_B,Science,8,Wednesday,2,27.4,,45.0,60.5,68.7,2
BUS_B,Business,22,Wednesday,5,29.1,78.8,0.0,39.0,41.5,2
SCI_B,Science,5,Saturday,3,26.9,82.1,0.0,55.7,55.5,5
LIB_A,Library,10,Wednesday,2,29.1,83.2,33.0,40.9,41.4,2
ADM_A,Administration,9,Monday,5,27.8,80.3,64.0,30.7,34.8,0
SPT_A,Sports,0,Saturday,3,27.2,79.3,28.0,43.8,40.1,5
RES_A,Residential,20,Wednesday,11,28.2,78.5,218.0,51.9,52.8,2
BUS_A,Business,9,Wednesday,9,27.3,78.9,166.0,31.0,46.4,2
ADM_A,Administration,10,Tuesday,8,28.5,74.6,77.0,34.2,38.5,1
SCI_A,Science,21,Wednesday,7,28.3,74.6,4.0,69.7,69.9,2
LEC_A,LectureHall,22,Monday,10,26.7,85.8,33.0,108.2,56.3,0
ENG_B,Engineering,9,Saturday,3,27.7,75.3,10.0,38.3,38.5,5
LIB_A,Library,1,Monday,7,26.6,82.1,0.0,26.3,28.2,0
BUS_B,Business,4,Thursday,6,25.1,86.8,20.0,34.9,39.9,3
BUS_B,Business,3,Friday,5,27.3,82.5,22.0,43.2,48.5,4
LIB_A,Library,8,Monday,6,28.7,84.4,32.0,39.5,37.6,0
LEC_A,LectureHall,15,Wednesday,8,35.7,83.9,250.0,97.8,105.8,2
BUS_B,Business,1,Tuesday,12,25.4,80.5,0.0,30.3,31.0,1
BUS_B,Business,17,Sunday,3,,78.0,0.0,32.3,39.7,6
ENG_A,Engineering,15,Monday,8,30.3,68.5,166.0,70.6,79.0,0
ADM_A,Administration,19,Sunday,7,28.8,76.9,3.0,26.4,25.3,6
BUS_B,Business,19,Tuesday,10,28.8,76.9,0.0,37.4,41.0,1
LIB_A,Library,22,Friday,2,27.8,79.2,33.0,87.1,58.1,4
LIB_A,Library,15,Monday,5,30.6,73.8,282.0,67.8,69.6,0
BUS_A,Business,13,Sunday,6,30.5,77.9,48.0,45.3,43.1,6
ENG_B,Engineering,22,Sunday,2,28.0,80.3,1.0,32.0,41.9,6
BUS_A,Business,3,Sunday,6,25.5,81.1,0.0,,17.6,6
LIB_A,Library,10,Sunday,4,28.8,75.6,24.0,43.1,41.5,6
LEC_A,LectureHall,16,Tuesday,11,30.1,69.2,94.0,50.1,52.6,1
ADM_A,Administration,17,Friday,12,30.4,79.8,40.0,39.2,37.3,4
SCI_A,Science,1,Tuesday,10,25.8,76.6,6.0,55.5,60.4,1
RES_A,Residential,2,Thursday,5,,81.9,138.0,45.0,44.6,3
RES_B,Residential,10,Friday,9,28.9,74.3,152.0,45.5,43.3,4
ENG_B,Engineering,18,Tuesday,9,30.4,71.8,62.0,48.6,49.9,1
LEC_A,LectureHall,17,Thursday,9,28.4,74.6,94.0,52.1,46.3,3
BUS_B,Business,22,Wednesday,9,26.9,81.5,1.0,36.7,37.4,2
BUS_B,Business,5,Monday,1,25.1,85.1,0.0,31.2,29.2,0
ENG_A,Engineering,7,Sunday,4,28.0,78.7,16.0,45.2,51.6,6
ENG_A,Engineering,20,Sunday,2,28.6,71.1,0.0,51.5,49.9,6
RES_B,Residential,23,Tuesday,11,26.5,83.5,254.0,46.2,55.0,1
LIB_A,Library,22,Friday,5,28.1,72.4,124.0,52.3,47.8,4
ADM_A,Administration,2,Monday,7,26.7,80.0,10.0,25.7,22.6,0
ENG_A,Engineering,0,Friday,6,24.9,83.1,6.0,36.3,35.7,4
ENG_B,Engineering,2,Friday,12,25.5,77.4,0.0,36.7,30.4,4
SCI_A,Science,14,Sunday,12,30.5,72.2,35.0,89.4,89.8,6
LEC_A,LectureHall,1,Monday,12,26.3,81.4,0.0,12.0,21.4,0
RES_B,Residential,20,Sunday,8,29.1,71.0,205.0,36.6,49.4,6
LIB_A,Library,14,Monday,11,29.4,76.3,176.0,59.9,56.5,0
BUS_A,Business,3,Friday,2,25.5,,0.0,26.9,31.7,4
BUS_B,Business,21,Wednesday,5,27.7,84.0,4.0,36.8,44.2,2
LEC_A,LectureHall,23,Sunday,5,27.2,84.0,20.0,25.8,25.8,6
LEC_A,LectureHall,16,Saturday,8,29.7,75.8,44.0,33.8,37.8,5
ENG_B,Engineering,19,Monday,12,28.7,72.4,24.0,44.5,47.2,0
ENG_B,Engineering,13,Saturday,5,30.4,69.2,43.0,47.2,55.8,5
SCI_B,Science,7,Saturday,10,25.1,81.5,6.0,53.0,56.1,5
ADM_A,Administration,3,Saturday,12,26.4,80.2,0.0,19.0,17.5,5
BUS_A,Business,4,Sunday,10,25.6,87.1,0.0,26.9,22.7,6
ENG_B,Engineering,3,Saturday,12,25.2,,0.0,28.0,30.2,5
RES_B,Residential,7,Tuesday,8,27.4,83.6,204.0,48.7,47.4,1
LEC_A,LectureHall,22,Sunday,12,26.6,83.5,31.0,76.3,46.8,6
ADM_A,Administration,6,Thursday,10,24.9,91.0,8.0,21.4,23.7,3
RES_A,Residential,14,Wednesday,8,34.3,82.4,325.0,67.1,66.9,2
LEC_A,LectureHall,11,Friday,3,30.9,71.3,171.0,67.5,66.3,4
ADM_A,Administration,20,Friday,7,28.3,70.8,16.0,31.2,33.7,4
BUS_B,Business,4,Wednesday,10,25.7,82.1,13.0,28.3,32.5,2
BUS_A,Business,19,Monday,11,28.9,81.7,7.0,32.4,34.1,0
ADM_A,Administration,4,Sunday,1,26.0,85.8,1.0,21.1,17.6,6
ENG_B,Engineering,16,Monday,8,29.0,76.6,95.0,55.6,63.2,0
ENG_A,Engineering,21,Saturday,8,28.8,74.6,19.0,43.4,46.3,5
SPT_A,Sports,17,Wednesday,10,30.3,69.9,119.0,52.8,57.5,2
RES_A,Residential,22,Wednesday,1,26.8,79.9,241.0,53.0,52.6,2
RES_B,Residential,20,Wednesday,11,27.1,81.6,188.0,36.9,39.1,2
BUS_B,Business,16,Monday,2,30.9,78.1,217.0,92.2,83.3,0
RES_B,Residential,14,Wednesday,4,29.7,76.5,45.0,41.1,33.9,2
LEC_A,LectureHall,23,Wednesday,6,,78.7,3.0,31.8,34.0,2
ENG_A,Engineering,17,Wednesday,9,29.0,76.5,111.0,67.2,63.4,2
LEC_A,LectureHall,2,Tuesday,1,26.8,78.6,0.0,5.7,22.9,1
ADM_A,Administration,11,Thursday,7,29.8,75.8,99.0,41.9,45.6,3
RES_A,Residential,20,Friday,8,28.8,,,47.2,54.2,4
LIB_A,Library,8,Saturday,4,28.4,80.4,41.0,40.2,38.4,5
RES_B,Residential,6,Wednesday,9,26.2,81.7,202.0,40.5,45.3,2
ENG_A,Engineering,4,Tuesday,3,26.7,79.2,9.0,62.1,53.5,1
BUS_A,Business,6,Tuesday,5,27.1,85.2,10.0,30.7,34.8,1
SCI_A,Science,21,Saturday,1,29.3,82.1,21.0,63.2,76.5,5
RES_B,Residential,14,Wednesday,6,34.4,80.8,288.0,63.1,65.9,2
BUS_A,Business,22,Tuesday,4,28.9,76.1,0.0,33.1,37.0,1
ENG_B,Engineering,4,Thursday,6,25.9,89.3,18.0,39.9,36.2,3
BUS_A,Business,18,Saturday,11,28.8,76.7,41.0,32.4,35.5,5
LIB_A,Library,15,Monday,7,29.6,72.9,206.0,63.6,63.1,0
ENG_A,Engineering,8,Monday,3,28.2,81.0,43.0,52.8,54.7,0
ADM_A,Administration,14,Thursday,1,29.0,82.4,103.0,41.1,43.7,3
LIB_A,Library,0,Tuesday,7,25.8,83.4,0.0,29.7,29.7,1
LIB_A,Library,18,Tuesday,4,29.8,79.0,,84.4,85.2,1
LIB_A,Library,10,Tuesday,10,28.2,81.3,21.0,27.9,33.2,1
BUS_B,Business,21,Monday,11,28.1,72.0,4.0,34.8,37.8,0
RES_A,Residential,1,Saturday,7,27.1,75.8,173.0,47.9,46.5,5
ENG_A,Engineering,20,Tuesday,12,27.3,86.7,7.0,43.3,45.3,1
RES_A,Residential,10,Monday,11,28.8,78.6,316.0,59.6,56.4,0
ADM_A,Administration,2,Saturday,3,25.3,100.0,,17.0,19.5,5
SCI_B,Science,18,Monday,7,29.1,74.9,54.0,74.9,75.4,0
LEC_A,LectureHall,11,Tuesday,12,26.6,84.8,193.0,60.2,58.2,1
RES_A,Residential,10,Wednesday,2,27.5,83.4,136.0,39.8,44.6,2
ENG_A,Engineering,17,Thursday,6,30.1,77.2,110.0,60.6,70.3,3
BUS_B,Business,11,Thursday,2,28.4,81.7,151.0,73.0,70.1,3
SPT_A,Sports,11,Tuesday,12,28.8,75.5,24.0,39.5,40.5,1
ENG_B,Engineering,16,Wednesday,2,28.5,77.3,110.0,58.5,63.7,2
ENG_B,Engineering,17,Saturday,5,30.1,74.9,33.0,46.8,48.9,5
RES_B,Residential,3,Tuesday,3,27.1,77.5,163.0,56.2,50.9,1
RES_A,Residential,1,Wednesday,10,25.7,79.3,162.0,44.3,43.7,2
LIB_A,Library,15,Sunday,12,28.8,76.6,195.0,47.1,54.5,6
ENG_A,Engineering,0,Sunday,8,27.9,76.2,20.0,52.2,51.9,6
SCI_B,Science,2,Friday,4,27.2,78.1,22.0,71.6,65.5,4
ADM_A,Administration,22,Friday,7,27.7,89.4,0.0,26.2,27.5,4
LEC_A,LectureHall,9,Saturday,7,28.5,88.9,41.0,33.4,32.7,5
BUS_A,Business,15,Saturday,2,31.2,66.0,42.0,38.5,38.5,5
SCI_A,Science,23,Saturday,10,27.3,86.4,0.0,57.5,63.8,5
BUS_B,Business,7,Thursday,8,27.4,75.3,0.0,38.4,41.4,3
SCI_A,Science,3,Sunday,9,25.6,82.9,12.0,59.1,69.1,6
RES_B,Residential,14,Wednesday,3,30.8,72.8,127.0,44.9,44.1,2
ENG_B,Engineering,18,Tuesday,6,30.0,76.7,82.0,60.0,60.4,1
RES_A,Residential,18,Monday,8,29.3,72.9,125.0,33.2,42.8,0
SCI_B,Science,20,Monday,12,29.0,77.8,20.0,74.7,76.0,0
ADM_A,Administration,4,Thursday,10,25.5,80.8,5.0,23.8,23.8,3
BUS_B,Business,12,Tuesday,12,27.9,74.0,183.0,56.6,69.6,1
LEC_A,LectureHall,21,Saturday,4,28.2,79.4,0.0,25.7,25.2,5
BUS_A,Business,8,Wednesday,11,27.5,77.4,43.0,32.6,39.0,2
ENG_A,Engineering,1,Tuesday,3,26.6,89.6,6.0,37.0,42.3,1
ADM_A,Administration,17,Wednesday,12,30.6,64.9,61.0,38.9,36.5,2
LEC_A,LectureHall,19,Thursday,5,29.9,75.1,31.0,41.3,39.4,3
LEC_A,LectureHall,23,Saturday,6,27.6,72.5,13.0,24.4,24.7,5
LIB_A,Library,15,Friday,7,30.1,70.4,259.0,66.2,65.2,4
BUS_B,Business,18,Friday,8,29.3,75.5,77.0,46.0,49.6,4
SCI_A,Science,9,Monday,8,28.0,79.3,71.0,83.8,76.2,0
SCI_B,Science,14,Thursday,6,30.5,69.5,127.0,82.5,88.3,3
SCI_A,Science,5,Thursday,8,26.7,72.5,3.0,68.4,59.3,3
SCI_A,Science,23,Saturday,10,25.9,83.7,0.0,58.4,64.5,5
ENG_B,Engineering,23,Thursday,7,27.0,75.6,7.0,30.5,33.9,3
LEC_A,LectureHall,1,Wednesday,2,25.3,82.4,27.0,25.2,28.7,2
BUS_B,Business,14,Tuesday,6,31.3,70.4,156.0,68.8,75.0,1
ENG_B,Engineering,15,Wednesday,10,29.1,77.2,118.0,62.4,57.8,2
ENG_A,Engineering,9,Saturday,8,28.8,69.9,4.0,51.2,51.3,5
BUS_A,Business,8,Friday,11,26.4,75.5,76.0,40.4,43.8,4
LIB_A,Library,12,Friday,2,30.7,77.7,97.0,52.4,51.3,4
BUS_A,Business,11,Sunday,5,31.9,73.8,47.0,42.1,54.2,6
ENG_A,Engineering,1,Thursday,12,25.7,82.8,0.0,37.5,42.8,3
ENG_B,Engineering,22,Monday,12,28.0,77.9,22.0,39.9,39.6,0
SPT_A,Sports,13,Sunday,5,29.5,78.6,2.0,43.7,43.3,6
ENG_B,Engineering,10,Wednesday,8,27.7,77.4,118.0,50.0,57.0,2
BUS_A,Business,2,Wednesday,10,26.3,79.3,5.0,29.0,28.6,2
LIB_A,Library,22,Saturday,3,28.5,75.8,51.0,43.0,45.7,5
BUS_A,Business,1,Wednesday,9,27.6,80.9,8.0,29.9,34.5,2
RES_B,Residential,5,Monday,6,27.7,76.3,188.0,56.7,54.1,0
RES_A,Residential,10,Saturday,11,,75.2,187.0,38.7,42.0,5
SCI_B,Science,12,Wednesday,4,30.2,73.4,122.0,101.7,96.6,2
LEC_A,LectureHall,5,Thursday,5,27.1,80.6,17.0,27.9,33.6,3
LIB_A,Library,12,Saturday,9,28.7,76.0,119.0,42.6,46.3,5
BUS_A,Business,8,Tuesday,5,27.6,72.2,86.0,40.6,41.5,1
LEC_A,LectureHall,18,Saturday,8,31.3,69.4,0.0,35.5,31.8,5
SCI_A,Science,23,Saturday,9,26.6,82.8,2.0,51.9,62.4,5
LEC_A,LectureHall,11,Saturday,12,28.5,75.0,31.0,26.6,31.0,5
ENG_B,Engineering,13,Thursday,12,30.2,81.2,141.0,77.8,74.2,3
BUS_A,Business,13,Sunday,12,29.2,68.2,54.0,37.5,37.7,6
RES_A,Residential,8,Monday,1,26.2,81.1,166.0,40.0,40.1,0
BUS_A,Business,0,Thursday,3,26.5,81.8,0.0,37.4,41.1,3
BUS_A,Business,1,Sunday,1,27.4,76.7,12.0,37.5,32.0,6
BUS_A,Business,4,Monday,2,26.4,93.3,5.0,35.7,35.0,0
SPT_A,Sports,10,Thursday,1,29.8,77.3,245.0,63.2,72.4,3
SPT_A,Sports,23,Sunday,2,26.6,82.9,28.0,37.4,42.6,6
ADM_A,Administration,10,Sunday,12,27.7,83.2,16.0,22.4,24.9,6
SCI_A,Science,21,Wednesday,6,27.5,76.5,6.0,,72.3,2
BUS_A,Business,8,Saturday,1,27.3,82.7,24.0,35.8,32.5,5
ADM_A,Administration,22,Monday,9,27.3,73.6,5.0,23.4,25.1,0
RES_B,Residential,21,Monday,2,28.3,79.7,194.0,53.4,50.7,0
BUS_B,Business,22,Monday,2,26.8,85.1,31.0,33.1,35.3,0
BUS_B,Business,19,Thursday,6,29.2,65.5,5.0,47.7,46.0,3
SPT_A,Sports,6,Wednesday,4,27.5,74.8,87.0,57.2,56.4,2
LIB_A,Library,8,Tuesday,8,26.7,84.3,58.0,34.0,39.4,1
LEC_A,LectureHall,8,Thursday,7,27.4,79.8,150.0,27.5,46.9,3
SCI_B,Science,21,Sunday,11,24.7,99.0,2.0,48.1,49.1,6
LIB_A,Library,11,Sunday,6,30.2,73.8,232.0,62.0,64.9,6
RES_B,Residential,22,Thursday,10,28.2,81.4,242.0,56.4,51.5,3
BUS_B,Business,17,Wednesday,2,29.6,,85.0,56.7,65.2,2
SCI_B,Science,18,Thursday,7,30.2,74.0,48.0,87.7,78.3,3
SCI_B,Science,20,Thursday,11,27.6,77.2,11.0,70.2,66.8,3
ENG_A,Engineering,13,Monday,4,32.1,62.3,181.0,84.2,86.2,0
LEC_A,LectureHall,17,Monday,10,30.2,75.0,120.0,52.0,52.2,0
BUS_A,Business,21,Wednesday,4,28.5,73.0,10.0,32.1,36.5,2
SCI_B,Science,1,Thursday,10,24.7,83.1,,53.9,51.8,3
SCI_A,Science,20,Wednesday,5,29.1,75.8,32.0,66.7,72.7,2
BUS_A,Business,3,Tuesday,8,26.4,77.1,33.0,32.7,34.0,1
RES_A,Residential,17,Friday,4,31.9,73.1,119.0,46.3,52.4,4
SPT_A,Sports,23,Saturday,5,28.6,78.0,10.0,75.3,51.9,5
RES_B,Residential,21,Wednesday,9,26.6,83.5,243.0,44.9,47.1,2
BUS_B,Business,7,Wednesday,2,27.9,84.1,48.0,40.4,46.3,2
SPT_A,Sports,16,Saturday,4,31.6,73.5,200.0,77.0,73.4,5
LIB_A,Library,13,Monday,8,30.3,78.6,149.0,55.4,55.6,0
ADM_A,Administration,10,Saturday,1,28.1,75.0,21.0,25.8,27.7,5
BUS_B,Business,13,Saturday,5,30.7,80.8,46.0,41.5,42.4,5
RES_A,Residential,8,Saturday,11,23.8,96.3,269.0,46.7,49.3,5
BUS_A,Business,22,Monday,2,28.0,74.9,12.0,40.8,35.9,0
SCI_B,Science,22,Friday,3,28.2,80.8,5.0,61.1,60.2,4
ENG_B,Engineering,16,Tuesday,12,29.9,77.6,113.0,72.9,65.4,1
SCI_A,Science,5,Thursday,3,26.4,78.6,0.0,60.4,62.9,3
RES_A,Residential,23,Thursday,2,27.3,84.7,283.0,63.1,57.0,3
SCI_A,Science,14,Monday,10,27.9,78.1,123.0,81.0,87.6,0
LEC_A,LectureHall,14,Thursday,12,30.3,78.1,212.0,71.2,76.1,3
RES_A,Residential,16,Friday,10,28.6,73.9,159.0,39.3,40.4,4
BUS_A,Business,17,Friday,7,29.5,68.1,61.0,47.0,49.1,4
SCI_A,Science,6,Friday,5,26.7,80.6,8.0,58.1,69.8,4
SCI_A,Science,11,Monday,11,29.2,79.5,132.0,88.8,93.6,0
RES_B,Residential,23,Sunday,3,26.8,81.2,268.0,56.2,54.9,6
SCI_A,Science,19,Thursday,9,28.0,79.6,32.0,69.7,76.4,3
ENG_B,Engineering,1,Friday,12,25.0,87.4,0.0,32.5,33.8,4
ADM_A,Administration,13,Friday,9,29.7,75.6,96.0,41.1,42.5,4
SPT_A,Sports,5,Wednesday,8,26.9,82.3,45.0,44.2,47.5,2
RES_B,Residential,23,Friday,8,27.4,88.2,243.0,54.3,58.7,4
BUS_A,Business,4,Monday,12,27.1,76.0,16.0,31.1,34.4,0
LIB_A,Library,4,Friday,9,26.1,82.1,14.0,30.7,29.7,4
SCI_A,Science,13,Wednesday,6,31.1,69.9,174.0,105.0,110.7,2
SCI_B,Science,9,Monday,9,27.7,87.0,58.0,63.9,69.2,0
BUS_A,Business,9,Tuesday,12,27.3,85.5,109.0,57.4,51.5,1
BUS_B,Business,19,Monday,5,30.4,67.3,14.0,48.5,52.5,0
SPT_A,Sports,12,Friday,12,30.1,82.1,16.0,43.9,42.8,4
LIB_A,Library,22,Sunday,1,26.5,81.9,65.0,44.9,45.0,6
SCI_B,Science,10,Monday,4,29.1,74.4,72.0,77.2,80.7,0
SCI_B,Science,8,Thursday,9,28.6,83.3,49.0,70.8,75.6,3
ADM_A,Administration,19,Monday,12,28.0,72.4,10.0,24.2,26.9,0
BUS_B,Business,5,Sunday,9,25.4,85.2,1.0,26.3,28.8,6
SCI_B,Science,13,Monday,6,30.5,78.3,146.0,101.3,100.0,0
RES_A,Residential,22,Saturday,9,28.9,79.3,298.0,54.0,65.0,5
RES_B,Residential,13,Wednesday,1,29.7,81.0,82.0,36.7,37.2,2
SCI_A,Science,19,Monday,7,31.4,67.3,8.0,86.8,88.0,0
SCI_A,Science,0,Tuesday,5,26.4,81.2,0.0,51.2,61.2,1
BUS_B,Business,4,Sunday,11,25.3,74.4,7.0,22.3,32.3,6
ENG_A,Engineering,18,Friday,3,29.8,69.3,89.0,78.6,74.4,4
SPT_A,Sports,3,Friday,3,25.2,79.3,0.0,39.3,34.1,4
ADM_A,Administration,8,Friday,6,28.9,78.5,48.0,36.6,30.8,4
SPT_A,Sports,1,Thursday,6,27.8,79.4,14.0,38.4,40.5,3
BUS_A,Business,13,Wednesday,1,29.6,74.8,148.0,56.7,58.2,2
RES_A,Residential,2,Sunday,2,23.9,88.6,135.0,37.2,42.5,6
RES_A,Residential,0,Thursday,5,,86.0,123.0,46.4,44.9,3
BUS_B,Business,17,Sunday,7,31.5,74.0,17.0,50.6,46.7,6
LIB_A,Library,19,Tuesday,6,30.2,75.2,150.0,69.0,66.0,1
RES_B,Residential,14,Tuesday,2,29.7,69.0,104.0,39.6,47.5,1
LIB_A,Library,10,Wednesday,1,27.8,84.5,45.0,33.2,35.3,2
LIB_A,Library,11,Thursday,8,30.4,72.0,90.0,47.4,45.6,3
SPT_A,Sports,22,Thursday,6,29.0,76.3,15.0,89.9,63.0,3
BUS_B,Business,10,Saturday,11,27.6,75.0,45.0,39.5,40.0,5
BUS_B,Business,7,Monday,4,27.5,81.5,0.0,37.6,37.9,0
ENG_A,Engineering,6,Monday,12,25.8,80.9,15.0,40.6,41.7,0
BUS_B,Business,1,Wednesday,7,26.1,88.1,0.0,31.1,33.2,2
SPT_A,Sports,7,Friday,4,28.3,71.5,113.0,55.7,55.6,4
SPT_A,Sports,3,Sunday,8,25.9,79.1,58.0,36.7,36.8,6
LEC_A,LectureHall,16,Thursday,4,30.8,71.1,111.0,,60.8,3
ADM_A,Administration,6,Sunday,9,27.1,83.1,0.0,19.0,20.3,6
RES_B,Residential,6,Sunday,8,27.2,81.6,228.0,48.6,49.2,6
SCI_B,Science,10,Saturday,8,28.5,74.1,15.0,55.8,64.9,5
RES_B,Residential,3,Saturday,9,26.4,79.6,179.0,40.1,45.6,5
BUS_A,Business,2,Friday,8,26.5,82.8,0.0,25.9,29.0,4
BUS_B,Business,12,Monday,5,30.4,63.5,135.0,67.6,71.9,0
BUS_B,Business,4,Saturday,10,24.6,77.5,0.0,19.9,26.9,5
ENG_B,Engineering,0,Friday,7,26.7,80.0,2.0,36.3,35.8,4
SCI_B,Science,23,Monday,3,25.5,81.1,0.0,55.5,55.0,0
LIB_A,Library,22,Wednesday,7,27.2,83.1,12.0,81.4,52.6,2
ENG_A,Engineering,19,Thursday,4,31.1,77.7,44.0,65.1,63.6,3
RES_B,Residential,7,Tuesday,4,28.1,73.3,166.0,35.8,51.1,1
SPT_A,Sports,14,Friday,12,29.4,81.8,24.0,41.6,45.0,4
SCI_A,Science,20,Tuesday,11,27.3,83.7,33.0,60.5,64.4,1
RES_A,Residential,14,Wednesday,2,29.7,79.1,135.0,46.7,48.7,2
ENG_A,Engineering,23,Sunday,1,27.5,78.6,30.0,46.9,45.9,6
RES_A,Residential,3,Tuesday,8,26.0,75.9,191.0,51.0,44.0,1
LEC_A,LectureHall,22,Saturday,5,28.6,74.2,34.0,76.1,43.7,5
SCI_A,Science,3,Monday,3,26.8,82.1,0.0,61.5,67.5,0
SPT_A,Sports,6,Sunday,9,28.4,87.1,147.0,58.2,60.7,6
LIB_A,Library,7,Sunday,10,27.8,73.3,5.0,27.8,29.1,6
ENG_B,Engineering,9,Sunday,2,26.9,87.7,4.0,36.8,42.9,6
SCI_A,Science,12,Saturday,8,31.2,68.4,34.0,78.4,80.7,5
BUS_A,Business,16,Sunday,3,30.7,72.7,20.0,38.3,38.6,6
ENG_A,Engineering,10,Monday,3,30.7,74.1,134.0,82.7,78.6,0
SPT_A,Sports,7,Friday,7,26.5,79.0,124.0,54.0,50.1,4
SCI_B,Science,14,Thursday,5,30.4,77.2,113.0,83.9,93.7,3
ENG_A,Engineering,1,Saturday,5,26.3,73.8,0.0,46.8,44.5,5
LIB_A,Library,15,Saturday,10,27.7,80.9,180.0,48.3,50.8,5
SCI_B,Science,8,Wednesday,8,26.0,74.0,52.0,58.6,66.7,2
ENG_B,Engineering,6,Monday,4,27.9,81.6,24.0,57.0,53.0,0
RES_B,Residential,23,Sunday,6,27.1,79.7,238.0,56.2,49.9,6
LEC_A,LectureHall,3,Friday,5,26.3,71.7,26.0,32.0,28.6,4
LIB_A,Library,19,Saturday,8,29.5,72.5,,53.7,58.0,5
ENG_A,Engineering,13,Wednesday,2,29.9,76.6,211.0,84.0,85.7,2
BUS_B,Business,19,Friday,5,28.1,77.1,57.0,,56.1,4
LIB_A,Library,20,Sunday,2,27.4,69.6,,59.2,61.5,6
SPT_A,Sports,7,Wednesday,8,26.6,79.4,141.0,47.9,50.3,2
ENG_B,Engineering,9,Monday,9,28.7,76.0,,60.0,61.9,0
ENG_B,Engineering,21,Wednesday,2,27.7,75.5,3.0,35.3,38.6,2
SCI_B,Science,16,Friday,10,29.9,74.1,104.0,79.4,84.4,4
BUS_A,Business,6,Sunday,5,26.6,86.0,0.0,25.8,27.0,6
RES_A,Residential,2,Thursday,9,27.0,71.5,141.0,33.2,39.0,3
ENG_B,Engineering,9,Monday,5,29.2,66.3,47.0,50.1,52.2,0
BUS_A,Business,4,Wednesday,7,25.4,85.6,0.0,30.6,25.0,2
SCI_A,Science,17,Tuesday,9,28.3,70.6,77.0,81.0,82.2,1
LEC_A,LectureHall,22,Friday,2,26.9,76.8,12.0,27.6,28.9,4
ADM_A,Administration,11,Friday,6,29.5,,92.0,37.9,40.9,4
ENG_B,Engineering,4,Tuesday,10,26.2,82.8,19.0,30.0,32.2,1
ADM_A,Administration,12,Saturday,6,29.4,77.3,44.0,29.9,30.2,5
BUS_A,Business,15,Monday,1,30.0,75.2,111.0,52.3,57.1,0
LEC_A,LectureHall,14,Sunday,4,30.9,65.4,37.0,38.5,39.5,6
ADM_A,Administration,1,Saturday,7,26.4,80.1,1.0,19.8,20.6,5
ENG_A,Engineering,16,Thursday,8,29.6,78.5,117.0,80.5,73.3,3
ENG_A,Engineering,18,Wednesday,1,29.5,75.2,61.0,57.1,60.7,2
BUS_B,Business,15,Sunday,4,31.0,68.9,45.0,47.0,48.0,6
LEC_A,LectureHall,3,Wednesday,1,26.9,76.5,0.0,23.6,26.5,2
ENG_B,Engineering,7,Saturday,2,28.2,79.9,12.0,44.3,44.7,5
BUS_A,Business,0,Sunday,6,25.2,84.1,0.0,26.4,21.8,6
LIB_A,Library,17,Monday,2,30.8,75.2,195.0,63.0,61.9,0
SPT_A,Sports,3,Monday,8,25.7,84.8,0.0,35.8,37.0,0
SPT_A,Sports,15,Monday,5,28.5,78.2,20.0,34.8,43.9,0
SCI_B,Science,19,Sunday,9,29.3,74.6,9.0,62.4,66.1,6
LEC_A,LectureHall,11,Thursday,12,28.5,78.7,168.0,57.6,62.9,3
ENG_B,Engineering,16,Tuesday,11,28.4,77.1,109.0,56.7,59.4,1
BUS_A,Business,8,Wednesday,10,28.1,80.8,51.0,44.6,42.5,2
SCI_A,Science,6,Tuesday,2,26.0,77.5,0.0,56.8,61.8,1
BUS_A,Business,11,Saturday,1,29.3,73.1,25.0,34.4,42.6,5
BUS_A,Business,22,Saturday,2,27.3,81.6,35.0,31.6,30.0,5
ADM_A,Administration,17,Tuesday,4,30.4,66.1,65.0,43.3,43.4,1
LIB_A,Library,8,Thursday,10,28.4,75.7,42.0,34.7,39.7,3
SPT_A,Sports,11,Saturday,3,29.6,65.9,20.0,47.6,42.9,5
ENG_A,Engineering,17,Friday,8,30.4,74.8,79.0,65.3,71.1,4
ENG_B,Engineering,17,Thursday,8,30.7,71.0,63.0,51.3,54.9,3
SCI_A,Science,5,Sunday,4,28.6,76.8,8.0,71.6,74.3,6
LEC_A,LectureHall,7,Monday,8,27.2,85.2,9.0,32.0,29.8,0
RES_B,Residential,17,Tuesday,9,30.2,64.7,91.0,35.2,34.3,1
SPT_A,Sports,20,Saturday,12,28.8,74.6,189.0,63.7,67.5,5
BUS_B,Business,17,Saturday,10,,79.7,31.0,44.8,46.9,5
LIB_A,Library,6,Wednesday,3,26.9,81.0,0.0,34.0,33.8,2
SCI_A,Science,6,Monday,8,26.7,79.7,0.0,61.2,64.4,0
BUS_B,Business,19,Sunday,2,29.2,77.1,3.0,36.1,39.7,6
ADM_A,Administration,17,Thursday,3,28.3,79.9,66.0,33.4,37.8,3
LIB_A,Library,14,Saturday,6,31.7,77.1,149.0,60.9,61.0,5
LEC_A,LectureHall,23,Friday,10,26.7,82.0,43.0,104.9,55.5,4
LEC_A,LectureHall,17,Saturday,3,30.8,81.2,49.0,42.9,44.6,5
ENG_A,Engineering,1,Wednesday,8,26.3,83.5,0.0,45.8,43.6,2
LIB_A,Library,19,Saturday,4,28.9,72.0,95.0,55.4,51.0,5
LEC_A,LectureHall,9,Sunday,8,27.2,81.2,0.0,20.8,21.2,6
SCI_B,Science,11,Wednesday,8,29.8,83.4,110.0,93.9,90.0,2
ENG_B,Engineering,8,Tuesday,2,28.3,74.5,124.0,25.5,49.5,1
SCI_B,Science,16,Friday,5,34.2,91.6,136.0,96.8,111.1,4
SCI_B,Science,3,Wednesday,5,26.5,76.7,0.0,74.4,64.3,2
BUS_B,Business,14,Thursday,3,30.7,75.9,155.0,65.5,72.7,3
BUS_A,Business,19,Wednesday,8,29.4,71.4,,38.0,34.0,2
LEC_A,LectureHall,23,Saturday,11,26.7,90.2,0.0,21.8,22.7,5
LIB_A,Library,2,Wednesday,1,26.3,,0.0,31.8,30.6,2
BUS_B,Business,13,Saturday,4,31.5,68.5,39.0,52.6,54.8,5
ADM_A,Administration,4,Monday,11,25.1,86.2,0.0,8.5,15.1,0
LIB_A,Library,23,Tuesday,9,28.4,78.3,10.0,93.7,55.8,1
SCI_B,Science,16,Monday,4,30.5,81.6,77.0,90.7,88.1,0
LEC_A,LectureHall,9,Thursday,9,28.6,74.5,243.0,34.7,71.3,3
LEC_A,LectureHall,2,Sunday,10,25.8,77.0,9.0,21.2,23.3,6
SCI_B,Science,7,Monday,7,27.4,78.0,9.0,56.8,68.4,0
ENG_B,Engineering,9,Thursday,8,29.1,70.8,74.0,51.1,54.2,3
SCI_A,Science,17,Monday,9,28.5,70.0,71.0,87.9,87.3,0
RES_B,Residential,20,Friday,9,24.2,98.0,206.0,36.5,36.1,4
ENG_B,Engineering,11,Wednesday,12,29.1,71.7,138.0,60.9,66.8,2
BUS_A,Business,7,Tuesday,3,26.7,71.5,15.0,38.4,35.2,1
SCI_B,Science,9,Monday,12,27.9,80.9,70.0,70.6,71.6,0
BUS_B,Business,9,Monday,7,28.9,77.6,129.0,24.5,50.6,0
ENG_A,Engineering,21,Sunday,6,28.6,82.2,24.0,51.5,55.9,6
SPT_A,Sports,23,Thursday,6,29.5,80.5,46.0,91.9,65.2,3
ENG_B,Engineering,3,Sunday,1,25.5,80.4,14.0,35.5,39.6,6
SCI_A,Science,2,Wednesday,10,25.7,84.0,38.0,62.5,62.2,2
SCI_A,Science,23,Thursday,7,27.7,72.4,10.0,57.2,66.1,3
SPT_A,Sports,7,Sunday,5,26.8,76.2,148.0,58.9,63.2,6
LEC_A,LectureHall,14,Sunday,6,31.4,69.2,59.0,42.2,46.5,6
BUS_B,Business,12,Thursday,8,30.8,65.2,153.0,59.0,65.5,3
LIB_A,Library,22,Thursday,10,27.9,77.2,49.0,70.6,52.8,3
ENG_B,Engineering,1,Wednesday,5,26.7,72.6,14.0,35.4,43.4,2
ENG_B,Engineering,18,Tuesday,4,29.3,71.0,51.0,52.2,55.7,1
LEC_A,LectureHall,11,Saturday,1,30.9,79.8,33.0,36.8,37.3,5
LIB_A,Library,21,Wednesday,11,28.6,82.8,98.0,,47.7,2
LIB_A,Library,6,Wednesday,9,27.3,79.2,0.0,29.0,37.6,2
ENG_B,Engineering,11,Wednesday,3,29.9,76.4,129.0,82.3,68.1,2
LIB_A,Library,6,Sunday,2,28.1,73.6,36.0,32.2,38.5,6
BUS_A,Business,19,Thursday,3,30.5,73.7,22.0,49.7,46.8,3
ADM_A,Administration,13,Sunday,8,30.5,79.4,37.0,29.9,34.0,6
BUS_B,Business,15,Saturday,12,28.6,74.0,51.0,42.1,44.0,5
ENG_B,Engineering,19,Wednesday,10,29.3,68.1,37.0,47.8,42.0,2
LEC_A,LectureHall,12,Saturday,7,28.7,70.8,37.0,37.2,38.2,5
LIB_A,Library,10,Friday,11,28.8,72.4,43.0,36.8,40.0,4
LEC_A,LectureHall,21,Monday,6,28.9,78.2,24.0,32.3,33.2,0
SCI_A,Science,8,Wednesday,7,24.5,98.5,46.0,69.0,67.6,2
ENG_B,Engineering,14,Saturday,4,31.5,72.8,48.0,62.3,63.3,5
RES_A,Residential,17,Thursday,4,30.6,73.7,,52.9,52.9,3
SCI_B,Science,13,Friday,11,28.7,77.8,110.0,98.0,93.7,4
SPT_A,Sports,17,Friday,7,31.0,70.0,87.0,61.7,59.7,4
BUS_B,Business,23,Monday,7,28.6,84.4,7.0,43.5,38.1,0
ENG_B,Engineering,23,Tuesday,11,26.9,80.1,28.0,41.5,46.4,1
BUS_A,Business,7,Wednesday,7,28.4,75.3,18.0,39.4,43.4,2
ENG_A,Engineering,20,Saturday,8,28.6,73.4,11.0,49.9,48.7,5
RES_B,Residential,8,Wednesday,12,27.4,76.5,155.0,45.1,40.0,2
LEC_A,LectureHall,4,Wednesday,12,24.1,84.1,32.0,23.6,28.6,2
ENG_B,Engineering,1,Monday,3,27.0,86.8,20.0,41.2,42.8,0
LIB_A,Library,15,Monday,7,31.7,65.7,177.0,64.7,62.9,0
ADM_A,Administration,13,Saturday,2,30.7,68.9,20.0,28.5,30.8,5
SCI_A,Science,20,Thursday,6,29.4,77.8,6.0,71.0,71.4,3
BUS_B,Business,11,Wednesday,9,28.6,76.9,136.0,56.1,64.0,2
BUS_A,Business,9,Monday,5,28.9,76.2,79.0,37.1,44.5,0
SCI_B,Science,13,Wednesday,10,29.9,64.0,112.0,94.2,87.9,2
BUS_A,Business,8,Thursday,6,27.0,81.7,61.0,38.9,38.9,3
SCI_A,Science,9,Monday,10,27.2,78.5,140.0,55.9,84.1,0
ENG_A,Engineering,9,Sunday,2,28.8,74.5,28.0,49.6,58.0,6
LIB_A,Library,11,Thursday,12,27.5,82.4,94.0,39.6,38.1,3
BUS_A,Business,9,Monday,9,28.2,84.6,64.0,44.3,43.0,0
SCI_B,Science,0,Monday,4,26.4,,3.0,82.0,72.7,0
RES_B,Residential,14,Sunday,4,30.0,67.2,87.0,33.2,44.3,6
ADM_A,Administration,13,Tuesday,7,31.4,67.5,114.0,41.6,44.8,1
LEC_A,LectureHall,11,Monday,12,29.0,78.2,158.0,49.9,61.5,0
SPT_A,Sports,20,Sunday,6,29.4,81.7,227.0,75.7,73.6,6
ENG_B,Engineering,4,Sunday,5,27.9,84.8,33.0,49.0,51.5,6
RES_B,Residential,22,Monday,8,27.0,83.9,256.0,53.1,54.7,0
BUS_A,Business,7,Wednesday,4,28.1,78.1,0.0,28.3,33.6,2
ADM_A,Administration,8,Monday,2,28.3,80.2,54.0,29.3,31.5,0
SCI_B,Science,0,Monday,6,27.3,82.7,7.0,91.0,75.6,0
ENG_A,Engineering,5,Monday,11,24.0,95.9,50.0,42.1,44.2,0
LEC_A,LectureHall,19,Sunday,1,29.3,75.2,36.0,32.1,38.1,6
LIB_A,Library,21,Friday,12,29.1,68.3,84.0,46.6,49.0,4
LEC_A,LectureHall,9,Tuesday,6,28.2,84.1,85.0,45.6,44.4,1
ENG_A,Engineering,6,Friday,12,26.6,82.8,30.0,43.2,45.4,4
ADM_A,Administration,7,Saturday,8,28.0,79.2,14.0,21.7,21.7,5
SCI_A,Science,13,Wednesday,12,30.4,71.6,138.0,100.2,106.0,2
BUS_A,Business,16,Sunday,3,30.0,72.8,30.0,46.4,44.9,6
SCI_B,Science,18,Sunday,5,28.7,74.3,22.0,66.3,74.5,6
BUS_A,Business,4,Sunday,11,25.8,77.2,0.0,22.5,18.4,6
LEC_A,LectureHall,14,Tuesday,9,30.8,70.5,202.0,78.5,77.2,1
BUS_B,Business,7,Thursday,3,28.0,77.7,0.0,36.9,39.5,3
BUS_A,Business,9,Saturday,5,27.9,83.1,8.0,28.3,25.6,5
SCI_A,Science,4,Sunday,3,26.2,76.7,5.0,63.7,64.3,6
SCI_A,Science,23,Friday,5,29.4,79.1,9.0,65.4,76.8,4
LIB_A,Library,4,Sunday,10,24.6,80.9,29.0,26.2,26.8,6
RES_A,Residential,13,Wednesday,10,28.4,80.4,87.0,33.6,40.6,2
SCI_A,Science,23,Wednesday,2,28.3,78.6,4.0,62.3,75.1,2
ENG_A,Engineering,21,Friday,7,29.2,73.5,31.0,48.8,57.2,4
SPT_A,Sports,14,Wednesday,2,29.2,82.2,23.0,42.4,41.9,2
RES_A,Residential,14,Wednesday,9,28.9,79.6,133.0,37.3,46.2,2
ENG_A,Engineering,14,Monday,9,30.7,67.8,210.0,65.6,88.8,0
BUS_A,Business,22,Saturday,9,29.2,76.6,1.0,28.2,27.8,5
ADM_A,Administration,11,Wednesday,11,28.0,75.7,93.0,38.0,37.7,2
SCI_A,Science,3,Monday,4,26.7,76.2,20.0,71.7,71.0,0
RES_B,Residential,2,Saturday,3,25.7,85.6,163.0,,45.9,5
ENG_A,Engineering,7,Saturday,6,28.7,78.9,18.0,52.1,55.6,5
ENG_A,Engineering,17,Monday,6,29.5,73.0,84.0,58.6,64.5,0
SCI_B,Science,8,Wednesday,2,28.0,81.3,39.0,62.6,68.5,2
BUS_B,Business,13,Monday,11,27.9,72.6,166.0,67.2,62.6,0
ADM_A,Administration,8,Wednesday,8,28.1,75.0,61.0,32.5,38.0,2
RES_B,Residential,15,Thursday,12,30.0,70.0,83.0,38.7,42.6,3
ENG_A,Engineering,16,Wednesday,3,29.7,77.5,131.0,74.9,82.3,2
LEC_A,LectureHall,3,Friday,5,26.4,80.2,0.0,24.2,24.7,4
SCI_A,Science,0,Monday,5,29.6,75.2,0.0,72.7,81.3,0
ENG_B,Engineering,9,Friday,10,27.2,77.6,65.0,44.6,45.2,4
ENG_A,Engineering,17,Friday,6,30.0,79.6,86.0,70.9,72.4,4
SCI_A,Science,6,Saturday,2,26.8,81.2,16.0,56.7,63.0,5
ENG_A,Engineering,11,Monday,1,28.7,79.1,149.0,73.1,70.4,0
SPT_A,Sports,3,Friday,12,26.5,77.0,18.0,40.1,40.1,4
RES_B,Residential,6,Friday,5,25.8,82.2,202.0,46.2,50.6,4
SCI_A,Science,13,Monday,7,31.2,68.8,9.0,83.4,86.2,0
LIB_A,Library,12,Saturday,3,31.1,70.3,126.0,62.8,59.7,5
SPT_A,Sports,9,Tuesday,9,27.9,82.2,92.0,53.1,55.8,1
SCI_B,Science,20,Sunday,11,28.3,74.3,4.0,76.8,71.1,6
BUS_B,Business,7,Friday,1,26.6,83.4,0.0,36.2,32.5,4
RES_B,Residential,16,Tuesday,9,31.1,67.3,108.0,41.6,46.9,1
LIB_A,Library,0,Friday,4,26.8,73.2,0.0,27.6,30.7,4
ENG_B,Engineering,3,Friday,8,27.0,82.0,0.0,38.1,40.7,4
SCI_B,Science,8,Tuesday,2,28.0,81.7,54.0,65.5,72.6,1
ADM_A,Administration,1,Monday,7,27.8,77.3,9.0,28.0,25.1,0
RES_A,Residential,16,Saturday,11,28.8,80.9,117.0,41.3,45.3,5
ADM_A,Administration,19,Wednesday,6,29.4,72.6,3.0,30.2,30.0,2
LIB_A,Library,23,Wednesday,4,28.5,82.1,53.0,54.3,40.8,2
RES_B,Residential,20,Thursday,9,28.4,78.9,188.0,50.1,49.1,3
SCI_A,Science,16,Sunday,12,29.4,69.9,,79.2,82.0,6
BUS_A,Business,8,Saturday,8,27.0,77.7,12.0,23.7,31.8,5
ENG_A,Engineering,3,Monday,9,26.8,83.8,0.0,42.7,40.9,0
SCI_A,Science,17,Friday,10,28.7,72.8,82.0,83.4,85.1,4
LEC_A,LectureHall,1,Thursday,8,26.3,75.3,0.0,19.6,20.0,3
LEC_A,LectureHall,16,Saturday,8,31.4,74.1,213.0,75.1,79.0,5
SPT_A,Sports,22,Monday,2,28.4,75.1,31.0,52.9,53.5,0
LIB_A,Library,1,Sunday,11,26.3,78.1,11.0,28.3,29.6,6
ENG_B,Engineering,11,Monday,7,29.9,67.0,147.0,71.0,71.4,0
SCI_B,Science,16,Friday,6,30.5,74.6,97.0,86.5,89.1,4
LEC_A,LectureHall,6,Friday,1,26.8,79.4,0.0,26.7,25.7,4
ENG_B,Engineering,7,Wednesday,6,27.2,78.2,145.0,35.2,56.9,2
ENG_B,Engineering,7,Monday,8,28.3,80.5,12.0,41.5,47.3,0
RES_A,Residential,5,Thursday,9,26.2,80.2,189.0,38.2,45.3,3
BUS_B,Business,0,Sunday,2,26.4,82.0,0.0,32.9,32.3,6
SCI_A,Science,14,Thursday,6,29.5,74.4,147.0,100.4,101.6,3
ADM_A,Administration,5,Saturday,9,25.4,86.5,,17.1,16.7,5
SCI_B,Science,19,Wednesday,4,31.4,67.7,28.0,78.8,89.0,2
ADM_A,Administration,6,Monday,3,27.1,77.8,10.0,27.8,29.0,0
RES_B,Residential,12,Wednesday,12,30.4,74.3,82.0,39.4,34.7,2
LEC_A,LectureHall,0,Friday,9,26.2,83.7,21.0,27.8,24.8,4
ENG_A,Engineering,1,Saturday,3,,79.1,13.0,64.3,54.0,5
ADM_A,Administration,4,Wednesday,5,28.2,78.9,0.0,7.7,20.5,2
LIB_A,Library,7,Monday,5,27.5,79.2,0.0,30.9,25.8,0
ENG_B,Engineering,11,Thursday,3,28.4,74.0,133.0,58.2,66.8,3
SPT_A,Sports,8,Wednesday,10,27.9,77.5,96.0,47.3,54.7,2
SPT_A,Sports,6,Saturday,5,28.3,77.1,131.0,60.1,59.8,5
BUS_A,Business,21,Tuesday,8,28.4,78.9,0.0,37.7,40.6,1
LEC_A,LectureHall,11,Sunday,10,30.2,77.9,71.0,39.0,37.5,6
ENG_A,Engineering,15,Monday,4,32.3,66.4,165.0,89.9,93.5,0
ENG_A,Engineering,19,Monday,3,29.6,73.4,58.0,58.8,54.4,0
LIB_A,Library,13,Monday,2,29.2,75.6,188.0,59.3,56.7,0
ENG_B,Engineering,23,Friday,9,27.4,78.1,0.0,,34.4,4
SPT_A,Sports,0,Monday,4,27.9,75.1,1.0,42.8,45.6,0
RES_B,Residential,18,Wednesday,11,28.1,76.0,149.0,43.5,42.2,2
BUS_A,Business,7,Monday,6,26.8,78.4,105.0,23.6,40.9,0
BUS_B,Business,21,Tuesday,2,24.8,98.7,35.0,30.7,32.7,1
RES_B,Residential,21,Saturday,7,27.6,77.4,252.0,55.2,47.6,5
SCI_B,Science,16,Tuesday,11,29.4,78.9,100.0,81.1,88.1,1
LEC_A,LectureHall,5,Wednesday,6,28.6,80.8,0.0,32.6,34.3,2
ENG_A,Engineering,22,Saturday,10,25.8,74.7,23.0,35.0,36.1,5
BUS_A,Business,9,Friday,12,26.8,75.1,68.0,43.6,40.9,4
SPT_A,Sports,13,Friday,9,29.9,73.5,9.0,37.9,45.4,4
ADM_A,Administration,11,Friday,11,28.4,79.6,87.0,37.4,36.1,4
LIB_A,Library,0,Monday,12,25.1,81.1,0.0,22.4,22.7,0
BUS_A,Business,10,Tuesday,10,27.5,76.4,132.0,52.1,53.3,1
SPT_A,Sports,14,Saturday,3,30.5,69.8,38.0,47.3,50.6,5
SCI_A,Science,11,Thursday,7,30.2,72.5,130.0,94.6,97.8,3
BUS_A,Business,14,Thursday,6,30.0,75.5,131.0,42.2,51.1,3
SCI_A,Science,4,Sunday,4,27.2,82.0,8.0,92.3,77.4,6
ENG_A,Engineering,11,Thursday,8,30.0,82.0,151.0,82.1,81.2,3
BUS_B,Business,22,Saturday,10,27.6,76.6,0.0,33.2,30.5,5
BUS_A,Business,17,Sunday,12,29.3,83.8,19.0,32.8,36.3,6
BUS_B,Business,9,Wednesday,12,28.1,78.3,68.0,46.3,48.1,2
ADM_A,Administration,2,Friday,6,25.2,79.5,0.0,15.3,21.7,4
LIB_A,Library,6,Wednesday,8,28.3,76.3,0.0,31.1,34.5,2
ADM_A,Administration,13,Friday,12,30.0,65.8,108.0,44.3,43.1,4
LEC_A,LectureHall,1,Sunday,3,26.1,81.5,10.0,25.4,22.7,6
ENG_A,Engineering,23,Monday,6,28.1,80.9,9.0,46.4,51.7,0
SPT_A,Sports,11,Friday,2,27.4,80.9,0.0,42.1,40.4,4
RES_A,Residential,18,Tuesday,12,29.9,76.7,180.0,36.2,46.4,1
SPT_A,Sports,16,Sunday,6,28.7,75.0,193.0,58.3,61.1,6
ENG_A,Engineering,22,Sunday,12,27.6,76.3,0.0,45.8,46.9,6
SCI_A,Science,12,Monday,12,28.8,82.3,123.0,88.7,86.4,0
ENG_A,Engineering,3,Tuesday,2,27.0,81.6,4.0,65.9,55.6,1
SCI_A,Science,11,Tuesday,2,29.7,74.4,140.0,100.4,110.0,1
BUS_B,Business,10,Sunday,8,28.3,91.0,51.0,44.2,42.5,6
ENG_B,Engineering,17,Tuesday,12,29.5,74.1,84.0,62.3,63.4,1
LIB_A,Library,5,Monday,9,25.0,79.7,54.0,33.5,30.4,0
RES_B,Residential,3,Tuesday,9,25.6,82.5,126.0,34.7,39.5,1
BUS_A,Business,5,Friday,1,25.6,83.0,0.0,23.7,28.7,4
ENG_A,Engineering,0,Friday,11,25.9,80.2,2.0,77.3,54.1,4
SCI_B,Science,17,Tuesday,11,30.0,74.8,89.0,89.5,83.7,1
ADM_A,Administration,5,Monday,12,26.4,87.2,0.0,21.6,27.8,0
RES_B,Residential,10,Friday,7,30.3,74.1,141.0,37.9,42.0,4
BUS_A,Business,9,Friday,11,28.1,83.9,75.0,36.4,41.3,4
ENG_B,Engineering,7,Tuesday,11,,76.8,5.0,35.5,39.9,1
BUS_A,Business,1,Thursday,8,25.7,79.1,10.0,31.9,29.9,3
RES_B,Residential,8,Thursday,6,27.8,,166.0,40.4,39.1,3
ENG_B,Engineering,6,Sunday,5,26.7,80.8,0.0,30.4,35.5,6
SCI_A,Science,1,Monday,9,25.2,87.5,0.0,56.7,61.5,0
SPT_A,Sports,7,Friday,1,,80.2,111.0,45.6,50.8,4
SCI_A,Science,17,Sunday,12,29.3,81.9,25.0,78.6,80.8,6
RES_B,Residential,2,Wednesday,11,25.3,86.5,152.0,40.9,37.3,2
BUS_A,Business,10,Saturday,9,28.6,75.1,22.0,25.4,31.8,5
ENG_B,Engineering,13,Thursday,11,29.4,75.7,162.0,62.9,69.3,3
LEC_A,LectureHall,2,Friday,7,26.8,83.4,0.0,28.6,29.1,4
RES_A,Residential,23,Tuesday,6,27.7,77.7,254.0,56.9,58.0,1
BUS_B,Business,5,Friday,10,27.2,79.5,0.0,34.8,36.6,4
LIB_A,Library,13,Tuesday,1,35.4,85.3,290.0,75.4,79.3,1
LEC_A,LectureHall,17,Saturday,1,29.1,78.5,0.0,27.2,27.6,5
BUS_B,Business,3,Saturday,4,26.2,82.4,0.0,30.4,32.6,5
ENG_B,Engineering,12,Sunday,9,29.7,68.3,40.0,48.2,53.2,6
ADM_A,Administration,22,Sunday,9,26.0,88.0,8.0,20.2,22.7,6
ENG_A,Engineering,8,Tuesday,3,29.2,78.3,100.0,66.7,71.0,1
LEC_A,LectureHall,1,Sunday,6,27.4,69.9,0.0,16.0,23.1,6
LIB_A,Library,19,Saturday,4,29.9,81.4,291.0,74.0,79.3,5
BUS_A,Business,23,Saturday,3,28.3,77.4,10.0,30.5,29.4,5
LEC_A,LectureHall,18,Saturday,2,24.5,95.7,19.0,,26.1,5
RES_A,Residential,12,Saturday,11,29.7,72.8,142.0,49.4,46.6,5
RES_B,Residential,5,Thursday,11,26.6,83.8,210.0,54.3,50.6,3
BUS_B,Business,16,Monday,8,30.1,71.8,144.0,60.4,59.5,0
RES_A,Residential,8,Friday,7,28.2,78.7,171.0,50.8,50.1,4
SCI_A,Science,12,Sunday,6,30.6,73.9,48.0,82.2,90.0,6
SCI_B,Science,4,Saturday,2,24.9,91.7,21.0,50.4,59.8,5
ENG_A,Engineering,14,Monday,6,29.9,75.4,174.0,75.2,76.9,0
RES_A,Residential,13,Sunday,2,29.2,72.2,90.0,38.9,39.6,6
SCI_A,Science,20,Thursday,5,28.7,75.0,9.0,70.9,71.5,3
SPT_A,Sports,23,Monday,6,28.3,80.5,40.0,45.7,42.4,0
BUS_B,Business,4,Tuesday,4,28.0,80.1,0.0,41.5,41.7,1
SPT_A,Sports,8,Thursday,7,28.6,73.6,128.0,49.9,58.2,3
ENG_A,Engineering,3,Sunday,1,,82.5,14.0,41.5,42.4,6
ENG_B,Engineering,11,Friday,5,29.0,77.8,122.0,61.8,61.1,4
LIB_A,Library,23,Thursday,4,28.3,77.9,42.0,31.2,37.0,3
ADM_A,Administration,9,Sunday,6,28.6,77.9,15.0,24.6,24.3,6
SCI_A,Science,15,Friday,12,30.5,73.0,128.0,85.6,95.7,4
RES_A,Residential,19,Tuesday,3,29.1,74.0,182.0,63.0,48.5,1
ADM_A,Administration,23,Thursday,3,27.3,71.5,4.0,26.2,26.9,3
SCI_A,Science,4,Thursday,2,25.9,83.8,13.0,69.7,67.6,3
ENG_A,Engineering,0,Saturday,5,26.3,,11.0,64.0,58.5,5
BUS_A,Business,15,Tuesday,7,30.0,75.6,183.0,62.9,65.4,1
SCI_A,Science,8,Friday,1,26.9,,58.0,79.9,75.7,4
ENG_B,Engineering,17,Thursday,9,30.0,70.4,82.0,54.0,61.6,3
LEC_A,LectureHall,11,Thursday,2,29.4,74.7,149.0,59.4,63.2,3
SCI_B,Science,5,Wednesday,2,26.3,85.6,0.0,65.8,63.6,2
ENG_A,Engineering,14,Sunday,5,30.4,74.8,35.0,59.9,59.3,6
ADM_A,Administration,19,Saturday,1,28.2,81.2,4.0,24.6,21.9,5
BUS_A,Business,22,Tuesday,8,27.0,78.5,12.0,26.7,33.9,1
LEC_A,LectureHall,5,Thursday,2,25.8,84.4,29.0,28.6,32.4,3
LIB_A,Library,21,Saturday,8,28.8,74.3,74.0,41.3,36.8,5
ADM_A,Administration,16,Monday,4,30.6,77.6,72.0,44.9,46.6,0
RES_A,Residential,9,Saturday,4,28.4,80.6,184.0,58.9,48.8,5
LIB_A,Library,22,Monday,12,,77.6,44.0,35.9,39.8,0
SCI_A,Science,12,Friday,12,29.6,78.0,166.0,99.3,101.3,4
BUS_A,Business,12,Sunday,10,28.3,68.3,30.0,33.5,33.7,6
ENG_B,Engineering,16,Monday,10,30.4,67.2,119.0,65.7,69.2,0
SCI_A,Science,14,Wednesday,5,30.8,71.4,137.0,104.9,103.2,2
SCI_B,Science,5,Wednesday,2,26.9,79.8,0.0,60.2,56.8,2
BUS_B,Business,15,Friday,8,,70.9,119.0,72.8,67.0,4
BUS_A,Business,21,Sunday,10,26.3,78.1,12.0,27.4,31.3,6
BUS_A,Business,10,Sunday,11,27.0,79.9,15.0,28.7,33.4,6
ENG_A,Engineering,6,Wednesday,1,26.8,81.9,17.0,35.2,45.2,2
ENG_B,Engineering,16,Monday,9,30.3,76.3,89.0,66.5,63.9,0
BUS_A,Business,23,Thursday,9,26.7,82.8,21.0,34.5,34.6,3
SCI_A,Science,6,Wednesday,8,25.9,79.2,23.0,54.2,71.4,2
ENG_B,Engineering,9,Tuesday,5,29.1,74.8,59.0,56.2,57.1,1
ENG_B,Engineering,20,Wednesday,12,27.9,76.6,,29.6,42.3,2
BUS_A,Business,14,Sunday,7,32.9,67.4,31.0,42.7,44.3,6
RES_B,Residential,5,Friday,2,26.8,81.0,174.0,46.5,46.3,4
LEC_A,LectureHall,6,Sunday,12,25.2,83.5,0.0,19.4,19.4,6
LEC_A,LectureHall,12,Thursday,8,30.3,75.6,208.0,84.2,85.4,3
SCI_B,Science,1,Saturday,6,27.4,78.3,1.0,62.2,63.4,5
ENG_A,Engineering,17,Saturday,4,30.1,81.3,35.0,63.6,60.0,5
BUS_A,Business,16,Thursday,8,30.3,71.7,123.0,48.4,54.4,3
ENG_A,Engineering,7,Tuesday,1,25.8,85.5,31.0,43.2,44.4,1
LEC_A,LectureHall,6,Friday,12,25.6,85.8,29.0,26.9,28.0,4
RES_A,Residential,4,Friday,3,25.9,79.6,168.0,42.4,42.8,4
BUS_A,Business,18,Thursday,11,30.0,74.3,76.0,44.0,46.0,3
SCI_B,Science,1,Tuesday,4,26.3,73.7,0.0,53.1,62.0,1
RES_B,Residential,9,Thursday,1,26.9,83.7,141.0,36.2,34.4,3
SCI_A,Science,6,Thursday,11,29.4,70.9,0.0,66.1,69.3,3
SPT_A,Sports,5,Monday,4,26.3,85.8,50.0,45.4,46.8,0
BUS_B,Business,15,Saturday,8,30.5,80.0,61.0,49.3,52.3,5
ENG_A,Engineering,13,Saturday,6,30.6,77.4,79.0,78.3,71.0,5
SCI_B,Science,7,Wednesday,8,25.7,85.4,6.0,53.6,57.1,2
ADM_A,Administration,10,Saturday,8,29.3,79.6,33.0,28.7,29.1,5
BUS_A,Business,21,Saturday,5,29.8,76.8,21.0,38.5,40.1,5
BUS_A,Business,17,Wednesday,10,27.8,80.6,67.0,44.4,44.3,2
ENG_B,Engineering,19,Friday,1,29.3,78.8,12.0,46.9,48.6,4
RES_B,Residential,17,Sunday,1,27.7,76.9,133.0,39.4,40.0,6
ENG_A,Engineering,22,Friday,6,28.5,78.3,8.0,52.0,53.0,4
ENG_A,Engineering,3,Saturday,4,26.0,73.4,29.0,36.2,43.9,5
BUS_A,Business,8,Tuesday,12,27.5,72.5,71.0,44.3,46.2,1
RES_A,Residential,6,Tuesday,3,26.5,82.9,243.0,54.4,57.8,1
RES_A,Residential,15,Thursday,6,31.0,72.5,109.0,41.5,45.2,3
RES_A,Residential,7,Sunday,11,27.5,73.2,250.0,53.9,53.2,6
BUS_A,Business,23,Saturday,2,27.2,73.6,12.0,30.5,35.7,5
SCI_A,Science,16,Wednesday,7,29.9,69.6,101.0,87.3,88.4,2
SCI_B,Science,0,Tuesday,11,26.3,84.1,10.0,53.5,57.6,1
ENG_A,Engineering,6,Thursday,8,27.5,75.1,23.0,46.7,47.1,3
SCI_A,Science,22,Monday,4,28.4,80.3,4.0,74.5,74.4,0
ENG_B,Engineering,16,Wednesday,2,28.7,72.3,128.0,70.5,69.7,2
SCI_A,Science,2,Sunday,1,24.7,76.3,15.0,48.2,61.6,6
SPT_A,Sports,4,Monday,8,26.6,83.8,92.0,43.2,44.5,0
LIB_A,Library,17,Thursday,2,31.0,78.9,161.0,64.4,63.5,3
ADM_A,Administration,19,Wednesday,3,,78.3,7.0,33.5,26.8,2
ADM_A,Administration,10,Wednesday,11,28.4,83.8,67.0,34.1,37.6,2
RES_A,Residential,2,Friday,6,27.1,81.5,178.0,41.4,49.5,4
LIB_A,Library,4,Monday,9,26.2,85.9,0.0,27.7,27.8,0
LIB_A,Library,1,Friday,5,27.1,86.5,7.0,31.0,31.6,4
RES_B,Residential,3,Saturday,9,26.8,82.5,179.0,40.3,44.6,5
LEC_A,LectureHall,4,Thursday,11,24.8,80.8,0.0,24.2,21.4,3
BUS_A,Business,5,Saturday,11,25.2,86.4,0.0,21.7,24.3,5
ENG_B,Engineering,3,Thursday,6,25.2,82.1,5.0,34.3,36.3,3
