id,building_id,building_type,hour,day_of_week,month,temperature,humidity,occupancy,previous_usage,energy_usage
EC000685,LEC_A,LectureHall,2,Monday,9,25.2,81.9,31,28.0,27.2
EC003261,SCI_A,Science,1,Wednesday,11,25.7,83.7,14,72.6,67.2
EC005451,RES_A,Residential,5,Sunday,1,26.3,84.7,199,51.6,54.2
EC000188,ENG_A,Engineering,21,Wednesday,5,29.1,77.4,68,68.3,63.6
EC001001,SPT_A,Sports,16,Wednesday,5,30.9,68.2,65,49.1,53.9
EC005310,SCI_B,Science,16,Sunday,2,30.1,70.7,17,79.3,81.3
EC004559,SCI_B,Science,0,Tuesday,9,26.0,82.0,7,56.1,53.1
EC000406,BUS_B,Business,0,Tuesday,2,,87.2,30,42.3,40.7
EC007680,SPT_A,Sports,13,Sunday,1,29.2,79.4,52,46.1,52.8
EC007970,ADM_A,Administration,11,Sunday,3,,63.8,27,27.3,29.7
EC001395,ADM_A,Administration,16,Thursday,2,29.8,73.0,78,41.6,42.1
EC002247,SCI_B,Science,12,Sunday,5,29.1,80.2,37,78.7,81.1
EC003490,RES_A,Residential,2,Thursday,11,24.6,87.1,148,38.0,44.0
EC002971,BUS_B,Business,21,Wednesday,11,29.3,80.0,0,38.9,41.3
EC003073,LIB_A,Library,7,Thursday,6,27.3,80.0,0,32.4,27.9
EC003028,ENG_B,Engineering,2,Sunday,11,25.3,79.8,0,33.4,31.3
EC007097,ENG_A,Engineering,15,Thursday,3,35.2,89.2,189,103.8,104.7
EC002862,BUS_A,Business,1,Thursday,6,,82.8,0,26.0,28.1
EC004938,ENG_B,Engineering,18,Monday,11,28.1,71.3,89,48.8,54.3
EC002065,ENG_B,Engineering,18,Thursday,10,28.9,81.5,77,57.4,56.2
EC003214,BUS_A,Business,12,Tuesday,2,27.8,76.7,146,57.4,57.9
EC007205,SPT_A,Sports,17,Tuesday,11,30.0,70.0,99,50.8,55.7
EC003215,RES_A,Residential,17,Friday,9,29.1,83.0,127,45.8,45.3
EC007834,ENG_B,Engineering,14,Sunday,9,29.4,77.6,22,,48.3
EC000298,LEC_A,LectureHall,4,Sunday,2,26.5,73.3,0,22.9,21.9
EC006955,LEC_A,LectureHall,8,Wednesday,3,28.1,74.1,75,43.7,49.6
EC006367,ENG_A,Engineering,2,Saturday,4,25.7,83.3,0,38.4,38.0
EC000063,LEC_A,LectureHall,17,Sunday,12,31.3,73.1,238,75.5,82.8
EC004192,SCI_A,Science,21,Monday,1,28.6,,16,72.6,77.0
EC004654,ENG_A,Engineering,14,Sunday,3,30.5,73.5,31,55.6,56.4
EC006885,LIB_A,Library,18,Sunday,3,29.0,79.5,276,62.8,71.4
EC000959,ENG_B,Engineering,1,Sunday,3,27.1,83.0,0,35.7,39.6
EC000558,BUS_A,Business,4,Tuesday,12,25.5,78.0,0,28.1,28.6
EC004264,SCI_B,Science,17,Monday,5,30.2,77.4,65,82.8,87.7
EC005257,RES_A,Residential,21,Tuesday,11,27.0,82.1,247,59.6,53.5
EC006443,RES_A,Residential,23,Tuesday,5,27.8,79.0,217,50.2,55.4
EC000016,BUS_B,Business,13,Wednesday,2,30.4,72.3,163,72.5,67.1
EC004715,SPT_A,Sports,1,Tuesday,6,27.4,78.5,10,36.6,34.3
EC007077,RES_A,Residential,15,Friday,1,30.0,70.1,139,51.7,45.7
EC007703,RES_A,Residential,8,Tuesday,6,28.8,75.7,196,43.5,51.7
EC001877,SPT_A,Sports,1,Tuesday,9,26.7,76.1,6,36.9,33.2
EC003208,SCI_A,Science,19,Monday,1,29.3,71.7,23,78.9,77.9
EC005813,RES_A,Residential,14,Sunday,6,31.4,64.9,112,49.6,48.8
EC000911,ENG_A,Engineering,15,Wednesday,8,30.0,67.0,131,80.3,81.8
EC006341,LIB_A,Library,13,Saturday,11,28.3,79.6,151,45.6,46.8
EC003706,RES_B,Residential,23,Saturday,12,25.9,78.1,220,50.1,44.9
EC004132,LEC_A,LectureHall,13,Tuesday,8,29.3,73.6,268,74.7,84.8
EC006441,SPT_A,Sports,20,Tuesday,1,29.1,79.3,132,52.2,60.0
EC007749,SCI_A,Science,22,Saturday,3,27.6,78.9,7,65.7,71.8
EC005667,SCI_A,Science,18,Sunday,4,,76.2,13,86.0,78.8
EC001960,RES_B,Residential,18,Friday,2,30.1,71.5,112,41.7,46.6
EC007340,RES_A,Residential,19,Wednesday,2,30.2,74.6,176,56.4,62.3
EC002130,SCI_B,Science,17,Monday,1,30.5,78.3,63,82.9,90.3
EC003771,ADM_A,Administration,15,Monday,8,30.0,71.6,85,38.8,37.6
EC004183,LEC_A,LectureHall,12,Saturday,12,28.7,83.7,219,66.6,66.8
EC003933,BUS_A,Business,4,Sunday,6,26.5,82.4,1,25.2,27.8
EC001669,SPT_A,Sports,21,Sunday,1,28.9,74.6,105,64.4,60.1
EC003999,BUS_A,Business,22,Thursday,5,28.7,72.1,14,39.1,35.6
EC006625,BUS_B,Business,1,Thursday,2,25.5,75.7,12,34.1,33.1
EC004265,LEC_A,LectureHall,0,Friday,10,25.1,82.3,0,20.8,22.5
EC004911,LIB_A,Library,20,Friday,1,29.1,77.8,106,,60.2
EC005179,ADM_A,Administration,19,Wednesday,7,29.8,68.9,0,29.5,31.5
EC003063,BUS_B,Business,9,Wednesday,6,28.6,78.2,118,52.8,53.9
EC006550,SCI_B,Science,18,Tuesday,9,30.7,74.5,43,70.4,79.7
EC000681,ENG_A,Engineering,10,Saturday,4,28.4,77.3,31,53.7,56.3
EC000244,SPT_A,Sports,11,Saturday,7,31.1,73.0,4,44.6,50.3
EC004722,ENG_A,Engineering,20,Tuesday,11,,81.0,33,41.2,43.5
EC007123,BUS_A,Business,4,Monday,10,26.3,84.3,10,26.8,27.2
EC005880,ENG_A,Engineering,18,Wednesday,12,28.8,79.8,101,64.5,62.8
EC007360,ENG_A,Engineering,15,Monday,5,30.0,67.4,187,81.1,82.2
EC001309,ENG_A,Engineering,5,Monday,4,26.9,83.6,12,44.5,46.7
EC006623,LEC_A,LectureHall,0,Sunday,1,27.6,76.2,9,28.7,23.8
EC005316,SCI_B,Science,2,Tuesday,12,25.3,87.9,0,44.2,53.7
EC001391,SCI_A,Science,8,Wednesday,9,27.5,82.5,63,79.9,82.3
EC001264,SCI_B,Science,5,Saturday,5,28.6,74.9,0,59.3,64.5
EC003209,LIB_A,Library,19,Friday,5,29.3,70.6,133,50.7,59.2
EC003277,LEC_A,LectureHall,10,Wednesday,12,30.0,72.4,157,62.3,57.5
EC002572,RES_A,Residential,2,Sunday,3,24.5,86.8,158,46.3,49.8
EC002105,ADM_A,Administration,19,Saturday,1,29.1,67.2,0,24.9,27.8
EC002995,SCI_A,Science,0,Thursday,10,25.8,79.8,12,50.2,59.5
EC005173,ENG_A,Engineering,2,Wednesday,10,26.6,77.3,29,40.9,44.6
EC005217,SCI_A,Science,16,Monday,6,32.1,66.4,94,96.8,101.2
EC006904,RES_A,Residential,11,Thursday,4,29.4,71.0,116,40.3,43.5
EC001242,BUS_A,Business,7,Thursday,7,26.3,75.6,0,30.0,30.5
EC007217,RES_A,Residential,9,Saturday,12,28.1,77.7,229,55.5,53.7
EC005188,ENG_A,Engineering,10,Sunday,2,28.5,73.3,46,53.4,57.1
EC004933,BUS_B,Business,8,Wednesday,11,27.1,72.2,77,38.4,42.8
EC002557,SCI_B,Science,17,Wednesday,4,30.9,75.0,49,77.0,77.1
EC004954,RES_B,Residential,4,Tuesday,12,25.9,80.6,140,43.3,44.5
EC000093,RES_B,Residential,19,Thursday,11,28.5,78.8,158,,38.9
EC003267,SCI_B,Science,14,Wednesday,4,30.9,65.9,109,98.6,88.8
EC004673,SPT_A,Sports,0,Wednesday,2,26.2,86.0,0,30.2,33.0
EC001422,LIB_A,Library,22,Saturday,2,27.8,74.1,60,40.4,44.6
EC007143,LIB_A,Library,1,Wednesday,1,26.0,79.3,0,27.1,28.3
EC000579,BUS_B,Business,7,Sunday,7,25.9,79.6,0,29.2,29.7
EC002060,LEC_A,LectureHall,12,Saturday,10,30.8,67.1,25,36.9,37.0
EC006713,LEC_A,LectureHall,1,Friday,9,26.5,79.3,0,24.4,24.8
EC000430,BUS_A,Business,22,Wednesday,8,27.8,83.6,15,33.8,39.4
EC002535,BUS_B,Business,20,Wednesday,2,30.6,74.9,5,42.3,44.0
EC005332,RES_B,Residential,0,Sunday,10,27.0,82.3,135,40.3,43.6
EC004558,SPT_A,Sports,13,Monday,5,31.2,69.4,0,49.4,50.1
EC001571,ENG_B,Engineering,13,Wednesday,10,30.1,77.2,172,61.4,67.1
EC005662,ENG_A,Engineering,10,Sunday,4,30.5,65.2,43,68.2,64.3
EC005689,ENG_B,Engineering,13,Tuesday,9,30.2,77.7,153,65.9,71.3
EC004801,RES_A,Residential,12,Saturday,12,27.2,80.4,167,43.0,44.0
EC002015,SCI_A,Science,8,Monday,5,,78.8,49,70.1,75.5
EC002194,ENG_B,Engineering,7,Tuesday,1,26.5,87.7,20,35.8,37.3
EC006553,LEC_A,LectureHall,6,Monday,7,28.1,82.2,18,29.1,32.1
EC000835,RES_A,Residential,17,Saturday,12,28.7,73.2,142,37.4,40.9
EC003547,SCI_A,Science,18,Wednesday,3,31.2,71.9,56,107.0,98.7
EC005522,LEC_A,LectureHall,3,Thursday,3,26.5,80.2,11,28.4,31.1
EC005945,SCI_A,Science,15,Thursday,5,30.0,67.7,142,97.7,104.0
EC006993,LIB_A,Library,5,Wednesday,7,27.7,75.1,28,37.1,36.4
EC005790,RES_A,Residential,10,Thursday,2,29.5,75.0,160,44.1,50.0
EC000814,SCI_B,Science,6,Wednesday,11,27.3,77.4,7,50.0,59.6
EC003117,BUS_A,Business,17,Saturday,6,28.9,72.8,2,36.4,35.4
EC006045,ENG_B,Engineering,15,Wednesday,1,35.3,90.9,204,105.1,102.5
EC004496,BUS_B,Business,10,Tuesday,2,28.0,78.7,140,52.9,61.7
EC001706,LIB_A,Library,13,Friday,12,29.7,78.9,160,53.5,53.8
EC000647,SPT_A,Sports,22,Saturday,3,28.1,81.1,83,60.5,53.5
EC005440,LIB_A,Library,12,Thursday,4,31.0,65.2,298,84.0,77.7
EC006416,SCI_B,Science,22,Monday,11,26.5,75.7,17,59.0,64.1
EC000117,SPT_A,Sports,19,Sunday,10,29.4,69.5,240,71.5,70.4
EC004493,SCI_A,Science,23,Sunday,12,27.9,77.9,3,75.5,73.7
EC006198,LIB_A,Library,1,Saturday,2,26.4,74.4,18,27.0,27.1
EC003790,ENG_A,Engineering,23,Wednesday,1,26.8,86.2,41,46.6,44.7
EC002055,SCI_B,Science,6,Thursday,6,27.9,81.0,0,67.1,67.3
EC000335,ENG_B,Engineering,12,Monday,11,29.7,76.5,136,67.0,68.7
EC003001,SPT_A,Sports,21,Wednesday,11,27.0,74.9,105,49.3,49.3
EC002268,SCI_A,Science,23,Wednesday,11,25.3,87.4,3,50.5,65.9
EC007108,LEC_A,LectureHall,15,Friday,3,29.9,76.1,170,69.0,71.4
EC007702,SPT_A,Sports,13,Tuesday,3,30.1,75.8,6,48.1,50.7
EC005806,BUS_A,Business,22,Wednesday,11,27.1,76.1,0,30.2,29.0
EC004358,SCI_A,Science,16,Monday,9,30.1,66.5,88,108.1,98.7
EC006310,BUS_A,Business,7,Wednesday,6,28.4,80.5,154,30.8,49.5
EC001253,ENG_A,Engineering,9,Thursday,6,27.3,74.7,99,60.5,61.0
EC000540,BUS_A,Business,18,Tuesday,5,29.7,71.2,56,48.1,46.9
EC004085,SCI_A,Science,2,Thursday,3,26.2,88.2,6,100.0,81.8
EC001949,SPT_A,Sports,2,Tuesday,3,25.6,85.2,11,36.6,36.5
EC004289,ADM_A,Administration,3,Thursday,6,27.0,74.6,0,6.3,23.1
EC000863,SCI_B,Science,7,Thursday,9,27.8,79.5,6,61.7,69.7
EC007803,BUS_A,Business,13,Saturday,10,32.4,72.0,43,46.3,49.7
EC003648,SCI_B,Science,2,Tuesday,11,24.9,87.2,5,,57.1
EC002450,SCI_B,Science,13,Tuesday,10,29.3,75.9,126,92.7,94.2
EC002947,SPT_A,Sports,3,Saturday,11,25.4,87.5,20,32.9,32.8
EC005065,LIB_A,Library,23,Tuesday,11,26.3,81.4,26,35.7,37.1
EC005149,LIB_A,Library,17,Sunday,1,28.3,77.5,178,56.4,58.4
EC003713,LIB_A,Library,20,Friday,2,29.5,74.8,135,55.6,57.3
EC007026,LIB_A,Library,10,Friday,3,28.5,79.3,64,45.2,41.5
EC004860,LEC_A,LectureHall,15,Saturday,5,32.1,70.8,41,41.0,51.8
EC004288,ENG_B,Engineering,18,Friday,12,27.4,78.5,68,53.5,51.4
EC007402,LEC_A,LectureHall,17,Monday,7,30.1,71.0,112,60.2,56.3
EC001952,RES_B,Residential,12,Thursday,5,30.7,76.8,107,40.0,44.7
EC006926,RES_A,Residential,2,Saturday,7,26.6,75.5,184,45.3,50.8
EC004583,ENG_A,Engineering,20,Friday,2,30.4,77.6,6,58.5,56.2
EC001187,BUS_B,Business,19,Tuesday,10,29.5,71.0,0,34.5,40.2
EC003584,RES_A,Residential,17,Monday,11,28.4,79.3,125,36.9,40.6
EC003424,ENG_A,Engineering,23,Monday,2,26.4,81.5,32,41.7,41.8
EC004042,BUS_A,Business,11,Monday,12,27.6,79.8,116,51.6,46.6
EC007510,BUS_B,Business,19,Saturday,4,24.8,97.1,12,32.5,33.7
EC002850,LEC_A,LectureHall,14,Friday,11,30.2,77.6,215,78.8,77.5
EC000089,ENG_A,Engineering,20,Sunday,1,26.1,71.4,34,32.1,43.4
EC003825,LIB_A,Library,6,Monday,6,25.7,86.2,0,29.8,27.5
EC006193,BUS_B,Business,1,Saturday,6,27.3,87.9,2,28.5,32.0
EC000237,ENG_B,Engineering,18,Sunday,4,30.1,76.0,21,50.4,53.5
EC002743,SCI_A,Science,18,Thursday,1,29.3,71.9,169,114.7,109.6
EC007455,LEC_A,LectureHall,14,Monday,4,31.6,70.8,183,67.8,79.9
EC005924,ENG_A,Engineering,15,Sunday,4,29.9,79.8,58,71.5,66.8
EC007661,ENG_B,Engineering,21,Sunday,4,28.6,75.6,4,47.7,46.6
EC001453,LIB_A,Library,12,Tuesday,3,29.5,74.5,88,46.2,44.8
EC002328,BUS_B,Business,8,Thursday,12,27.8,78.7,166,30.2,56.5
EC006735,SCI_A,Science,0,Monday,5,27.1,77.4,0,70.7,72.2
EC000748,LEC_A,LectureHall,12,Tuesday,2,28.0,,202,71.3,72.0
EC000824,SCI_B,Science,2,Thursday,1,25.8,79.9,6,56.5,60.5
EC000521,SCI_A,Science,21,Sunday,12,27.2,83.8,21,69.4,68.6
EC004618,LEC_A,LectureHall,15,Friday,7,30.3,73.6,200,64.9,69.8
EC007929,ENG_A,Engineering,3,Saturday,3,26.8,75.2,11,44.9,48.8
EC002519,RES_B,Residential,12,Monday,5,31.6,75.3,129,44.3,46.7
EC000770,RES_B,Residential,10,Wednesday,12,26.7,78.9,140,39.7,36.3
EC003515,SCI_A,Science,14,Friday,8,30.1,68.0,142,105.4,104.2
EC004908,BUS_A,Business,9,Monday,12,28.7,77.6,88,52.3,47.3
EC006295,BUS_A,Business,10,Sunday,5,27.9,81.4,21,33.7,32.2
EC006774,RES_A,Residential,19,Wednesday,6,29.2,71.2,172,49.0,53.7
EC001222,LEC_A,LectureHall,7,Monday,9,27.1,71.9,0,29.0,30.0
EC007316,SCI_A,Science,14,Saturday,7,30.2,70.5,39,84.4,78.4
EC004659,BUS_A,Business,6,Thursday,2,24.7,96.0,14,32.1,32.5
EC000382,ADM_A,Administration,10,Thursday,2,27.3,81.9,79,33.1,36.7
EC002022,RES_A,Residential,8,Sunday,10,27.0,80.2,199,45.2,43.0
EC002899,ENG_A,Engineering,1,Wednesday,8,27.5,71.0,30,50.5,52.2
EC001034,RES_A,Residential,8,Monday,6,27.4,80.7,206,40.3,47.9
EC005607,ENG_A,Engineering,6,Thursday,11,26.4,82.9,0,43.9,42.8
EC001496,BUS_B,Business,22,Sunday,10,26.6,78.1,23,30.1,35.2
EC000976,RES_A,Residential,0,Saturday,5,27.4,85.6,130,47.5,45.4
EC005501,RES_A,Residential,3,Monday,8,26.0,83.3,171,37.4,46.0
EC005455,SCI_B,Science,3,Saturday,10,25.6,74.8,9,59.2,58.8
EC006577,LIB_A,Library,22,Friday,9,27.8,73.4,56,34.3,40.2
EC001977,SCI_B,Science,3,Friday,7,27.8,72.7,0,67.4,67.2
EC005835,SCI_A,Science,15,Wednesday,1,30.1,73.2,121,91.4,92.6
EC002444,ADM_A,Administration,4,Friday,2,26.7,77.9,1,25.3,25.1
EC006973,SPT_A,Sports,2,Tuesday,1,26.1,83.3,16,37.8,35.1
EC007440,SCI_A,Science,8,Wednesday,1,27.6,78.7,73,75.4,78.1
EC002007,SPT_A,Sports,5,Monday,4,26.5,74.7,79,36.8,42.4
EC002727,ENG_A,Engineering,14,Friday,4,31.4,73.3,190,92.0,92.1
EC003471,ENG_A,Engineering,2,Monday,9,25.6,86.8,3,35.2,40.2
EC006610,ENG_A,Engineering,0,Wednesday,4,28.2,84.1,0,48.1,51.4
EC000401,BUS_A,Business,9,Saturday,10,26.9,78.0,13,23.2,27.5
EC005459,ENG_B,Engineering,19,Wednesday,7,29.4,80.7,24,40.7,50.9
EC005482,RES_A,Residential,13,Wednesday,2,30.4,73.6,142,49.1,50.8
EC000710,ENG_B,Engineering,9,Monday,2,29.0,79.5,85,57.1,59.3
EC004735,LEC_A,LectureHall,2,Thursday,1,26.6,81.6,8,24.8,25.9
EC003074,ENG_B,Engineering,20,Friday,10,28.1,77.2,15,40.3,44.8
EC006029,BUS_B,Business,7,Wednesday,1,27.2,70.7,0,35.7,35.8
EC006195,RES_B,Residential,8,Sunday,6,28.3,80.5,209,38.6,46.3
EC007175,ENG_B,Engineering,1,Tuesday,7,25.7,80.1,0,30.0,38.7
EC000872,LIB_A,Library,14,Wednesday,4,31.2,72.1,169,,66.7
EC003249,LEC_A,LectureHall,10,Sunday,7,29.2,74.3,45,33.8,36.3
EC002768,BUS_A,Business,12,Monday,12,28.4,77.5,147,57.1,58.3
EC005844,ADM_A,Administration,18,Monday,5,30.0,62.3,32,33.5,31.9
EC006828,RES_B,Residential,23,Saturday,9,26.9,80.9,286,51.0,56.9
EC001526,SCI_B,Science,23,Tuesday,8,26.6,80.3,4,53.7,57.1
EC000910,LIB_A,Library,0,Friday,7,27.6,75.5,0,27.0,33.3
EC007025,ENG_B,Engineering,15,Sunday,10,29.0,80.2,56,48.8,52.3
EC003187,RES_A,Residential,0,Sunday,10,25.3,76.9,102,37.1,39.0
EC004584,BUS_B,Business,14,Tuesday,4,31.4,71.1,153,75.4,71.3
EC005635,LEC_A,LectureHall,13,Wednesday,6,29.5,74.6,225,71.0,79.8
EC001502,LEC_A,LectureHall,3,Thursday,4,26.3,77.3,0,30.2,30.4
EC005575,BUS_B,Business,17,Wednesday,4,30.1,62.8,91,75.2,64.8
EC006485,SCI_B,Science,12,Saturday,4,29.2,76.4,27,63.8,77.1
EC005296,RES_B,Residential,17,Thursday,1,30.1,75.3,109,45.9,42.1
EC000218,LEC_A,LectureHall,19,Sunday,3,29.7,69.8,0,29.3,28.0
EC003402,SPT_A,Sports,22,Thursday,6,27.3,71.5,12,93.5,65.3
EC007565,BUS_A,Business,6,Tuesday,8,26.2,79.0,32,27.9,32.5
EC006810,ENG_A,Engineering,3,Sunday,3,25.7,85.7,16,37.8,42.7
EC003535,ENG_A,Engineering,4,Thursday,7,26.0,86.3,3,38.6,36.8
EC000548,LIB_A,Library,5,Friday,5,24.9,83.1,49,,34.3
EC006653,ENG_A,Engineering,23,Sunday,5,28.6,78.9,0,46.2,47.4
EC007804,RES_A,Residential,14,Sunday,11,28.8,77.7,164,47.0,46.1
EC006957,LEC_A,LectureHall,16,Monday,4,30.2,69.5,130,59.7,63.2
EC002248,ENG_A,Engineering,16,Friday,7,31.1,75.4,242,91.0,101.2
EC005719,ENG_A,Engineering,11,Tuesday,9,29.2,80.6,172,77.5,73.7
EC007874,LIB_A,Library,2,Sunday,4,25.3,80.8,0,23.5,31.1
EC002113,SPT_A,Sports,8,Wednesday,1,29.0,74.4,88,60.7,59.5
EC005340,BUS_A,Business,11,Tuesday,12,27.4,77.8,81,34.3,36.2
EC005690,LEC_A,LectureHall,8,Saturday,6,28.2,79.5,26,31.9,30.5
EC002804,BUS_A,Business,6,Sunday,12,27.8,78.5,2,27.4,32.7
EC000531,RES_A,Residential,22,Saturday,8,27.6,78.9,273,51.2,58.3
EC006290,RES_A,Residential,18,Wednesday,3,31.9,74.3,192,50.9,54.3
EC000646,SPT_A,Sports,9,Saturday,2,27.0,73.7,92,43.9,45.3
EC004653,LIB_A,Library,5,Wednesday,3,28.2,79.2,24,35.5,36.3
EC003743,SPT_A,Sports,5,Sunday,7,26.1,83.9,72,41.1,50.4
EC007252,SCI_A,Science,21,Friday,1,27.7,79.4,28,65.2,70.8
EC006345,LIB_A,Library,22,Monday,11,26.5,75.3,48,98.8,60.8
EC004760,RES_A,Residential,9,Thursday,3,26.9,78.7,171,37.2,42.9
EC006866,ADM_A,Administration,9,Saturday,12,27.9,77.7,19,22.8,25.2
EC002942,BUS_A,Business,1,Wednesday,12,25.9,80.6,0,13.1,24.3
EC000766,ENG_A,Engineering,15,Monday,12,29.8,69.9,169,75.1,81.4
EC007351,SCI_B,Science,21,Thursday,6,28.0,70.7,0,57.2,65.8
EC003025,BUS_A,Business,2,Thursday,7,27.8,80.8,16,29.3,28.8
EC000354,RES_A,Residential,2,Thursday,12,25.0,86.3,,51.0,47.4
EC006202,SPT_A,Sports,2,Saturday,4,27.1,79.4,10,28.7,43.6
EC006916,ENG_B,Engineering,15,Saturday,10,29.8,75.2,48,49.1,50.9
EC006546,RES_B,Residential,6,Thursday,11,,99.2,207,43.9,44.1
EC003856,BUS_A,Business,9,Monday,7,28.6,68.8,78,48.2,49.6
EC005255,ENG_A,Engineering,15,Thursday,6,30.2,74.6,246,100.5,96.1
EC007859,LEC_A,LectureHall,18,Saturday,6,30.3,64.6,258,79.3,76.2
EC006960,BUS_A,Business,16,Monday,8,31.3,77.2,92,56.2,60.0
EC000982,BUS_A,Business,15,Saturday,2,30.6,76.6,47,42.8,43.3
EC002370,ENG_B,Engineering,0,Monday,12,24.6,87.7,0,34.4,32.3
EC006092,SCI_B,Science,7,Sunday,9,27.6,74.0,10,59.2,66.1
EC003140,BUS_A,Business,4,Sunday,3,25.3,81.8,0,22.1,24.5
EC006185,BUS_B,Business,7,Monday,8,29.1,74.8,165,36.0,57.4
EC000732,RES_B,Residential,18,Friday,4,30.3,75.1,201,48.9,45.8
EC001965,SCI_A,Science,16,Monday,8,30.6,62.2,100,99.8,88.6
EC007395,SCI_A,Science,4,Tuesday,1,24.6,81.3,0,58.4,60.2
EC006164,RES_A,Residential,3,Sunday,10,25.5,83.8,214,37.5,44.7
EC006113,BUS_B,Business,23,Monday,3,26.9,78.6,6,34.9,39.3
EC004775,LIB_A,Library,3,Friday,6,26.7,80.7,0,,24.0
EC000587,LIB_A,Library,12,Wednesday,1,28.8,75.2,172,,52.8
EC007063,LIB_A,Library,13,Saturday,8,30.2,73.0,145,50.1,48.6
EC002077,ENG_A,Engineering,18,Wednesday,1,28.4,78.0,102,69.2,64.0
EC001928,RES_B,Residential,0,Sunday,12,24.2,87.9,119,33.7,38.4
EC007928,RES_B,Residential,11,Tuesday,9,27.7,79.7,135,37.7,33.4
EC006395,SCI_A,Science,16,Monday,7,30.5,74.1,84,94.5,91.7
EC001257,ENG_A,Engineering,19,Tuesday,8,27.7,68.3,60,59.3,52.2
EC006537,BUS_A,Business,7,Tuesday,2,26.8,87.2,1,31.5,32.6
EC005158,SCI_B,Science,9,Wednesday,8,26.9,77.7,60,57.4,62.2
EC001687,SCI_A,Science,18,Saturday,8,30.1,74.5,16,73.8,79.2
EC005364,LEC_A,LectureHall,16,Sunday,11,28.8,78.3,62,37.5,42.8
EC006570,ENG_A,Engineering,18,Saturday,10,29.1,70.8,0,48.9,51.3
EC004375,RES_B,Residential,13,Saturday,1,29.4,78.7,111,40.5,37.2
EC005082,LEC_A,LectureHall,17,Saturday,7,29.5,72.2,44,32.1,36.9
EC005589,BUS_B,Business,9,Sunday,8,28.7,69.1,18,35.7,36.3
EC000738,SCI_A,Science,18,Wednesday,9,29.6,73.9,71,91.4,85.9
EC006621,SPT_A,Sports,16,Thursday,2,30.3,75.1,75,49.1,55.2
EC000564,RES_A,Residential,13,Friday,4,30.7,73.5,112,52.0,46.9
EC002301,SCI_B,Science,4,Thursday,1,24.6,81.2,16,50.8,49.5
EC005489,BUS_A,Business,7,Saturday,10,26.8,80.5,0,26.8,28.2
EC006566,ENG_A,Engineering,9,Thursday,10,28.2,82.6,99,58.2,66.2
EC004484,SCI_B,Science,10,Friday,9,28.5,74.7,94,77.5,79.4
EC003877,ENG_A,Engineering,13,Tuesday,5,29.3,77.9,219,98.5,97.5
EC000971,ENG_A,Engineering,8,Thursday,12,24.6,99.0,112,54.5,59.8
EC000567,ENG_B,Engineering,23,Saturday,1,25.6,87.1,0,31.8,34.8
EC005050,ADM_A,Administration,9,Thursday,8,28.5,69.7,68,31.1,35.7
EC003468,SCI_A,Science,12,Friday,2,29.4,76.9,123,102.5,96.4
EC003239,BUS_B,Business,19,Thursday,3,31.1,75.9,1,48.6,46.0
EC006063,BUS_B,Business,6,Monday,9,27.3,80.6,32,39.2,39.1
EC005314,ENG_A,Engineering,2,Wednesday,11,26.3,79.4,0,32.1,41.1
EC001588,LIB_A,Library,8,Monday,3,29.8,80.0,80,44.8,46.5
EC001426,BUS_A,Business,22,Sunday,5,28.3,71.6,10,30.7,32.1
EC002582,SPT_A,Sports,17,Sunday,9,28.2,74.0,91,55.4,50.3
EC002839,RES_B,Residential,11,Thursday,11,29.0,75.8,107,31.9,39.7
EC001660,BUS_A,Business,5,Monday,9,27.9,81.6,2,31.4,34.7
EC005749,RES_B,Residential,7,Friday,2,26.9,81.4,195,48.0,48.1
EC003533,ADM_A,Administration,10,Sunday,7,28.7,69.1,11,24.1,28.6
EC002564,SPT_A,Sports,2,Sunday,8,27.0,81.3,12,41.6,38.3
EC006387,BUS_B,Business,12,Thursday,6,31.1,72.2,160,71.0,76.3
EC006017,RES_A,Residential,10,Tuesday,10,29.5,69.0,139,46.3,47.8
EC007860,LEC_A,LectureHall,9,Friday,10,27.5,85.7,95,46.4,50.8
EC000999,ENG_A,Engineering,7,Wednesday,9,26.4,,12,35.5,40.4
EC000963,SCI_A,Science,22,Monday,5,29.5,71.7,9,80.6,81.4
EC000422,ADM_A,Administration,10,Tuesday,5,27.8,74.9,57,32.9,34.2
EC004727,ENG_A,Engineering,10,Tuesday,2,28.2,81.4,155,71.2,74.7
EC002669,SCI_A,Science,9,Wednesday,11,27.3,87.3,82,77.2,82.7
EC004139,ENG_A,Engineering,21,Wednesday,5,28.5,75.3,28,51.3,53.6
EC006237,RES_B,Residential,20,Monday,10,28.3,72.1,222,43.2,38.0
EC000524,BUS_B,Business,8,Monday,6,29.6,74.7,83,55.6,60.1
EC005338,SCI_A,Science,19,Friday,12,29.1,77.5,3,76.0,75.0
EC004494,RES_A,Residential,23,Thursday,3,27.3,83.6,290,60.3,53.9
EC004838,LIB_A,Library,14,Tuesday,9,28.9,82.4,155,52.7,50.8
EC005965,BUS_A,Business,13,Sunday,6,31.4,70.7,53,47.4,48.5
EC007974,RES_A,Residential,19,Tuesday,9,28.6,74.1,190,45.4,44.8
EC000582,LEC_A,LectureHall,22,Monday,10,27.4,75.1,8,31.6,28.0
EC002347,RES_B,Residential,21,Saturday,5,28.0,71.8,221,62.0,65.4
EC000451,BUS_A,Business,15,Tuesday,7,30.4,75.1,137,54.3,64.2
EC006422,LEC_A,LectureHall,15,Sunday,5,30.9,71.3,43,41.4,45.4
EC005697,ENG_B,Engineering,2,Thursday,7,24.9,88.8,23,35.9,33.9
EC004697,LIB_A,Library,17,Friday,4,30.3,72.9,217,61.9,62.7
EC005341,SCI_A,Science,17,Sunday,5,31.1,71.3,32,94.8,93.4
EC004129,LEC_A,LectureHall,17,Sunday,9,30.1,76.6,255,81.1,84.9
EC004492,ENG_B,Engineering,2,Monday,9,24.5,85.5,7,62.3,46.9
EC006638,SCI_B,Science,0,Thursday,12,26.9,80.5,7,55.3,69.6
EC002784,SCI_A,Science,18,Saturday,12,28.8,78.9,30,75.3,79.4
EC002761,SCI_A,Science,22,Thursday,12,27.6,81.7,15,73.7,67.1
EC003341,BUS_B,Business,2,Friday,4,26.6,77.7,0,15.3,33.7
EC002592,BUS_B,Business,10,Wednesday,1,29.6,79.8,103,51.9,54.8
EC002195,SPT_A,Sports,14,Sunday,12,31.1,71.9,13,40.6,46.0
EC007201,ENG_A,Engineering,18,Friday,7,30.7,73.9,68,82.8,71.9
EC002028,SCI_A,Science,0,Tuesday,12,26.7,82.7,,62.2,63.4
EC005810,ENG_A,Engineering,0,Friday,9,26.5,78.8,0,31.4,36.9
EC002009,SCI_B,Science,22,Tuesday,12,25.5,81.9,8,55.8,56.9
EC002894,SCI_A,Science,4,Monday,12,25.8,82.5,0,59.7,64.0
EC005534,BUS_B,Business,16,Tuesday,9,29.6,82.6,114,59.7,55.7
EC004480,LIB_A,Library,18,Saturday,1,29.4,70.3,162,57.0,55.5
EC004885,ENG_B,Engineering,16,Saturday,7,30.1,79.4,43,55.9,51.9
EC000319,SCI_B,Science,20,Sunday,6,29.6,66.9,0,69.1,72.5
EC007924,RES_A,Residential,21,Thursday,7,28.3,73.3,248,62.7,60.5
EC007013,SCI_B,Science,11,Saturday,7,,63.3,35,73.6,73.3
EC001819,LIB_A,Library,12,Monday,1,27.2,72.9,80,34.8,39.2
EC002772,BUS_B,Business,20,Tuesday,8,29.6,76.7,7,37.7,42.9
EC004392,BUS_A,Business,20,Saturday,4,29.5,,6,35.4,35.9
EC002798,ADM_A,Administration,0,Monday,1,27.1,75.0,13,27.1,24.8
EC004894,SPT_A,Sports,18,Sunday,8,30.7,77.8,196,64.3,64.9
EC005876,BUS_A,Business,7,Tuesday,4,28.1,77.1,20,37.8,39.7
EC007450,ENG_B,Engineering,14,Thursday,2,29.5,75.2,143,63.9,66.7
EC006525,SCI_B,Science,3,Monday,6,26.0,81.7,6,58.0,65.6
EC007695,RES_A,Residential,2,Thursday,10,26.5,87.8,151,45.7,43.8
EC006557,LIB_A,Library,2,Sunday,5,28.6,73.1,0,33.8,32.2
EC003919,SCI_B,Science,6,Wednesday,10,25.8,84.2,27,59.9,60.9
EC001345,BUS_B,Business,23,Sunday,6,29.8,78.9,0,37.5,41.8
EC004170,BUS_B,Business,11,Thursday,6,27.6,74.1,219,72.5,80.7
EC000855,ENG_B,Engineering,14,Sunday,6,31.8,69.8,55,61.5,64.1
EC006230,RES_B,Residential,13,Thursday,6,31.6,70.4,93,41.9,44.0
EC004077,ENG_B,Engineering,17,Tuesday,2,29.8,,207,76.1,85.7
EC004270,ENG_B,Engineering,16,Saturday,12,31.5,72.8,23,56.0,54.3
EC001119,ENG_A,Engineering,18,Saturday,12,29.4,73.9,0,45.7,52.6
EC006846,SCI_A,Science,11,Tuesday,11,27.7,73.7,123,86.0,93.1
EC001392,BUS_A,Business,19,Saturday,11,,81.5,24,30.8,35.2
EC002416,BUS_A,Business,19,Saturday,10,29.2,82.1,20,37.0,37.2
EC001600,LEC_A,LectureHall,18,Monday,10,27.9,75.2,79,35.5,38.0
EC003130,RES_A,Residential,2,Saturday,8,26.2,81.5,137,48.5,52.2
EC003018,SCI_A,Science,23,Tuesday,3,27.3,79.8,24,63.1,70.4
EC001609,LIB_A,Library,18,Thursday,7,31.3,74.1,162,60.8,62.9
EC006675,BUS_A,Business,4,Monday,11,,78.7,0,33.1,32.2
EC003887,SCI_B,Science,8,Sunday,7,26.6,74.6,6,62.3,61.1
EC000586,ENG_A,Engineering,6,Sunday,9,26.3,82.7,0,34.7,34.9
EC000461,SCI_B,Science,21,Wednesday,5,29.0,71.5,,76.6,78.2
EC002843,ENG_B,Engineering,22,Tuesday,1,27.0,79.3,0,31.0,34.3
EC007732,SCI_A,Science,2,Friday,6,26.7,80.3,5,80.0,72.9
EC006715,SPT_A,Sports,8,Saturday,11,26.8,90.5,115,56.0,53.8
EC005526,BUS_B,Business,11,Sunday,11,29.7,77.8,31,35.0,43.4
EC003777,ENG_A,Engineering,0,Monday,1,27.2,80.3,9,72.9,57.0
EC002542,BUS_B,Business,19,Sunday,1,29.5,76.9,0,38.9,46.3
EC006352,LIB_A,Library,4,Monday,3,25.6,89.6,0,26.9,31.6
EC007286,LEC_A,LectureHall,16,Saturday,10,30.4,75.4,16,35.9,31.3
EC002725,RES_A,Residential,8,Tuesday,5,29.4,64.8,209,48.8,53.8
EC006320,ENG_B,Engineering,17,Friday,6,31.9,67.5,53,55.4,59.0
EC002436,ENG_B,Engineering,18,Monday,1,29.6,77.7,87,55.3,65.3
EC005381,ADM_A,Administration,7,Tuesday,7,27.3,85.3,10,20.3,22.0
EC000171,SPT_A,Sports,13,Tuesday,11,34.6,82.1,179,71.1,76.6
EC005941,SCI_A,Science,20,Monday,10,27.5,83.0,37,65.7,77.5
EC005166,SCI_B,Science,6,Wednesday,7,26.3,83.1,0,58.4,61.7
EC007106,LEC_A,LectureHall,4,Friday,11,25.3,84.8,10,22.4,27.3
EC005847,RES_B,Residential,7,Friday,5,27.1,83.5,192,50.9,58.0
EC001994,ENG_A,Engineering,19,Tuesday,12,28.7,73.8,11,57.1,51.9
EC003487,SCI_B,Science,11,Friday,4,29.2,73.1,104,85.7,88.1
EC005088,RES_A,Residential,17,Saturday,3,29.7,80.2,161,40.5,47.9
EC000467,ENG_B,Engineering,14,Friday,5,29.9,71.4,170,82.0,82.1
EC004227,BUS_A,Business,16,Tuesday,9,30.1,70.2,93,50.0,51.4
EC002494,ENG_B,Engineering,12,Saturday,4,28.0,71.8,,50.8,51.5
EC007180,SCI_A,Science,16,Monday,10,29.8,69.6,83,93.7,91.5
EC007475,RES_B,Residential,7,Saturday,8,27.4,82.2,223,47.6,49.3
EC005954,SCI_A,Science,0,Thursday,7,25.9,,,59.0,54.0
EC000500,ADM_A,Administration,8,Friday,8,27.6,78.9,28,32.5,28.1
EC007367,ENG_A,Engineering,11,Thursday,4,30.4,74.7,161,75.9,83.4
EC006078,RES_A,Residential,19,Friday,6,30.4,74.7,230,56.1,54.2
EC006727,BUS_B,Business,19,Wednesday,1,29.7,79.0,11,46.7,48.1
EC003765,SCI_A,Science,0,Friday,1,25.2,79.2,33,62.7,67.1
EC004342,RES_A,Residential,9,Monday,10,28.1,83.6,198,43.3,49.7
EC001327,ENG_A,Engineering,15,Tuesday,6,29.9,73.3,167,76.1,80.3
EC006304,ENG_A,Engineering,13,Wednesday,8,31.5,69.5,214,78.0,90.6
EC004560,LIB_A,Library,9,Thursday,5,27.9,77.6,41,40.3,37.0
EC002884,LIB_A,Library,16,Saturday,11,29.2,81.0,181,51.1,50.6
EC005702,SCI_A,Science,1,Saturday,12,25.8,83.9,7,60.9,64.8
EC000498,SCI_A,Science,3,Friday,2,26.4,87.6,0,64.1,63.5
EC000098,RES_A,Residential,18,Wednesday,4,29.7,73.5,154,44.8,50.6
EC007038,LEC_A,LectureHall,14,Sunday,12,29.3,76.1,216,69.7,68.1
EC002787,BUS_B,Business,18,Monday,8,30.9,76.0,65,51.7,54.0
EC005504,LEC_A,LectureHall,17,Saturday,5,28.0,85.2,54,34.4,37.4
EC002783,BUS_B,Business,2,Wednesday,1,25.9,78.8,5,36.2,40.0
EC000491,ENG_B,Engineering,23,Sunday,12,27.9,81.8,6,43.2,40.9
EC005600,ENG_A,Engineering,10,Friday,10,29.2,71.3,120,71.4,73.3
EC006141,RES_A,Residential,18,Thursday,4,29.7,78.0,180,55.6,53.1
EC004447,SPT_A,Sports,20,Saturday,8,30.2,71.2,138,59.6,62.8
EC006181,BUS_A,Business,23,Wednesday,1,27.9,84.7,0,33.2,33.8
EC004569,LEC_A,LectureHall,5,Tuesday,10,25.9,84.3,34,28.5,30.9
EC000840,SCI_B,Science,3,Friday,9,27.0,79.7,0,54.9,56.3
EC002838,BUS_A,Business,10,Tuesday,10,29.0,76.0,99,41.2,44.1
EC000394,BUS_B,Business,20,Thursday,3,28.9,78.3,8,52.4,47.3
EC007478,ENG_B,Engineering,8,Friday,9,25.9,75.6,116,29.3,46.5
EC007895,SCI_B,Science,4,Tuesday,8,26.0,86.3,17,48.1,62.9
EC001537,LIB_A,Library,18,Wednesday,4,30.6,79.3,288,88.9,82.0
EC004209,LIB_A,Library,22,Thursday,8,28.1,74.0,87,42.8,44.1
EC000211,RES_A,Residential,6,Wednesday,10,26.9,81.6,183,48.0,47.4
EC003870,SCI_A,Science,1,Monday,4,27.5,83.5,20,73.9,72.1
EC000022,RES_A,Residential,23,Sunday,2,28.5,80.1,293,56.4,61.2
EC004701,ADM_A,Administration,23,Friday,4,27.2,82.7,20,30.8,32.1
EC000097,BUS_A,Business,12,Tuesday,3,30.4,75.4,143,50.2,58.2
EC004820,SPT_A,Sports,19,Thursday,1,28.9,76.0,176,63.3,64.7
EC000735,RES_A,Residential,15,Friday,3,30.9,67.6,120,49.8,51.1
EC006693,BUS_B,Business,12,Monday,10,29.2,83.6,132,60.9,60.4
EC001833,SCI_A,Science,6,Tuesday,5,27.8,77.6,15,68.1,73.9
EC001287,ADM_A,Administration,21,Friday,7,28.7,77.2,,27.0,29.5
EC001728,RES_B,Residential,17,Friday,1,28.9,72.5,159,46.8,42.0
EC007033,ADM_A,Administration,13,Saturday,8,29.6,78.9,22,27.0,27.0
EC006100,SCI_B,Science,0,Thursday,7,26.7,80.6,0,55.7,62.1
EC006812,SCI_A,Science,10,Friday,4,29.2,70.2,104,85.0,88.5
EC004573,SPT_A,Sports,0,Tuesday,8,25.5,83.4,0,38.5,31.9
EC001543,ADM_A,Administration,14,Thursday,3,29.7,73.7,99,35.0,41.4
EC003571,SCI_A,Science,23,Wednesday,8,25.9,82.9,0,54.5,58.1
EC006972,SCI_A,Science,19,Monday,8,28.3,75.5,,63.4,77.6
EC004046,SCI_B,Science,6,Sunday,7,27.9,79.1,10,59.1,59.3
EC005157,ENG_B,Engineering,21,Sunday,1,28.1,75.9,13,42.1,45.3
EC003421,SPT_A,Sports,23,Saturday,2,27.2,78.6,19,37.9,38.3
EC007249,RES_A,Residential,20,Saturday,8,29.2,72.8,202,46.0,49.7
EC006209,BUS_B,Business,8,Saturday,5,29.7,77.2,25,42.5,41.2
EC004936,BUS_B,Business,14,Monday,4,30.0,72.4,145,58.0,62.6
EC003941,BUS_A,Business,17,Saturday,11,30.1,73.4,22,30.3,35.1
EC001883,ENG_B,Engineering,6,Monday,7,28.1,70.3,0,43.5,39.4
EC005959,LEC_A,LectureHall,13,Thursday,8,30.8,73.1,215,81.1,80.8
EC000819,LEC_A,LectureHall,18,Friday,10,28.3,72.6,100,50.5,49.5
EC001507,ADM_A,Administration,6,Thursday,10,25.0,76.0,0,20.6,19.8
EC005035,ENG_B,Engineering,20,Saturday,1,28.2,76.6,0,42.9,44.1
EC006567,LEC_A,LectureHall,16,Sunday,2,29.3,76.4,40,35.2,40.4
EC005692,BUS_A,Business,10,Thursday,12,27.7,81.3,90,40.3,48.3
EC004756,ENG_B,Engineering,14,Monday,4,30.1,78.2,154,79.4,80.0
EC004793,SPT_A,Sports,0,Saturday,12,26.4,88.8,26,33.0,33.0
EC007335,SCI_A,Science,0,Wednesday,9,25.8,81.0,6,67.8,61.8
EC004291,ADM_A,Administration,6,Wednesday,5,27.9,80.7,14,28.8,27.5
EC003879,SPT_A,Sports,9,Wednesday,6,28.2,76.7,43,52.9,49.8
EC004204,SPT_A,Sports,18,Thursday,7,29.8,73.8,164,53.8,60.2
EC003484,SPT_A,Sports,5,Tuesday,11,26.1,82.6,54,37.9,44.8
EC000366,SPT_A,Sports,15,Wednesday,11,29.3,72.1,47,46.4,44.7
EC002758,BUS_A,Business,4,Monday,3,27.1,72.8,33,36.3,37.5
EC000344,SPT_A,Sports,7,Monday,11,27.1,83.2,132,57.0,62.9
EC006206,BUS_A,Business,3,Saturday,9,26.5,78.8,9,24.6,28.7
EC001713,RES_B,Residential,3,Friday,7,25.7,75.7,137,42.3,48.0
EC004676,LIB_A,Library,4,Friday,9,27.4,79.8,19,29.5,34.5
EC007464,BUS_B,Business,8,Friday,6,28.1,78.8,86,48.3,52.8
EC006334,SCI_B,Science,4,Monday,11,24.7,86.5,0,50.1,49.0
EC003979,ENG_B,Engineering,3,Wednesday,4,25.5,84.8,6,60.4,46.9
EC007043,SCI_A,Science,21,Monday,4,29.0,76.4,24,65.3,80.2
EC005843,BUS_B,Business,13,Tuesday,6,30.5,69.9,179,69.7,69.5
EC004332,BUS_B,Business,23,Wednesday,9,28.3,79.3,0,39.1,40.3
EC005609,SCI_B,Science,12,Wednesday,9,29.9,81.4,1,62.4,72.6
EC005868,BUS_B,Business,0,Wednesday,6,26.4,84.8,0,34.3,35.1
EC000711,LEC_A,LectureHall,2,Wednesday,10,26.7,81.8,15,23.2,28.5
EC000526,SPT_A,Sports,15,Saturday,9,29.5,75.8,38,40.6,45.1
EC005413,SPT_A,Sports,11,Saturday,4,30.5,74.7,23,46.8,46.8
EC004455,RES_B,Residential,9,Wednesday,5,28.6,81.2,195,45.4,46.0
EC000431,ADM_A,Administration,9,Thursday,12,29.5,74.0,62,35.5,36.4
EC006987,ENG_B,Engineering,1,Monday,8,26.5,74.7,13,34.7,39.4
EC002999,SCI_B,Science,19,Tuesday,7,30.0,70.0,20,73.2,78.6
EC004535,ENG_B,Engineering,9,Monday,10,27.0,74.9,75,48.5,46.4
EC001809,ENG_A,Engineering,9,Sunday,4,29.2,77.5,21,52.6,62.4
EC000405,SCI_B,Science,5,Thursday,12,25.2,80.1,0,59.0,51.5
EC003165,SCI_A,Science,14,Monday,9,31.2,75.4,133,105.4,108.1
EC002800,LEC_A,LectureHall,7,Wednesday,4,27.3,78.2,32,34.9,31.3
EC007432,SCI_B,Science,14,Monday,4,31.0,78.5,155,79.5,94.0
EC001921,BUS_A,Business,0,Tuesday,7,27.2,75.3,0,28.6,32.6
EC000265,ADM_A,Administration,19,Wednesday,3,30.3,72.5,0,30.0,33.2
EC002037,BUS_A,Business,17,Monday,6,31.2,71.5,68,48.1,51.7
EC004111,ENG_A,Engineering,10,Sunday,6,30.6,78.4,31,54.4,55.5
EC005803,ENG_B,Engineering,17,Friday,6,32.1,74.3,81,60.7,64.4
EC007882,RES_A,Residential,5,Tuesday,12,25.7,87.8,243,51.9,52.8
EC001515,ENG_A,Engineering,18,Sunday,9,28.5,79.7,1,47.7,44.4
EC003839,BUS_B,Business,16,Wednesday,1,30.9,63.7,105,57.8,63.6
EC004499,LIB_A,Library,0,Wednesday,2,26.7,81.9,0,28.9,33.4
EC005500,RES_A,Residential,17,Wednesday,10,29.4,76.7,92,49.0,40.6
EC003940,ADM_A,Administration,20,Saturday,8,28.5,79.4,4,22.2,17.2
EC004502,BUS_B,Business,0,Sunday,3,26.5,80.8,10,37.9,34.5
EC004593,SPT_A,Sports,3,Wednesday,3,27.0,72.7,16,40.2,43.2
EC006331,SPT_A,Sports,5,Sunday,11,25.7,87.9,69,49.2,46.0
EC007036,SPT_A,Sports,17,Sunday,3,30.1,79.2,131,55.9,58.0
EC000274,SCI_A,Science,22,Thursday,9,27.6,77.1,11,66.5,69.4
EC004949,SCI_B,Science,2,Wednesday,12,26.5,87.2,2,81.2,69.1
EC004431,LIB_A,Library,23,Monday,5,,80.2,52,37.5,40.2
EC005612,LEC_A,LectureHall,2,Thursday,2,27.4,84.5,6,23.8,29.5
EC004721,LEC_A,LectureHall,12,Thursday,11,28.7,75.7,221,79.9,74.4
EC004532,ENG_B,Engineering,3,Wednesday,3,26.7,83.5,0,33.4,38.0
EC005320,SCI_B,Science,0,Thursday,2,26.5,83.5,2,84.6,73.2
EC007015,LIB_A,Library,5,Sunday,10,25.3,93.0,6,23.6,30.2
EC007980,ENG_A,Engineering,19,Saturday,4,30.9,75.1,50,60.9,69.6
EC002211,ENG_B,Engineering,21,Friday,7,27.4,79.4,23,45.1,43.0
EC005836,SCI_A,Science,22,Thursday,1,27.9,75.3,0,68.5,66.4
EC006568,SCI_A,Science,12,Saturday,3,30.3,74.2,38,80.5,90.8
EC003472,RES_B,Residential,20,Sunday,9,26.9,81.5,195,37.4,40.5
EC005322,LEC_A,LectureHall,20,Monday,9,27.2,84.3,67,34.3,32.2
EC007535,ADM_A,Administration,17,Thursday,5,30.0,70.4,65,36.0,36.3
EC006234,RES_B,Residential,21,Sunday,8,29.1,73.9,248,51.9,55.3
EC001605,ADM_A,Administration,12,Thursday,9,30.1,76.7,93,38.5,43.0
EC002730,RES_A,Residential,16,Sunday,1,29.2,80.6,125,41.1,42.0
EC007257,ENG_B,Engineering,10,Monday,11,28.1,80.5,114,53.5,53.5
EC000821,LEC_A,LectureHall,12,Monday,2,34.7,88.0,265,88.8,91.6
EC000760,ENG_A,Engineering,0,Friday,10,25.2,86.3,0,,32.7
EC001292,BUS_B,Business,7,Sunday,7,27.4,83.9,0,27.0,30.6
EC002847,RES_B,Residential,13,Tuesday,8,34.8,84.0,264,61.9,67.5
EC001014,LEC_A,LectureHall,3,Sunday,7,26.1,82.2,0,21.4,17.6
EC004962,RES_B,Residential,1,Sunday,6,26.5,79.6,131,46.6,46.3
EC001213,BUS_A,Business,2,Tuesday,8,25.7,85.6,0,15.8,26.0
EC002092,ENG_A,Engineering,0,Sunday,6,27.6,82.6,7,42.0,44.1
EC006617,ADM_A,Administration,9,Monday,6,26.5,81.2,53,31.3,30.4
EC002940,SCI_B,Science,17,Friday,9,29.3,75.7,0,69.9,70.7
EC003798,ENG_B,Engineering,0,Monday,9,26.9,79.5,0,39.5,38.2
EC003657,BUS_B,Business,6,Wednesday,7,25.8,79.9,0,28.7,35.3
EC003575,BUS_A,Business,10,Monday,7,30.8,77.7,100,,61.7
EC003407,ENG_B,Engineering,10,Saturday,8,30.3,72.5,41,57.6,56.3
EC000203,RES_B,Residential,16,Friday,12,30.5,65.3,107,41.0,46.5
EC000830,BUS_B,Business,21,Thursday,12,27.1,80.7,32,44.8,42.2
EC005563,BUS_B,Business,0,Friday,4,26.1,81.2,0,41.3,39.8
EC002369,SPT_A,Sports,18,Saturday,12,28.5,75.5,167,68.4,65.7
EC006934,SPT_A,Sports,22,Tuesday,5,28.3,80.5,23,81.3,65.5
EC003120,SCI_B,Science,22,Tuesday,4,28.1,72.9,0,59.1,68.6
EC002214,BUS_B,Business,16,Tuesday,10,29.7,72.6,120,69.0,63.1
EC002446,BUS_A,Business,23,Wednesday,2,27.6,86.5,15,35.6,36.4
EC002222,ADM_A,Administration,1,Sunday,1,25.9,77.7,11,21.7,18.9
EC002478,RES_A,Residential,4,Wednesday,12,23.2,93.3,199,50.6,49.3
EC001787,ENG_B,Engineering,13,Wednesday,4,31.0,69.3,147,75.5,74.4
EC004470,SPT_A,Sports,21,Tuesday,4,28.9,74.1,103,54.6,51.0
EC003635,BUS_B,Business,2,Wednesday,9,25.3,84.6,14,35.1,35.0
EC000118,LIB_A,Library,11,Thursday,7,29.4,79.2,76,38.5,42.6
EC001152,SCI_B,Science,8,Tuesday,7,28.1,78.7,49,69.4,72.2
EC004230,BUS_B,Business,18,Thursday,2,31.1,69.5,84,50.4,58.6
EC005634,LIB_A,Library,22,Wednesday,8,29.3,73.6,84,46.7,46.2
EC002185,ENG_A,Engineering,1,Monday,10,26.6,83.8,0,40.6,43.1
EC002790,BUS_B,Business,8,Wednesday,7,28.6,86.6,51,53.2,51.6
EC004999,SCI_A,Science,18,Thursday,7,30.1,81.9,173,107.5,108.9
EC006611,RES_A,Residential,13,Monday,9,30.6,74.3,125,45.1,46.0
EC005882,SCI_A,Science,20,Thursday,2,28.3,83.3,27,82.6,76.0
EC004440,LEC_A,LectureHall,2,Thursday,10,25.1,82.9,0,14.4,20.4
EC001076,LEC_A,LectureHall,0,Saturday,8,26.5,84.4,0,24.2,22.8
EC003367,ENG_A,Engineering,6,Thursday,12,27.6,,13,,49.2
EC001449,ENG_B,Engineering,10,Thursday,1,29.5,72.8,97,57.1,63.3
EC002547,BUS_B,Business,12,Wednesday,2,30.0,77.0,192,71.3,69.6
EC004427,RES_B,Residential,5,Wednesday,4,26.9,81.9,176,39.3,49.5
EC006288,ENG_A,Engineering,0,Wednesday,1,25.1,86.8,0,44.6,40.5
EC003465,BUS_A,Business,6,Wednesday,7,28.3,75.7,6,38.3,39.4
EC001771,SCI_B,Science,15,Wednesday,4,32.5,76.4,109,93.3,103.0
EC002040,SCI_B,Science,20,Friday,1,28.3,78.4,18,70.9,74.2
EC004369,LEC_A,LectureHall,8,Tuesday,10,26.6,81.0,123,52.0,51.5
EC003928,ENG_A,Engineering,12,Tuesday,11,29.4,65.8,200,74.4,86.3
EC004733,SPT_A,Sports,22,Tuesday,10,27.3,72.8,90,41.3,46.0
EC003987,BUS_A,Business,14,Saturday,2,30.2,75.5,31,37.0,42.5
EC003662,LEC_A,LectureHall,20,Wednesday,7,29.8,76.4,12,30.8,36.7
EC007428,RES_B,Residential,19,Sunday,5,30.8,74.5,163,39.5,47.3
EC005277,ENG_A,Engineering,8,Wednesday,1,27.8,76.5,86,57.8,50.1
EC007452,BUS_B,Business,2,Friday,1,25.4,80.1,0,9.1,25.2
EC005848,SCI_B,Science,6,Wednesday,8,25.6,81.7,0,58.0,56.4
EC000124,LIB_A,Library,8,Thursday,2,27.9,70.9,13,30.6,30.5
EC000676,ENG_A,Engineering,12,Sunday,3,30.7,74.9,23,48.2,58.0
EC005671,SCI_A,Science,23,Tuesday,2,26.8,88.6,3,67.3,71.5
EC002089,LIB_A,Library,5,Saturday,12,25.5,80.1,0,19.1,24.4
EC003579,ENG_A,Engineering,7,Wednesday,11,26.7,86.4,149,35.3,54.7
EC007222,RES_A,Residential,21,Sunday,8,27.6,81.0,262,57.9,57.6
EC002848,ENG_A,Engineering,14,Wednesday,4,30.2,77.4,206,81.1,84.5
EC003764,RES_B,Residential,4,Friday,10,24.7,88.9,165,40.3,40.8
EC004152,SCI_B,Science,13,Tuesday,12,29.7,63.9,110,89.5,88.1
EC005021,BUS_A,Business,14,Tuesday,6,30.9,78.4,160,74.8,69.3
EC000666,SPT_A,Sports,16,Friday,9,28.3,71.9,77,44.0,48.2
EC007973,ADM_A,Administration,23,Tuesday,12,25.2,81.1,7,23.7,20.3
EC005331,ADM_A,Administration,20,Thursday,12,28.9,78.2,7,27.6,34.6
EC007468,RES_A,Residential,6,Monday,7,27.5,81.8,220,48.9,54.2
EC006376,ENG_A,Engineering,23,Sunday,8,27.9,81.2,0,50.5,50.1
EC000777,SCI_B,Science,1,Tuesday,8,27.0,78.5,5,53.8,63.4
EC004246,SPT_A,Sports,9,Tuesday,5,28.7,71.4,28,53.2,47.3
EC005757,RES_B,Residential,11,Friday,12,27.6,78.6,151,32.7,35.2
EC004757,BUS_A,Business,20,Tuesday,12,27.7,77.5,5,31.8,32.9
EC005282,BUS_B,Business,0,Saturday,8,28.1,82.8,10,30.5,36.6
EC004591,LIB_A,Library,21,Thursday,7,28.4,,101,48.0,47.2
EC007775,ENG_B,Engineering,0,Tuesday,12,26.9,79.0,8,36.5,38.1
EC005427,SCI_B,Science,23,Thursday,5,26.7,81.6,10,64.9,61.7
EC004143,RES_A,Residential,12,Monday,5,31.2,78.6,337,64.8,66.4
EC001147,SCI_B,Science,19,Sunday,9,29.5,76.6,17,57.5,68.4
EC007792,BUS_A,Business,4,Sunday,3,26.5,85.8,14,32.5,29.5
EC007528,RES_B,Residential,18,Thursday,5,31.8,67.0,141,52.3,51.6
EC006481,LEC_A,LectureHall,12,Wednesday,3,29.8,70.0,202,77.0,81.0
EC003552,ADM_A,Administration,4,Wednesday,4,25.9,85.0,0,17.5,20.3
EC002661,BUS_B,Business,4,Tuesday,11,25.8,81.0,0,31.5,33.5
EC004119,SCI_B,Science,21,Thursday,9,27.2,80.7,10,62.9,63.5
EC000639,BUS_B,Business,10,Monday,2,29.6,77.6,135,74.6,76.2
EC004351,SCI_B,Science,13,Wednesday,6,28.9,76.3,117,104.8,90.6
EC002628,LIB_A,Library,15,Thursday,10,31.4,74.1,220,56.6,65.0
EC002830,ENG_B,Engineering,16,Saturday,7,31.1,76.5,50,58.1,60.2
EC007649,SCI_B,Science,20,Sunday,9,29.1,79.7,22,66.9,73.7
EC005960,BUS_B,Business,19,Thursday,2,29.0,81.8,4,41.7,38.8
EC001908,SCI_B,Science,6,Wednesday,2,25.7,87.0,0,58.7,58.8
EC001115,ADM_A,Administration,1,Monday,11,24.8,76.7,0,19.4,20.0
EC002658,ENG_B,Engineering,14,Friday,4,31.1,74.1,170,68.5,75.8
EC004782,BUS_B,Business,16,Sunday,1,30.0,75.1,20,37.3,45.4
EC007396,LIB_A,Library,4,Monday,6,25.7,80.1,,26.9,25.4
EC005067,RES_A,Residential,8,Thursday,1,27.4,74.1,190,45.1,50.6
EC001986,RES_B,Residential,4,Wednesday,4,26.6,77.9,178,48.6,53.2
EC002207,BUS_A,Business,23,Wednesday,11,26.9,72.8,20,33.5,35.1
EC001696,RES_A,Residential,5,Friday,5,23.8,95.7,163,50.0,46.0
EC005997,ADM_A,Administration,7,Thursday,4,26.0,75.5,0,21.8,23.5
EC006179,SCI_B,Science,20,Monday,5,28.7,74.5,0,55.2,72.8
EC004579,RES_B,Residential,11,Wednesday,10,28.7,72.4,122,36.4,38.7
EC006340,RES_B,Residential,23,Saturday,1,27.1,93.1,273,50.7,50.9
EC001610,SPT_A,Sports,4,Thursday,7,27.0,77.1,48,43.7,38.4
EC000302,SCI_B,Science,18,Wednesday,12,29.0,75.6,49,60.7,69.6
EC007986,LIB_A,Library,3,Tuesday,8,24.7,90.0,3,27.2,32.4
EC006372,SCI_A,Science,9,Monday,1,28.2,73.5,144,36.3,79.0
EC006094,ENG_A,Engineering,13,Monday,6,31.0,71.4,251,88.6,100.0
EC002487,LIB_A,Library,8,Monday,10,28.0,75.2,12,30.9,33.8
EC003686,BUS_B,Business,12,Tuesday,8,30.5,69.3,134,52.1,65.7
EC006022,SCI_A,Science,7,Wednesday,7,28.0,78.2,0,58.5,67.3
EC003730,ENG_B,Engineering,21,Wednesday,2,28.5,82.7,21,50.7,47.5
EC000741,RES_A,Residential,12,Sunday,4,31.3,73.2,105,48.5,50.2
EC002300,LIB_A,Library,8,Saturday,9,27.9,79.0,0,31.1,31.3
EC003412,RES_B,Residential,2,Sunday,3,26.1,85.1,139,35.2,44.9
EC000497,SCI_B,Science,19,Friday,8,28.6,72.6,27,62.9,63.1
EC000623,LEC_A,LectureHall,13,Wednesday,6,30.5,73.0,225,75.7,77.2
EC005931,RES_B,Residential,11,Friday,12,28.9,80.6,97,35.7,41.7
EC002581,LIB_A,Library,6,Wednesday,11,26.0,79.4,0,27.7,26.9
EC004575,BUS_A,Business,4,Monday,1,26.7,85.7,17,26.1,36.5
EC002879,BUS_B,Business,2,Saturday,12,25.4,89.0,7,28.9,22.0
EC005258,SPT_A,Sports,4,Thursday,10,25.4,88.4,27,37.7,31.7
EC001785,LEC_A,LectureHall,22,Monday,5,30.1,73.0,21,88.0,52.4
EC000187,ENG_A,Engineering,1,Wednesday,1,26.2,78.4,0,39.6,45.4
EC002543,BUS_A,Business,11,Sunday,1,29.2,69.5,33,34.4,38.0
EC005266,SCI_A,Science,1,Saturday,11,26.6,79.3,14,59.3,68.8
EC005409,ADM_A,Administration,23,Saturday,5,28.6,75.4,11,29.2,27.1
EC000534,BUS_A,Business,15,Saturday,9,30.4,72.1,21,35.7,37.8
EC001598,LIB_A,Library,15,Tuesday,5,31.5,73.2,199,45.8,57.6
EC006708,SCI_B,Science,13,Friday,3,29.3,80.9,118,97.3,93.7
EC002149,RES_B,Residential,14,Thursday,5,30.9,74.1,70,45.1,39.9
EC006959,ADM_A,Administration,21,Sunday,2,27.9,87.5,7,25.6,25.9
EC002420,SCI_B,Science,20,Friday,4,29.0,69.9,0,61.8,69.4
EC000352,RES_B,Residential,7,Monday,12,26.2,80.1,173,40.3,45.2
EC003127,SCI_A,Science,12,Tuesday,10,30.3,75.9,13,82.2,82.2
EC000023,LIB_A,Library,1,Tuesday,3,27.0,82.1,22,38.2,35.0
EC005973,BUS_A,Business,9,Sunday,3,28.5,72.6,15,32.5,32.0
EC001430,SCI_A,Science,22,Friday,7,27.9,82.0,22,61.7,71.7
EC000456,BUS_A,Business,7,Tuesday,12,26.3,85.2,148,29.6,41.4
EC004975,LIB_A,Library,6,Tuesday,11,24.2,87.0,16,29.1,29.8
EC000696,ADM_A,Administration,2,Monday,6,25.8,79.5,0,14.7,17.6
EC006124,SCI_B,Science,21,Friday,4,26.5,80.5,11,60.1,65.2
EC001194,ENG_A,Engineering,13,Wednesday,7,29.1,74.8,214,64.3,76.3
EC004318,RES_B,Residential,16,Wednesday,8,30.3,73.5,107,39.1,43.9
EC003260,ADM_A,Administration,16,Tuesday,2,29.8,,61,43.2,41.2
EC001512,ADM_A,Administration,5,Monday,1,25.3,86.8,0,21.2,23.2
EC005783,RES_B,Residential,15,Friday,3,34.8,85.4,240,51.0,54.2
EC004275,ENG_B,Engineering,21,Friday,2,26.7,84.2,26,36.6,42.5
EC006901,RES_B,Residential,2,Friday,5,27.2,85.2,146,46.6,50.4
EC004450,RES_B,Residential,19,Saturday,7,29.0,76.4,203,49.6,48.6
EC004221,LEC_A,LectureHall,11,Monday,10,29.1,72.8,171,53.5,58.5
EC007284,BUS_B,Business,3,Saturday,11,26.3,69.8,6,28.9,29.3
EC000771,BUS_A,Business,1,Monday,1,27.4,85.8,42,37.8,37.6
EC000494,ADM_A,Administration,8,Thursday,8,27.6,80.6,64,35.7,34.2
EC004590,SPT_A,Sports,13,Thursday,6,31.2,70.5,0,48.4,50.6
EC006445,BUS_A,Business,14,Sunday,4,28.1,76.6,42,36.4,37.8
EC005123,BUS_B,Business,9,Monday,4,28.3,79.2,98,53.2,57.9
EC001560,LEC_A,LectureHall,11,Tuesday,2,29.8,69.8,181,82.7,70.2
EC005442,BUS_B,Business,23,Monday,1,26.6,77.9,9,41.3,39.6
EC000815,LIB_A,Library,7,Wednesday,8,27.8,78.0,1,29.1,32.4
EC001409,ENG_A,Engineering,16,Monday,8,30.1,81.7,152,72.1,78.9
EC007196,ENG_A,Engineering,20,Sunday,7,28.4,79.2,31,51.0,52.9
EC005212,ENG_A,Engineering,5,Thursday,11,26.7,77.2,0,37.1,35.4
EC001878,ENG_A,Engineering,14,Tuesday,2,30.3,71.9,175,85.6,86.2
EC005506,SCI_A,Science,4,Thursday,8,27.2,82.0,3,72.7,66.1
EC000779,LIB_A,Library,19,Thursday,3,29.2,75.7,149,56.5,64.5
EC005586,BUS_A,Business,16,Monday,9,29.4,74.3,83,40.8,44.0
EC002078,ENG_B,Engineering,18,Thursday,1,30.3,75.2,44,65.4,60.5
EC007823,ENG_A,Engineering,6,Sunday,7,26.7,81.7,0,42.9,39.6
EC006920,BUS_A,Business,16,Wednesday,12,28.2,79.7,111,48.7,51.6
EC007208,ENG_A,Engineering,21,Thursday,2,28.1,82.8,58,58.2,57.5
EC003829,ENG_A,Engineering,1,Tuesday,4,26.0,82.6,31,33.1,44.7
EC003675,ADM_A,Administration,1,Wednesday,9,25.9,88.1,0,17.7,20.1
EC003114,SCI_A,Science,12,Saturday,8,28.8,72.8,41,89.6,80.3
EC005004,ENG_B,Engineering,14,Saturday,6,30.4,69.0,21,45.3,46.7
EC000833,SPT_A,Sports,16,Monday,4,29.8,74.6,,57.7,56.1
EC007794,ADM_A,Administration,20,Sunday,2,29.7,65.6,0,23.8,28.6
EC006996,SPT_A,Sports,22,Tuesday,8,27.6,75.5,16,82.2,56.9
EC005044,BUS_B,Business,12,Wednesday,12,,80.2,174,74.0,75.2
EC001725,RES_A,Residential,7,Saturday,3,28.2,78.9,247,61.0,59.9
EC001719,LIB_A,Library,3,Monday,4,,84.6,0,28.5,31.3
EC002540,ENG_A,Engineering,4,Sunday,10,25.8,91.5,3,31.7,34.5
EC005113,BUS_B,Business,21,Tuesday,8,27.9,76.2,13,41.9,45.5
EC001413,SCI_A,Science,17,Saturday,9,29.9,76.4,37,72.1,88.4
EC004846,ENG_B,Engineering,7,Wednesday,7,27.5,80.9,120,26.3,54.8
EC004565,SPT_A,Sports,10,Wednesday,8,29.4,76.2,45,45.9,47.6
EC007511,LEC_A,LectureHall,8,Sunday,1,27.9,74.0,20,23.4,24.9
EC005679,LIB_A,Library,14,Tuesday,11,30.4,74.7,213,56.8,65.9
EC004997,LEC_A,LectureHall,22,Wednesday,12,28.5,80.4,2,29.1,32.4
EC005461,LEC_A,LectureHall,22,Tuesday,11,27.6,74.4,24,99.6,58.7
EC005215,SCI_A,Science,9,Friday,8,29.1,76.2,81,83.0,88.0
EC005715,ENG_A,Engineering,11,Saturday,5,29.3,76.4,30,61.8,55.1
EC003770,LIB_A,Library,11,Saturday,9,27.3,83.3,36,35.2,36.0
EC007253,RES_A,Residential,19,Friday,7,28.9,73.8,186,44.6,45.7
EC000340,ADM_A,Administration,18,Sunday,11,27.6,86.2,29,26.1,24.9
EC001532,LEC_A,LectureHall,4,Thursday,2,27.3,70.5,20,30.2,34.0
EC005072,ENG_B,Engineering,10,Thursday,1,27.5,73.0,87,48.4,53.3
EC001010,ENG_B,Engineering,22,Monday,3,28.0,81.2,0,41.4,42.7
EC005909,SCI_A,Science,3,Friday,5,26.6,80.5,23,56.9,65.4
EC005669,ADM_A,Administration,8,Sunday,1,26.8,75.0,4,20.2,22.6
EC004585,ENG_B,Engineering,7,Saturday,8,27.0,72.3,0,37.7,40.1
EC004416,SCI_B,Science,19,Tuesday,5,30.0,76.1,17,72.1,75.7
EC003354,SCI_B,Science,10,Wednesday,11,28.2,71.1,85,73.1,78.4
EC007169,ADM_A,Administration,19,Monday,2,30.5,79.9,8,30.6,35.6
EC006221,SCI_B,Science,7,Sunday,6,27.7,70.9,8,58.9,64.9
EC006980,SCI_A,Science,22,Friday,9,28.7,74.1,3,62.0,67.2
EC007187,LEC_A,LectureHall,16,Saturday,4,30.2,74.1,19,33.7,35.1
EC005614,LIB_A,Library,5,Wednesday,4,27.5,79.2,0,26.5,32.6
EC005878,ADM_A,Administration,17,Sunday,3,30.3,72.6,24,28.2,30.4
EC005915,SCI_A,Science,18,Tuesday,5,29.3,73.9,55,88.6,82.8
EC006328,SCI_A,Science,18,Saturday,3,30.3,69.6,23,91.8,93.8
EC000691,ENG_A,Engineering,14,Tuesday,6,34.3,83.4,169,79.3,83.9
EC001505,RES_A,Residential,19,Sunday,11,29.0,80.9,256,55.1,48.8
EC001540,SCI_B,Science,8,Wednesday,7,27.4,76.8,63,72.0,78.2
EC006459,ENG_B,Engineering,17,Saturday,5,31.7,67.4,20,47.5,55.0
EC007397,BUS_A,Business,12,Saturday,1,29.2,77.7,44,43.5,41.4
EC001380,ENG_B,Engineering,7,Wednesday,4,27.7,83.5,163,41.8,61.0
EC007341,ADM_A,Administration,5,Sunday,10,24.9,82.2,0,16.6,14.0
EC007454,ENG_B,Engineering,10,Monday,11,28.7,75.4,119,53.4,61.2
EC006619,RES_A,Residential,2,Monday,2,25.3,80.6,150,39.2,45.1
EC005487,SCI_B,Science,10,Wednesday,7,28.8,77.8,85,81.5,84.4
EC001270,ENG_A,Engineering,22,Wednesday,12,26.6,84.8,4,37.3,44.1
EC001800,RES_B,Residential,9,Monday,12,28.3,86.6,177,46.5,48.3
EC005398,RES_B,Residential,6,Tuesday,4,26.7,83.9,198,56.7,55.8
EC005288,SCI_B,Science,8,Sunday,9,27.6,73.5,5,66.8,65.4
EC004973,ENG_A,Engineering,6,Monday,6,26.6,78.8,0,43.6,44.5
EC007176,SCI_A,Science,18,Sunday,2,29.8,77.9,27,85.6,84.7
EC001556,LIB_A,Library,16,Wednesday,12,30.3,73.8,210,54.3,60.1
EC006157,SPT_A,Sports,23,Tuesday,5,28.4,78.5,20,75.4,60.8
EC001012,SCI_B,Science,19,Monday,11,28.4,80.1,19,68.1,71.8
EC001951,SCI_A,Science,6,Tuesday,10,27.5,80.1,8,62.0,69.6
EC005543,ENG_B,Engineering,11,Sunday,5,29.1,86.2,39,50.8,51.9
EC000362,ADM_A,Administration,15,Friday,7,29.5,72.3,103,44.3,40.9
EC003761,LEC_A,LectureHall,7,Tuesday,6,26.9,82.6,0,27.2,24.9
EC003593,ADM_A,Administration,9,Tuesday,6,28.8,81.7,65,38.3,34.9
EC005234,SCI_B,Science,7,Thursday,1,27.2,78.9,0,65.9,59.1
EC003478,LEC_A,LectureHall,8,Thursday,4,28.7,79.1,174,25.7,58.0
EC007422,RES_B,Residential,7,Monday,2,27.1,80.6,160,47.1,48.0
EC003055,ENG_B,Engineering,3,Wednesday,10,25.6,81.8,9,32.7,32.5
EC001681,RES_A,Residential,16,Monday,6,29.6,75.9,84,42.2,42.2
EC005278,ENG_B,Engineering,8,Sunday,8,28.2,83.0,7,42.6,40.6
EC001280,LEC_A,LectureHall,19,Tuesday,12,28.9,72.6,8,27.6,29.5
EC007927,SCI_B,Science,16,Tuesday,6,30.1,71.3,74,88.5,88.5
EC007362,ENG_B,Engineering,17,Monday,2,31.6,68.4,78,67.8,67.5
EC006576,RES_A,Residential,20,Friday,5,29.2,70.9,211,42.5,51.2
EC007271,SPT_A,Sports,16,Sunday,7,31.0,68.2,84,52.8,48.6
EC004526,BUS_A,Business,6,Saturday,9,25.2,86.2,18,26.8,26.2
EC003116,BUS_A,Business,3,Sunday,11,24.5,,6,20.9,21.5
EC003361,LEC_A,LectureHall,18,Monday,11,29.0,75.1,106,47.8,51.2
EC001146,ENG_A,Engineering,20,Saturday,11,28.6,74.0,13,49.6,47.3
EC005552,LIB_A,Library,20,Friday,7,30.2,76.4,134,62.4,62.3
EC001094,SCI_B,Science,13,Monday,3,28.4,82.5,113,75.6,86.8
EC006888,LIB_A,Library,0,Saturday,7,27.0,,12,25.8,30.2
EC003000,RES_B,Residential,10,Thursday,2,30.4,80.7,160,48.1,49.6
EC004179,SPT_A,Sports,8,Thursday,9,26.4,80.5,100,45.1,52.8
EC001346,RES_A,Residential,22,Monday,6,29.4,77.0,290,66.5,69.4
EC006169,ENG_A,Engineering,11,Saturday,7,30.1,68.4,54,,65.1
EC002463,LIB_A,Library,9,Monday,10,27.3,82.0,40,37.1,35.5
EC002250,ADM_A,Administration,18,Sunday,5,30.2,73.2,9,29.3,29.9
EC004009,RES_A,Residential,4,Monday,8,26.3,89.6,179,47.1,51.7
EC005343,SCI_B,Science,16,Monday,4,31.5,64.7,61,89.5,94.0
EC001290,SCI_A,Science,0,Friday,8,26.5,75.1,11,70.5,69.6
EC000060,RES_B,Residential,6,Wednesday,12,26.3,84.7,185,49.2,45.1
EC001663,ENG_B,Engineering,11,Saturday,12,28.5,82.3,48,43.8,44.6
EC002992,LEC_A,LectureHall,20,Tuesday,2,27.5,82.8,15,32.2,35.6
EC007112,RES_A,Residential,9,Thursday,2,26.4,79.9,94,37.9,38.2
EC006241,LIB_A,Library,10,Tuesday,2,29.4,66.6,67,41.0,41.1
EC001705,ENG_A,Engineering,16,Monday,10,29.0,81.3,124,62.6,70.2
EC000768,ENG_A,Engineering,1,Thursday,5,27.4,85.7,,47.6,51.9
EC007693,RES_B,Residential,10,Saturday,6,28.8,77.1,167,35.6,44.9
EC007261,LEC_A,LectureHall,20,Saturday,9,27.9,76.0,12,25.9,29.1
EC007496,LEC_A,LectureHall,17,Monday,9,30.2,74.2,121,62.4,61.0
EC000186,SCI_A,Science,12,Saturday,9,30.1,75.4,28,67.3,81.5
EC003744,BUS_A,Business,6,Monday,3,27.3,76.7,18,37.7,35.5
EC000242,BUS_A,Business,15,Wednesday,1,29.9,77.9,130,59.0,61.4
EC000072,LEC_A,LectureHall,15,Saturday,4,30.7,70.5,251,82.4,84.3
EC005707,LIB_A,Library,3,Friday,3,27.0,76.9,1,30.0,29.0
EC007198,BUS_B,Business,3,Sunday,5,26.4,83.1,19,38.6,35.9
EC007706,SCI_A,Science,4,Friday,6,27.6,72.0,6,98.5,83.2
EC004307,BUS_A,Business,22,Tuesday,1,26.9,73.8,0,31.6,29.8
EC003685,BUS_A,Business,17,Sunday,7,30.9,70.1,11,40.9,41.9
EC000660,SCI_A,Science,17,Saturday,12,29.4,,37,93.7,85.7
EC003871,ENG_B,Engineering,5,Thursday,2,27.0,74.1,23,42.5,46.8
EC002383,ADM_A,Administration,20,Wednesday,10,28.7,76.8,9,21.8,26.3
EC005408,ENG_B,Engineering,5,Thursday,4,26.6,71.9,0,40.5,44.9
EC006201,BUS_B,Business,2,Saturday,9,25.6,81.9,29,25.2,29.4
EC007387,LEC_A,LectureHall,7,Saturday,6,27.3,86.1,36,28.4,34.5
EC001491,SCI_A,Science,9,Monday,6,29.2,82.6,67,97.0,94.3
EC007901,ENG_B,Engineering,7,Monday,9,26.3,79.4,138,23.0,45.1
EC005652,ADM_A,Administration,7,Saturday,10,28.0,79.6,0,17.2,20.9
EC004884,LIB_A,Library,20,Sunday,11,28.1,81.6,108,47.1,52.8
EC001924,LEC_A,LectureHall,13,Sunday,5,30.3,65.9,32,42.0,39.2
EC007412,RES_B,Residential,11,Friday,8,29.0,73.2,99,41.6,40.0
EC006315,ENG_A,Engineering,9,Saturday,6,29.1,80.6,42,53.4,55.9
EC004692,BUS_A,Business,17,Thursday,12,30.6,79.6,74,52.7,52.7
EC005760,ADM_A,Administration,8,Tuesday,10,27.0,85.2,43,26.3,31.2
EC005815,SCI_B,Science,5,Wednesday,3,27.7,73.6,0,57.6,64.5
EC003989,LIB_A,Library,21,Monday,6,29.7,77.1,106,51.9,55.0
EC003992,LEC_A,LectureHall,0,Thursday,8,26.9,88.0,9,26.2,27.0
EC005401,ENG_B,Engineering,6,Sunday,5,28.1,80.5,34,44.1,48.2
EC006114,SCI_B,Science,2,Wednesday,3,26.2,75.8,0,58.8,58.9
EC007869,LIB_A,Library,21,Wednesday,12,27.9,69.3,85,39.1,43.7
EC007385,ENG_A,Engineering,3,Saturday,6,27.0,87.7,13,43.3,41.8
EC003379,RES_A,Residential,6,Friday,10,26.7,82.8,189,52.5,48.4
EC006233,SPT_A,Sports,5,Tuesday,9,24.3,88.8,63,39.7,40.5
EC004166,LEC_A,LectureHall,11,Wednesday,2,29.9,72.1,172,73.9,69.4
EC003410,BUS_B,Business,8,Friday,3,29.3,75.1,50,55.6,58.5
EC007359,SPT_A,Sports,22,Thursday,9,28.2,79.8,80,45.7,43.0
EC002121,BUS_A,Business,16,Monday,7,30.0,80.2,76,55.1,50.3
EC007561,ENG_B,Engineering,9,Monday,9,29.1,77.1,68,53.2,52.4
EC002612,ENG_B,Engineering,21,Sunday,10,28.0,78.1,33,37.4,38.0
EC003285,LEC_A,LectureHall,21,Wednesday,7,28.3,77.8,6,28.4,31.2
EC004236,RES_A,Residential,13,Sunday,1,28.6,77.8,130,39.8,46.5
EC003180,ADM_A,Administration,11,Monday,5,30.0,71.2,103,43.4,47.0
EC004830,ENG_B,Engineering,6,Friday,5,25.8,84.8,17,43.5,38.0
EC000373,RES_B,Residential,16,Tuesday,9,31.0,69.6,129,42.2,46.1
EC004322,BUS_A,Business,23,Sunday,12,27.2,83.4,4,25.8,26.1
EC004376,BUS_B,Business,0,Saturday,9,25.2,89.4,24,31.4,28.1
EC002315,LIB_A,Library,7,Friday,9,27.3,82.4,1,29.8,31.8
EC000182,LEC_A,LectureHall,5,Tuesday,3,25.0,87.9,14,27.6,28.3
EC000968,BUS_A,Business,14,Wednesday,4,29.5,75.1,140,64.1,65.5
EC003447,SCI_A,Science,12,Thursday,4,30.6,69.4,,83.6,89.0
EC000618,ENG_B,Engineering,9,Thursday,11,28.9,79.0,65,51.5,53.3
EC007023,SCI_A,Science,6,Saturday,3,26.5,90.5,14,70.3,80.4
EC002228,ADM_A,Administration,17,Saturday,2,28.3,78.4,10,28.0,23.6
EC002193,LIB_A,Library,13,Thursday,10,29.8,69.2,192,52.3,52.3
EC003097,ENG_A,Engineering,10,Sunday,5,29.5,75.3,19,58.2,52.3
EC007406,RES_B,Residential,16,Thursday,3,30.2,77.6,88,41.1,41.2
EC005273,ENG_B,Engineering,0,Monday,7,28.1,83.1,0,34.0,37.1
EC002334,SCI_B,Science,18,Sunday,3,29.5,74.2,19,65.7,72.1
EC001266,ENG_B,Engineering,5,Friday,4,26.3,84.8,0,36.1,38.8
EC007005,SCI_B,Science,10,Saturday,7,28.5,77.2,10,68.6,67.2
EC000024,BUS_B,Business,19,Sunday,6,29.8,79.2,0,37.8,37.9
EC002594,LEC_A,LectureHall,17,Friday,3,31.5,70.5,117,58.5,61.5
EC007211,BUS_A,Business,19,Friday,11,28.4,82.0,47,38.8,37.3
EC003303,RES_A,Residential,16,Tuesday,6,30.6,71.7,116,,43.9
EC006538,ENG_B,Engineering,11,Wednesday,11,27.7,85.1,139,65.7,66.6
EC004859,SCI_B,Science,6,Sunday,11,26.1,82.1,0,62.8,56.4
EC003885,SCI_A,Science,9,Saturday,1,28.1,76.7,23,72.0,71.1
EC000638,LIB_A,Library,17,Sunday,5,29.8,79.8,146,51.4,52.3
EC005007,RES_A,Residential,8,Friday,6,27.9,81.6,207,46.6,50.5
EC003562,LIB_A,Library,9,Sunday,5,28.3,78.0,64,38.2,39.8
EC007687,ADM_A,Administration,5,Thursday,8,27.6,77.0,0,22.1,27.3
EC004818,LIB_A,Library,19,Sunday,3,29.1,75.3,170,65.5,61.7
EC004708,ENG_B,Engineering,14,Monday,2,30.7,66.7,139,74.7,70.1
EC007099,RES_A,Residential,6,Monday,5,27.6,79.0,240,57.9,56.0
EC007221,RES_B,Residential,23,Wednesday,10,26.1,78.3,236,53.0,47.7
EC004466,SCI_A,Science,1,Thursday,6,26.4,81.6,13,69.3,69.3
EC001432,RES_B,Residential,7,Saturday,9,27.5,75.4,241,54.4,56.3
EC000003,ADM_A,Administration,10,Wednesday,7,28.7,73.0,84,34.3,40.8
EC003060,RES_A,Residential,12,Saturday,5,29.1,77.1,134,42.8,49.1
EC005566,ENG_B,Engineering,6,Monday,11,27.0,79.4,0,37.0,35.9
EC000152,SPT_A,Sports,15,Wednesday,10,28.8,77.1,49,42.4,44.8
EC005556,SPT_A,Sports,4,Wednesday,8,27.3,82.2,11,34.8,39.9
EC002672,LEC_A,LectureHall,22,Saturday,5,28.1,73.6,4,25.3,25.5
EC001933,ENG_A,Engineering,23,Thursday,5,26.8,84.4,0,38.6,42.5
EC007892,ENG_B,Engineering,10,Saturday,12,29.3,71.1,12,43.9,47.1
EC003866,SCI_B,Science,2,Monday,2,26.7,81.6,12,54.1,68.4
EC002122,SCI_B,Science,10,Sunday,7,29.4,76.0,37,74.8,79.1
EC005977,ENG_A,Engineering,5,Thursday,1,27.2,81.8,0,42.7,44.8
EC001330,RES_B,Residential,6,Monday,6,27.3,79.1,201,45.9,54.3
EC004515,LEC_A,LectureHall,20,Saturday,5,30.0,73.7,11,33.2,37.8
EC004649,BUS_B,Business,9,Thursday,7,28.5,77.9,193,31.8,61.9
EC000300,ENG_B,Engineering,22,Thursday,8,27.0,87.4,9,38.1,37.6
EC000150,SCI_B,Science,18,Thursday,6,31.1,62.3,56,79.3,89.9
EC004728,BUS_A,Business,0,Wednesday,2,26.4,88.7,0,32.9,32.7
EC005411,ENG_A,Engineering,5,Friday,1,26.6,83.0,0,35.8,37.9
EC002385,ENG_B,Engineering,6,Wednesday,10,27.0,76.1,9,38.8,39.2
EC003598,RES_A,Residential,13,Wednesday,9,30.2,73.2,109,34.4,37.3
EC004932,ENG_B,Engineering,21,Saturday,10,28.4,73.7,0,45.9,41.4
EC000591,LIB_A,Library,7,Friday,1,26.1,83.2,23,25.7,27.0
EC007285,RES_B,Residential,5,Monday,2,25.3,82.0,168,39.8,48.7
EC006009,BUS_B,Business,14,Saturday,5,31.6,72.5,44,52.9,55.2
EC003698,BUS_A,Business,18,Wednesday,1,29.7,70.2,48,42.4,44.3
EC004223,BUS_A,Business,21,Tuesday,7,29.4,67.7,14,35.3,38.1
EC006911,SCI_A,Science,1,Thursday,8,26.4,79.0,18,59.5,69.2
EC005675,ENG_A,Engineering,17,Thursday,11,30.0,78.7,87,51.4,64.5
EC004985,SCI_B,Science,23,Monday,6,26.8,76.4,3,54.3,63.2
EC003717,ADM_A,Administration,17,Friday,3,30.9,75.1,63,40.1,44.9
EC000481,ENG_A,Engineering,14,Sunday,8,31.7,64.5,70,69.4,67.4
EC001458,ADM_A,Administration,6,Saturday,3,25.9,85.1,4,23.0,23.5
EC004868,BUS_B,Business,5,Tuesday,11,26.2,84.1,0,34.6,39.2
EC003894,SPT_A,Sports,14,Tuesday,1,35.2,91.2,177,73.3,78.5
EC007399,SPT_A,Sports,3,Thursday,11,24.9,86.2,12,33.0,31.2
EC003591,SPT_A,Sports,21,Monday,6,28.6,71.3,127,65.6,60.3
EC002303,RES_A,Residential,8,Saturday,2,28.9,79.0,197,51.6,48.7
EC006212,BUS_A,Business,21,Saturday,10,27.4,80.4,0,26.9,28.2
EC005124,RES_B,Residential,16,Monday,1,30.9,68.5,87,36.3,42.1
EC007791,SPT_A,Sports,18,Sunday,5,31.0,72.7,199,74.9,83.5
EC005900,SCI_A,Science,22,Saturday,7,28.6,75.4,0,81.1,78.9
EC006393,LEC_A,LectureHall,12,Saturday,6,29.8,70.4,256,79.2,79.6
EC003164,BUS_A,Business,20,Friday,4,29.3,78.5,4,42.3,40.8
EC001192,SCI_A,Science,2,Sunday,10,26.5,81.8,2,66.1,62.3
EC006276,ENG_B,Engineering,9,Wednesday,8,27.9,73.7,84,53.8,60.0
EC006043,LIB_A,Library,12,Saturday,4,31.7,69.6,67,55.9,49.9
EC007900,SCI_A,Science,7,Friday,9,26.3,82.4,0,47.5,58.4
EC001841,BUS_A,Business,23,Sunday,6,27.4,72.9,0,24.5,26.0
EC000643,SCI_A,Science,2,Sunday,4,26.3,75.9,0,64.8,64.0
EC007586,BUS_A,Business,16,Saturday,1,28.9,71.8,41,38.8,35.8
EC003221,BUS_B,Business,10,Thursday,2,27.7,79.3,107,48.3,57.5
EC002720,LEC_A,LectureHall,20,Friday,5,29.4,78.2,26,34.7,42.8
EC005591,RES_A,Residential,1,Saturday,8,26.1,80.7,157,41.7,41.0
EC006757,SCI_B,Science,3,Monday,9,26.1,78.4,0,57.3,53.3
EC006362,ENG_B,Engineering,22,Saturday,6,28.3,77.6,19,40.1,48.5
EC001768,ENG_B,Engineering,2,Sunday,2,27.9,82.6,3,36.7,36.5
EC007514,ADM_A,Administration,17,Saturday,1,31.7,74.7,20,32.2,31.6
EC001063,SCI_B,Science,6,Saturday,11,25.5,80.3,,53.4,55.4
EC003716,SCI_B,Science,16,Friday,3,29.7,72.6,87,83.6,89.2
EC003925,ENG_B,Engineering,15,Friday,4,30.2,74.0,126,66.7,63.1
EC007876,RES_B,Residential,16,Friday,4,29.8,68.3,112,42.7,46.6
EC000627,LEC_A,LectureHall,21,Wednesday,9,26.5,83.7,22,25.8,25.5
EC005426,LEC_A,LectureHall,0,Saturday,11,24.9,85.5,31,24.1,29.2
EC003707,BUS_A,Business,7,Thursday,12,26.0,82.0,0,25.9,29.8
EC001613,LIB_A,Library,23,Monday,10,27.1,78.5,75,39.5,37.6
EC001948,ADM_A,Administration,16,Monday,10,30.3,77.5,133,48.6,48.2
EC002789,BUS_A,Business,7,Friday,4,27.4,83.1,4,34.3,37.6
EC007321,LIB_A,Library,8,Friday,1,27.6,75.8,56,38.3,40.9
EC004099,ENG_B,Engineering,9,Sunday,1,28.6,71.6,35,46.8,52.3
EC000047,SCI_A,Science,18,Tuesday,8,30.0,78.3,82,106.4,98.3
EC002536,SCI_B,Science,5,Monday,10,25.4,76.2,9,57.8,57.1
EC001519,ENG_B,Engineering,5,Thursday,7,26.7,85.8,0,33.5,36.0
EC002404,BUS_B,Business,7,Saturday,5,28.1,87.6,0,36.5,37.4
EC000744,ENG_A,Engineering,19,Tuesday,1,29.6,73.6,54,60.1,59.2
EC000717,SCI_A,Science,12,Wednesday,1,30.0,69.8,142,103.9,104.3
EC001685,BUS_B,Business,3,Wednesday,2,26.1,87.6,0,36.7,34.7
EC003182,RES_A,Residential,13,Sunday,9,29.1,71.6,117,38.5,38.8
EC007697,SCI_B,Science,3,Saturday,11,24.8,87.4,0,50.2,58.6
EC002052,ENG_A,Engineering,6,Tuesday,10,25.1,86.6,9,32.4,35.5
EC003404,BUS_A,Business,10,Thursday,6,29.0,82.9,109,54.1,56.4
EC004829,SCI_B,Science,21,Saturday,11,27.8,81.9,22,62.5,65.2
EC003670,ENG_A,Engineering,6,Sunday,4,26.3,81.7,13,42.2,44.6
EC000657,SCI_B,Science,15,Saturday,6,30.5,70.7,14,72.1,73.2
EC003720,SCI_A,Science,7,Thursday,2,28.5,83.3,8,67.3,74.7
EC007536,LEC_A,LectureHall,16,Sunday,5,31.0,74.3,61,40.3,44.4
EC005477,RES_A,Residential,20,Thursday,12,29.2,79.9,205,43.6,47.3
EC001067,BUS_B,Business,9,Monday,12,27.0,84.3,102,55.3,54.2
EC000929,BUS_A,Business,20,Wednesday,5,28.5,77.8,0,39.4,38.0
EC007581,SCI_A,Science,13,Friday,6,28.6,78.5,129,96.4,98.1
EC007115,ENG_B,Engineering,12,Friday,10,29.5,73.9,133,55.4,58.9
EC001715,BUS_A,Business,2,Saturday,10,25.9,85.3,0,22.0,21.2
EC000331,LIB_A,Library,11,Thursday,8,28.5,73.3,72,46.4,48.4
EC000368,SCI_A,Science,7,Thursday,6,28.1,80.0,10,67.3,71.2
EC003718,LEC_A,LectureHall,20,Friday,10,28.8,75.4,11,32.7,31.3
EC007524,BUS_A,Business,2,Friday,4,26.0,91.4,0,31.9,33.8
EC005705,BUS_A,Business,18,Saturday,10,29.4,73.0,28,33.4,32.8
EC007087,ENG_A,Engineering,5,Sunday,9,26.5,78.0,22,50.3,45.1
EC004658,ADM_A,Administration,3,Saturday,4,25.4,76.5,0,20.0,20.0
EC005479,SPT_A,Sports,20,Saturday,3,28.3,79.6,176,57.6,64.1
EC001739,ENG_B,Engineering,0,Tuesday,11,26.0,83.2,0,32.4,36.7
EC003396,LIB_A,Library,0,Thursday,5,28.3,79.3,0,36.2,36.1
EC001454,SPT_A,Sports,13,Sunday,12,28.9,72.7,184,53.3,59.5
EC007574,SPT_A,Sports,22,Wednesday,5,30.5,79.7,60,54.9,59.9
EC000611,RES_A,Residential,14,Tuesday,3,31.9,76.5,126,50.1,54.0
EC002625,LIB_A,Library,1,Friday,6,27.2,80.2,27,36.5,31.7
EC001371,LEC_A,LectureHall,1,Wednesday,3,27.6,82.6,0,32.8,30.9
EC003522,ENG_A,Engineering,23,Friday,8,26.9,78.5,20,46.4,42.0
EC000264,ENG_B,Engineering,12,Tuesday,8,29.4,77.8,150,57.2,64.7
EC005374,SCI_B,Science,7,Sunday,5,27.8,80.8,0,67.3,68.8
EC004393,RES_A,Residential,12,Friday,8,29.4,78.8,107,36.6,41.4
EC004751,SPT_A,Sports,19,Sunday,7,24.6,96.6,185,54.9,55.3
EC005444,SCI_A,Science,20,Saturday,1,30.4,68.4,21,66.4,72.8
EC006547,RES_B,Residential,21,Saturday,1,27.5,74.9,260,53.9,56.8
EC005926,LIB_A,Library,23,Saturday,8,27.2,84.6,46,33.2,36.1
EC000555,ENG_B,Engineering,5,Wednesday,7,26.6,86.8,0,35.7,41.3
EC003241,RES_A,Residential,19,Monday,1,31.2,74.6,150,43.0,52.0
EC005789,LEC_A,LectureHall,22,Monday,2,28.3,79.4,30,37.0,36.6
EC000532,ENG_A,Engineering,2,Tuesday,2,25.0,89.2,7,39.5,39.1
EC001623,ENG_B,Engineering,21,Sunday,12,27.7,78.4,19,40.4,40.6
EC002071,ENG_A,Engineering,12,Monday,7,29.7,,173,74.4,81.0
EC000857,SCI_B,Science,14,Thursday,6,30.8,68.9,123,106.8,103.2
EC003057,SCI_B,Science,15,Saturday,10,29.0,80.7,23,65.8,69.3
EC000919,SPT_A,Sports,3,Sunday,6,26.3,86.8,15,39.2,37.9
EC006239,ENG_A,Engineering,11,Monday,9,29.7,71.8,155,70.7,71.5
EC000850,SCI_A,Science,7,Wednesday,5,28.3,74.1,10,62.4,73.4
EC004323,ENG_A,Engineering,8,Monday,5,28.7,82.9,85,64.9,60.2
EC004037,LIB_A,Library,14,Monday,6,31.8,72.7,173,49.4,62.4
EC002110,ENG_B,Engineering,20,Thursday,2,28.3,74.3,33,54.9,49.7
EC004828,SCI_A,Science,2,Sunday,6,26.7,81.9,0,63.7,71.5
EC006244,SCI_B,Science,14,Sunday,6,30.2,74.6,28,71.5,79.4
EC004474,SCI_B,Science,3,Saturday,10,26.2,78.1,8,69.8,60.4
EC005837,SCI_A,Science,19,Saturday,7,29.9,75.8,10,72.4,81.5
EC001483,BUS_B,Business,16,Monday,2,30.4,70.2,132,66.0,69.5
EC007769,RES_B,Residential,6,Wednesday,8,23.9,99.4,182,44.1,45.5
EC001342,LEC_A,LectureHall,23,Saturday,4,26.9,82.5,2,23.5,21.1
EC007642,LIB_A,Library,10,Tuesday,9,27.7,72.0,58,36.5,33.4
EC001795,ENG_A,Engineering,6,Wednesday,3,27.2,85.7,0,44.0,43.9
EC001008,BUS_A,Business,1,Sunday,8,27.4,82.5,0,27.0,27.3
EC001118,RES_B,Residential,22,Tuesday,10,26.3,80.4,246,,51.6
EC003098,SCI_B,Science,23,Friday,9,27.1,83.3,22,62.0,68.1
EC000730,SCI_A,Science,17,Wednesday,6,31.1,73.4,68,93.5,93.6
EC004305,ENG_B,Engineering,16,Friday,2,29.5,72.9,105,73.0,68.0
EC005570,SCI_A,Science,22,Sunday,5,28.1,81.7,0,73.5,78.2
EC003947,SPT_A,Sports,1,Friday,2,27.7,83.9,21,46.6,48.8
EC005406,SPT_A,Sports,21,Wednesday,3,28.5,81.7,117,56.6,59.1
EC004187,LEC_A,LectureHall,7,Thursday,9,27.3,72.7,0,24.8,25.5
EC003245,RES_A,Residential,1,Tuesday,3,25.3,81.2,109,,41.6
EC003548,RES_A,Residential,7,Thursday,8,26.8,80.1,185,45.4,50.4
EC005867,ENG_B,Engineering,20,Wednesday,3,29.0,74.3,13,44.0,48.0
EC006052,LIB_A,Library,17,Monday,7,29.7,74.3,201,58.1,57.7
EC000812,ENG_A,Engineering,13,Saturday,12,30.3,69.3,53,67.3,62.7
EC005785,SPT_A,Sports,13,Saturday,1,30.1,87.7,14,55.4,52.0
EC003676,BUS_A,Business,3,Saturday,6,27.3,86.6,21,31.7,34.3
EC000207,SCI_B,Science,23,Monday,6,28.4,86.3,14,74.3,71.8
EC005640,LIB_A,Library,19,Wednesday,7,28.3,66.5,164,51.2,57.4
EC002399,BUS_A,Business,0,Monday,12,24.9,86.1,7,26.6,25.6
EC004449,SCI_A,Science,4,Wednesday,8,26.8,86.2,6,59.9,58.7
EC004464,RES_A,Residential,1,Saturday,2,26.9,85.8,148,46.6,46.3
EC001843,SCI_B,Science,14,Tuesday,10,30.7,73.9,117,74.2,88.0
EC002132,LIB_A,Library,22,Saturday,10,28.8,79.5,44,32.6,34.9
EC007547,ENG_A,Engineering,19,Tuesday,3,27.9,75.8,38,52.3,50.4
EC006451,ENG_A,Engineering,9,Monday,4,28.1,77.8,182,41.3,65.1
EC007573,ENG_B,Engineering,18,Monday,3,29.4,73.2,72,53.3,59.4
EC006359,SPT_A,Sports,8,Friday,8,28.4,83.3,126,51.2,60.5
EC006884,SPT_A,Sports,23,Monday,4,28.2,82.7,14,41.1,37.2
EC003176,BUS_A,Business,2,Wednesday,9,26.0,80.3,5,22.1,25.2
EC001283,BUS_A,Business,23,Saturday,8,28.0,78.7,0,24.4,29.0
EC006434,SPT_A,Sports,21,Tuesday,4,30.6,72.4,118,59.1,63.9
EC004373,LEC_A,LectureHall,2,Saturday,1,24.4,83.0,15,19.1,19.6
EC002395,SPT_A,Sports,2,Tuesday,11,25.9,85.7,7,36.0,28.8
EC002472,RES_A,Residential,8,Saturday,10,27.6,82.1,214,44.1,46.9
EC001208,SCI_B,Science,12,Thursday,6,30.9,72.4,134,96.9,92.4
EC003549,RES_A,Residential,4,Sunday,4,27.1,74.1,166,51.3,48.3
EC006871,LIB_A,Library,12,Sunday,6,29.5,82.7,61,41.1,39.5
EC003090,BUS_A,Business,14,Monday,10,30.9,74.0,139,63.6,63.9
EC007433,RES_A,Residential,8,Friday,10,28.6,81.2,174,41.2,46.6
EC002577,ADM_A,Administration,18,Saturday,11,29.4,78.5,20,24.4,29.3
EC000096,SCI_B,Science,3,Friday,7,27.3,78.4,14,62.6,70.5
EC001808,BUS_B,Business,13,Monday,1,29.0,67.6,182,68.1,65.6
EC005178,BUS_A,Business,3,Sunday,12,25.2,87.2,6,25.6,25.0
EC004743,ENG_A,Engineering,12,Sunday,4,31.5,70.8,37,53.7,59.8
EC005260,ENG_B,Engineering,20,Tuesday,1,27.4,78.1,0,37.5,39.0
EC003953,RES_A,Residential,10,Friday,6,29.0,80.5,159,43.6,45.2
EC007389,ENG_A,Engineering,0,Monday,3,26.7,76.0,14,42.6,45.2
EC000137,RES_A,Residential,8,Sunday,2,27.7,84.3,185,45.4,41.5
EC005431,BUS_A,Business,4,Monday,4,27.1,72.9,0,10.6,20.7
EC004005,ENG_A,Engineering,4,Friday,3,24.6,83.7,16,34.8,34.7
EC002489,LEC_A,LectureHall,4,Friday,4,25.8,83.8,0,22.1,27.4
EC004778,LIB_A,Library,15,Monday,8,30.8,71.8,196,65.6,59.7
EC001011,LEC_A,LectureHall,12,Thursday,3,29.4,73.6,237,81.9,79.6
EC004784,LIB_A,Library,14,Sunday,5,30.3,79.1,215,56.6,67.3
EC004919,ENG_A,Engineering,4,Sunday,12,25.9,81.3,1,63.6,42.4
EC000936,BUS_B,Business,21,Wednesday,2,29.2,70.0,6,43.8,47.8
EC000130,BUS_B,Business,8,Friday,8,27.4,85.2,44,42.1,39.6
EC005495,RES_B,Residential,1,Sunday,7,27.3,81.9,121,37.0,38.4
EC007590,ENG_B,Engineering,15,Saturday,5,29.6,74.5,64,60.2,52.6
EC000327,ADM_A,Administration,6,Sunday,4,26.4,90.1,11,25.0,22.9
EC003212,SCI_A,Science,15,Saturday,6,31.0,66.3,30,93.6,86.2
EC003868,SCI_A,Science,15,Tuesday,3,31.3,64.5,103,92.4,101.1
EC004998,ENG_A,Engineering,7,Wednesday,1,27.2,79.8,5,51.2,47.9
EC005709,RES_A,Residential,13,Saturday,11,29.4,72.3,139,37.5,43.2
EC005137,ENG_B,Engineering,3,Thursday,5,26.6,83.8,0,30.2,36.4
EC004339,SPT_A,Sports,11,Friday,2,28.4,,27,38.3,44.7
EC001579,RES_B,Residential,8,Tuesday,1,25.8,88.2,175,38.6,37.2
EC003213,RES_A,Residential,21,Friday,12,23.7,95.8,260,47.1,52.5
EC005268,SCI_B,Science,13,Wednesday,11,29.3,75.7,113,87.1,90.5
EC000460,SPT_A,Sports,22,Thursday,10,28.2,74.5,33,42.5,48.9
EC006584,LEC_A,LectureHall,21,Saturday,4,28.7,76.2,0,30.8,31.6
EC005902,BUS_B,Business,11,Tuesday,7,29.5,76.0,165,67.5,65.4
EC007556,SPT_A,Sports,10,Tuesday,9,29.2,73.2,44,48.7,40.7
EC007754,ADM_A,Administration,19,Friday,8,29.3,71.0,2,24.4,29.8
EC005112,LIB_A,Library,6,Friday,5,27.9,73.8,1,26.0,28.7
EC004650,ENG_A,Engineering,11,Tuesday,7,29.6,74.4,140,92.2,81.2
EC000434,RES_B,Residential,0,Monday,2,26.0,82.5,105,40.5,47.4
EC005542,ENG_B,Engineering,3,Tuesday,12,24.7,87.7,14,33.2,35.7
EC007719,SCI_A,Science,16,Monday,12,30.6,70.6,93,102.2,99.4
EC002558,RES_A,Residential,8,Saturday,11,27.4,81.0,189,48.0,51.8
EC002313,RES_A,Residential,15,Thursday,8,28.9,75.9,144,41.1,44.6
EC001782,SPT_A,Sports,1,Monday,12,27.1,79.2,13,37.3,37.7
EC005817,RES_B,Residential,4,Friday,5,26.1,79.4,190,40.9,46.8
EC003521,RES_B,Residential,12,Sunday,9,30.6,78.8,104,35.8,40.3
EC007498,BUS_B,Business,21,Wednesday,3,29.4,70.2,24,49.9,48.1
EC005681,LIB_A,Library,18,Tuesday,9,30.2,71.9,206,65.6,62.3
EC006458,LEC_A,LectureHall,14,Tuesday,1,31.0,71.7,207,71.8,67.9
EC001429,SCI_B,Science,12,Tuesday,5,30.4,82.7,110,88.4,94.7
EC006444,RES_A,Residential,14,Wednesday,2,30.2,78.6,83,48.7,41.7
EC002302,RES_B,Residential,11,Tuesday,8,28.1,80.7,126,39.6,37.1
EC004367,BUS_B,Business,16,Friday,10,30.0,70.7,134,65.1,62.7
EC005944,SCI_B,Science,14,Saturday,7,30.0,73.4,,80.8,77.5
EC007651,ENG_B,Engineering,7,Thursday,12,25.3,87.0,151,24.9,42.6
EC003409,SPT_A,Sports,12,Saturday,4,30.3,78.7,231,62.3,71.3
EC005370,LIB_A,Library,14,Thursday,4,30.3,69.4,165,52.8,62.1
EC001411,RES_B,Residential,1,Tuesday,5,28.4,75.0,133,56.8,49.2
EC002458,SPT_A,Sports,8,Tuesday,5,29.5,75.7,106,57.9,56.0
EC006882,SCI_B,Science,1,Saturday,5,26.9,84.3,0,65.1,62.1
EC005730,BUS_B,Business,22,Thursday,11,26.4,83.4,22,34.8,40.2
EC005663,LIB_A,Library,16,Saturday,4,32.2,70.9,268,67.5,75.3
EC006363,LEC_A,LectureHall,14,Saturday,6,30.8,71.1,232,79.2,78.8
EC001396,LIB_A,Library,20,Saturday,7,28.7,75.0,142,54.6,55.2
EC007241,BUS_B,Business,6,Thursday,11,25.2,85.8,26,39.4,40.5
EC001231,ENG_A,Engineering,15,Thursday,12,29.3,68.7,164,86.0,74.1
EC006699,SCI_A,Science,3,Friday,1,25.1,80.6,0,50.7,58.7
EC005197,BUS_B,Business,1,Thursday,6,27.9,76.6,0,16.1,38.5
EC007568,BUS_B,Business,12,Monday,10,28.7,76.4,174,60.8,66.2
EC001707,BUS_A,Business,3,Tuesday,4,25.3,82.4,25,35.5,35.1
EC005213,ENG_B,Engineering,7,Tuesday,12,26.5,74.3,,37.9,53.2
EC006624,SCI_B,Science,18,Friday,1,28.4,84.9,44,65.0,77.7
EC007875,ENG_B,Engineering,15,Friday,4,30.2,75.8,129,63.1,68.5
EC005541,ENG_B,Engineering,20,Sunday,2,29.5,69.5,0,47.0,42.5
EC000762,SCI_B,Science,22,Friday,11,28.4,70.1,5,71.4,64.0
EC000134,ENG_A,Engineering,6,Thursday,6,26.5,77.5,9,40.7,47.4
EC000133,ADM_A,Administration,0,Friday,8,26.2,80.7,0,23.9,23.3
EC004564,LEC_A,LectureHall,12,Thursday,7,30.2,72.0,190,83.1,79.5
EC004215,RES_A,Residential,8,Saturday,8,27.7,83.0,232,48.2,49.2
EC006135,SPT_A,Sports,11,Sunday,6,29.0,74.9,9,44.9,43.2
EC007057,ENG_A,Engineering,15,Wednesday,7,31.4,73.8,179,70.1,79.9
EC002968,ADM_A,Administration,17,Friday,10,29.4,75.8,,32.6,37.7
EC002091,SCI_B,Science,15,Tuesday,11,29.2,73.3,92,71.7,80.9
EC007323,SPT_A,Sports,8,Sunday,11,25.2,78.1,112,43.0,45.7
EC007266,RES_A,Residential,16,Tuesday,4,29.6,68.7,135,45.7,46.0
EC004220,BUS_A,Business,7,Wednesday,12,26.6,79.2,0,26.3,28.4
EC000903,BUS_A,Business,11,Monday,1,30.8,76.4,119,53.5,58.8
EC005723,ENG_A,Engineering,18,Wednesday,6,29.4,69.3,92,62.1,70.9
EC002956,RES_B,Residential,17,Saturday,3,31.4,77.1,94,47.6,47.6
EC003712,SCI_A,Science,4,Friday,4,28.1,83.0,13,61.2,69.9
EC003184,RES_A,Residential,6,Saturday,8,26.5,79.4,210,43.0,50.9
EC005872,BUS_B,Business,15,Wednesday,5,31.6,69.1,144,66.6,74.7
EC002267,LIB_A,Library,12,Thursday,6,31.0,72.5,143,58.4,63.1
EC006602,SCI_A,Science,6,Sunday,12,25.8,84.2,5,57.7,63.4
EC003425,ENG_B,Engineering,11,Tuesday,6,28.5,70.1,130,72.0,61.1
EC001612,BUS_B,Business,1,Monday,12,25.0,89.4,5,39.3,35.4
EC002070,BUS_B,Business,11,Wednesday,6,29.8,78.1,226,82.3,79.5
EC005045,ADM_A,Administration,8,Tuesday,11,27.0,79.1,43,30.9,28.4
EC006277,SCI_A,Science,17,Thursday,6,31.4,74.0,68,99.8,106.2
EC000082,LEC_A,LectureHall,13,Thursday,3,30.4,73.3,210,84.6,84.2
EC004553,SPT_A,Sports,15,Tuesday,11,34.8,78.2,189,75.4,77.6
EC004622,ENG_B,Engineering,5,Monday,5,27.4,83.5,19,39.4,42.2
EC005661,LIB_A,Library,21,Friday,7,27.8,,66,40.7,41.1
EC000005,SCI_A,Science,6,Thursday,6,23.9,98.2,5,50.9,58.2
EC006706,BUS_B,Business,18,Sunday,4,29.9,75.0,17,44.9,46.4
EC007734,RES_A,Residential,4,Thursday,3,26.3,75.7,167,60.0,51.8
EC007227,ENG_A,Engineering,8,Friday,10,,74.3,150,36.4,55.2
EC007824,ENG_B,Engineering,10,Friday,10,27.6,85.7,124,57.6,55.4
EC003385,RES_B,Residential,19,Monday,12,29.1,72.5,137,38.6,47.8
EC002741,BUS_A,Business,7,Thursday,3,26.7,80.9,25,37.3,40.4
EC005418,LEC_A,LectureHall,18,Thursday,5,29.9,73.8,108,,58.2
EC000614,SPT_A,Sports,21,Monday,3,29.9,66.0,104,65.1,63.6
EC002508,LEC_A,LectureHall,3,Thursday,5,25.7,87.2,21,30.8,33.3
EC003781,SPT_A,Sports,4,Saturday,10,25.6,76.4,6,31.7,31.2
EC003863,LEC_A,LectureHall,4,Saturday,12,25.4,86.0,2,19.0,21.8
EC000889,RES_A,Residential,14,Monday,5,32.0,70.3,76,46.4,48.0
EC007437,ADM_A,Administration,12,Tuesday,4,31.2,76.2,99,41.3,52.1
EC007066,BUS_A,Business,12,Tuesday,11,29.5,74.6,132,58.6,57.2
EC001913,RES_B,Residential,3,Sunday,11,25.7,82.0,193,44.5,50.0
EC006329,SPT_A,Sports,10,Friday,6,28.4,78.5,25,39.4,45.6
EC007588,LIB_A,Library,4,Saturday,1,25.5,79.4,22,29.3,28.3
EC007999,SCI_B,Science,23,Friday,11,26.3,83.4,0,59.6,56.9
EC001357,BUS_B,Business,10,Sunday,9,,79.7,19,39.3,39.5
EC004432,BUS_B,Business,8,Friday,6,28.2,82.1,82,50.3,47.0
EC006091,ENG_B,Engineering,23,Monday,9,27.5,80.6,0,,36.6
EC001142,SCI_B,Science,3,Thursday,9,26.4,80.0,0,51.0,57.9
EC000009,LEC_A,LectureHall,13,Wednesday,5,30.6,,242,86.7,89.2
EC001037,SCI_B,Science,23,Thursday,3,26.2,88.9,0,63.2,61.5
EC006742,LIB_A,Library,22,Sunday,1,28.6,83.8,53,41.1,47.1
EC002579,RES_B,Residential,0,Monday,3,26.5,80.2,112,40.0,41.0
EC000621,ENG_A,Engineering,5,Friday,1,27.3,81.6,2,46.4,40.0
EC002281,ENG_A,Engineering,7,Thursday,6,27.4,72.1,4,38.7,44.0
EC002907,BUS_A,Business,13,Sunday,11,30.8,69.2,38,39.4,40.7
EC002589,BUS_B,Business,18,Thursday,4,30.3,71.9,63,58.5,53.7
EC001151,LEC_A,LectureHall,4,Thursday,10,26.0,79.8,11,23.3,23.6
EC001659,BUS_A,Business,16,Thursday,5,35.0,82.5,145,64.8,72.9
EC002773,RES_B,Residential,8,Monday,1,27.2,78.1,166,39.6,39.3
EC007034,SCI_A,Science,4,Sunday,1,26.0,80.8,0,62.2,61.4
EC001158,RES_A,Residential,9,Friday,12,27.0,85.7,195,45.7,46.2
EC003890,SCI_A,Science,6,Thursday,10,26.8,76.9,0,78.1,69.6
EC000226,SCI_B,Science,15,Tuesday,3,31.8,72.7,101,89.8,92.8
EC006559,ENG_A,Engineering,15,Friday,12,29.5,74.3,187,83.7,81.8
EC006804,SCI_A,Science,19,Sunday,3,29.2,82.3,30,77.2,78.0
EC002677,SCI_A,Science,14,Wednesday,10,34.9,82.2,132,105.8,114.6
EC004700,LEC_A,LectureHall,7,Thursday,5,27.3,85.6,21,30.5,36.2
EC006612,BUS_B,Business,13,Monday,5,30.8,71.4,170,77.8,73.4
EC004646,LEC_A,LectureHall,11,Friday,2,29.2,80.2,157,65.2,63.9
EC003016,RES_A,Residential,8,Friday,3,28.6,78.8,212,51.9,52.2
EC003963,BUS_B,Business,11,Friday,8,29.7,70.8,128,68.3,69.7
EC002414,RES_B,Residential,13,Friday,12,28.6,78.6,99,36.6,42.1
EC001260,SCI_A,Science,8,Sunday,7,27.8,72.9,14,59.6,74.7
EC005154,BUS_A,Business,16,Sunday,11,31.2,72.6,25,44.4,42.2
EC000480,ADM_A,Administration,11,Saturday,12,29.5,79.2,22,29.2,29.6
EC006542,SCI_B,Science,16,Wednesday,6,31.3,72.6,75,92.6,92.7
EC005430,BUS_B,Business,19,Friday,9,28.9,74.7,1,36.5,41.8
EC001203,ADM_A,Administration,1,Monday,5,28.3,75.4,0,26.3,29.2
EC006453,ENG_A,Engineering,15,Monday,7,29.6,74.8,176,88.8,87.1
EC000868,SCI_A,Science,12,Saturday,4,28.9,80.4,35,75.3,80.5
EC004812,RES_A,Residential,5,Thursday,3,28.8,79.4,253,62.9,57.3
EC003647,ADM_A,Administration,3,Thursday,8,27.5,84.7,0,26.2,23.2
EC007110,ENG_A,Engineering,10,Saturday,3,29.2,72.8,32,55.3,60.0
EC007276,SCI_B,Science,6,Monday,9,26.3,85.0,0,48.2,56.7
EC002563,RES_A,Residential,3,Friday,4,26.4,78.7,184,49.2,48.4
EC001634,RES_B,Residential,14,Monday,3,30.6,76.2,102,39.9,46.4
EC001022,RES_A,Residential,0,Friday,9,27.6,82.4,139,47.4,48.5
EC000172,ENG_B,Engineering,0,Monday,12,26.2,90.6,17,36.4,40.2
EC002431,SCI_B,Science,17,Monday,1,30.0,75.4,156,100.0,98.7
EC005865,SCI_A,Science,5,Friday,3,25.1,83.6,0,56.5,60.7
EC006243,SPT_A,Sports,20,Thursday,1,27.3,79.7,151,63.9,66.9
EC001942,RES_B,Residential,4,Saturday,7,27.5,81.6,,37.9,45.0
EC002951,LEC_A,LectureHall,9,Wednesday,10,27.5,78.4,80,34.2,39.5
EC002224,BUS_A,Business,0,Sunday,7,26.6,89.9,0,27.7,28.2
EC003618,LIB_A,Library,2,Saturday,10,25.0,84.9,28,30.3,30.3
EC002234,LEC_A,LectureHall,23,Sunday,11,27.4,83.2,0,20.4,20.2
EC000071,ENG_B,Engineering,1,Wednesday,8,25.6,77.5,37,40.4,35.4
EC004547,BUS_B,Business,16,Monday,4,30.8,75.2,105,58.0,62.4
EC004672,BUS_B,Business,15,Saturday,9,30.7,69.3,24,41.0,42.5
EC004028,SPT_A,Sports,12,Sunday,4,29.5,77.6,57,51.0,51.8
EC006978,ENG_B,Engineering,8,Friday,9,23.6,96.5,27,27.5,34.8
EC000951,SCI_A,Science,12,Saturday,9,28.6,85.2,18,61.8,77.2
EC005083,BUS_A,Business,9,Wednesday,2,28.5,81.7,89,42.8,44.2
EC007012,ENG_A,Engineering,12,Sunday,1,29.0,81.1,28,57.2,61.0
EC001374,BUS_A,Business,16,Friday,9,30.2,71.6,93,50.2,53.5
EC007670,BUS_B,Business,9,Tuesday,10,26.3,77.7,177,24.8,51.0
EC006949,ENG_B,Engineering,16,Tuesday,7,30.5,73.8,104,61.2,70.8
EC000916,ENG_B,Engineering,1,Sunday,5,27.3,78.6,13,43.6,45.0
EC005622,ENG_A,Engineering,21,Friday,1,28.9,76.1,23,56.4,56.0
EC003473,LIB_A,Library,0,Thursday,4,27.1,81.8,8,40.3,34.6
EC001820,SCI_A,Science,22,Sunday,12,29.1,79.4,0,63.9,73.5
EC004608,SCI_A,Science,15,Sunday,12,30.6,80.0,49,108.2,91.5
EC002827,ADM_A,Administration,13,Monday,6,30.8,65.6,112,47.0,44.8
EC005850,BUS_B,Business,19,Friday,6,30.4,66.6,0,46.9,48.5
EC000042,RES_B,Residential,15,Tuesday,8,30.9,69.6,79,39.6,40.6
EC003704,BUS_A,Business,22,Friday,4,26.7,79.2,7,32.1,38.7
EC007868,ADM_A,Administration,1,Wednesday,2,27.6,77.1,6,25.8,25.8
EC006661,ENG_B,Engineering,20,Wednesday,3,28.9,83.5,29,43.9,51.9
EC001990,SCI_B,Science,0,Monday,8,26.4,85.5,12,53.3,62.3
EC002559,SCI_A,Science,11,Wednesday,5,30.4,70.6,107,91.2,96.8
EC006703,ADM_A,Administration,15,Saturday,2,30.9,71.9,30,26.3,29.1
EC003927,RES_A,Residential,9,Friday,12,27.4,72.9,144,39.5,42.9
EC002058,ENG_A,Engineering,7,Sunday,4,,,15,50.9,46.7
EC007738,RES_B,Residential,22,Friday,3,27.6,81.3,226,59.0,53.1
EC006788,SCI_B,Science,1,Sunday,6,28.0,70.9,0,66.5,63.3
EC005496,ENG_B,Engineering,2,Sunday,3,26.7,73.1,1,67.6,49.9
EC000479,ENG_A,Engineering,14,Monday,6,30.5,71.3,210,88.8,89.3
EC006289,BUS_B,Business,9,Sunday,6,27.8,71.5,0,33.5,35.4
EC002749,SCI_B,Science,13,Wednesday,5,34.1,89.3,153,115.2,111.5
EC002989,RES_A,Residential,17,Wednesday,12,28.6,85.0,140,48.8,44.9
EC007677,ADM_A,Administration,3,Friday,2,25.7,75.2,0,21.1,24.4
EC001501,SCI_A,Science,7,Friday,6,26.8,79.6,0,64.5,61.9
EC004738,LEC_A,LectureHall,17,Friday,10,29.9,73.1,134,63.4,68.4
EC005999,ENG_A,Engineering,12,Monday,1,29.3,76.8,209,82.7,78.1
EC002367,BUS_B,Business,19,Wednesday,11,29.9,72.7,0,39.4,48.8
EC003477,SPT_A,Sports,23,Thursday,10,27.5,78.6,1,38.7,35.3
EC005031,SPT_A,Sports,9,Thursday,2,28.3,78.2,71,47.3,50.9
EC003508,LEC_A,LectureHall,10,Monday,8,30.0,79.3,,45.1,50.8
EC004094,SCI_A,Science,8,Tuesday,9,26.8,76.6,37,68.1,73.7
EC002125,ADM_A,Administration,20,Thursday,8,28.7,77.3,0,26.7,29.9
EC006944,RES_B,Residential,6,Sunday,6,28.6,75.5,173,51.4,51.8
EC000932,LEC_A,LectureHall,13,Thursday,4,30.6,70.7,236,94.2,86.3
EC003201,BUS_A,Business,4,Monday,6,26.7,78.9,18,28.2,35.2
EC003683,LIB_A,Library,16,Saturday,8,28.3,79.5,218,50.3,50.5
EC002438,LIB_A,Library,16,Saturday,12,29.2,75.1,216,61.6,57.9
EC000588,SCI_A,Science,12,Thursday,5,29.0,81.3,122,100.3,95.2
EC007145,SPT_A,Sports,21,Monday,9,28.2,80.7,75,52.2,47.3
EC003818,SCI_A,Science,8,Sunday,10,27.2,,32,79.1,71.5
EC005551,SPT_A,Sports,11,Saturday,4,28.9,78.8,6,46.0,43.4
EC006437,SCI_A,Science,7,Thursday,3,27.4,81.2,94,43.6,78.9
EC001866,SPT_A,Sports,22,Friday,12,27.1,74.9,43,70.3,53.7
EC004918,LIB_A,Library,13,Wednesday,9,29.6,75.1,137,60.0,49.7
EC006895,LEC_A,LectureHall,15,Tuesday,11,30.0,80.4,178,79.0,69.4
EC003310,RES_A,Residential,10,Thursday,3,30.0,79.0,158,46.7,49.7
EC001113,ENG_A,Engineering,12,Friday,12,29.7,79.8,201,85.8,89.8
EC000875,ENG_B,Engineering,16,Thursday,9,30.5,68.6,126,52.9,64.8
EC006958,LEC_A,LectureHall,10,Wednesday,12,28.5,81.8,145,52.3,61.6
EC002050,LEC_A,LectureHall,8,Tuesday,2,27.1,77.0,64,34.5,42.3
EC001047,SPT_A,Sports,7,Monday,9,26.3,86.5,145,59.9,56.0
EC007139,SCI_A,Science,8,Friday,1,28.0,77.7,42,83.9,84.2
EC004001,SCI_A,Science,21,Thursday,5,29.3,73.5,29,94.5,85.1
EC005864,ENG_A,Engineering,19,Sunday,7,27.5,77.8,8,38.4,42.1
EC001003,ENG_A,Engineering,13,Tuesday,7,28.8,81.3,182,86.3,83.1
EC005982,RES_A,Residential,5,Wednesday,10,25.7,80.9,210,42.5,47.4
EC000396,ENG_B,Engineering,11,Tuesday,5,31.0,77.8,154,86.0,83.1
EC007828,ENG_A,Engineering,0,Friday,6,27.7,79.2,0,50.4,45.7
EC001758,SCI_A,Science,21,Thursday,2,27.8,78.3,28,69.5,79.8
EC003171,RES_B,Residential,10,Wednesday,12,28.2,71.4,120,36.0,36.8
EC004082,SPT_A,Sports,10,Monday,5,29.4,79.2,11,44.4,48.1
EC001439,ENG_A,Engineering,19,Thursday,4,30.4,71.5,27,55.7,59.3
EC003242,SPT_A,Sports,16,Saturday,2,,74.1,95,50.8,54.7
EC000719,ADM_A,Administration,23,Sunday,3,26.9,82.5,4,23.0,21.7
EC005631,ENG_B,Engineering,19,Friday,9,29.8,74.9,9,52.8,46.4
EC003733,ENG_B,Engineering,20,Thursday,2,27.9,70.1,21,47.0,43.1
EC007516,SCI_B,Science,6,Wednesday,10,27.4,82.3,17,58.0,62.3
EC003700,ENG_B,Engineering,18,Saturday,10,27.6,77.1,27,40.2,39.9
EC003449,SCI_B,Science,20,Friday,9,28.7,72.9,26,75.0,71.2
EC001247,ENG_B,Engineering,8,Saturday,1,26.5,86.2,28,44.6,42.4
EC004513,ENG_B,Engineering,7,Sunday,9,27.4,80.8,28,42.4,46.3
EC004498,SCI_B,Science,17,Sunday,6,30.6,69.6,5,61.9,72.1
EC007609,ENG_A,Engineering,5,Thursday,8,25.8,85.1,16,43.0,42.2
EC001904,LIB_A,Library,1,Friday,10,27.4,76.9,3,27.3,27.4
EC006406,LEC_A,LectureHall,21,Friday,4,28.9,70.6,0,25.4,29.2
EC003369,LIB_A,Library,0,Thursday,7,28.0,80.8,0,35.0,34.8
EC002699,RES_A,Residential,18,Thursday,8,29.0,73.0,122,46.1,40.1
EC007270,BUS_A,Business,8,Monday,10,27.8,80.2,75,42.2,43.6
EC000032,SCI_B,Science,18,Monday,1,28.3,78.3,44,72.6,75.2
EC004296,RES_A,Residential,18,Saturday,12,31.2,,232,52.2,58.4
EC003903,SCI_B,Science,5,Saturday,10,25.1,88.5,0,55.0,53.9
EC002366,ENG_B,Engineering,0,Friday,5,26.7,82.8,7,33.8,43.2
EC000595,SCI_B,Science,2,Friday,11,26.0,79.4,0,53.1,53.7
EC004329,RES_B,Residential,0,Sunday,1,26.5,77.7,92,40.7,43.2
EC006238,ADM_A,Administration,23,Saturday,7,26.8,87.6,0,20.7,22.5
EC005877,LEC_A,LectureHall,23,Saturday,5,27.4,83.7,20,26.6,27.4
EC001053,ENG_A,Engineering,13,Friday,9,30.4,72.3,177,77.5,79.1
EC005486,SCI_A,Science,3,Thursday,12,25.8,86.2,5,63.0,62.0
EC005183,ENG_B,Engineering,21,Saturday,3,29.2,79.3,24,41.3,49.2
EC003188,BUS_A,Business,21,Tuesday,7,29.5,75.1,9,37.5,44.2
EC002815,LEC_A,LectureHall,9,Sunday,2,27.1,74.1,48,31.6,35.3
EC007727,BUS_B,Business,1,Tuesday,11,25.5,74.7,34,40.7,39.0
EC007716,ENG_A,Engineering,0,Friday,7,28.4,79.0,0,41.0,43.1
EC000536,LEC_A,LectureHall,14,Sunday,11,29.6,83.3,33,35.8,34.1
EC007530,RES_B,Residential,13,Thursday,5,31.9,66.4,118,45.9,50.6
EC003563,RES_B,Residential,18,Saturday,3,30.0,72.4,193,40.6,45.3
EC000448,BUS_A,Business,1,Wednesday,9,26.5,83.3,0,30.3,34.3
EC004674,RES_A,Residential,1,Tuesday,6,,78.4,103,43.9,42.1
EC007231,BUS_B,Business,1,Friday,11,26.0,78.3,15,38.3,38.1
EC003193,RES_A,Residential,22,Monday,7,28.1,79.2,246,64.3,60.7
EC007355,RES_B,Residential,6,Monday,12,25.7,84.2,190,54.1,49.5
EC007538,SCI_B,Science,0,Tuesday,9,,81.0,3,61.8,64.8
EC003823,LIB_A,Library,7,Sunday,1,26.7,83.0,0,31.2,29.2
EC002173,ENG_A,Engineering,2,Thursday,5,26.2,80.8,5,67.6,52.2
EC000610,ADM_A,Administration,11,Thursday,11,27.9,78.4,90,36.5,37.1
EC000404,BUS_B,Business,19,Sunday,12,28.4,67.6,0,35.6,33.3
EC001550,BUS_B,Business,15,Wednesday,9,29.5,77.7,184,71.8,70.6
EC003582,ENG_A,Engineering,7,Monday,11,26.8,85.0,5,44.7,44.0
EC007966,LEC_A,LectureHall,21,Monday,9,28.5,76.6,1,31.6,26.1
EC007996,ENG_B,Engineering,10,Friday,4,29.7,71.3,108,66.8,62.1
EC004814,LEC_A,LectureHall,4,Saturday,2,26.5,85.8,0,8.7,17.7
EC001749,RES_A,Residential,20,Thursday,6,30.2,85.0,204,54.5,51.3
EC004960,SCI_B,Science,0,Monday,11,26.0,80.8,8,53.2,57.9
EC003429,ENG_A,Engineering,14,Monday,3,30.3,78.3,203,90.2,90.2
EC002599,LIB_A,Library,17,Tuesday,10,30.4,75.7,206,57.1,58.3
EC006660,LEC_A,LectureHall,19,Saturday,2,28.6,79.8,263,74.2,81.9
EC003454,ADM_A,Administration,23,Wednesday,3,27.3,81.6,19,29.0,27.7
EC000177,ADM_A,Administration,14,Monday,7,30.1,72.6,109,44.2,47.2
EC007446,ENG_A,Engineering,1,Saturday,10,27.0,86.4,16,45.3,42.8
EC000599,SCI_A,Science,8,Sunday,12,26.5,82.6,32,51.0,60.4
EC001190,LEC_A,LectureHall,22,Friday,8,27.7,78.9,46,25.4,35.4
EC007741,RES_A,Residential,4,Saturday,3,25.9,85.7,175,46.9,50.7
EC001757,SCI_A,Science,9,Sunday,2,27.8,73.5,6,79.5,69.6
EC001301,LIB_A,Library,17,Saturday,12,29.4,72.6,206,56.6,55.9
EC002150,RES_B,Residential,23,Monday,10,26.3,83.7,223,45.9,42.7
EC002004,ENG_B,Engineering,23,Tuesday,4,26.2,77.5,12,41.6,35.9
EC005321,BUS_A,Business,14,Wednesday,6,31.4,67.0,137,60.0,60.8
EC003305,RES_B,Residential,12,Tuesday,11,30.1,72.2,97,31.0,41.8
EC002097,LEC_A,LectureHall,23,Wednesday,7,28.5,73.5,22,75.4,50.7
EC002919,BUS_A,Business,23,Sunday,3,28.0,76.4,9,27.6,33.3
EC007375,LIB_A,Library,21,Monday,11,28.0,86.6,77,42.8,49.4
EC002208,LIB_A,Library,2,Tuesday,8,25.8,82.8,0,21.8,23.9
EC007157,BUS_B,Business,9,Saturday,10,27.9,78.0,6,31.3,31.0
EC003858,ENG_A,Engineering,4,Thursday,7,25.7,87.0,2,39.4,41.9
EC002515,ENG_A,Engineering,17,Sunday,11,30.2,71.9,16,54.1,53.0
EC002695,SCI_B,Science,18,Wednesday,1,29.1,75.9,50,71.3,76.5
EC006734,SPT_A,Sports,21,Wednesday,2,27.8,81.3,91,49.2,53.5
EC004537,RES_B,Residential,0,Monday,5,25.7,85.3,115,44.8,41.6
EC004566,LIB_A,Library,22,Monday,4,28.3,81.7,57,39.4,44.8
EC003002,ENG_B,Engineering,18,Friday,2,28.8,76.2,44,49.6,58.2
EC001673,SCI_A,Science,7,Monday,9,27.5,79.6,0,57.2,65.7
EC000844,SCI_B,Science,21,Sunday,6,29.4,70.7,0,73.7,69.0
EC006806,RES_A,Residential,11,Thursday,6,31.0,,155,51.1,51.7
EC001055,ENG_B,Engineering,8,Wednesday,8,26.6,78.7,86,50.5,57.4
EC004413,RES_A,Residential,21,Saturday,7,27.9,84.7,296,53.1,64.7
EC001091,ENG_B,Engineering,1,Friday,8,25.2,85.5,2,60.9,44.2
EC001278,RES_A,Residential,23,Saturday,12,26.8,81.7,311,60.9,60.1
EC003343,BUS_B,Business,14,Monday,12,29.5,77.7,157,69.7,74.8
EC002286,ADM_A,Administration,18,Friday,10,30.2,75.0,45,42.8,36.4
EC005561,RES_A,Residential,5,Thursday,3,27.4,80.6,239,53.3,56.4
EC002454,BUS_B,Business,19,Monday,2,28.6,84.1,30,49.1,51.0
EC002263,ENG_B,Engineering,7,Saturday,9,26.6,86.7,0,35.9,36.3
EC002045,BUS_B,Business,16,Wednesday,5,32.4,66.0,106,68.2,62.7
EC001097,SCI_A,Science,0,Sunday,3,26.7,80.7,11,54.8,63.5
EC003376,SCI_B,Science,22,Tuesday,7,27.7,79.5,4,66.0,65.2
EC005172,LEC_A,LectureHall,0,Wednesday,8,27.8,72.1,0,29.5,23.8
EC007648,BUS_A,Business,0,Monday,12,26.8,78.3,0,19.6,27.1
EC005301,ENG_B,Engineering,5,Thursday,6,27.2,82.2,0,41.8,43.3
EC002756,LIB_A,Library,5,Sunday,12,26.1,85.0,25,24.2,28.8
EC007007,SPT_A,Sports,15,Monday,8,35.5,88.4,191,81.9,78.0
EC002688,SCI_A,Science,16,Friday,11,29.5,75.0,90,75.0,85.7
EC000408,ENG_A,Engineering,2,Tuesday,3,27.1,78.3,0,42.5,43.9
EC000156,LEC_A,LectureHall,1,Saturday,12,25.6,76.8,0,20.8,21.6
EC007213,SPT_A,Sports,18,Saturday,11,24.8,97.0,145,46.8,51.3
EC001688,BUS_A,Business,18,Wednesday,11,28.8,73.0,79,46.1,45.8
EC000537,ENG_A,Engineering,3,Monday,9,27.8,75.7,0,45.2,43.3
EC001489,SCI_A,Science,11,Thursday,2,31.4,66.9,138,116.1,110.0
EC003778,SPT_A,Sports,20,Saturday,6,30.2,71.0,178,63.4,66.0
EC001370,ENG_A,Engineering,4,Monday,6,26.1,87.5,0,42.6,45.1
EC006983,ENG_B,Engineering,0,Tuesday,2,27.5,71.3,0,40.2,39.4
EC001629,ENG_A,Engineering,3,Saturday,10,24.6,82.2,14,32.5,34.4
EC003172,RES_B,Residential,21,Saturday,8,29.1,73.3,225,46.9,53.0
EC001060,BUS_B,Business,16,Tuesday,2,29.9,70.4,119,58.1,61.2
EC007121,ENG_A,Engineering,3,Sunday,8,26.4,80.4,0,35.6,38.1
EC005603,SCI_A,Science,8,Wednesday,5,29.1,79.7,67,89.3,86.7
EC005513,LIB_A,Library,10,Saturday,11,28.0,75.3,261,50.6,52.8
EC001252,ADM_A,Administration,22,Saturday,12,27.3,84.4,0,21.1,17.3
EC002596,LEC_A,LectureHall,9,Friday,3,28.5,79.2,95,42.3,44.4
EC001794,SCI_A,Science,6,Saturday,4,27.9,73.2,0,67.3,74.5
EC004415,ADM_A,Administration,19,Friday,7,29.6,75.4,0,24.7,28.7
EC004667,LEC_A,LectureHall,17,Tuesday,10,28.7,80.8,110,44.5,51.5
EC001456,ENG_B,Engineering,23,Sunday,4,25.9,78.2,0,34.3,32.1
EC000180,BUS_A,Business,15,Sunday,11,30.6,76.8,33,47.4,39.6
EC001180,ENG_B,Engineering,18,Thursday,1,30.6,75.0,61,56.9,54.2
EC000231,ADM_A,Administration,12,Friday,2,30.0,75.2,100,40.1,42.2
EC001525,BUS_B,Business,0,Sunday,8,27.4,73.8,0,30.9,27.2
EC004242,BUS_A,Business,9,Monday,11,27.4,78.7,91,40.9,42.7
EC001752,ENG_B,Engineering,3,Wednesday,9,26.7,79.5,0,30.6,33.1
EC007181,RES_A,Residential,7,Tuesday,7,26.9,79.0,190,50.3,56.5
EC007307,BUS_B,Business,3,Thursday,4,26.2,87.9,11,41.1,43.5
EC000459,SCI_A,Science,2,Wednesday,2,26.5,83.7,0,56.4,64.6
EC006036,RES_B,Residential,17,Thursday,3,29.5,73.1,87,38.7,43.8
EC001319,SCI_A,Science,17,Friday,3,29.0,81.5,59,71.7,80.8
EC006104,ENG_A,Engineering,21,Friday,3,27.3,74.3,44,52.8,54.7
EC007274,SPT_A,Sports,11,Saturday,5,30.5,79.3,7,41.0,44.8
EC006317,RES_B,Residential,2,Friday,8,26.3,84.1,128,47.3,45.6
EC006403,LIB_A,Library,10,Saturday,12,28.9,83.4,71,41.4,43.7
EC006402,ADM_A,Administration,15,Wednesday,4,30.9,73.5,94,,45.4
EC006118,BUS_A,Business,13,Monday,8,30.0,,145,55.0,57.4
EC007625,ENG_B,Engineering,6,Wednesday,11,25.7,87.2,0,34.7,32.2
EC001968,LIB_A,Library,19,Tuesday,4,30.5,73.7,178,70.3,64.1
EC007293,ENG_B,Engineering,18,Monday,11,29.8,74.2,49,51.0,54.3
EC006999,SCI_B,Science,9,Monday,12,26.9,82.4,11,58.4,63.9
EC005249,RES_A,Residential,6,Friday,1,25.7,89.2,247,51.6,54.7
EC006506,SPT_A,Sports,7,Thursday,10,25.6,82.6,130,51.3,52.3
EC000504,ENG_B,Engineering,20,Monday,12,27.3,76.7,2,35.7,36.0
EC003315,BUS_A,Business,0,Monday,5,27.5,75.5,0,31.1,36.8
EC001415,ENG_B,Engineering,2,Monday,12,24.6,79.2,7,56.5,41.7
EC005829,RES_A,Residential,19,Monday,6,29.5,73.2,161,49.3,53.1
EC007192,SCI_B,Science,17,Wednesday,12,30.1,73.9,50,86.3,83.4
EC000989,BUS_B,Business,17,Wednesday,5,30.6,68.6,67,57.8,64.3
EC001305,RES_A,Residential,21,Wednesday,10,26.7,79.0,301,57.2,55.7
EC001959,SCI_A,Science,23,Friday,3,29.2,77.5,12,82.3,82.1
EC002144,SCI_A,Science,1,Wednesday,7,26.4,89.5,10,63.2,67.4
EC000400,LIB_A,Library,19,Thursday,9,30.7,79.9,149,47.5,53.0
EC007094,LEC_A,LectureHall,7,Tuesday,3,24.6,95.3,27,29.6,30.9
EC001969,LIB_A,Library,12,Wednesday,1,28.9,76.3,162,51.8,52.6
EC005298,BUS_A,Business,19,Thursday,3,28.0,82.2,12,35.0,37.1
EC004741,ENG_B,Engineering,8,Tuesday,2,,69.6,80,49.0,55.4
EC003205,BUS_B,Business,8,Tuesday,10,27.2,79.1,97,49.9,48.7
EC006595,SPT_A,Sports,13,Sunday,3,32.2,75.5,10,49.5,54.9
EC004500,SCI_A,Science,19,Sunday,2,28.7,66.9,10,76.8,70.9
EC000303,BUS_B,Business,4,Thursday,8,25.7,84.2,14,33.1,37.5
EC005762,RES_B,Residential,8,Tuesday,11,26.1,86.6,137,29.6,30.9
EC000575,RES_A,Residential,11,Wednesday,12,29.0,78.4,140,41.1,43.9
EC002170,LEC_A,LectureHall,17,Thursday,10,28.9,79.9,133,56.9,57.2
EC004391,RES_A,Residential,18,Saturday,12,31.0,77.7,148,45.0,47.9
EC004300,BUS_A,Business,8,Tuesday,9,25.7,84.8,79,34.8,38.1
EC002240,SCI_B,Science,16,Sunday,4,30.7,78.1,8,75.7,74.0
EC005642,SPT_A,Sports,18,Tuesday,1,29.8,69.5,157,63.7,64.1
EC007616,BUS_B,Business,23,Sunday,5,26.7,81.9,0,34.4,35.0
EC002598,RES_A,Residential,10,Friday,6,28.0,82.1,166,43.1,44.6
EC006744,SPT_A,Sports,7,Wednesday,6,26.5,82.3,148,52.7,56.8
EC004511,SCI_A,Science,2,Monday,2,26.0,83.9,11,54.3,57.1
EC007595,ENG_B,Engineering,21,Sunday,10,27.3,86.5,2,35.8,36.6
EC000257,ENG_B,Engineering,10,Wednesday,3,29.5,71.3,114,65.5,68.5
EC003132,SCI_B,Science,6,Wednesday,9,26.9,86.6,0,71.8,62.6
EC006518,ENG_B,Engineering,2,Monday,6,27.4,80.7,24,42.4,45.4
EC003413,RES_A,Residential,6,Monday,3,27.4,83.2,220,57.1,53.4
EC005375,ENG_A,Engineering,1,Friday,2,27.1,86.7,5,75.9,54.3
EC001566,SCI_B,Science,15,Thursday,10,30.3,74.4,111,92.0,92.2
EC002636,SCI_A,Science,11,Saturday,2,29.1,77.5,47,71.6,85.0
EC007620,ADM_A,Administration,13,Saturday,6,30.0,76.0,29,26.6,30.1
EC005853,LEC_A,LectureHall,23,Sunday,1,28.0,81.8,15,95.2,54.6
EC003610,ADM_A,Administration,16,Sunday,11,30.5,67.3,6,23.7,26.3
EC004835,ENG_B,Engineering,20,Sunday,10,29.0,74.6,0,43.8,47.2
EC007258,SCI_B,Science,11,Tuesday,2,27.9,81.2,105,75.8,84.0
EC003541,SCI_A,Science,14,Monday,11,30.0,71.5,112,107.8,100.7
EC000797,SCI_A,Science,23,Friday,1,27.7,73.5,1,71.3,69.9
EC000953,SCI_A,Science,10,Friday,3,28.9,75.8,179,113.7,114.9
EC006644,RES_B,Residential,3,Monday,6,27.3,78.0,176,39.8,48.1
EC001744,LIB_A,Library,21,Saturday,12,28.0,88.6,48,44.0,41.9
EC007913,LIB_A,Library,2,Sunday,12,25.4,77.8,7,24.4,22.9
EC006674,RES_B,Residential,16,Sunday,10,29.5,75.1,134,39.7,41.3
EC003128,BUS_B,Business,17,Monday,5,30.1,71.1,91,61.8,62.8
EC007521,BUS_B,Business,9,Thursday,3,28.5,75.1,80,53.9,48.5
EC004383,BUS_B,Business,21,Thursday,1,25.9,86.8,5,42.4,36.9
EC000851,ENG_A,Engineering,14,Saturday,5,29.6,74.9,52,58.2,62.5
EC004402,SPT_A,Sports,11,Tuesday,5,,75.0,0,46.2,44.6
EC001747,ENG_A,Engineering,11,Thursday,7,30.3,77.0,151,78.2,76.2
EC003853,BUS_B,Business,15,Wednesday,3,30.8,67.6,136,62.7,76.0
EC007576,ENG_A,Engineering,12,Thursday,7,30.6,71.7,169,81.5,83.6
EC002252,SPT_A,Sports,21,Thursday,10,27.9,72.9,,42.7,47.7
EC004268,LEC_A,LectureHall,12,Wednesday,2,30.0,69.7,194,77.6,76.0
EC001675,SCI_A,Science,7,Monday,7,25.5,85.0,25,62.0,62.3
EC002401,BUS_A,Business,4,Saturday,8,27.4,81.2,0,24.6,26.6
EC001593,BUS_B,Business,9,Friday,9,28.6,79.6,109,49.7,55.4
EC001026,ENG_B,Engineering,14,Wednesday,5,30.2,71.3,150,66.5,68.1
EC002389,LEC_A,LectureHall,15,Wednesday,6,32.0,70.7,207,76.5,79.9
EC006457,ENG_B,Engineering,14,Wednesday,1,30.2,73.8,184,73.7,77.5
EC000613,LEC_A,LectureHall,18,Sunday,4,31.4,69.0,32,39.2,46.2
EC000192,SCI_A,Science,10,Thursday,3,27.4,75.6,76,85.5,77.5
EC001637,LIB_A,Library,12,Monday,11,29.4,72.3,136,49.8,52.4
EC004352,RES_A,Residential,19,Tuesday,9,28.5,79.3,225,41.5,48.7
EC006031,SCI_B,Science,5,Wednesday,8,26.3,82.1,0,51.3,57.7
EC003122,ENG_B,Engineering,16,Saturday,5,31.8,73.4,17,59.2,58.9
EC001159,ENG_A,Engineering,18,Tuesday,9,29.1,78.6,74,57.7,59.8
EC007153,ADM_A,Administration,20,Thursday,3,28.6,74.4,5,29.8,27.6
EC007940,RES_B,Residential,6,Monday,2,26.6,77.7,194,49.5,47.3
EC004396,SCI_A,Science,13,Friday,8,29.7,71.1,158,99.8,115.1
EC006667,SPT_A,Sports,2,Tuesday,9,25.1,88.5,0,30.1,32.3
EC007984,ADM_A,Administration,15,Tuesday,7,30.0,68.2,101,41.6,42.9
EC001692,RES_A,Residential,5,Saturday,12,26.4,81.8,230,40.6,44.5
EC002419,ADM_A,Administration,5,Wednesday,9,26.4,82.6,0,24.1,22.5
EC003091,SCI_A,Science,18,Sunday,8,30.2,76.4,26,72.1,76.7
EC000758,SCI_B,Science,6,Saturday,4,28.3,74.8,0,68.9,66.3
EC006281,LEC_A,LectureHall,23,Thursday,5,27.5,74.7,34,36.1,38.6
EC002275,SPT_A,Sports,8,Wednesday,7,28.0,,121,67.8,56.7
EC004090,RES_A,Residential,3,Friday,1,25.5,82.0,190,43.8,48.6
EC005536,ENG_B,Engineering,2,Saturday,4,27.7,78.0,15,42.0,44.1
EC001856,ENG_B,Engineering,2,Wednesday,1,25.9,84.9,8,75.2,48.7
EC002808,ENG_A,Engineering,23,Friday,1,25.0,79.2,0,38.0,37.0
EC002142,LEC_A,LectureHall,2,Wednesday,10,24.9,90.4,0,6.2,18.1
EC004423,ADM_A,Administration,2,Friday,7,27.2,83.2,6,28.4,30.5
EC006366,BUS_B,Business,6,Thursday,8,27.1,79.9,14,43.5,41.3
EC006950,BUS_B,Business,9,Sunday,1,27.2,77.0,40,29.8,37.1
EC004930,ADM_A,Administration,23,Saturday,5,27.2,79.2,0,21.9,24.0
EC002330,ADM_A,Administration,4,Wednesday,11,25.9,75.5,0,23.3,25.2
EC007847,BUS_B,Business,6,Tuesday,9,26.4,76.1,16,33.6,39.7
EC005073,LEC_A,LectureHall,8,Tuesday,5,27.2,80.9,79,49.8,53.1
EC005811,SCI_A,Science,8,Friday,5,27.8,80.7,121,40.2,74.2
EC006463,ENG_A,Engineering,20,Monday,7,28.1,76.7,41,49.1,60.3
EC005884,RES_A,Residential,20,Sunday,12,27.2,78.2,263,49.3,49.7
EC007881,SCI_A,Science,17,Monday,7,29.8,75.1,49,73.1,81.0
EC005279,RES_A,Residential,18,Wednesday,2,28.1,77.6,150,45.2,46.1
EC003908,SCI_A,Science,19,Thursday,6,31.3,72.1,26,74.1,82.4
EC006492,SCI_B,Science,21,Monday,12,28.5,81.5,41,73.0,68.8
EC001173,RES_A,Residential,20,Thursday,9,29.3,81.8,,48.6,44.6
EC000947,SPT_A,Sports,15,Friday,11,30.2,76.3,0,45.9,42.3
EC001282,ADM_A,Administration,15,Tuesday,2,30.7,69.2,99,42.9,41.5
EC004762,RES_B,Residential,5,Saturday,4,25.5,77.4,224,44.9,47.0
EC000573,ADM_A,Administration,2,Monday,10,25.8,77.0,8,19.9,22.2
EC004897,SCI_B,Science,9,Tuesday,6,27.4,78.5,81,67.5,79.5
EC007311,BUS_A,Business,2,Saturday,12,26.3,84.4,0,25.4,30.2
EC004693,ENG_A,Engineering,8,Friday,8,27.6,76.4,81,52.0,57.8
EC004150,LIB_A,Library,4,Monday,10,26.0,82.3,0,24.0,28.9
EC001547,ENG_B,Engineering,5,Friday,4,27.8,76.9,8,45.0,41.3
EC006937,LIB_A,Library,10,Sunday,8,30.0,77.9,68,43.8,43.1
EC004931,LIB_A,Library,2,Thursday,1,26.2,81.9,9,25.7,26.9
EC004571,ADM_A,Administration,11,Tuesday,1,28.2,76.5,94,34.7,34.3
EC000287,BUS_B,Business,20,Sunday,10,28.7,75.3,0,34.1,39.0
EC005483,SCI_A,Science,3,Monday,3,26.7,81.0,10,65.5,65.1
EC002161,RES_B,Residential,16,Tuesday,6,30.1,73.9,103,41.0,43.5
EC002167,LEC_A,LectureHall,15,Tuesday,6,31.4,75.3,147,60.6,67.0
EC000928,BUS_B,Business,3,Monday,7,25.5,78.8,35,30.7,36.5
EC002387,SCI_A,Science,7,Thursday,7,29.0,74.4,7,55.3,68.6
EC003217,LIB_A,Library,14,Friday,5,31.7,79.1,200,64.1,62.4
EC007735,BUS_B,Business,5,Monday,5,26.9,77.1,0,35.1,39.0
EC001622,LEC_A,LectureHall,12,Thursday,9,30.4,72.2,192,68.1,69.5
EC001381,RES_A,Residential,17,Tuesday,6,30.7,75.1,165,52.4,50.5
EC004136,LEC_A,LectureHall,14,Thursday,7,31.5,68.2,192,63.4,68.4
EC006897,BUS_B,Business,9,Tuesday,8,28.0,79.3,102,58.5,58.6
EC006279,LEC_A,LectureHall,10,Sunday,10,28.3,77.4,15,27.7,33.7
EC006590,ENG_B,Engineering,8,Saturday,8,,71.6,23,38.8,44.9
EC003645,LEC_A,LectureHall,20,Wednesday,3,29.5,76.4,34,,42.0
EC002461,SCI_A,Science,23,Sunday,5,26.8,78.2,2,69.4,70.5
EC000068,LEC_A,LectureHall,0,Monday,6,27.4,86.6,36,39.6,35.6
EC005165,BUS_B,Business,16,Wednesday,2,29.4,76.2,223,70.5,80.9
EC003558,BUS_B,Business,15,Tuesday,7,29.9,71.1,132,64.5,68.4
EC002578,LIB_A,Library,5,Friday,6,26.6,89.6,0,28.2,29.0
EC000592,RES_A,Residential,3,Sunday,2,26.7,82.0,218,56.5,54.9
EC007059,ADM_A,Administration,17,Thursday,6,,80.7,39,38.1,43.4
EC001686,ADM_A,Administration,16,Friday,12,30.5,76.1,72,38.3,34.0
EC000809,SCI_B,Science,17,Tuesday,5,31.0,64.6,46,77.7,80.7
EC007977,BUS_B,Business,9,Friday,9,29.6,77.0,58,49.9,51.4
EC000890,RES_A,Residential,11,Monday,8,29.1,78.7,130,39.2,39.5
EC001546,SCI_A,Science,11,Tuesday,9,29.5,83.5,125,85.0,94.7
EC007343,LEC_A,LectureHall,9,Saturday,12,26.1,87.7,67,31.1,35.1
EC006824,ADM_A,Administration,14,Friday,10,30.3,69.5,97,36.5,42.8
EC004421,ENG_B,Engineering,13,Saturday,5,32.3,70.4,61,63.3,72.1
EC007771,RES_A,Residential,15,Tuesday,1,29.7,,103,43.3,39.4
EC003329,BUS_B,Business,18,Friday,12,28.9,80.0,77,49.0,53.5
EC002435,RES_A,Residential,10,Saturday,4,28.5,85.3,130,39.1,40.6
EC003255,SPT_A,Sports,15,Tuesday,11,29.1,78.6,39,38.1,43.3
EC004610,SCI_B,Science,3,Wednesday,8,27.3,79.1,33,68.9,65.2
EC005017,ENG_A,Engineering,7,Sunday,10,26.0,82.3,0,30.3,33.8
EC005916,LIB_A,Library,2,Wednesday,6,26.6,80.7,0,27.1,30.7
EC002917,SCI_B,Science,14,Thursday,7,31.0,63.6,119,99.9,93.8
EC002010,RES_B,Residential,10,Tuesday,9,27.7,79.4,128,31.9,37.0
EC007675,LEC_A,LectureHall,15,Saturday,11,28.5,73.9,200,60.6,59.7
EC003663,LIB_A,Library,22,Thursday,3,28.2,78.3,,79.7,58.6
EC005992,SCI_A,Science,8,Monday,12,26.8,77.3,39,77.6,76.2
EC002323,BUS_A,Business,14,Saturday,6,29.9,83.3,50,44.4,47.7
EC004086,RES_A,Residential,7,Saturday,4,27.9,74.3,229,50.3,52.6
EC002262,ADM_A,Administration,6,Monday,6,27.9,75.8,21,28.9,29.7
EC005089,SCI_B,Science,17,Friday,6,30.6,80.6,44,70.1,81.2
EC003524,SCI_B,Science,13,Wednesday,2,29.4,71.0,112,92.0,90.4
EC004051,SCI_B,Science,13,Thursday,9,28.2,78.4,4,60.7,65.9
EC001162,BUS_B,Business,0,Sunday,2,27.4,77.3,0,35.6,30.4
EC002114,SCI_A,Science,22,Thursday,3,26.7,75.1,30,76.5,75.6
EC003759,RES_B,Residential,20,Wednesday,7,27.5,77.5,176,35.7,37.5
EC003586,ADM_A,Administration,16,Friday,2,35.3,80.8,126,61.1,67.9
EC003580,RES_B,Residential,1,Tuesday,6,23.9,81.4,141,47.2,45.0
EC001858,ENG_B,Engineering,4,Saturday,5,27.9,70.0,0,36.2,39.0
EC001863,SCI_B,Science,19,Saturday,12,29.8,76.2,4,71.9,72.1
EC004374,ENG_B,Engineering,9,Wednesday,8,28.4,78.1,76,63.3,55.9
EC002622,ENG_B,Engineering,6,Wednesday,4,27.1,76.3,0,38.3,39.1
EC000882,LEC_A,LectureHall,10,Wednesday,12,29.8,80.2,164,64.4,70.1
EC001736,ADM_A,Administration,15,Friday,3,29.6,72.9,87,38.3,42.9
EC006099,RES_B,Residential,4,Monday,7,26.3,85.6,218,53.9,48.1
EC001606,ENG_B,Engineering,3,Saturday,1,,80.1,5,27.9,33.4
EC000841,SCI_A,Science,1,Tuesday,10,25.2,83.4,5,59.8,59.3
EC004320,ENG_A,Engineering,12,Thursday,10,28.9,77.4,174,67.5,74.5
EC001549,ENG_B,Engineering,13,Tuesday,5,30.5,74.0,150,76.2,81.2
EC003381,SCI_A,Science,20,Saturday,8,27.9,76.3,15,67.7,71.2
EC003972,LIB_A,Library,4,Sunday,9,25.4,85.8,31,31.5,32.4
EC003994,LEC_A,LectureHall,8,Wednesday,1,28.1,76.7,58,38.1,42.4
EC004852,ENG_B,Engineering,17,Monday,11,29.3,80.9,53,44.5,40.8
EC005330,RES_A,Residential,3,Saturday,4,24.8,81.5,152,39.0,43.8
EC003446,SCI_B,Science,8,Monday,7,28.4,77.4,67,71.9,82.0
EC005405,RES_B,Residential,3,Thursday,2,26.2,82.0,152,40.8,41.9
EC006875,ENG_A,Engineering,2,Friday,6,26.3,83.2,1,38.6,37.1
EC006429,SCI_A,Science,18,Monday,9,29.5,73.7,61,83.6,81.2
EC000209,SCI_A,Science,15,Sunday,6,29.8,76.1,32,67.9,81.6
EC001073,LIB_A,Library,5,Friday,7,27.4,77.2,,28.6,29.2
EC000785,LEC_A,LectureHall,19,Friday,11,28.3,78.5,4,28.6,31.5
EC007739,BUS_B,Business,10,Saturday,3,28.3,78.7,35,39.3,40.9
EC001769,LEC_A,LectureHall,23,Saturday,7,28.5,76.7,0,26.9,24.3
EC004290,SPT_A,Sports,12,Friday,10,29.7,78.4,29,42.4,41.9
EC003408,ADM_A,Administration,17,Saturday,3,29.2,87.3,14,29.8,29.9
EC007410,BUS_B,Business,1,Wednesday,7,25.7,86.2,19,32.3,30.3
EC006561,RES_A,Residential,20,Saturday,9,23.6,99.3,229,41.4,40.5
EC004076,SCI_B,Science,2,Monday,8,26.1,81.5,22,63.2,59.8
EC000062,LEC_A,LectureHall,20,Monday,8,28.4,,36,35.3,38.6
EC004988,RES_B,Residential,23,Tuesday,12,27.0,81.6,249,51.8,51.5
EC004981,RES_A,Residential,7,Wednesday,7,29.4,70.4,192,52.2,53.1
EC007634,RES_A,Residential,12,Saturday,10,29.6,75.4,123,45.8,44.7
EC000478,BUS_B,Business,18,Friday,6,24.5,96.3,73,45.2,46.0
EC004356,SCI_A,Science,13,Saturday,2,31.5,75.5,45,95.2,96.7
EC004348,SPT_A,Sports,10,Wednesday,5,29.1,79.4,19,44.7,50.5
EC003148,ENG_A,Engineering,5,Thursday,6,24.2,97.5,0,35.9,37.2
EC007605,RES_A,Residential,6,Saturday,9,26.2,82.3,229,39.5,48.4
EC002145,ADM_A,Administration,3,Wednesday,1,27.1,82.5,0,25.9,26.4
EC005804,LIB_A,Library,23,Sunday,9,26.7,85.8,23,35.9,40.6
EC002311,LIB_A,Library,1,Monday,11,26.9,82.2,0,28.0,29.6
EC001109,SCI_B,Science,14,Sunday,12,29.9,75.0,17,73.8,73.7
EC003916,ENG_B,Engineering,21,Wednesday,2,24.7,97.0,36,39.6,42.0
EC003406,ENG_B,Engineering,4,Wednesday,6,27.9,81.1,0,47.5,47.4
EC006924,RES_A,Residential,16,Monday,6,29.7,81.6,147,,50.8
EC005726,BUS_A,Business,7,Friday,8,27.2,80.9,1,30.3,36.6
EC006015,RES_B,Residential,22,Saturday,7,27.5,87.4,279,57.2,56.6
EC006850,BUS_A,Business,12,Thursday,4,29.3,76.6,144,61.5,55.9
EC001658,SCI_A,Science,23,Thursday,6,28.0,74.0,0,74.4,70.9
EC006447,ENG_B,Engineering,7,Thursday,7,25.3,82.4,21,41.1,37.2
EC004174,ADM_A,Administration,17,Thursday,4,30.0,69.4,49,37.8,32.9
EC002837,LIB_A,Library,20,Friday,6,28.3,75.1,94,47.3,52.7
EC006563,BUS_B,Business,2,Saturday,7,26.5,83.7,0,6.1,24.4
EC005580,SCI_B,Science,10,Sunday,11,29.2,73.7,8,68.7,72.3
EC002898,ENG_B,Engineering,18,Monday,10,29.3,80.4,210,81.2,80.4
EC006539,SPT_A,Sports,2,Monday,8,26.8,81.9,18,39.9,36.2
EC002903,LIB_A,Library,16,Friday,4,30.6,71.7,223,65.3,70.9
EC004925,LIB_A,Library,10,Sunday,2,29.2,76.6,51,38.1,41.5
EC005319,SCI_B,Science,15,Friday,7,29.1,78.9,106,86.2,95.0
EC000173,SPT_A,Sports,15,Monday,7,29.7,82.4,40,51.6,46.0
EC000547,SCI_A,Science,4,Friday,6,26.4,84.2,0,56.6,64.5
EC004878,ADM_A,Administration,15,Thursday,11,35.8,90.4,137,67.6,64.6
EC000243,SCI_A,Science,20,Thursday,2,30.2,71.7,35,87.4,85.7
EC003360,RES_A,Residential,9,Thursday,3,27.9,83.6,177,49.1,49.0
EC004539,ENG_B,Engineering,3,Saturday,7,26.1,85.3,6,36.6,37.6
EC007559,SCI_A,Science,21,Saturday,7,29.3,78.0,5,94.0,82.3
EC006982,SCI_B,Science,8,Sunday,2,27.2,73.5,5,62.0,65.3
EC003956,LIB_A,Library,12,Tuesday,1,30.2,72.9,109,54.9,55.2
EC000033,BUS_A,Business,15,Tuesday,2,29.8,76.1,119,51.2,58.4
EC006592,ADM_A,Administration,15,Wednesday,11,31.3,71.9,98,,48.3
EC000630,RES_B,Residential,4,Friday,5,29.3,78.3,184,51.9,52.6
EC003167,ENG_A,Engineering,8,Wednesday,7,27.8,82.7,78,51.3,56.1
EC003820,ENG_B,Engineering,3,Thursday,4,27.1,80.2,0,39.3,45.2
EC003600,BUS_A,Business,4,Friday,5,27.3,77.9,0,31.7,32.5
EC005831,LEC_A,LectureHall,4,Saturday,11,27.2,75.8,0,22.5,24.0
EC000995,LIB_A,Library,14,Thursday,4,30.3,78.5,196,59.3,62.9
EC004224,RES_A,Residential,21,Sunday,4,28.9,75.3,278,67.0,66.7
EC007289,LEC_A,LectureHall,23,Saturday,11,26.4,85.7,35,92.5,54.0
EC000443,ADM_A,Administration,9,Friday,5,28.7,73.6,64,31.6,32.6
EC005722,BUS_B,Business,0,Friday,2,27.2,83.7,21,44.4,44.0
EC004501,RES_B,Residential,5,Monday,4,28.0,91.1,204,55.5,53.4
EC005827,LEC_A,LectureHall,14,Saturday,6,29.8,79.8,63,42.2,40.4
EC003467,SPT_A,Sports,20,Thursday,1,29.0,74.3,171,57.4,63.3
EC001128,SPT_A,Sports,14,Monday,8,29.4,79.6,49,43.9,48.2
EC003357,RES_B,Residential,16,Saturday,3,30.6,82.4,154,44.1,49.4
EC004308,RES_A,Residential,2,Friday,1,24.8,86.1,192,36.9,43.7
EC004190,ENG_A,Engineering,20,Thursday,5,29.0,74.9,0,51.9,53.2
EC006732,LEC_A,LectureHall,16,Wednesday,4,30.3,75.6,149,68.9,68.4
EC000852,LIB_A,Library,2,Tuesday,6,28.1,84.6,8,26.7,35.0
EC000949,SCI_A,Science,3,Wednesday,9,24.3,77.9,23,61.4,62.7
EC006088,ADM_A,Administration,1,Wednesday,4,26.8,85.0,0,27.9,26.3
EC004148,ENG_B,Engineering,13,Thursday,3,29.3,71.7,194,64.0,73.1
EC006511,ADM_A,Administration,21,Friday,2,27.5,82.1,4,26.3,25.9
EC005984,LEC_A,LectureHall,13,Sunday,10,28.0,72.3,34,33.6,31.6
EC004337,LEC_A,LectureHall,23,Monday,8,27.1,80.0,11,28.5,29.7
EC002835,RES_B,Residential,2,Thursday,3,25.4,80.3,113,39.9,45.6
EC006419,ADM_A,Administration,17,Monday,10,30.2,72.5,63,36.6,35.3
EC005755,LIB_A,Library,23,Monday,7,26.8,79.6,31,89.2,50.6
EC006299,LIB_A,Library,9,Tuesday,3,29.6,72.0,35,39.3,37.1
EC005653,BUS_A,Business,11,Tuesday,9,29.2,79.4,138,46.2,60.4
EC006176,SPT_A,Sports,12,Monday,2,29.9,72.4,0,47.3,49.6
EC001494,RES_A,Residential,21,Thursday,3,29.7,75.6,296,64.5,68.7
EC000489,BUS_B,Business,2,Sunday,3,25.9,84.1,0,5.9,22.5
EC007398,ADM_A,Administration,1,Tuesday,3,26.1,84.3,0,24.3,24.5
EC000737,LEC_A,LectureHall,22,Friday,9,29.2,77.8,11,29.1,32.0
EC002043,ENG_B,Engineering,17,Saturday,9,30.1,77.1,0,43.7,49.3
EC005159,ENG_B,Engineering,7,Saturday,5,29.2,81.1,4,46.4,44.2
EC000204,LEC_A,LectureHall,5,Wednesday,6,26.0,85.9,18,29.6,28.0
EC007946,SCI_B,Science,17,Thursday,8,30.9,72.5,67,101.4,91.9
EC004011,SCI_A,Science,6,Wednesday,7,26.0,85.2,14,64.8,67.6
EC003534,BUS_B,Business,15,Wednesday,10,30.1,82.8,109,55.6,64.2
EC002336,LEC_A,LectureHall,11,Wednesday,8,27.3,73.2,216,69.8,74.2
EC001144,RES_A,Residential,2,Tuesday,12,26.4,85.2,151,48.8,50.9
EC006132,SCI_B,Science,15,Wednesday,9,30.6,72.2,98,77.5,89.9
EC004977,RES_B,Residential,0,Friday,10,25.4,83.7,104,32.4,36.0
EC006991,ADM_A,Administration,19,Thursday,1,29.5,77.1,8,28.2,25.8
EC005826,BUS_A,Business,8,Thursday,12,27.1,84.3,63,35.6,40.0
EC003705,LEC_A,LectureHall,6,Monday,12,25.3,87.2,0,23.9,24.9
EC001039,ENG_B,Engineering,14,Thursday,11,27.8,82.3,134,56.0,60.7
EC007800,RES_B,Residential,1,Tuesday,11,25.6,79.4,152,39.2,40.0
EC005617,ADM_A,Administration,20,Monday,3,29.8,76.3,15,34.5,29.7
EC000635,RES_A,Residential,19,Sunday,8,29.6,71.0,226,46.5,49.8
EC003708,LIB_A,Library,14,Sunday,6,32.0,66.0,156,61.4,61.0
EC000399,SCI_B,Science,3,Tuesday,4,26.6,81.1,0,52.2,59.0
EC001036,SPT_A,Sports,15,Saturday,10,31.2,72.2,35,42.2,51.7
EC002532,BUS_A,Business,13,Saturday,4,31.4,77.3,47,44.3,43.4
EC003107,RES_A,Residential,15,Saturday,12,29.4,69.4,149,48.6,41.9
EC002711,SCI_A,Science,19,Tuesday,8,27.8,82.0,12,65.8,71.4
EC002801,LIB_A,Library,16,Tuesday,8,29.4,75.2,217,54.9,57.4
EC004870,SCI_A,Science,12,Friday,11,28.0,77.8,149,94.2,99.1
EC007374,SCI_A,Science,0,Friday,6,27.4,77.7,4,90.0,77.8
EC005616,SCI_B,Science,17,Tuesday,4,30.9,79.5,78,89.6,95.0
EC002117,SCI_B,Science,12,Thursday,9,30.8,75.9,106,87.1,90.4
EC004014,LEC_A,LectureHall,0,Monday,11,27.5,74.6,9,31.1,27.0
EC006414,BUS_A,Business,22,Saturday,9,26.0,88.3,7,26.2,25.3
EC007120,LEC_A,LectureHall,23,Tuesday,9,,75.6,0,23.3,23.8
EC000865,SCI_B,Science,15,Friday,2,31.7,72.8,96,95.5,98.0
EC006943,SCI_B,Science,4,Saturday,7,27.1,83.8,0,71.1,65.1
EC006628,ENG_A,Engineering,14,Sunday,6,31.1,75.1,72,56.4,60.5
EC005138,RES_A,Residential,19,Monday,4,29.0,78.1,166,48.7,46.1
EC004497,BUS_B,Business,18,Friday,6,30.9,76.6,59,49.9,54.4
EC000634,ENG_B,Engineering,20,Friday,11,26.4,85.4,19,31.7,34.5
EC007477,SCI_B,Science,1,Friday,3,26.3,88.9,7,53.5,56.3
EC003034,BUS_A,Business,1,Thursday,11,25.7,88.5,4,23.0,27.4
EC006010,SCI_A,Science,7,Sunday,12,26.9,86.4,0,62.0,67.9
EC003587,SCI_B,Science,12,Saturday,6,29.2,72.4,33,81.1,82.7
EC001599,LEC_A,LectureHall,9,Monday,7,28.1,74.2,112,49.6,45.3
EC005951,ENG_B,Engineering,12,Thursday,8,31.3,77.8,135,66.2,75.3
EC004344,ADM_A,Administration,3,Sunday,3,26.4,78.5,8,24.2,22.6
EC004113,ADM_A,Administration,17,Friday,5,30.4,73.6,76,46.8,45.6
EC002642,SCI_B,Science,13,Sunday,5,30.5,71.6,32,91.8,84.5
EC001126,LEC_A,LectureHall,7,Monday,2,26.9,79.3,168,33.9,53.5
EC006160,LIB_A,Library,18,Friday,10,28.2,72.1,278,66.8,69.1
EC001284,ADM_A,Administration,11,Friday,12,30.0,73.5,105,43.9,43.4
EC004287,BUS_B,Business,10,Friday,9,29.2,64.0,100,46.4,52.4
EC003078,ENG_B,Engineering,23,Monday,1,28.3,73.8,31,32.4,45.4
EC002229,SCI_A,Science,13,Monday,3,30.4,67.9,135,98.5,109.3
EC002382,ENG_A,Engineering,14,Monday,5,30.4,78.9,195,96.8,90.9
EC007604,SCI_B,Science,19,Tuesday,10,28.4,72.9,31,65.9,64.5
EC004062,LIB_A,Library,17,Saturday,9,28.5,71.5,150,56.0,49.9
EC001727,ENG_B,Engineering,10,Monday,1,26.7,78.2,130,57.6,58.9
EC003628,RES_B,Residential,13,Tuesday,9,29.6,67.4,116,41.8,43.0
EC006431,BUS_A,Business,5,Sunday,7,24.9,98.1,0,20.8,24.2
EC004203,BUS_B,Business,7,Wednesday,9,26.5,86.7,1,38.9,38.1
EC000927,RES_A,Residential,18,Wednesday,1,28.6,76.7,148,40.5,46.4
EC004677,SPT_A,Sports,23,Tuesday,6,26.4,75.9,26,94.2,56.6
EC002339,SCI_A,Science,10,Friday,7,29.1,73.6,108,90.7,95.6
EC003022,SCI_B,Science,18,Friday,5,31.2,63.2,57,86.0,84.6
EC004602,BUS_A,Business,7,Thursday,10,26.8,87.6,0,27.9,25.6
EC003192,BUS_A,Business,9,Thursday,7,28.9,86.6,110,50.9,54.6
EC004588,LIB_A,Library,21,Monday,10,27.8,83.5,82,34.0,42.9
EC006796,ADM_A,Administration,11,Saturday,2,29.0,80.0,46,27.4,32.3
EC001379,LEC_A,LectureHall,3,Monday,10,25.9,88.8,35,24.9,27.2
EC006738,BUS_B,Business,20,Monday,7,28.5,82.7,14,39.6,43.8
EC005436,ENG_B,Engineering,23,Monday,8,26.9,82.0,0,37.3,35.5
EC002652,ENG_B,Engineering,8,Thursday,10,27.6,79.4,76,53.8,51.8
EC005599,ENG_A,Engineering,5,Saturday,8,26.3,88.1,15,40.2,44.6
EC000560,SCI_B,Science,17,Friday,4,30.3,71.5,51,80.3,82.9
EC007602,BUS_A,Business,8,Monday,10,26.0,82.7,65,38.9,38.2
EC001318,BUS_A,Business,11,Saturday,4,28.6,78.0,13,35.1,34.3
EC002955,BUS_B,Business,10,Sunday,4,29.0,79.2,51,47.7,47.5
EC006867,SCI_B,Science,20,Saturday,10,26.7,90.5,0,61.2,60.6
EC003983,SCI_A,Science,2,Saturday,12,26.3,85.4,1,65.3,62.5
EC005974,SCI_A,Science,14,Friday,12,30.0,71.3,134,92.8,95.5
EC003198,LEC_A,LectureHall,2,Sunday,5,27.5,80.1,26,27.0,29.4
EC005833,ENG_A,Engineering,15,Tuesday,7,30.5,70.1,245,76.1,88.4
EC003827,BUS_A,Business,2,Friday,9,25.8,72.7,17,32.1,34.3
EC004824,RES_A,Residential,11,Friday,5,30.4,74.8,114,43.8,47.0
EC005625,SCI_A,Science,19,Friday,5,30.7,77.3,42,84.6,89.0
EC003071,LEC_A,LectureHall,21,Friday,10,27.5,77.5,0,25.7,26.7
EC003453,LIB_A,Library,23,Tuesday,7,29.1,72.2,0,37.8,38.0
EC000318,ENG_A,Engineering,4,Sunday,8,24.6,94.4,0,32.2,32.5
EC004292,SCI_B,Science,15,Friday,1,30.0,74.8,86,81.9,80.5
EC003010,BUS_A,Business,6,Monday,4,27.2,74.0,0,31.4,35.4
EC002655,BUS_B,Business,5,Monday,3,26.8,82.7,6,38.2,42.1
EC005962,RES_B,Residential,17,Wednesday,2,30.3,77.2,112,47.8,46.3
EC002442,LIB_A,Library,13,Saturday,3,31.0,77.4,,52.7,55.1
EC001751,ENG_A,Engineering,9,Friday,5,27.8,78.3,87,45.9,61.5
EC004303,SPT_A,Sports,23,Wednesday,4,29.3,76.8,19,47.6,43.3
EC004522,SCI_A,Science,15,Thursday,3,30.9,66.4,118,109.2,107.3
EC006844,ENG_A,Engineering,2,Saturday,5,26.3,84.5,8,45.4,44.7
EC004081,SPT_A,Sports,0,Sunday,12,25.7,84.2,0,32.8,33.1
EC007674,SPT_A,Sports,11,Saturday,11,29.2,74.4,43,44.4,46.7
EC005732,SCI_A,Science,17,Sunday,5,29.2,76.5,13,70.7,71.0
EC007939,RES_A,Residential,9,Wednesday,12,28.5,81.9,160,47.7,47.7
EC004713,RES_A,Residential,12,Monday,7,30.8,75.2,167,42.1,51.8
EC000334,RES_B,Residential,13,Tuesday,10,30.6,72.8,82,46.4,40.6
EC006990,LIB_A,Library,23,Thursday,11,26.4,80.7,63,33.7,39.6
EC006505,LIB_A,Library,6,Tuesday,9,24.8,98.5,23,26.8,30.6
EC001601,RES_B,Residential,7,Sunday,8,27.7,77.3,,49.0,51.5
EC002386,LEC_A,LectureHall,22,Sunday,10,26.6,86.6,35,29.8,34.7
EC000220,LIB_A,Library,18,Friday,6,30.1,73.4,166,64.8,63.9
EC003353,BUS_A,Business,12,Saturday,3,28.9,76.4,16,34.6,38.7
EC003149,LIB_A,Library,8,Saturday,12,27.8,75.2,62,39.2,38.6
EC003084,LIB_A,Library,17,Thursday,3,28.8,81.1,226,57.2,64.9
EC005728,SPT_A,Sports,20,Wednesday,2,30.2,72.6,162,54.0,58.5
EC006736,RES_B,Residential,15,Tuesday,5,34.7,85.0,201,50.0,54.2
EC002514,SCI_A,Science,8,Monday,8,28.6,79.9,31,79.6,77.8
EC003417,BUS_A,Business,20,Monday,7,27.9,75.6,6,27.9,33.6
EC000212,SPT_A,Sports,17,Saturday,8,31.0,71.6,196,76.8,72.6
EC001230,LIB_A,Library,4,Tuesday,6,27.5,78.8,10,30.8,33.7
EC001019,LEC_A,LectureHall,10,Saturday,11,27.4,80.8,24,19.4,25.3
EC000038,SPT_A,Sports,21,Friday,3,28.1,79.0,128,50.5,53.8
EC000407,ENG_A,Engineering,18,Tuesday,11,29.0,82.5,243,85.8,92.7
EC005741,SCI_B,Science,15,Wednesday,1,35.7,78.2,134,130.3,119.8
EC003479,RES_A,Residential,23,Monday,8,27.2,75.2,249,,57.4
EC005674,ENG_A,Engineering,11,Sunday,9,27.9,81.3,30,43.2,46.0
EC001446,BUS_A,Business,16,Friday,7,29.2,73.6,107,46.3,53.8
EC000197,ADM_A,Administration,15,Saturday,7,31.1,71.5,22,,37.0
EC002654,BUS_A,Business,8,Thursday,5,26.8,84.7,77,41.3,47.9
EC004302,RES_A,Residential,11,Saturday,12,28.2,76.8,144,48.0,48.4
EC001925,SCI_B,Science,15,Monday,5,29.3,77.1,93,83.4,92.5
EC000678,SPT_A,Sports,18,Thursday,7,30.0,79.7,125,68.7,59.0
EC006556,SCI_B,Science,1,Saturday,12,25.4,84.1,1,67.3,67.5
EC006571,LIB_A,Library,19,Tuesday,1,28.8,,155,58.3,60.9
EC003211,LIB_A,Library,9,Thursday,8,27.8,70.8,69,40.4,33.5
EC007212,RES_A,Residential,19,Thursday,12,29.3,80.5,205,49.9,50.2
EC000199,LEC_A,LectureHall,13,Wednesday,8,29.3,80.7,216,78.2,75.5
EC005043,LEC_A,LectureHall,6,Monday,5,27.4,83.5,21,32.2,32.2
EC000484,LEC_A,LectureHall,15,Thursday,12,29.5,75.2,196,74.2,70.7
EC003388,SCI_B,Science,22,Tuesday,2,28.3,79.5,0,60.1,66.7
EC001966,LIB_A,Library,10,Tuesday,8,29.0,73.0,46,30.3,36.4
EC007830,RES_B,Residential,19,Thursday,9,29.1,73.2,194,43.6,47.4
EC000379,ENG_B,Engineering,18,Tuesday,12,29.7,68.7,80,56.9,57.9
EC006912,ENG_B,Engineering,18,Saturday,10,28.4,73.3,39,47.7,47.9
EC006510,BUS_A,Business,5,Thursday,11,25.9,82.6,21,28.5,29.3
EC000585,SPT_A,Sports,18,Monday,9,28.1,77.8,156,,59.2
EC007268,SPT_A,Sports,3,Thursday,7,26.8,70.5,24,,34.1
EC000527,SCI_B,Science,0,Tuesday,8,27.0,77.7,0,48.8,57.0
EC001125,BUS_A,Business,6,Thursday,11,25.7,84.2,7,25.2,22.5
EC003737,BUS_B,Business,6,Wednesday,11,25.6,88.9,25,34.1,37.4
EC000048,SCI_B,Science,20,Tuesday,7,29.8,75.2,30,68.1,68.7
EC004652,LEC_A,LectureHall,11,Sunday,4,28.8,72.2,205,67.2,65.4
EC000208,ADM_A,Administration,17,Friday,3,30.5,69.6,61,29.7,37.2
EC006450,RES_A,Residential,10,Tuesday,8,28.7,76.0,158,52.8,45.8
EC003555,LEC_A,LectureHall,1,Monday,6,26.5,76.1,25,32.4,26.2
EC002974,BUS_B,Business,2,Saturday,1,26.0,83.3,0,27.5,31.9
EC002637,RES_A,Residential,8,Friday,7,28.1,78.0,189,42.2,42.9
EC005441,SCI_A,Science,9,Saturday,12,26.8,76.7,1,62.1,57.6
EC002734,BUS_B,Business,15,Wednesday,4,30.7,71.1,150,57.0,65.2
EC002753,SPT_A,Sports,7,Wednesday,7,27.6,78.3,131,57.4,60.7
EC003779,SCI_A,Science,2,Wednesday,3,25.6,85.9,1,60.9,62.0
EC005775,BUS_B,Business,0,Friday,3,26.8,79.9,26,38.4,40.8
EC003954,ENG_A,Engineering,9,Sunday,9,28.2,78.0,3,43.2,49.4
EC003017,LEC_A,LectureHall,23,Tuesday,11,26.2,81.3,19,23.5,30.0
EC001838,SCI_B,Science,16,Thursday,11,29.9,74.3,77,97.2,93.5
EC002072,BUS_A,Business,10,Saturday,8,28.1,82.3,,31.8,29.8
EC005387,LEC_A,LectureHall,15,Sunday,11,30.2,82.9,50,39.3,39.8
EC005394,ENG_B,Engineering,14,Thursday,1,29.7,81.3,162,78.4,72.9
EC006966,RES_B,Residential,4,Monday,1,27.2,83.4,202,48.2,52.5
EC005026,BUS_A,Business,17,Thursday,6,30.1,67.5,77,46.4,50.5
EC001844,BUS_B,Business,3,Wednesday,4,26.7,81.5,11,45.0,38.3
EC005998,LEC_A,LectureHall,18,Sunday,10,30.0,76.6,7,30.2,34.1
EC005621,SPT_A,Sports,12,Monday,5,29.5,80.8,0,44.7,45.3
EC006106,LEC_A,LectureHall,20,Friday,11,27.8,69.5,20,32.3,29.7
EC000753,ADM_A,Administration,7,Friday,5,27.0,79.7,0,22.1,27.8
EC005018,ADM_A,Administration,17,Saturday,9,29.9,80.7,21,32.8,31.3
EC004724,LIB_A,Library,15,Sunday,8,30.8,68.8,167,49.2,54.5
EC001810,BUS_A,Business,16,Monday,7,31.0,75.7,98,65.8,50.3
EC005859,RES_B,Residential,11,Monday,8,30.0,80.2,146,,47.4
EC001656,LIB_A,Library,17,Saturday,11,30.8,79.9,163,57.4,57.6
EC006787,BUS_A,Business,10,Saturday,6,28.8,75.5,17,29.6,35.2
EC001397,BUS_B,Business,8,Sunday,4,26.9,80.3,20,38.6,42.4
EC000902,BUS_A,Business,21,Saturday,2,28.3,78.3,0,32.1,33.5
EC001508,BUS_A,Business,4,Saturday,10,25.5,72.1,0,22.2,26.0
EC000193,BUS_B,Business,6,Friday,9,26.7,83.7,0,38.0,38.4
EC000789,BUS_A,Business,3,Friday,3,25.2,84.8,16,32.3,30.8
EC004892,BUS_B,Business,9,Wednesday,9,27.3,78.5,77,44.2,48.4
EC002893,RES_A,Residential,2,Sunday,7,26.9,79.8,144,48.2,48.8
EC003843,RES_A,Residential,16,Monday,5,31.4,66.5,85,47.5,46.8
EC005016,ENG_B,Engineering,12,Monday,8,30.0,79.7,157,69.6,71.3
EC005180,ADM_A,Administration,1,Friday,1,27.3,81.1,0,24.6,23.7
EC004285,ENG_B,Engineering,17,Wednesday,4,31.2,68.4,92,57.8,66.6
EC003398,LEC_A,LectureHall,9,Friday,11,27.6,80.3,133,48.1,50.9
EC006499,SCI_A,Science,2,Thursday,2,26.8,85.2,6,67.4,74.9
EC004347,BUS_A,Business,8,Friday,2,27.7,74.2,39,38.5,39.5
EC000493,ENG_A,Engineering,20,Thursday,12,26.7,78.5,9,37.3,41.1
EC003836,SCI_B,Science,2,Friday,11,25.0,83.6,0,49.9,56.6
EC007694,LEC_A,LectureHall,3,Sunday,6,25.7,78.6,0,21.6,21.6
EC002606,SCI_A,Science,22,Saturday,10,27.2,77.8,29,73.4,74.9
EC001239,RES_B,Residential,21,Friday,3,27.1,80.5,195,49.0,54.0
EC001129,ENG_B,Engineering,20,Tuesday,6,28.7,76.9,10,38.1,44.9
EC003352,LEC_A,LectureHall,7,Friday,8,26.6,79.5,1,28.1,26.7
EC007401,ADM_A,Administration,5,Sunday,1,24.5,,0,18.5,20.1
EC003141,ENG_B,Engineering,10,Thursday,3,28.3,78.9,102,53.2,57.0
EC003151,SCI_B,Science,13,Thursday,10,30.0,75.1,128,62.6,84.6
EC007887,SCI_B,Science,14,Tuesday,10,30.5,76.4,107,91.3,89.5
EC003741,BUS_B,Business,22,Monday,2,27.7,78.6,0,49.3,42.1
EC007290,LEC_A,LectureHall,21,Thursday,8,28.4,75.3,19,31.3,38.4
EC006836,LEC_A,LectureHall,3,Wednesday,12,24.9,83.3,0,24.9,24.3
EC000263,RES_A,Residential,2,Monday,4,25.2,91.9,145,51.5,49.3
EC000904,SCI_B,Science,12,Wednesday,2,30.6,72.8,2,81.1,79.3
EC006838,LIB_A,Library,15,Saturday,4,31.6,75.8,186,63.3,61.8
EC006219,LIB_A,Library,7,Sunday,12,26.5,82.6,6,27.4,29.2
EC005979,ENG_A,Engineering,4,Sunday,10,26.0,77.8,0,27.5,36.6
EC000019,BUS_B,Business,20,Tuesday,10,27.5,77.4,0,31.1,34.1
EC002980,ENG_B,Engineering,7,Saturday,1,26.5,75.6,6,38.6,40.3
EC003872,SCI_A,Science,19,Thursday,8,28.4,78.6,,78.1,76.2
EC003625,LEC_A,LectureHall,13,Tuesday,10,29.9,79.1,223,68.5,78.2
EC001389,SCI_A,Science,6,Saturday,12,26.5,73.5,0,58.0,68.4
EC000652,BUS_B,Business,11,Friday,10,28.3,74.3,146,59.5,60.5
EC007170,RES_A,Residential,10,Wednesday,10,29.1,74.8,164,40.2,43.5
EC003328,SPT_A,Sports,8,Wednesday,6,28.4,77.2,105,49.1,52.1
EC003178,SCI_B,Science,6,Saturday,3,26.5,84.1,7,59.7,62.0
EC003196,SCI_B,Science,11,Thursday,9,29.4,75.0,,85.4,92.4
EC001909,BUS_B,Business,2,Friday,8,27.1,77.3,0,33.4,33.4
EC002333,LIB_A,Library,15,Tuesday,8,29.8,,234,55.9,64.0
EC006306,ENG_B,Engineering,3,Thursday,11,25.2,80.0,22,39.0,40.2
EC006847,SCI_B,Science,10,Saturday,2,28.5,80.1,29,77.5,71.9
EC005957,BUS_B,Business,5,Sunday,9,26.4,81.8,0,28.7,28.2
EC000322,LEC_A,LectureHall,20,Thursday,8,28.5,84.4,2,30.7,29.7
EC007560,SCI_A,Science,20,Monday,2,28.3,74.6,18,67.6,77.5
EC003256,SPT_A,Sports,8,Saturday,12,26.6,82.0,92,48.6,49.6
EC003690,BUS_B,Business,9,Monday,6,27.9,79.2,83,52.5,55.4
EC002671,ENG_A,Engineering,19,Monday,2,27.5,71.0,18,49.6,49.8
EC000471,SCI_A,Science,14,Monday,10,34.1,89.4,154,102.3,118.2
EC001078,ENG_B,Engineering,3,Wednesday,8,27.8,78.8,13,37.8,38.2
EC003978,RES_A,Residential,12,Saturday,8,27.9,79.2,142,47.9,47.2
EC001654,LIB_A,Library,23,Friday,10,26.7,84.0,40,98.0,53.4
EC003419,LEC_A,LectureHall,18,Sunday,5,31.6,66.3,0,31.1,33.0
EC002760,ADM_A,Administration,18,Tuesday,12,29.3,,40,27.0,32.7
EC002885,RES_A,Residential,13,Sunday,3,30.4,75.8,101,33.9,35.0
EC006799,BUS_A,Business,0,Sunday,8,25.0,78.1,0,19.7,23.7
EC006664,RES_A,Residential,4,Tuesday,9,27.5,82.6,188,49.9,51.2
EC006263,LEC_A,LectureHall,20,Saturday,3,28.5,77.4,15,31.4,30.0
EC000675,ENG_B,Engineering,8,Saturday,2,27.9,75.1,19,44.1,40.7
EC005168,ENG_B,Engineering,20,Friday,10,27.7,73.1,38,38.6,41.8
EC003834,ENG_A,Engineering,22,Friday,4,30.1,77.1,53,51.4,56.4
EC004732,RES_A,Residential,0,Tuesday,4,26.1,81.6,100,42.5,45.8
EC000546,BUS_A,Business,5,Thursday,6,26.7,79.0,13,28.7,37.8
EC000811,SCI_A,Science,9,Tuesday,12,25.8,84.6,57,56.2,68.4
EC003948,LEC_A,LectureHall,15,Thursday,3,31.3,64.2,196,84.8,79.9
EC003464,LIB_A,Library,10,Monday,5,28.9,72.3,73,35.3,43.6
EC000010,ADM_A,Administration,3,Saturday,9,27.1,79.4,0,18.0,19.2
EC001416,RES_B,Residential,19,Wednesday,10,28.4,67.9,179,36.0,35.7
EC006640,LIB_A,Library,20,Saturday,4,28.3,77.8,222,69.9,72.1
EC002793,RES_A,Residential,15,Tuesday,11,30.0,,112,43.1,45.3
EC006343,SCI_A,Science,9,Friday,6,29.0,74.8,70,84.0,90.9
EC001475,SPT_A,Sports,10,Saturday,3,29.0,81.4,46,50.1,51.3
EC005244,LEC_A,LectureHall,0,Tuesday,12,25.8,79.6,13,22.7,28.9
EC007069,SCI_A,Science,22,Thursday,2,28.5,81.9,4,71.3,76.6
EC003742,ADM_A,Administration,0,Thursday,4,27.4,72.7,6,26.1,27.8
EC003875,SPT_A,Sports,12,Wednesday,5,29.5,75.3,11,49.1,44.8
EC003289,RES_A,Residential,23,Friday,1,26.8,84.2,267,56.6,61.4
EC000713,ENG_A,Engineering,4,Thursday,2,25.3,83.0,8,39.7,37.8
EC004363,ENG_A,Engineering,12,Tuesday,7,28.5,67.2,224,89.2,82.7
EC007089,ADM_A,Administration,12,Monday,4,31.1,72.5,133,44.7,49.8
EC007046,SPT_A,Sports,1,Thursday,4,27.9,74.6,49,40.8,39.7
EC006096,SCI_A,Science,13,Monday,8,29.6,79.0,126,105.5,101.1
EC002269,SPT_A,Sports,12,Sunday,6,29.9,78.5,47,46.0,47.6
EC003247,ENG_A,Engineering,11,Sunday,8,29.6,71.2,61,66.8,64.6
EC006262,BUS_B,Business,9,Wednesday,4,28.5,70.3,95,58.8,56.8
EC005291,SCI_A,Science,0,Thursday,3,26.4,83.6,0,49.4,53.4
EC006039,RES_A,Residential,12,Tuesday,11,34.2,82.2,268,67.1,60.7
EC001212,LEC_A,LectureHall,23,Wednesday,4,26.3,79.9,0,23.9,22.7
EC005881,LIB_A,Library,23,Thursday,6,26.8,83.7,21,79.8,48.4
EC003802,RES_B,Residential,23,Monday,11,27.6,75.0,261,49.1,53.6
EC005688,RES_B,Residential,23,Sunday,2,27.0,74.5,250,63.3,62.2
EC005120,ENG_B,Engineering,14,Thursday,11,29.5,75.2,150,64.2,64.4
EC006948,BUS_B,Business,10,Wednesday,3,29.0,79.5,82,57.6,57.3
EC004628,BUS_A,Business,7,Wednesday,12,27.2,82.2,10,32.6,29.0
EC000650,RES_B,Residential,14,Tuesday,9,29.9,69.4,286,49.7,54.0
EC006808,SCI_B,Science,8,Wednesday,12,27.6,75.7,52,69.3,73.2
EC003613,RES_A,Residential,8,Monday,12,25.9,79.1,186,35.4,42.3
EC005618,RES_B,Residential,15,Wednesday,6,30.9,79.1,127,44.1,47.5
EC004746,LEC_A,LectureHall,7,Tuesday,4,28.4,81.5,5,32.2,30.9
EC004900,SCI_A,Science,12,Wednesday,6,29.6,73.5,137,98.9,103.5
EC007342,SPT_A,Sports,3,Thursday,7,25.7,81.5,37,40.3,38.5
EC000114,SCI_B,Science,3,Friday,7,27.8,77.3,0,58.0,58.3
EC006005,LIB_A,Library,10,Friday,11,28.9,79.2,75,44.5,47.7
EC003996,SCI_A,Science,1,Thursday,11,26.4,81.3,3,60.3,61.1
EC002381,SCI_A,Science,8,Sunday,10,27.3,80.2,9,73.1,75.9
EC007659,SCI_A,Science,1,Saturday,9,25.1,83.2,16,56.0,60.1
EC003058,RES_A,Residential,8,Monday,3,25.7,81.9,148,39.1,40.6
EC001887,SPT_A,Sports,4,Wednesday,3,26.8,78.6,14,38.3,40.6
EC007827,ENG_A,Engineering,3,Wednesday,8,27.7,77.8,0,35.7,43.9
EC003965,SCI_B,Science,12,Tuesday,10,29.6,71.2,107,68.6,79.9
EC003984,LIB_A,Library,6,Friday,11,26.4,81.1,0,26.0,23.7
EC007597,BUS_B,Business,5,Saturday,10,25.3,84.5,0,25.4,24.8
EC005206,SCI_B,Science,17,Wednesday,7,30.7,69.9,63,90.2,91.6
EC001544,BUS_B,Business,12,Sunday,7,30.6,68.8,59,47.4,48.0
EC002317,RES_A,Residential,20,Friday,7,30.0,75.2,190,61.9,54.1
EC002924,ENG_A,Engineering,9,Friday,7,28.1,78.7,,58.2,63.3
EC002127,SCI_B,Science,12,Monday,9,29.8,76.2,92,85.8,89.5
EC002751,BUS_A,Business,10,Friday,9,27.8,81.2,125,49.7,54.6
EC006900,BUS_A,Business,16,Friday,10,29.3,77.9,97,53.3,52.8
EC000884,ADM_A,Administration,12,Thursday,11,30.0,77.0,111,44.4,45.4
EC001530,RES_A,Residential,7,Saturday,3,26.9,82.5,213,50.5,53.5
EC005146,SPT_A,Sports,3,Friday,3,28.1,79.7,0,42.9,40.1
EC004574,ADM_A,Administration,4,Sunday,2,26.7,80.4,0,20.9,20.9
EC007802,LEC_A,LectureHall,2,Sunday,2,25.8,82.8,13,24.0,23.4
EC006064,SPT_A,Sports,5,Wednesday,4,28.0,76.1,65,49.6,53.8
EC002881,ENG_A,Engineering,2,Saturday,12,26.3,79.9,0,43.2,37.6
EC001889,BUS_A,Business,16,Thursday,6,30.1,77.0,85,,52.7
EC002471,BUS_B,Business,7,Wednesday,2,26.9,81.8,0,33.8,38.4
EC003936,RES_B,Residential,20,Tuesday,2,29.7,74.3,193,51.3,49.3
EC001223,BUS_B,Business,11,Monday,7,28.9,77.9,147,66.4,71.2
EC001157,SCI_A,Science,15,Friday,4,29.3,75.6,137,96.0,100.4
EC004398,RES_B,Residential,21,Tuesday,7,30.1,68.9,219,57.0,61.9
EC003526,RES_A,Residential,15,Wednesday,11,34.1,80.5,290,61.2,64.1
EC000073,SCI_B,Science,13,Thursday,6,30.6,75.2,121,89.7,92.3
EC000728,LEC_A,LectureHall,22,Sunday,3,28.3,77.5,49,77.7,48.7
EC006349,ENG_A,Engineering,8,Thursday,11,27.8,76.5,79,49.5,56.9
EC004441,RES_A,Residential,16,Saturday,2,29.3,75.0,113,48.8,48.3
EC001495,RES_B,Residential,2,Sunday,12,26.4,84.3,149,40.8,43.1
EC000353,SCI_A,Science,9,Thursday,10,26.7,83.4,74,80.5,81.6
EC005763,ADM_A,Administration,1,Saturday,9,27.5,82.0,0,16.0,21.9
EC006582,LEC_A,LectureHall,7,Friday,12,26.3,77.1,0,20.6,24.2
EC003993,SCI_B,Science,11,Monday,5,30.7,77.5,104,93.9,94.6
EC006284,SCI_B,Science,5,Saturday,7,28.2,82.6,9,68.5,72.3
EC006581,LIB_A,Library,0,Monday,1,26.8,76.2,7,34.6,31.2
EC004240,LIB_A,Library,13,Saturday,11,29.2,77.8,124,41.0,44.9
EC002094,BUS_B,Business,17,Wednesday,10,28.9,83.3,64,42.9,47.2
EC006155,LEC_A,LectureHall,1,Monday,1,26.7,81.9,0,11.1,22.2
EC005908,BUS_A,Business,10,Tuesday,4,29.5,79.8,98,51.6,54.5
EC006903,BUS_A,Business,11,Tuesday,8,29.1,75.9,125,62.6,58.2
EC004489,SCI_A,Science,5,Saturday,10,25.5,81.9,0,61.7,61.4
EC006454,LIB_A,Library,13,Saturday,8,30.9,69.7,146,61.0,57.4
EC005297,RES_B,Residential,6,Monday,10,26.3,87.2,204,46.0,46.8
EC006899,LEC_A,LectureHall,11,Tuesday,9,27.8,73.8,179,57.8,65.8
EC006856,RES_B,Residential,11,Saturday,3,30.1,76.0,124,43.1,45.5
EC000091,LEC_A,LectureHall,7,Thursday,7,27.6,84.1,0,27.1,31.2
EC001514,ADM_A,Administration,9,Friday,7,26.8,85.2,65,29.7,30.9
EC002340,LEC_A,LectureHall,15,Saturday,4,32.1,69.5,34,39.4,42.3
EC000517,RES_A,Residential,15,Friday,7,30.0,71.8,108,46.8,51.3
EC001646,BUS_B,Business,12,Monday,9,,82.8,180,66.0,64.7
EC000729,SPT_A,Sports,13,Tuesday,1,34.2,84.1,233,72.1,79.9
EC004577,ENG_A,Engineering,3,Sunday,9,25.4,82.2,0,32.0,32.3
EC006905,RES_A,Residential,1,Monday,7,26.6,80.1,162,49.8,47.3
EC005393,ENG_A,Engineering,16,Monday,7,29.5,75.2,128,74.6,69.2
EC004857,LIB_A,Library,10,Saturday,2,28.8,81.0,38,41.5,39.3
EC001533,ADM_A,Administration,2,Thursday,8,27.1,74.9,0,23.8,24.3
EC000576,RES_B,Residential,6,Sunday,6,28.8,77.9,216,52.9,54.8
EC007885,LEC_A,LectureHall,20,Monday,11,27.7,82.3,3,23.5,31.2
EC005326,LEC_A,LectureHall,20,Friday,8,27.3,79.5,0,26.6,24.7
EC005132,SCI_B,Science,22,Saturday,11,26.3,79.4,5,56.4,59.5
EC007777,LIB_A,Library,17,Saturday,1,29.7,80.7,161,52.5,56.8
EC003773,ENG_B,Engineering,8,Monday,2,26.0,80.1,125,35.3,48.1
EC006606,ADM_A,Administration,11,Tuesday,3,29.5,85.9,77,42.4,43.5
EC006061,ENG_A,Engineering,8,Thursday,7,28.0,76.7,87,50.4,61.4
EC001582,ENG_A,Engineering,6,Friday,3,28.8,74.0,6,44.0,48.3
EC006545,ENG_A,Engineering,23,Friday,6,27.7,84.4,18,52.4,51.3
EC004710,ENG_A,Engineering,1,Thursday,8,25.0,78.7,0,38.9,36.5
EC004964,LIB_A,Library,0,Wednesday,6,25.9,88.5,0,27.2,25.1
EC000277,ADM_A,Administration,12,Thursday,7,29.4,76.6,98,36.9,37.1
EC001511,BUS_B,Business,14,Thursday,2,31.1,79.1,162,70.0,73.4
EC002708,RES_B,Residential,16,Tuesday,6,31.2,71.6,104,47.0,44.0
EC006314,RES_B,Residential,11,Wednesday,10,30.3,71.7,127,40.1,43.1
EC003273,BUS_B,Business,9,Tuesday,6,28.5,80.8,179,33.4,60.4
EC001295,RES_A,Residential,6,Sunday,1,26.3,86.1,184,42.4,50.2
EC003326,BUS_B,Business,21,Friday,8,29.4,74.3,6,40.4,45.5
EC000324,BUS_B,Business,7,Monday,8,26.9,77.7,0,38.5,35.2
EC002182,LIB_A,Library,4,Sunday,8,26.9,72.4,20,32.7,33.2
EC001423,LIB_A,Library,19,Tuesday,5,28.0,81.4,142,49.8,51.0
EC006579,ENG_B,Engineering,18,Wednesday,7,30.0,74.9,59,55.3,61.8
EC001689,SCI_A,Science,19,Sunday,2,29.5,77.6,28,84.8,79.4
EC005628,ENG_A,Engineering,18,Friday,4,29.8,70.8,70,61.5,57.9
EC007942,SCI_B,Science,12,Tuesday,9,,71.6,114,71.5,81.5
EC004112,LEC_A,LectureHall,16,Wednesday,6,30.2,68.6,124,59.0,63.6
EC005032,LEC_A,LectureHall,9,Wednesday,7,27.9,75.1,102,49.7,47.6
EC005889,RES_B,Residential,7,Monday,6,26.6,89.1,190,49.6,50.8
EC000044,SCI_A,Science,22,Wednesday,10,27.3,80.5,,74.8,68.2
EC007555,ENG_A,Engineering,22,Thursday,8,27.6,83.7,0,47.0,45.6
EC000076,RES_A,Residential,17,Tuesday,11,27.2,84.1,144,36.1,41.0
EC007953,RES_B,Residential,21,Saturday,7,28.7,82.3,283,48.9,58.4
EC007773,ENG_B,Engineering,22,Monday,4,27.9,84.0,0,35.8,43.3
EC007603,ENG_B,Engineering,2,Thursday,1,27.1,80.3,17,34.9,44.1
EC005981,SCI_A,Science,9,Tuesday,6,27.9,77.3,173,102.3,103.4
EC006748,RES_B,Residential,23,Sunday,6,28.5,77.7,271,48.3,53.9
EC003619,RES_A,Residential,15,Tuesday,11,30.2,79.0,111,33.4,43.3
EC007303,ENG_A,Engineering,14,Tuesday,5,30.8,74.5,226,82.2,95.4
EC007242,LEC_A,LectureHall,0,Sunday,11,25.6,79.7,0,18.0,24.4
EC006354,SCI_A,Science,11,Sunday,7,28.5,73.5,36,85.5,74.6
EC002202,RES_A,Residential,0,Sunday,2,27.3,83.5,122,51.4,48.7
EC007815,ENG_A,Engineering,0,Friday,7,26.7,80.7,23,47.0,48.6
EC004906,SCI_B,Science,11,Friday,9,27.5,73.8,128,78.0,80.1
EC004582,BUS_B,Business,2,Monday,1,25.7,81.9,14,37.9,36.3
EC003985,SCI_B,Science,12,Sunday,10,30.8,71.1,19,72.5,75.3
EC005368,ADM_A,Administration,17,Saturday,3,31.4,69.6,17,28.1,33.2
EC003878,SCI_B,Science,16,Thursday,12,29.7,79.7,93,92.5,95.4
EC001209,SCI_A,Science,8,Thursday,9,27.2,75.5,43,75.6,78.6
EC003222,LEC_A,LectureHall,19,Saturday,2,28.9,72.5,20,33.5,37.1
EC004623,BUS_A,Business,11,Sunday,3,30.8,83.3,23,41.1,38.9
EC006093,BUS_A,Business,13,Thursday,7,29.7,74.3,165,57.3,64.2
EC006517,ENG_A,Engineering,20,Tuesday,2,29.1,74.7,39,56.9,55.9
EC003143,SCI_B,Science,21,Saturday,6,29.5,69.3,4,69.5,74.4
EC007088,ADM_A,Administration,21,Wednesday,9,27.0,75.4,10,19.9,22.1
EC001625,SCI_A,Science,17,Sunday,10,29.7,75.0,26,75.4,83.9
EC003807,RES_B,Residential,12,Wednesday,9,28.9,70.0,101,43.6,39.6
EC001443,BUS_B,Business,13,Monday,10,31.3,72.2,182,57.7,66.2
EC004088,SPT_A,Sports,13,Wednesday,2,29.5,76.2,16,42.3,44.1
EC001762,BUS_B,Business,20,Friday,12,28.0,80.1,9,40.6,44.8
EC003608,LEC_A,LectureHall,4,Monday,5,27.6,74.2,7,29.8,28.8
EC004324,BUS_B,Business,1,Sunday,5,27.0,80.6,28,37.2,33.9
EC004405,SCI_A,Science,4,Tuesday,5,26.6,73.9,0,62.2,63.2
EC006323,ENG_A,Engineering,3,Monday,4,26.9,77.4,0,38.8,38.9
EC006060,SPT_A,Sports,6,Wednesday,7,27.3,77.8,95,45.3,45.4
EC001872,BUS_B,Business,20,Thursday,5,30.8,73.2,6,45.8,51.7
EC005353,BUS_A,Business,6,Tuesday,7,27.5,73.8,0,25.1,28.8
EC007055,ENG_B,Engineering,21,Tuesday,7,23.9,95.7,11,35.5,33.7
EC000104,SCI_A,Science,0,Saturday,7,26.5,74.1,0,60.3,64.9
EC001335,LEC_A,LectureHall,15,Sunday,11,31.0,77.3,261,68.9,79.6
EC002805,BUS_B,Business,0,Sunday,1,26.5,85.5,21,28.9,30.1
EC000006,BUS_A,Business,3,Wednesday,9,26.7,78.8,5,31.8,33.9
EC006604,BUS_A,Business,20,Wednesday,2,29.0,,2,32.6,32.9
EC007517,SCI_A,Science,18,Wednesday,10,29.8,79.5,33,65.3,84.2
EC002309,SPT_A,Sports,4,Monday,7,26.4,81.3,47,32.8,39.5
EC005646,BUS_B,Business,6,Monday,11,26.0,78.3,19,32.2,38.6
EC004406,SCI_B,Science,0,Tuesday,2,27.9,79.3,24,63.0,56.3
EC002792,ADM_A,Administration,20,Sunday,5,28.6,69.0,3,24.4,25.7
EC005460,LEC_A,LectureHall,4,Friday,2,25.6,72.7,0,20.7,23.7
EC000165,SCI_B,Science,23,Monday,5,26.8,78.7,15,66.5,67.8
EC002467,ENG_B,Engineering,4,Saturday,6,24.1,76.2,0,32.9,33.5
EC004184,LIB_A,Library,13,Monday,11,30.5,78.1,139,56.1,53.5
EC001766,RES_B,Residential,9,Tuesday,8,28.7,79.2,131,40.9,42.0
EC005012,SPT_A,Sports,1,Wednesday,2,26.0,81.4,7,36.4,38.7
EC006256,LEC_A,LectureHall,18,Saturday,1,29.2,79.3,27,27.9,30.9
EC007178,BUS_A,Business,23,Sunday,9,28.5,68.4,0,33.1,33.7
EC001774,BUS_A,Business,12,Tuesday,4,30.0,69.2,141,53.9,57.4
EC007161,BUS_B,Business,18,Friday,10,30.5,73.4,63,47.8,55.7
EC000085,BUS_B,Business,3,Monday,10,,88.0,0,5.3,22.1
EC007296,SCI_B,Science,12,Thursday,12,28.2,80.4,122,75.8,81.2
EC001237,RES_B,Residential,12,Friday,7,30.3,79.2,96,38.9,43.0
EC003755,LEC_A,LectureHall,0,Monday,3,26.6,78.3,0,23.7,27.1
EC001050,RES_A,Residential,6,Wednesday,2,28.2,77.0,205,49.1,59.3
EC002665,SCI_A,Science,12,Wednesday,3,31.2,73.2,168,115.6,117.4
EC003642,ENG_B,Engineering,7,Wednesday,5,30.0,71.9,3,45.5,50.2
EC003068,ADM_A,Administration,15,Monday,7,29.7,76.7,86,35.9,47.3
EC002505,BUS_A,Business,9,Friday,10,28.0,79.3,160,22.4,43.1
EC004404,ENG_B,Engineering,4,Friday,3,24.5,84.7,6,29.1,34.1
EC004509,RES_A,Residential,0,Sunday,6,27.8,80.3,145,,57.6
EC005085,SCI_B,Science,11,Tuesday,4,30.4,68.8,100,84.8,87.9
EC007630,LIB_A,Library,10,Monday,5,29.0,78.5,31,39.3,40.2
EC002363,BUS_A,Business,10,Sunday,2,29.0,72.1,0,31.5,36.6
EC001324,RES_A,Residential,2,Saturday,9,25.9,85.3,160,45.4,43.6
EC004882,LEC_A,LectureHall,21,Wednesday,11,27.4,74.2,0,27.7,28.8
EC003774,ADM_A,Administration,7,Monday,7,27.8,80.5,8,23.9,27.5
EC001015,BUS_A,Business,1,Monday,2,26.7,80.5,0,25.3,25.9
EC002251,SCI_A,Science,9,Friday,7,29.0,81.5,121,52.0,86.7
EC006971,SPT_A,Sports,11,Sunday,6,28.9,78.8,0,32.9,43.4
EC006696,SCI_A,Science,14,Wednesday,9,29.9,77.5,132,104.7,97.0
EC006409,SCI_A,Science,13,Wednesday,3,30.7,71.3,118,97.7,98.8
EC002277,LEC_A,LectureHall,6,Saturday,1,26.4,85.5,43,31.0,31.3
EC006614,LEC_A,LectureHall,10,Thursday,2,27.8,77.0,151,48.4,58.9
EC000533,SCI_B,Science,3,Sunday,5,26.4,83.6,0,59.5,61.9
EC004000,LIB_A,Library,11,Wednesday,4,29.3,80.1,69,43.8,43.9
EC007610,BUS_A,Business,1,Monday,5,28.0,81.1,0,34.8,31.1
EC004316,SCI_A,Science,21,Wednesday,7,30.2,82.8,13,80.2,81.3
EC007488,RES_B,Residential,1,Wednesday,9,25.5,83.8,104,41.0,41.9
EC003403,BUS_B,Business,4,Wednesday,4,26.6,74.2,23,32.6,38.7
EC007681,ENG_A,Engineering,7,Saturday,3,26.6,76.8,0,41.2,40.9
EC000143,BUS_B,Business,14,Sunday,3,30.8,75.1,9,36.7,42.6
EC005041,SCI_A,Science,20,Monday,8,30.4,70.9,33,86.9,82.9
EC000221,LIB_A,Library,17,Tuesday,6,31.3,72.6,167,58.1,58.6
EC003651,ADM_A,Administration,22,Friday,9,26.1,79.4,15,23.8,25.9
EC004032,SCI_A,Science,6,Thursday,6,27.4,85.4,0,53.0,62.3
EC001275,BUS_B,Business,15,Tuesday,11,30.4,72.9,152,66.1,68.7
EC007054,SPT_A,Sports,5,Wednesday,11,25.3,87.2,79,,44.5
EC000219,SCI_B,Science,3,Tuesday,2,27.2,76.6,0,58.4,61.4
EC003725,ENG_A,Engineering,15,Thursday,3,30.6,76.5,149,75.9,79.8
EC001929,ENG_B,Engineering,7,Wednesday,3,29.0,82.3,0,47.3,46.6
EC004872,SCI_B,Science,15,Sunday,8,29.8,74.9,32,70.4,78.4
EC003821,ADM_A,Administration,12,Tuesday,3,28.7,72.9,109,40.6,41.6
EC007515,SPT_A,Sports,17,Wednesday,7,30.0,74.2,89,55.5,60.0
EC000294,LEC_A,LectureHall,16,Saturday,4,29.5,73.1,46,33.8,40.8
EC001602,ENG_B,Engineering,2,Monday,6,,,9,42.3,41.2
EC004767,ENG_A,Engineering,23,Sunday,9,25.5,87.7,0,33.4,41.4
EC002239,BUS_A,Business,1,Monday,9,27.4,76.6,3,30.3,30.6
EC005097,BUS_A,Business,9,Thursday,7,30.0,69.2,51,43.0,44.4
EC007494,ADM_A,Administration,1,Thursday,5,27.9,76.6,11,31.9,27.6
EC001726,LIB_A,Library,21,Friday,6,29.7,74.7,72,46.1,50.7
EC006630,ENG_B,Engineering,4,Wednesday,3,26.8,86.4,5,40.2,42.0
EC006274,BUS_A,Business,5,Saturday,6,27.9,78.8,13,34.7,29.6
EC006110,ENG_B,Engineering,19,Sunday,8,29.2,76.7,0,39.7,46.3
EC002476,RES_B,Residential,16,Thursday,3,31.6,71.9,115,42.4,47.6
EC003574,ADM_A,Administration,4,Thursday,5,26.8,77.4,0,24.7,32.0
EC002531,SCI_B,Science,0,Thursday,10,25.3,79.1,5,54.8,59.3
EC003752,LIB_A,Library,7,Friday,12,28.3,83.8,,32.2,34.1
EC004380,ENG_A,Engineering,23,Thursday,6,27.7,69.4,11,41.8,44.4
EC002880,RES_B,Residential,19,Wednesday,5,29.9,72.6,163,42.9,41.9
EC000930,ENG_B,Engineering,20,Thursday,10,28.7,80.7,41,49.5,50.9
EC003189,SCI_B,Science,14,Monday,3,30.4,78.9,115,70.1,92.0
EC003281,BUS_A,Business,16,Monday,10,30.6,73.9,94,48.8,56.0
EC007960,SPT_A,Sports,20,Saturday,3,29.4,75.7,169,67.6,67.7
EC001174,RES_B,Residential,22,Saturday,2,,78.8,239,63.7,61.3
EC000557,LIB_A,Library,20,Wednesday,6,28.4,74.2,123,48.7,55.5
EC004003,SCI_B,Science,10,Sunday,6,30.1,82.3,27,70.8,74.9
EC004613,SPT_A,Sports,23,Sunday,6,27.5,80.1,75,42.0,44.6
EC002826,ENG_B,Engineering,10,Friday,8,27.6,76.8,121,68.6,57.1
EC007598,RES_A,Residential,16,Tuesday,3,32.2,73.2,138,47.7,55.0
EC007150,ENG_A,Engineering,11,Tuesday,11,30.6,67.8,165,87.1,82.1
EC006452,ADM_A,Administration,9,Friday,10,27.3,81.2,53,31.5,27.8
EC000538,BUS_A,Business,8,Saturday,10,27.3,77.8,11,26.6,31.3
EC007135,SPT_A,Sports,11,Saturday,8,27.8,81.8,219,65.4,58.1
EC001196,ENG_A,Engineering,7,Monday,8,26.3,75.2,12,38.8,41.2
EC004333,BUS_B,Business,23,Saturday,1,26.9,79.3,0,30.3,31.4
EC000367,SPT_A,Sports,17,Monday,5,33.2,67.2,85,66.7,71.2
EC002469,RES_B,Residential,23,Sunday,9,26.6,81.9,231,42.9,47.8
EC004022,RES_B,Residential,21,Monday,12,27.1,86.5,217,44.7,51.6
EC002341,BUS_B,Business,0,Friday,4,27.2,80.6,13,37.8,49.0
EC006544,BUS_B,Business,21,Wednesday,11,28.0,81.5,0,38.6,34.3
EC001340,ENG_A,Engineering,4,Tuesday,2,26.5,,20,42.4,41.2
EC002226,LIB_A,Library,20,Friday,1,28.6,85.5,105,45.6,47.5
EC003469,RES_A,Residential,11,Friday,12,29.6,75.8,133,47.1,44.9
EC004040,ENG_B,Engineering,3,Thursday,3,27.3,74.8,0,35.8,36.0
EC005940,RES_A,Residential,16,Tuesday,3,30.7,79.3,151,53.8,53.9
EC002032,ADM_A,Administration,20,Tuesday,10,29.8,76.9,0,36.1,33.9
EC006822,SCI_A,Science,20,Monday,4,29.6,77.6,17,76.5,80.7
EC005115,ENG_B,Engineering,21,Monday,6,29.4,78.3,27,49.1,51.3
EC005753,RES_A,Residential,15,Friday,1,28.8,78.6,111,39.4,41.4
EC007575,RES_A,Residential,10,Sunday,6,28.8,80.0,195,39.6,42.9
EC001419,LEC_A,LectureHall,22,Tuesday,5,27.6,88.4,12,34.7,39.9
EC005528,SCI_B,Science,8,Tuesday,9,27.7,74.3,69,68.6,66.7
EC001112,RES_B,Residential,7,Saturday,6,26.2,80.8,207,42.9,47.1
EC003905,RES_B,Residential,7,Sunday,1,27.0,85.0,186,40.3,53.6
EC005472,LIB_A,Library,15,Monday,2,31.5,68.8,203,62.3,69.2
EC005414,LEC_A,LectureHall,8,Friday,3,28.3,72.9,62,43.4,43.8
EC004807,ENG_A,Engineering,8,Friday,12,27.4,77.1,86,49.2,50.7
EC003881,SCI_B,Science,11,Monday,9,28.1,76.2,79,72.5,78.7
EC004418,RES_B,Residential,6,Saturday,4,28.3,81.6,178,44.2,54.1
EC001167,LEC_A,LectureHall,2,Tuesday,8,26.4,75.9,2,23.5,27.7
EC007240,ADM_A,Administration,8,Tuesday,6,26.6,82.7,46,35.1,31.0
EC007724,SCI_A,Science,13,Friday,11,29.3,75.0,121,87.0,99.1
EC002165,BUS_B,Business,21,Tuesday,10,25.6,88.9,0,30.6,31.5
EC007152,SCI_B,Science,0,Wednesday,9,27.0,80.4,20,58.4,66.2
EC001313,ADM_A,Administration,21,Monday,8,29.0,76.6,17,28.9,31.1
EC002920,ENG_A,Engineering,22,Sunday,3,27.2,79.3,21,47.2,49.5
EC001210,LEC_A,LectureHall,22,Thursday,5,29.0,78.2,18,76.9,47.8
EC004328,BUS_A,Business,21,Saturday,7,29.0,76.8,0,32.8,32.7
EC003496,LEC_A,LectureHall,6,Wednesday,10,25.1,80.1,21,,22.7
EC002644,LIB_A,Library,0,Wednesday,1,26.2,86.8,0,22.9,27.9
EC001035,BUS_B,Business,14,Monday,8,29.9,75.3,151,58.8,61.2
EC002737,ENG_B,Engineering,23,Monday,1,27.8,75.9,0,34.8,42.0
EC002590,BUS_A,Business,18,Sunday,9,28.9,73.5,22,26.2,30.3
EC004202,ADM_A,Administration,3,Wednesday,12,25.5,80.3,4,20.1,17.9
EC004768,SCI_A,Science,9,Saturday,11,27.8,77.6,30,69.6,69.7
EC007903,RES_B,Residential,2,Wednesday,8,,85.2,167,41.4,41.4
EC005356,BUS_A,Business,19,Sunday,5,29.7,72.3,0,30.1,38.9
EC000979,BUS_A,Business,18,Thursday,8,29.2,77.9,56,39.9,40.0
EC007880,ENG_A,Engineering,8,Monday,7,29.9,67.9,83,53.3,63.0
EC004471,SCI_A,Science,7,Monday,7,26.7,81.4,0,59.5,67.8
EC006770,RES_A,Residential,7,Monday,10,27.3,85.0,231,42.1,52.7
EC003349,RES_A,Residential,10,Monday,1,29.3,74.7,184,42.8,45.5
EC005630,SCI_B,Science,16,Tuesday,1,,73.3,104,82.3,79.7
EC006025,ENG_A,Engineering,4,Wednesday,11,24.9,78.0,24,38.3,41.2
EC006400,LEC_A,LectureHall,7,Tuesday,5,28.4,82.9,19,40.6,37.3
EC003498,SCI_A,Science,16,Wednesday,6,31.0,67.9,91,112.2,100.8
EC000317,RES_B,Residential,8,Wednesday,8,26.8,78.2,199,40.0,38.4
EC002740,RES_B,Residential,22,Thursday,1,27.5,72.1,259,57.2,53.4
EC005209,SPT_A,Sports,13,Wednesday,7,30.7,75.2,34,43.3,47.2
EC000843,LIB_A,Library,4,Friday,2,25.5,87.0,4,27.3,28.2
EC002878,LEC_A,LectureHall,3,Thursday,8,25.1,80.7,0,11.4,18.6
EC005892,ENG_A,Engineering,2,Sunday,8,24.2,86.6,17,32.7,39.3
EC006294,ENG_B,Engineering,23,Wednesday,7,28.4,70.7,5,38.2,41.7
EC000223,RES_B,Residential,22,Saturday,4,28.0,78.0,238,47.1,53.3
EC005361,BUS_A,Business,2,Friday,3,26.4,80.8,6,40.8,38.2
EC004745,ENG_B,Engineering,14,Friday,1,30.4,75.2,143,74.4,75.3
EC005637,ADM_A,Administration,15,Sunday,11,30.3,76.6,7,28.9,28.8
EC001117,ENG_A,Engineering,17,Tuesday,1,30.6,75.1,91,58.3,63.6
EC003495,LIB_A,Library,9,Wednesday,1,28.3,78.1,39,34.5,38.1
EC002153,SCI_A,Science,12,Thursday,8,29.8,79.1,146,109.7,112.6
EC000631,SPT_A,Sports,1,Tuesday,1,26.0,87.7,22,37.3,38.1
EC002051,RES_B,Residential,14,Saturday,9,29.3,78.0,111,35.3,38.8
EC002588,BUS_A,Business,13,Friday,12,28.8,81.0,137,61.3,57.4
EC004063,LIB_A,Library,13,Thursday,5,29.7,67.3,165,45.0,53.2
EC003747,BUS_A,Business,8,Saturday,4,29.5,71.6,48,41.6,40.3
EC005150,SPT_A,Sports,9,Monday,6,29.7,82.8,48,53.0,55.2
EC006196,RES_A,Residential,4,Friday,5,27.6,77.2,187,48.2,49.1
EC004211,LIB_A,Library,6,Friday,4,27.5,78.9,5,39.1,34.1
EC005752,ENG_B,Engineering,17,Saturday,4,30.8,68.0,24,50.2,55.9
EC006555,SPT_A,Sports,11,Saturday,12,30.4,64.6,32,44.5,43.4
EC001920,ENG_A,Engineering,9,Saturday,11,27.4,82.0,21,42.9,47.3
EC007255,ENG_A,Engineering,19,Friday,11,28.1,78.0,36,57.4,53.0
EC002475,RES_A,Residential,0,Tuesday,2,25.8,83.0,89,40.4,50.9
EC006513,SCI_B,Science,20,Thursday,4,28.0,76.1,7,62.5,66.0
EC002817,ENG_B,Engineering,23,Tuesday,6,27.7,81.8,3,43.6,37.1
EC005710,LEC_A,LectureHall,14,Friday,1,30.7,73.5,161,59.8,68.3
EC001564,LEC_A,LectureHall,13,Friday,11,28.8,78.9,204,65.7,71.6
EC007717,SPT_A,Sports,22,Tuesday,5,28.1,75.8,55,46.6,54.8
EC000409,ENG_B,Engineering,1,Tuesday,7,27.2,77.7,25,42.7,43.7
EC001956,LEC_A,LectureHall,3,Tuesday,8,26.6,80.1,32,30.0,33.8
EC007267,SCI_B,Science,19,Tuesday,9,28.7,80.1,28,68.3,74.6
EC002922,BUS_A,Business,3,Sunday,3,26.3,81.5,0,5.8,20.3
EC007140,SPT_A,Sports,4,Wednesday,7,24.4,86.0,46,35.0,40.4
EC007638,ENG_B,Engineering,3,Tuesday,10,25.6,81.7,6,30.8,32.3
EC001080,ADM_A,Administration,22,Sunday,1,28.2,82.5,0,24.0,22.7
EC001029,SCI_A,Science,14,Wednesday,8,35.3,91.7,132,107.3,121.1
EC005966,LEC_A,LectureHall,12,Monday,12,29.4,72.8,198,71.0,69.4
EC005404,BUS_A,Business,23,Sunday,3,29.3,76.6,6,39.9,39.7
EC000605,SCI_B,Science,8,Saturday,7,26.4,77.2,0,59.6,58.4
EC003099,LIB_A,Library,9,Friday,8,27.0,74.8,50,36.7,32.5
EC004097,SCI_A,Science,7,Tuesday,8,25.2,77.1,11,59.6,57.3
EC001031,LEC_A,LectureHall,11,Thursday,4,29.8,76.3,267,103.3,97.9
EC003611,SPT_A,Sports,22,Sunday,5,27.5,,26,97.9,65.8
EC002702,LEC_A,LectureHall,15,Tuesday,10,27.7,80.9,203,70.4,68.9
EC003134,SCI_A,Science,10,Wednesday,6,29.1,74.8,81,73.5,87.3
EC002860,ENG_B,Engineering,0,Thursday,11,25.9,79.1,5,39.4,37.5
EC006984,RES_A,Residential,13,Thursday,12,30.3,75.3,146,45.2,48.7
EC003340,LIB_A,Library,20,Sunday,10,28.2,81.8,80,45.1,46.8
EC007332,ENG_A,Engineering,11,Sunday,10,29.1,75.0,68,50.5,57.4
EC007053,ENG_A,Engineering,9,Saturday,3,27.7,79.4,39,52.1,53.7
EC005033,BUS_B,Business,7,Wednesday,4,27.1,78.4,133,24.0,48.5
EC001045,RES_B,Residential,13,Monday,10,30.1,75.0,132,42.9,44.6
EC003162,SCI_B,Science,19,Thursday,9,29.0,71.8,14,70.4,66.6
EC000131,SCI_A,Science,4,Saturday,8,26.7,79.0,9,58.2,62.2
EC004927,RES_B,Residential,12,Wednesday,12,29.6,77.9,105,37.2,41.2
EC005081,SCI_B,Science,23,Wednesday,5,,84.6,0,58.6,52.5
EC001961,LIB_A,Library,23,Saturday,2,25.1,83.5,41,33.6,39.0
EC005186,RES_B,Residential,18,Wednesday,11,29.1,77.6,133,37.2,39.5
EC007991,LEC_A,LectureHall,9,Tuesday,8,28.5,79.0,129,56.9,59.8
EC004869,ADM_A,Administration,14,Monday,12,30.8,69.1,113,49.9,45.7
EC007971,ENG_A,Engineering,2,Saturday,8,26.2,79.0,0,38.4,37.3
EC004795,BUS_B,Business,21,Thursday,1,27.4,83.1,13,42.7,42.3
EC000754,SCI_B,Science,5,Tuesday,12,27.4,77.9,0,59.5,58.5
EC006588,LIB_A,Library,7,Wednesday,5,28.8,82.1,0,36.0,39.4
EC001155,BUS_B,Business,23,Monday,12,26.6,76.1,0,30.3,34.2
EC005985,RES_A,Residential,6,Tuesday,9,25.7,86.8,243,47.4,48.6
EC003270,BUS_A,Business,6,Sunday,9,27.4,82.6,27,33.8,31.7
EC001168,LEC_A,LectureHall,4,Thursday,2,27.1,78.8,0,14.1,19.8
EC007548,ENG_B,Engineering,17,Friday,10,28.7,75.3,79,54.1,53.6
EC001478,ENG_A,Engineering,3,Monday,11,24.1,85.8,47,38.4,43.2
EC003784,ADM_A,Administration,9,Monday,6,29.1,82.3,72,36.3,35.6
EC002321,SPT_A,Sports,23,Sunday,8,26.4,85.7,31,34.2,34.4
EC006305,BUS_B,Business,17,Friday,7,31.0,76.1,,56.2,63.9
EC000272,SCI_A,Science,5,Friday,8,26.5,81.8,0,60.7,62.3
EC003154,RES_A,Residential,12,Saturday,10,30.0,76.5,187,50.3,54.8
EC006645,BUS_B,Business,6,Saturday,12,25.6,80.4,0,30.0,31.7
EC006608,LIB_A,Library,16,Tuesday,3,30.2,72.2,173,55.6,56.4
EC002393,ENG_B,Engineering,6,Wednesday,6,26.3,75.4,0,37.5,38.1
EC001244,ENG_B,Engineering,20,Saturday,5,28.5,76.0,35,46.6,51.0
EC002585,BUS_B,Business,9,Monday,3,28.0,81.0,112,47.9,57.7
EC006656,BUS_A,Business,19,Friday,7,29.7,80.3,29,43.7,39.3
EC007082,ENG_A,Engineering,15,Wednesday,10,28.1,81.1,172,67.9,70.8
EC007955,SCI_B,Science,17,Thursday,2,30.4,71.7,,71.9,85.9
EC005870,BUS_B,Business,10,Thursday,6,28.9,76.5,141,65.0,64.6
EC001250,SCI_B,Science,15,Monday,2,32.6,68.9,111,99.8,101.9
EC005958,BUS_B,Business,5,Tuesday,2,27.8,83.1,0,47.2,42.5
EC002786,ADM_A,Administration,23,Monday,12,27.1,81.9,12,22.9,26.7
EC001971,RES_A,Residential,18,Thursday,9,29.0,72.2,202,43.3,41.3
EC001655,LEC_A,LectureHall,1,Thursday,5,28.0,77.5,3,28.6,31.7
EC007388,SCI_A,Science,7,Thursday,1,24.2,84.3,5,45.3,55.3
EC004823,LEC_A,LectureHall,0,Saturday,11,25.7,79.7,27,18.8,22.9
EC005363,SCI_A,Science,19,Saturday,7,29.9,68.6,37,71.7,75.4
EC000158,RES_B,Residential,0,Wednesday,11,27.1,81.6,117,39.1,40.8
EC003715,BUS_A,Business,9,Sunday,12,25.3,88.3,22,24.4,22.7
EC000831,ADM_A,Administration,16,Thursday,7,30.7,78.9,75,38.7,41.3
EC005222,ENG_A,Engineering,17,Thursday,2,30.0,70.5,113,58.9,65.5
EC005582,ENG_B,Engineering,14,Sunday,12,30.8,71.5,24,63.6,56.9
EC004080,LEC_A,LectureHall,6,Sunday,9,27.9,76.0,32,23.5,28.3
EC006248,BUS_A,Business,13,Wednesday,1,29.7,72.8,147,49.8,56.2
EC005434,SPT_A,Sports,7,Thursday,4,27.7,83.4,94,56.2,56.6
EC004681,ADM_A,Administration,16,Thursday,9,29.4,79.7,77,37.4,35.7
EC003976,ENG_B,Engineering,10,Saturday,12,28.9,73.6,18,49.3,44.3
EC000416,ENG_B,Engineering,22,Tuesday,7,28.0,74.2,6,43.8,38.8
EC006743,ENG_A,Engineering,0,Friday,5,26.8,82.4,12,76.8,53.4
EC004844,LEC_A,LectureHall,18,Tuesday,9,30.0,73.5,72,49.7,48.7
EC006474,RES_A,Residential,14,Sunday,5,31.4,70.8,125,47.8,50.9
EC006469,SCI_A,Science,13,Sunday,10,30.1,70.7,2,76.6,76.1
EC002987,SPT_A,Sports,23,Thursday,11,26.2,79.3,39,102.6,57.1
EC001095,ENG_A,Engineering,8,Sunday,6,28.0,74.3,39,47.2,51.1
EC004914,BUS_B,Business,5,Saturday,12,25.0,83.0,22,29.4,30.7
EC006717,ENG_A,Engineering,1,Sunday,1,26.6,75.7,11,61.8,47.5
EC004604,SPT_A,Sports,5,Wednesday,3,27.2,73.0,42,48.0,44.9
EC004019,SCI_B,Science,23,Saturday,1,26.5,83.2,0,58.0,68.6
EC002062,ENG_A,Engineering,8,Tuesday,6,,89.2,193,47.8,63.4
EC005385,LEC_A,LectureHall,9,Wednesday,11,26.6,82.7,121,53.0,50.0
EC007725,SPT_A,Sports,10,Wednesday,11,28.9,69.3,54,37.9,41.7
EC006471,LIB_A,Library,7,Saturday,4,29.2,75.6,4,39.7,40.2
EC006837,SCI_B,Science,23,Tuesday,1,27.0,84.2,11,53.9,61.5
EC001756,SPT_A,Sports,16,Monday,11,32.0,67.0,48,56.7,54.0
EC002325,LIB_A,Library,4,Thursday,3,27.6,83.5,40,40.3,39.8
EC000598,SCI_B,Science,8,Wednesday,9,27.8,77.2,55,69.6,73.0
EC004684,LEC_A,LectureHall,3,Tuesday,12,26.4,83.5,0,16.6,27.2
EC000147,ENG_B,Engineering,3,Friday,1,25.0,85.0,10,60.9,42.1
EC007527,SCI_A,Science,19,Saturday,11,29.0,78.7,3,76.3,80.4
EC006816,ENG_B,Engineering,3,Thursday,1,24.7,91.3,3,30.4,34.2
EC002813,RES_A,Residential,13,Tuesday,9,28.1,77.6,84,39.8,43.7
EC007067,ENG_A,Engineering,21,Sunday,5,,75.1,,49.9,48.0
EC003702,LIB_A,Library,21,Saturday,12,26.7,84.3,98,41.6,48.8
EC003680,SCI_B,Science,2,Wednesday,12,26.0,82.5,0,56.8,51.8
EC004979,SCI_B,Science,2,Monday,2,26.9,81.3,8,96.6,73.6
EC000490,ENG_A,Engineering,9,Wednesday,2,27.2,69.6,114,58.9,60.4
EC002645,SCI_A,Science,1,Sunday,1,26.7,86.6,9,70.8,66.9
EC006814,SCI_B,Science,20,Saturday,7,28.2,84.8,25,56.5,66.0
EC006373,BUS_B,Business,19,Sunday,7,29.5,80.1,0,33.2,41.2
EC001033,BUS_B,Business,8,Monday,8,26.6,82.6,182,26.2,51.0
EC005748,LEC_A,LectureHall,12,Thursday,7,29.9,69.3,199,68.7,71.2
EC004910,ADM_A,Administration,21,Thursday,5,23.7,96.4,14,21.7,24.0
EC005544,RES_B,Residential,21,Friday,10,27.7,76.4,241,39.0,47.8
EC004272,RES_B,Residential,21,Monday,2,29.0,79.8,209,50.9,52.5
EC006413,ADM_A,Administration,11,Monday,1,29.1,87.3,92,39.1,36.7
EC002025,LIB_A,Library,6,Friday,2,26.4,81.7,0,27.0,31.5
EC001541,RES_B,Residential,1,Tuesday,10,25.5,85.5,138,44.6,39.3
EC002293,RES_A,Residential,1,Thursday,1,27.5,75.3,112,41.8,50.1
EC004544,SCI_A,Science,11,Monday,12,28.0,70.0,174,87.5,90.2
EC005384,BUS_A,Business,5,Saturday,3,27.8,76.1,,28.0,34.1
EC002904,LIB_A,Library,10,Tuesday,5,30.2,70.9,77,44.4,53.0
EC005011,BUS_B,Business,13,Tuesday,1,,70.9,153,65.1,73.0
EC004163,BUS_B,Business,21,Saturday,1,27.3,77.2,2,33.3,30.7
EC002166,SPT_A,Sports,21,Thursday,11,27.8,79.1,120,55.5,57.2
EC006889,SCI_A,Science,4,Tuesday,7,27.4,80.1,4,62.1,68.1
EC001086,LIB_A,Library,1,Thursday,12,24.7,81.3,10,21.0,26.4
EC002064,SCI_A,Science,8,Monday,11,27.7,78.2,66,73.4,79.8
EC000398,LEC_A,LectureHall,15,Wednesday,8,30.2,68.6,193,86.0,73.9
EC002770,SPT_A,Sports,3,Sunday,2,25.8,84.7,28,37.0,35.1
EC003332,ADM_A,Administration,6,Friday,5,27.4,81.0,5,29.8,29.5
EC004808,RES_A,Residential,5,Saturday,8,28.1,,229,50.9,53.4
EC003841,ENG_B,Engineering,4,Thursday,4,27.1,72.2,0,39.3,43.8
EC001298,SCI_B,Science,3,Thursday,11,24.7,92.5,2,80.0,59.6
EC006002,ENG_A,Engineering,17,Tuesday,3,29.2,74.2,107,72.8,67.4
EC001991,ENG_B,Engineering,6,Monday,1,26.9,80.7,27,45.3,43.8
EC003194,LEC_A,LectureHall,18,Saturday,4,31.3,76.5,273,90.1,93.4
EC006014,LEC_A,LectureHall,8,Friday,9,27.3,90.0,209,39.4,61.2
EC002855,SCI_A,Science,10,Friday,6,28.7,78.6,98,98.9,98.8
EC002973,LEC_A,LectureHall,19,Friday,3,30.7,71.3,21,45.4,46.1
EC003274,ENG_A,Engineering,22,Friday,5,29.0,74.2,23,55.9,58.8
EC003318,SCI_A,Science,9,Thursday,5,27.9,77.4,85,82.7,86.2
EC002196,ENG_B,Engineering,0,Thursday,5,27.0,77.2,0,40.3,40.2
EC000885,RES_B,Residential,5,Sunday,6,26.0,76.7,224,48.0,53.3
EC004401,BUS_A,Business,16,Sunday,11,,78.3,6,27.8,26.9
EC003609,ENG_B,Engineering,14,Wednesday,8,29.6,73.9,142,63.7,66.7
EC005111,SCI_A,Science,9,Saturday,1,28.0,77.0,3,65.9,70.9
EC007937,LIB_A,Library,1,Saturday,12,26.7,83.2,31,33.9,35.2
EC005714,BUS_B,Business,7,Thursday,11,26.7,80.2,0,32.2,33.4
EC005670,ENG_B,Engineering,9,Saturday,4,27.8,80.2,42,37.8,47.3
EC007024,BUS_B,Business,23,Wednesday,11,25.4,77.5,0,28.0,28.8
EC000271,ADM_A,Administration,20,Saturday,6,29.0,74.2,6,26.2,26.5
EC004109,SCI_B,Science,8,Tuesday,4,26.7,85.5,65,71.3,75.8
EC002353,ENG_A,Engineering,9,Sunday,4,29.3,68.6,35,,53.0
EC006145,ADM_A,Administration,1,Monday,6,25.6,77.7,4,21.2,20.5
EC006540,ENG_A,Engineering,6,Thursday,1,26.5,87.2,0,40.6,40.7
EC002858,RES_A,Residential,5,Friday,8,25.6,83.6,234,41.2,49.0
EC002626,ENG_A,Engineering,16,Friday,12,28.2,78.8,128,69.5,69.2
EC004312,BUS_A,Business,3,Saturday,1,25.1,85.6,0,7.0,21.5
EC004761,SCI_B,Science,0,Tuesday,10,27.2,84.1,3,68.7,65.2
EC003677,BUS_B,Business,22,Saturday,8,26.9,78.7,23,31.6,35.0
EC005485,LEC_A,LectureHall,20,Thursday,10,27.8,76.6,11,34.3,31.9
EC003279,LIB_A,Library,3,Sunday,8,25.8,85.3,4,27.5,27.7
EC002833,ENG_A,Engineering,7,Tuesday,4,26.4,77.1,31,42.6,49.0
EC007200,SCI_A,Science,14,Sunday,7,29.1,73.2,37,71.2,73.5
EC001420,SPT_A,Sports,19,Wednesday,5,29.3,79.6,200,68.0,75.5
EC000515,SCI_B,Science,7,Thursday,7,28.6,79.6,0,63.5,69.2
EC001277,ENG_A,Engineering,21,Monday,11,27.4,79.3,40,46.3,43.7
EC000609,SCI_B,Science,1,Wednesday,8,27.9,79.0,8,61.7,65.5
EC005417,ADM_A,Administration,21,Friday,6,28.9,76.3,10,27.9,28.4
EC007021,SCI_B,Science,11,Sunday,6,29.5,74.9,51,82.5,76.6
EC007668,ENG_B,Engineering,23,Monday,8,27.2,91.3,24,36.7,39.3
EC006268,SPT_A,Sports,23,Monday,6,25.6,77.4,43,37.5,41.3
EC007614,RES_B,Residential,19,Tuesday,12,29.5,69.2,177,43.8,43.4
EC003957,SCI_A,Science,13,Sunday,4,30.3,76.7,52,92.1,93.1
EC000948,SCI_A,Science,0,Wednesday,2,25.6,82.8,46,76.9,74.8
EC004188,LIB_A,Library,17,Saturday,10,29.3,69.2,185,54.7,57.1
EC003899,RES_B,Residential,0,Wednesday,5,29.1,81.7,96,45.7,45.7
EC001674,BUS_A,Business,5,Monday,2,27.3,78.5,15,34.4,36.5
EC002660,BUS_A,Business,0,Tuesday,12,23.8,84.4,0,26.6,25.8
EC003442,SCI_A,Science,5,Sunday,6,25.9,82.5,0,62.6,66.2
EC004758,ENG_A,Engineering,18,Tuesday,7,30.3,66.9,63,67.9,62.1
EC007230,LIB_A,Library,0,Tuesday,9,27.4,76.6,15,30.3,31.3
EC002972,LEC_A,LectureHall,9,Wednesday,6,28.6,76.2,111,,56.9
EC001232,RES_B,Residential,18,Friday,12,28.8,82.3,149,39.9,42.7
EC005903,LEC_A,LectureHall,13,Saturday,11,30.5,73.5,231,75.5,76.6
EC002452,LEC_A,LectureHall,21,Sunday,1,27.2,82.2,0,26.0,22.0
EC001472,RES_B,Residential,20,Saturday,8,27.3,78.1,188,40.4,43.1
EC003632,LEC_A,LectureHall,4,Wednesday,10,26.4,79.5,41,27.7,33.9
EC005448,BUS_B,Business,1,Monday,8,,84.3,22,32.9,33.3
EC004661,LEC_A,LectureHall,23,Friday,8,27.0,80.1,13,83.7,46.0
EC005645,LEC_A,LectureHall,2,Thursday,5,26.3,78.5,0,22.1,25.1
EC005369,ADM_A,Administration,18,Wednesday,1,29.1,72.6,52,33.9,36.5
EC000670,BUS_A,Business,22,Thursday,9,27.7,83.8,18,35.0,33.6
EC000029,SCI_A,Science,7,Wednesday,5,27.4,77.7,3,66.7,66.4
EC002241,LEC_A,LectureHall,6,Saturday,7,26.4,79.7,18,22.3,24.7
EC007185,SPT_A,Sports,0,Saturday,2,27.0,77.1,0,31.3,31.9
EC001274,SCI_B,Science,17,Friday,11,28.6,82.7,42,76.3,69.3
EC004766,SPT_A,Sports,18,Monday,3,29.9,68.0,127,60.8,61.1
EC002811,ADM_A,Administration,6,Sunday,4,27.5,76.1,0,22.3,24.8
EC003009,ENG_A,Engineering,2,Sunday,8,26.4,86.8,0,37.8,42.5
EC005918,BUS_A,Business,14,Thursday,1,30.4,67.7,124,62.5,55.8
EC006805,BUS_B,Business,0,Tuesday,2,24.9,82.9,20,44.3,35.0
EC004395,RES_A,Residential,17,Thursday,6,29.9,71.6,189,48.0,48.8
EC004195,SCI_B,Science,15,Sunday,10,30.4,73.2,40,73.2,79.4
EC002990,ENG_A,Engineering,14,Saturday,4,29.9,72.8,57,51.0,58.2
EC007863,ADM_A,Administration,2,Friday,2,25.5,76.3,0,21.0,20.7
EC005557,RES_B,Residential,2,Thursday,2,26.3,81.4,126,42.3,48.2
EC005015,RES_B,Residential,13,Friday,11,28.9,80.0,124,33.7,39.6
EC006803,ADM_A,Administration,13,Friday,10,29.5,81.4,99,37.5,35.6
EC006356,SPT_A,Sports,3,Thursday,8,25.1,86.4,0,32.7,33.4
EC002364,SPT_A,Sports,22,Monday,11,28.2,77.8,39,96.7,61.7
EC001428,ENG_B,Engineering,13,Wednesday,4,30.5,76.6,159,77.1,77.3
EC006086,LEC_A,LectureHall,7,Sunday,9,26.2,84.3,5,21.7,21.0
EC003612,RES_A,Residential,13,Thursday,3,29.9,77.1,125,48.0,45.8
EC001932,BUS_A,Business,3,Monday,10,27.7,83.5,6,31.2,31.1
EC006813,LEC_A,LectureHall,4,Monday,5,26.2,78.7,12,28.9,25.8
EC000101,RES_A,Residential,22,Thursday,1,26.5,81.3,239,48.0,48.9
EC001777,BUS_B,Business,10,Wednesday,4,30.0,65.9,118,56.6,60.3
EC007262,ENG_B,Engineering,15,Monday,9,,71.1,127,71.3,68.7
EC007976,BUS_B,Business,21,Thursday,3,28.5,72.5,9,44.3,44.2
EC005293,LEC_A,LectureHall,12,Friday,11,28.4,84.7,236,81.7,76.7
EC007144,ENG_B,Engineering,5,Tuesday,7,28.6,69.3,22,46.5,48.7
EC005198,SCI_A,Science,5,Thursday,2,26.3,74.2,0,60.8,59.1
EC001529,ENG_A,Engineering,22,Thursday,8,26.3,89.0,27,44.4,46.0
EC005720,ENG_B,Engineering,9,Tuesday,1,27.2,76.0,91,44.7,53.2
EC006016,ADM_A,Administration,16,Friday,7,30.4,75.6,73,41.2,40.8
EC002685,ENG_A,Engineering,6,Tuesday,1,25.8,78.9,19,37.1,37.0
EC001786,RES_A,Residential,10,Saturday,4,29.1,74.4,154,53.3,47.8
EC005190,BUS_A,Business,10,Monday,6,29.9,78.7,90,51.0,53.4
EC001315,ADM_A,Administration,1,Tuesday,1,27.2,86.1,0,22.1,27.8
EC000363,RES_A,Residential,8,Sunday,4,29.4,77.0,245,51.3,52.4
EC000161,LIB_A,Library,15,Friday,10,29.8,72.5,209,62.8,60.4
EC000993,SCI_B,Science,23,Saturday,5,,75.7,0,64.3,71.7
EC005220,RES_A,Residential,21,Tuesday,10,27.4,80.9,230,51.6,57.6
EC007985,BUS_A,Business,22,Wednesday,4,29.0,84.9,0,32.0,40.9
EC003136,RES_B,Residential,11,Thursday,5,30.0,71.3,102,36.6,38.5
EC001485,SPT_A,Sports,0,Monday,12,25.5,84.8,0,28.6,33.1
EC000452,ADM_A,Administration,16,Tuesday,8,28.9,82.1,62,29.4,35.2
EC007919,ENG_B,Engineering,11,Friday,4,30.1,75.3,119,55.8,67.3
EC003629,SPT_A,Sports,16,Monday,12,31.1,78.3,73,52.0,60.9
EC006918,RES_A,Residential,18,Sunday,2,29.2,72.2,175,31.2,41.7
EC005078,LEC_A,LectureHall,11,Wednesday,1,28.2,83.8,191,65.6,65.6
EC005171,BUS_A,Business,7,Sunday,7,27.8,82.1,0,29.0,28.4
EC005529,SCI_B,Science,20,Saturday,4,30.5,82.8,9,87.7,77.3
EC007954,BUS_B,Business,15,Wednesday,11,30.3,78.8,150,68.5,67.5
EC001136,LIB_A,Library,17,Thursday,8,30.3,72.4,232,76.6,69.9
EC004437,LIB_A,Library,4,Thursday,11,26.7,75.9,7,25.3,26.7
EC006410,BUS_A,Business,15,Monday,4,31.5,75.1,118,53.4,59.2
EC001967,SCI_A,Science,4,Saturday,4,27.3,79.8,0,79.3,77.5
EC002373,BUS_A,Business,1,Friday,4,26.8,80.4,0,36.5,38.0
EC004831,RES_A,Residential,21,Wednesday,4,29.0,75.4,253,61.6,57.0
EC005169,SCI_A,Science,3,Sunday,6,25.9,83.7,0,57.7,66.2
EC001914,BUS_B,Business,19,Thursday,12,27.7,76.2,11,41.2,39.6
EC001944,ENG_B,Engineering,10,Monday,11,28.7,74.0,147,59.0,59.3
EC006997,BUS_A,Business,0,Tuesday,5,26.6,82.9,8,33.9,34.0
EC003578,ENG_B,Engineering,11,Sunday,1,29.1,75.2,35,,51.2
EC007235,SPT_A,Sports,18,Tuesday,8,29.4,78.0,153,72.7,66.6
EC000961,ENG_B,Engineering,7,Saturday,10,23.8,98.7,0,30.8,28.4
EC001286,LIB_A,Library,15,Tuesday,9,28.8,75.1,233,49.4,54.8
EC005852,SCI_A,Science,5,Tuesday,9,26.5,75.7,5,62.6,64.8
EC005412,BUS_B,Business,19,Thursday,6,28.8,76.1,22,48.5,46.9
EC000470,SCI_A,Science,7,Sunday,6,27.2,79.3,11,59.3,65.9
EC004245,ENG_B,Engineering,18,Thursday,1,28.0,80.6,61,42.5,48.2
EC007688,ENG_A,Engineering,6,Wednesday,7,27.1,83.5,14,48.9,46.4
EC004832,ENG_A,Engineering,13,Tuesday,9,31.0,72.2,202,78.4,86.9
EC002307,ENG_B,Engineering,15,Sunday,3,30.2,72.2,27,49.7,57.1
EC007244,SPT_A,Sports,22,Sunday,4,29.5,74.4,98,58.8,57.8
EC005571,SCI_B,Science,23,Tuesday,11,27.0,79.9,7,63.2,56.0
EC007923,ENG_A,Engineering,2,Wednesday,10,26.0,81.5,0,36.3,38.3
EC000966,SPT_A,Sports,12,Tuesday,10,28.8,81.6,29,37.3,40.2
EC003513,ENG_B,Engineering,8,Sunday,3,29.3,71.4,46,47.0,52.3
EC003967,ENG_A,Engineering,14,Saturday,4,30.0,79.3,46,59.8,62.5
EC000520,SCI_B,Science,11,Sunday,7,31.3,73.4,1,84.2,83.3
EC005269,RES_A,Residential,8,Tuesday,9,28.5,79.2,234,45.3,55.3
EC001219,RES_A,Residential,4,Sunday,1,28.1,77.2,187,49.5,58.5
EC005357,LEC_A,LectureHall,23,Saturday,11,26.8,82.2,39,29.0,23.5
EC002718,BUS_A,Business,17,Monday,4,31.1,,96,62.5,58.8
EC005967,SCI_B,Science,9,Monday,11,28.2,82.5,85,85.4,86.6
EC004196,RES_B,Residential,1,Sunday,6,27.2,76.2,169,48.2,52.8
EC001359,SPT_A,Sports,3,Friday,6,25.7,87.2,39,37.3,35.8
EC006626,SCI_B,Science,6,Wednesday,12,26.3,80.1,13,61.8,62.1
EC004241,LIB_A,Library,18,Saturday,6,30.9,71.1,146,56.4,60.4
EC001828,LIB_A,Library,8,Saturday,10,27.6,72.9,60,39.5,34.5
EC007451,BUS_B,Business,12,Sunday,11,29.4,80.2,36,43.5,43.5
EC007203,SPT_A,Sports,19,Thursday,2,29.1,77.6,136,64.2,62.1
EC004902,RES_B,Residential,12,Thursday,7,29.7,73.2,107,44.3,41.6
EC005071,LIB_A,Library,14,Sunday,8,28.1,68.4,195,47.6,58.1
EC003516,SCI_A,Science,8,Friday,11,27.7,81.1,52,71.4,71.7
EC007731,ENG_B,Engineering,16,Wednesday,1,30.4,73.0,140,72.5,69.4
EC007204,RES_B,Residential,23,Wednesday,5,28.4,75.2,269,52.4,56.1
EC006565,RES_B,Residential,13,Wednesday,5,29.0,74.9,109,40.0,35.4
EC003915,ADM_A,Administration,23,Saturday,10,27.7,74.7,0,17.0,19.9
EC005274,RES_A,Residential,22,Monday,6,27.6,75.2,271,57.9,61.0
EC002217,SCI_B,Science,2,Wednesday,8,25.7,81.2,0,63.7,59.1
EC004251,LEC_A,LectureHall,22,Tuesday,4,27.7,78.7,9,26.3,32.2
EC005328,RES_B,Residential,14,Sunday,9,30.9,72.0,119,43.7,43.8
EC002407,ENG_B,Engineering,12,Saturday,6,30.5,73.7,55,53.5,57.5
EC002728,ENG_A,Engineering,3,Friday,3,27.4,76.7,13,48.2,49.2
EC004325,SCI_A,Science,14,Wednesday,5,29.6,77.1,135,79.5,95.7
EC002000,LEC_A,LectureHall,19,Wednesday,12,29.2,73.2,9,33.6,31.8
EC003096,RES_B,Residential,20,Monday,10,28.3,77.1,231,34.5,44.7
EC002731,SCI_B,Science,16,Thursday,9,30.1,74.7,88,69.5,83.4
EC005774,ENG_B,Engineering,13,Monday,9,30.1,75.7,145,56.5,62.7
EC004153,RES_A,Residential,9,Wednesday,8,28.7,84.7,174,42.8,40.1
EC002396,BUS_B,Business,13,Sunday,3,,69.2,37,52.1,54.0
EC003445,LEC_A,LectureHall,7,Friday,11,26.0,82.9,235,33.2,60.5
EC006208,LIB_A,Library,2,Tuesday,11,25.9,80.9,2,22.8,27.8
EC004669,RES_B,Residential,6,Friday,1,28.3,73.8,174,49.4,49.2
EC000332,LIB_A,Library,14,Saturday,12,29.4,77.9,123,42.9,41.3
EC001178,ENG_B,Engineering,19,Sunday,1,28.5,79.3,6,45.0,46.2
EC001735,LIB_A,Library,9,Tuesday,12,26.7,79.2,25,30.1,30.3
EC006053,SCI_A,Science,20,Tuesday,9,29.7,72.8,11,78.8,84.6
EC002088,ENG_A,Engineering,19,Friday,11,30.7,78.7,26,53.4,56.2
EC004803,RES_A,Residential,5,Tuesday,7,26.6,81.9,194,52.1,52.0
EC004753,ENG_A,Engineering,13,Tuesday,9,30.4,80.0,210,83.9,92.7
EC007783,BUS_B,Business,11,Saturday,7,29.7,71.6,21,42.8,38.0
EC001241,ENG_A,Engineering,8,Saturday,11,26.2,,0,32.1,32.8
EC002779,LIB_A,Library,11,Wednesday,2,28.4,71.6,72,38.4,41.1
EC007164,LIB_A,Library,18,Thursday,5,30.4,75.0,186,71.1,64.8
EC007259,RES_A,Residential,16,Saturday,6,30.7,78.8,122,40.0,45.0
EC007090,LEC_A,LectureHall,4,Tuesday,11,27.5,78.8,0,23.3,23.9
EC000802,SPT_A,Sports,23,Sunday,3,28.4,78.6,50,35.0,47.2
EC004776,SCI_B,Science,5,Saturday,9,24.8,88.1,10,55.3,54.1
EC003896,ENG_B,Engineering,6,Friday,5,28.4,78.9,0,41.9,41.5
EC003846,SPT_A,Sports,3,Friday,3,27.2,78.7,13,41.6,42.6
EC004165,ADM_A,Administration,11,Sunday,2,28.5,70.1,16,26.8,28.7
EC007411,BUS_B,Business,4,Thursday,6,,,24,44.2,41.8
EC001498,SCI_B,Science,19,Tuesday,5,30.9,79.2,9,79.2,76.9
EC004752,SCI_A,Science,11,Thursday,9,29.4,80.1,173,115.3,107.7
EC005885,SCI_A,Science,21,Thursday,12,27.4,72.5,41,66.0,68.6
EC001378,RES_A,Residential,8,Tuesday,6,27.7,75.2,174,44.5,40.8
EC003236,LIB_A,Library,22,Wednesday,8,27.8,78.5,74,38.6,42.2
EC000891,RES_A,Residential,6,Monday,3,27.7,85.3,210,54.5,56.2
EC003033,BUS_B,Business,4,Friday,2,25.4,85.1,0,34.5,33.4
EC002520,RES_A,Residential,14,Wednesday,3,31.2,69.7,131,41.5,49.2
EC004687,SPT_A,Sports,23,Sunday,1,26.6,78.8,18,90.1,57.2
EC001460,ENG_B,Engineering,22,Sunday,5,,79.1,6,42.4,47.0
EC006632,ENG_B,Engineering,6,Thursday,9,26.2,81.8,1,33.8,31.4
EC004632,BUS_B,Business,19,Wednesday,10,29.1,74.6,0,47.9,47.6
EC000191,SCI_B,Science,21,Thursday,11,27.6,80.1,18,61.3,61.2
EC004549,SCI_A,Science,3,Wednesday,2,28.5,81.1,2,69.9,70.3
EC001200,SCI_B,Science,19,Friday,11,28.4,80.5,4,60.1,65.3
EC003949,SCI_A,Science,22,Tuesday,3,26.5,80.3,4,65.5,68.7
EC001025,ENG_A,Engineering,22,Monday,3,27.6,83.2,24,41.3,48.1
EC000562,ENG_B,Engineering,15,Monday,4,31.2,70.1,133,78.1,72.6
EC003740,BUS_B,Business,8,Thursday,12,27.5,79.5,77,53.3,51.9
EC006095,SCI_A,Science,22,Sunday,5,27.0,84.7,12,62.1,71.9
EC004680,SPT_A,Sports,19,Monday,1,30.4,75.7,147,58.5,63.2
EC002820,SCI_B,Science,17,Thursday,6,31.6,77.4,62,92.1,96.6
EC005323,RES_A,Residential,4,Sunday,3,26.1,80.8,219,45.4,50.7
EC005254,RES_B,Residential,4,Thursday,12,26.5,84.0,176,42.7,43.3
EC005388,BUS_A,Business,7,Saturday,8,26.1,81.3,0,21.8,25.0
EC005030,SPT_A,Sports,15,Wednesday,5,30.4,74.7,42,48.0,46.2
EC002816,RES_B,Residential,4,Monday,8,26.8,87.7,159,44.5,42.9
EC001926,RES_B,Residential,6,Tuesday,2,27.7,86.1,193,46.7,48.5
EC000288,SCI_B,Science,3,Sunday,8,25.4,86.3,1,54.0,54.4
EC006322,SPT_A,Sports,15,Friday,10,29.9,73.3,21,39.4,40.3
EC000871,RES_B,Residential,15,Saturday,6,30.2,78.6,130,41.9,41.0
EC007479,LEC_A,LectureHall,13,Tuesday,10,29.5,77.3,218,71.7,78.0
EC001922,ADM_A,Administration,12,Friday,1,30.1,72.3,103,45.9,48.3
EC001427,SCI_A,Science,13,Thursday,7,31.0,73.9,139,106.0,106.2
EC002829,ENG_A,Engineering,21,Friday,1,26.4,76.5,0,41.7,42.5
EC006098,ENG_A,Engineering,5,Friday,5,26.7,80.0,19,40.2,46.9
EC006741,LIB_A,Library,2,Wednesday,1,26.0,84.9,19,32.1,30.7
EC004656,SCI_B,Science,15,Saturday,10,30.6,78.0,2,61.8,68.7
EC007969,RES_A,Residential,10,Friday,11,28.2,82.7,139,45.2,42.1
EC003003,BUS_A,Business,10,Monday,10,25.8,86.0,94,35.9,38.5
EC006012,SPT_A,Sports,13,Saturday,2,28.8,76.0,22,37.0,40.5
EC003160,RES_B,Residential,16,Monday,3,34.3,90.6,239,69.9,62.4
EC003250,SCI_B,Science,17,Wednesday,4,28.8,71.2,62,80.8,79.6
EC006751,SCI_A,Science,21,Saturday,2,27.5,84.4,2,54.7,70.8
EC007383,LEC_A,LectureHall,11,Monday,1,29.8,70.3,167,61.6,61.2
EC004020,ADM_A,Administration,4,Wednesday,7,26.4,89.7,12,24.9,23.1
EC003013,LIB_A,Library,7,Monday,10,26.3,78.2,6,26.5,30.1
EC007308,LEC_A,LectureHall,6,Friday,1,27.2,81.7,0,26.2,28.8
EC007978,ENG_A,Engineering,14,Wednesday,11,29.1,80.6,157,64.9,72.1
EC003751,ADM_A,Administration,0,Tuesday,3,26.6,74.0,5,,30.2
EC001321,LEC_A,LectureHall,16,Saturday,4,31.8,68.7,46,53.0,48.3
EC000311,ENG_B,Engineering,5,Thursday,7,26.4,76.6,0,38.0,40.1
EC004516,RES_B,Residential,0,Thursday,1,26.0,80.0,118,43.6,41.7
EC004528,LEC_A,LectureHall,14,Sunday,10,31.1,67.1,31,33.5,38.8
EC002853,SPT_A,Sports,20,Sunday,7,28.7,73.2,176,65.8,67.0
EC004222,ENG_A,Engineering,9,Saturday,12,27.6,73.3,53,53.7,48.3
EC001072,BUS_A,Business,3,Monday,2,24.9,80.3,15,33.6,30.6
EC007664,SCI_B,Science,20,Sunday,12,29.0,68.8,0,48.6,61.0
EC007238,BUS_B,Business,22,Saturday,4,28.7,78.2,21,35.3,40.9
EC005308,BUS_B,Business,11,Saturday,6,31.2,74.2,67,59.1,63.5
EC005121,LIB_A,Library,18,Saturday,7,29.7,69.0,121,64.5,55.8
EC006877,BUS_B,Business,7,Monday,9,26.3,71.6,134,30.7,44.7
EC000682,ENG_B,Engineering,12,Friday,4,30.9,65.2,153,61.5,64.9
EC005846,BUS_B,Business,5,Sunday,11,25.1,82.6,0,25.2,26.8
EC003573,RES_A,Residential,17,Sunday,2,29.9,71.3,145,40.2,44.1
EC000369,ENG_B,Engineering,4,Wednesday,5,25.9,83.0,0,29.7,35.3
EC002186,ADM_A,Administration,6,Tuesday,7,26.3,90.2,0,21.5,23.7
EC005102,ENG_B,Engineering,8,Thursday,4,28.1,76.2,77,57.6,56.2
EC002551,SPT_A,Sports,20,Tuesday,1,29.6,77.2,139,55.7,67.9
EC006802,ENG_B,Engineering,21,Wednesday,10,27.3,78.1,21,38.2,38.4
EC000977,LEC_A,LectureHall,11,Monday,1,29.6,72.6,190,72.3,71.8
EC001425,SPT_A,Sports,13,Saturday,6,32.0,78.0,5,54.9,54.6
EC007557,SCI_B,Science,22,Saturday,6,28.6,76.1,0,67.7,65.2
EC007905,SCI_A,Science,14,Tuesday,1,29.6,76.5,2,69.7,79.4
EC001950,LEC_A,LectureHall,20,Sunday,6,,70.3,0,28.6,27.5
EC005019,SCI_A,Science,13,Saturday,12,29.9,79.1,24,77.0,80.3
EC007441,LIB_A,Library,14,Saturday,6,30.3,71.8,143,50.2,52.7
EC006763,RES_A,Residential,13,Monday,1,28.7,72.2,145,41.4,46.1
EC002775,RES_B,Residential,5,Sunday,4,26.2,78.5,187,51.3,47.1
EC007424,LEC_A,LectureHall,19,Tuesday,2,30.1,77.3,12,36.6,35.6
EC005933,ENG_B,Engineering,12,Tuesday,10,30.9,70.5,154,70.3,67.7
EC004425,SCI_A,Science,14,Friday,11,30.5,73.6,133,111.3,105.4
EC007111,ADM_A,Administration,11,Monday,3,28.2,72.4,82,36.6,37.0
EC001490,ENG_A,Engineering,2,Tuesday,7,28.4,76.0,,56.7,57.1
EC005942,LIB_A,Library,20,Thursday,6,28.7,73.6,104,56.2,52.5
EC004764,SCI_A,Science,10,Tuesday,7,29.0,78.7,105,77.7,91.9
EC005857,SCI_A,Science,8,Sunday,2,26.6,83.0,4,67.8,70.8
EC003674,LEC_A,LectureHall,12,Thursday,11,28.9,76.9,173,61.0,63.4
EC004169,BUS_B,Business,22,Monday,11,28.4,77.2,4,45.3,38.9
EC001373,ADM_A,Administration,15,Sunday,3,32.2,68.8,19,33.6,37.2
EC005042,ADM_A,Administration,2,Friday,5,25.1,81.3,22,27.9,25.9
EC004893,LEC_A,LectureHall,22,Sunday,4,28.1,70.8,30,27.7,32.4
EC003027,ENG_A,Engineering,7,Tuesday,5,27.6,81.1,21,51.9,50.1
EC002374,ENG_A,Engineering,21,Monday,1,26.8,89.6,81,55.4,55.3
EC000423,ADM_A,Administration,19,Wednesday,12,26.8,81.4,8,27.7,24.8
EC005932,LEC_A,LectureHall,10,Wednesday,6,29.9,74.1,174,69.7,65.0
EC001224,SCI_B,Science,5,Saturday,7,26.6,82.0,0,65.2,69.2
EC003482,LEC_A,LectureHall,10,Tuesday,12,27.7,73.6,145,48.2,54.7
EC001367,ENG_A,Engineering,7,Sunday,8,27.7,79.2,5,46.6,47.0
EC007068,RES_A,Residential,0,Monday,1,25.8,84.7,130,43.2,50.5
EC000245,RES_B,Residential,7,Saturday,1,28.1,83.0,190,51.6,57.0
EC003832,ADM_A,Administration,20,Friday,3,27.4,78.5,0,28.1,30.3
EC005624,BUS_B,Business,21,Thursday,6,28.3,69.2,0,38.3,39.9
EC000816,BUS_B,Business,9,Tuesday,10,26.5,83.2,181,22.7,44.6
EC004015,LEC_A,LectureHall,12,Tuesday,4,31.2,74.4,185,77.2,73.9
EC007540,BUS_B,Business,10,Monday,7,29.5,82.3,219,66.7,74.1
EC003323,SPT_A,Sports,1,Monday,12,25.3,83.8,0,31.0,27.2
EC002116,BUS_A,Business,7,Friday,5,27.8,80.0,6,38.5,37.7
EC003451,LIB_A,Library,20,Friday,1,28.1,,101,45.9,47.7
EC006665,BUS_B,Business,17,Sunday,1,30.0,72.3,7,40.2,40.6
EC001811,RES_B,Residential,9,Friday,12,27.5,,172,,40.8
EC001337,SCI_A,Science,12,Saturday,7,31.1,71.9,26,98.0,88.9
EC001228,LIB_A,Library,19,Tuesday,8,24.2,96.8,149,39.6,44.4
EC001108,RES_B,Residential,22,Tuesday,12,27.8,77.3,260,60.7,53.3
EC007584,ADM_A,Administration,21,Friday,4,28.1,78.3,2,27.1,27.0
EC001703,BUS_B,Business,12,Wednesday,5,29.3,74.6,165,,70.1
EC007593,BUS_A,Business,22,Monday,5,28.3,75.7,3,,38.4
EC004359,BUS_A,Business,1,Thursday,12,25.3,78.8,2,27.5,29.2
EC005318,LIB_A,Library,13,Sunday,7,30.2,75.3,96,43.1,44.9
EC000878,SCI_B,Science,19,Tuesday,5,28.5,84.3,11,68.5,70.5
EC005339,SCI_B,Science,20,Sunday,2,27.9,81.9,11,67.9,68.4
EC000724,LIB_A,Library,4,Saturday,8,25.5,82.6,0,24.2,25.7
EC006726,ENG_A,Engineering,8,Thursday,1,23.7,96.2,71,51.9,47.0
EC002927,ADM_A,Administration,2,Tuesday,12,25.8,83.9,0,22.0,23.1
EC007569,RES_A,Residential,7,Saturday,8,28.2,77.5,269,50.7,52.8
EC004854,ENG_A,Engineering,19,Wednesday,7,28.5,73.8,67,57.8,63.1
EC000238,SCI_B,Science,12,Thursday,2,30.9,70.4,5,71.5,79.1
EC000659,LIB_A,Library,10,Saturday,7,29.1,72.0,86,35.3,40.4
EC002100,BUS_A,Business,2,Friday,12,25.8,83.7,0,27.4,32.8
EC002230,SCI_B,Science,0,Saturday,5,26.4,82.3,0,54.6,60.4
EC006541,RES_A,Residential,3,Monday,7,26.2,84.5,218,56.3,60.6
EC007992,RES_A,Residential,0,Saturday,6,25.5,83.8,136,45.6,50.6
EC007246,ENG_A,Engineering,2,Friday,8,,80.8,37,43.2,43.5
EC006778,LIB_A,Library,12,Wednesday,3,29.4,76.1,100,49.5,51.2
EC000286,RES_A,Residential,12,Sunday,10,29.1,73.6,125,35.2,40.8
EC007818,LEC_A,LectureHall,7,Wednesday,7,28.2,77.6,191,34.7,59.6
EC004093,ENG_B,Engineering,5,Monday,5,27.9,85.5,0,41.6,41.1
EC003030,RES_B,Residential,20,Saturday,10,29.4,77.4,217,41.9,50.9
EC006981,LIB_A,Library,16,Thursday,7,29.5,72.7,215,52.0,59.5
EC003913,SCI_A,Science,7,Wednesday,1,27.7,77.6,29,67.1,73.8
EC005424,BUS_A,Business,0,Sunday,10,26.5,79.8,11,26.2,24.0
EC004508,BUS_B,Business,16,Saturday,7,29.4,63.4,27,38.9,41.8
EC007506,ENG_A,Engineering,22,Wednesday,6,27.9,75.8,26,52.7,50.3
EC005839,SCI_A,Science,19,Thursday,4,30.9,73.8,23,77.6,85.4
EC006524,RES_B,Residential,12,Monday,8,31.4,72.5,122,40.4,44.2
EC006529,RES_A,Residential,2,Sunday,8,26.5,81.8,155,52.8,46.5
EC000316,SCI_A,Science,8,Thursday,10,26.4,79.1,44,67.4,75.9
EC005970,SCI_A,Science,18,Saturday,11,30.2,81.9,31,75.8,82.8
EC002365,ENG_B,Engineering,12,Sunday,9,28.6,71.4,39,43.9,47.2
EC004920,BUS_B,Business,19,Saturday,1,29.5,83.1,1,40.0,41.5
EC007779,ENG_B,Engineering,2,Friday,10,25.2,84.5,16,34.2,35.3
EC006316,ADM_A,Administration,12,Saturday,5,30.7,80.4,22,34.4,33.8
EC005524,RES_A,Residential,9,Sunday,5,29.6,74.2,194,41.4,54.4
EC003895,SCI_A,Science,9,Tuesday,10,28.2,80.7,92,72.5,85.5
EC001350,ENG_A,Engineering,4,Thursday,11,23.6,84.3,27,38.1,35.3
EC003112,LIB_A,Library,10,Monday,3,28.5,72.9,63,37.0,40.0
EC007414,LIB_A,Library,16,Monday,7,31.9,75.3,197,62.9,68.1
EC004546,SCI_A,Science,18,Wednesday,2,30.1,73.3,63,104.0,97.4
EC006677,ADM_A,Administration,13,Monday,5,,72.3,114,52.3,45.1
EC004711,ENG_A,Engineering,13,Wednesday,10,29.0,81.8,203,71.2,72.4
EC005935,ENG_A,Engineering,4,Friday,2,25.7,89.9,0,35.3,40.2
EC000915,SCI_A,Science,2,Friday,2,27.4,76.2,7,68.1,72.0
EC000721,LEC_A,LectureHall,10,Saturday,2,30.0,68.2,20,38.2,36.5
EC006286,SCI_B,Science,9,Tuesday,10,27.1,81.0,89,74.5,77.9
EC007710,LIB_A,Library,1,Thursday,11,26.0,76.7,0,23.4,25.9
EC006548,ADM_A,Administration,17,Saturday,10,28.3,78.2,20,27.6,24.9
EC002059,SPT_A,Sports,17,Thursday,4,31.3,69.8,122,65.3,70.8
EC003331,ADM_A,Administration,4,Wednesday,4,27.5,74.8,3,28.2,30.3
EC006183,SCI_B,Science,0,Monday,5,28.7,73.7,0,61.2,62.3
EC002664,BUS_A,Business,23,Saturday,5,28.6,71.2,12,31.5,33.1
EC006523,SPT_A,Sports,6,Wednesday,7,27.5,80.2,109,50.2,51.3
EC000677,SCI_A,Science,18,Wednesday,11,28.9,,61,68.7,86.1
EC003463,BUS_B,Business,23,Monday,7,26.8,82.0,0,35.6,33.7
EC003269,SCI_A,Science,21,Tuesday,12,28.3,75.0,5,68.9,77.2
EC007076,ADM_A,Administration,4,Thursday,6,26.9,72.9,0,19.0,21.8
EC002075,ENG_B,Engineering,11,Sunday,3,30.8,73.2,31,57.4,57.1
EC007210,RES_B,Residential,15,Monday,7,31.2,61.8,101,43.1,41.3
EC002197,BUS_A,Business,16,Tuesday,12,29.6,75.3,103,38.8,50.9
EC002434,LIB_A,Library,23,Thursday,8,27.6,81.8,34,86.4,51.7
EC004451,SCI_A,Science,14,Monday,3,29.4,79.6,111,80.9,92.7
EC004597,LEC_A,LectureHall,0,Friday,11,27.5,84.7,0,25.0,29.7
EC004913,LIB_A,Library,12,Monday,4,29.4,78.1,110,46.0,51.4
EC003775,LEC_A,LectureHall,7,Monday,8,28.0,78.0,215,33.4,59.1
EC002865,SPT_A,Sports,21,Friday,11,27.0,73.7,148,53.8,49.3
EC003309,SCI_A,Science,10,Monday,3,29.3,67.9,106,93.2,96.2
EC000040,ENG_A,Engineering,16,Friday,5,31.5,76.7,138,84.0,84.4
EC006745,BUS_B,Business,22,Monday,7,26.3,79.4,0,31.9,37.7
EC003538,SCI_A,Science,19,Monday,8,29.5,75.2,58,74.5,78.4
EC000015,LIB_A,Library,5,Friday,2,27.2,76.5,6,31.4,31.1
EC002456,ADM_A,Administration,9,Tuesday,8,28.0,76.5,40,30.0,31.3
EC001837,SCI_B,Science,7,Tuesday,10,28.1,66.4,5,62.9,62.9
EC005099,LEC_A,LectureHall,6,Wednesday,8,26.1,86.0,0,26.1,26.3
EC005505,SCI_B,Science,3,Monday,10,26.5,73.7,9,52.8,53.2
EC002265,LEC_A,LectureHall,2,Tuesday,7,25.6,77.0,0,17.7,22.3
EC002986,BUS_B,Business,1,Monday,4,26.7,83.2,2,39.7,42.8
EC004253,LIB_A,Library,15,Thursday,4,29.7,71.9,218,61.3,62.4
EC007776,BUS_A,Business,7,Thursday,7,29.5,74.6,0,31.7,36.2
EC005270,BUS_A,Business,20,Monday,2,27.8,78.2,13,39.0,40.4
EC000378,RES_A,Residential,23,Wednesday,11,27.1,72.7,261,47.2,52.6
EC003021,ADM_A,Administration,3,Tuesday,5,26.0,80.7,0,26.1,20.7
EC003150,ENG_A,Engineering,2,Monday,8,26.4,80.4,16,46.6,41.8
EC002782,RES_A,Residential,17,Thursday,7,30.6,75.7,148,46.0,44.9
EC007917,BUS_A,Business,1,Saturday,3,26.6,75.6,0,31.4,29.0
EC002482,SPT_A,Sports,15,Wednesday,12,28.9,76.4,49,45.7,45.9
EC002776,SCI_A,Science,10,Monday,12,27.9,79.4,60,65.6,74.6
EC000706,SCI_B,Science,19,Saturday,1,28.2,81.2,10,70.1,66.6
EC005873,ENG_A,Engineering,14,Saturday,9,30.6,76.8,64,61.2,53.2
EC005355,BUS_B,Business,1,Sunday,4,25.8,81.6,2,30.1,28.7
EC002600,ENG_A,Engineering,10,Thursday,12,29.1,79.9,114,69.6,64.1
EC003458,RES_A,Residential,11,Sunday,3,27.1,81.8,153,39.6,45.0
EC000746,ENG_A,Engineering,8,Friday,9,29.3,74.9,97,61.8,59.8
EC001465,SPT_A,Sports,11,Sunday,8,29.9,69.5,7,39.7,44.5
EC002810,BUS_A,Business,9,Sunday,3,29.5,66.6,8,35.9,28.9
EC007811,SCI_B,Science,22,Thursday,11,26.3,89.4,14,54.5,54.9
EC002409,LIB_A,Library,9,Sunday,7,27.6,79.8,40,38.6,36.5
EC002548,ENG_B,Engineering,20,Tuesday,12,30.4,72.5,46,47.9,51.2
EC003216,LEC_A,LectureHall,15,Saturday,11,29.5,76.5,58,47.5,44.0
EC004827,ADM_A,Administration,17,Monday,11,29.8,69.1,69,40.5,36.7
EC002618,ENG_A,Engineering,4,Tuesday,3,26.9,79.6,0,39.0,42.8
EC002126,LIB_A,Library,2,Friday,7,27.0,81.7,0,26.7,28.5
EC001624,ENG_A,Engineering,21,Saturday,4,27.5,85.2,0,46.2,47.5
EC004338,LEC_A,LectureHall,23,Wednesday,5,26.4,81.9,0,27.7,29.0
EC005002,LEC_A,LectureHall,10,Saturday,10,27.5,77.1,27,28.4,24.3
EC001488,LEC_A,LectureHall,18,Monday,5,30.0,73.0,94,50.7,53.0
EC001412,LIB_A,Library,19,Friday,9,29.8,,152,48.7,50.9
EC003746,ENG_B,Engineering,5,Monday,10,25.5,76.9,6,35.8,33.8
EC002030,ENG_B,Engineering,13,Thursday,12,30.5,76.1,147,76.8,72.1
EC005425,SCI_B,Science,3,Friday,6,26.0,85.7,5,66.6,64.4
EC000568,BUS_A,Business,16,Monday,8,,72.7,83,55.1,60.4
EC007640,ENG_A,Engineering,17,Saturday,12,30.2,67.5,22,54.9,55.0
EC004643,SCI_B,Science,17,Sunday,1,29.2,74.5,12,60.0,66.1
EC000569,SCI_A,Science,4,Monday,7,26.8,81.7,19,64.3,70.9
EC003615,RES_B,Residential,16,Thursday,10,35.0,88.4,205,54.2,59.5
EC007822,BUS_A,Business,19,Friday,6,31.0,77.0,23,46.6,46.4
EC005106,RES_B,Residential,16,Thursday,12,29.9,70.5,105,35.9,35.4
EC005995,RES_B,Residential,11,Saturday,8,29.7,75.6,136,35.9,36.2
EC003861,BUS_A,Business,1,Sunday,10,26.6,84.3,0,25.2,25.7
EC006891,ENG_A,Engineering,12,Saturday,2,29.9,72.8,60,50.0,60.5
EC003422,ENG_A,Engineering,7,Sunday,10,26.7,82.6,32,40.3,40.0
EC007373,SCI_A,Science,21,Friday,9,28.8,81.6,23,70.0,75.9
EC007353,SPT_A,Sports,22,Saturday,8,28.0,81.1,45,,63.4
EC006543,RES_A,Residential,19,Thursday,4,29.1,71.6,209,52.8,53.3
EC000787,LEC_A,LectureHall,7,Wednesday,7,27.2,84.4,6,30.3,30.0
EC007730,BUS_A,Business,13,Tuesday,11,29.6,72.2,133,60.9,54.1
EC001451,LIB_A,Library,7,Tuesday,3,27.2,75.8,0,33.1,35.5
EC004216,ADM_A,Administration,13,Thursday,12,,73.4,108,47.1,47.8
EC005812,RES_B,Residential,20,Wednesday,2,25.0,96.9,,45.3,41.9
EC002138,SPT_A,Sports,8,Tuesday,4,27.6,78.4,131,53.3,58.5
EC006729,LIB_A,Library,14,Tuesday,1,28.4,76.3,176,51.8,54.6
EC006818,SCI_A,Science,16,Friday,1,30.2,77.3,83,86.2,92.1
EC004965,ENG_B,Engineering,11,Tuesday,3,29.0,75.3,145,64.0,72.5
EC003103,RES_B,Residential,5,Wednesday,6,26.7,80.9,188,56.6,49.0
EC001589,SCI_B,Science,11,Monday,5,29.8,78.3,107,75.2,86.0
EC006682,BUS_A,Business,12,Monday,4,29.5,84.1,135,,68.0
EC003105,LIB_A,Library,18,Tuesday,5,30.8,80.3,223,62.1,66.0
EC001760,BUS_B,Business,19,Wednesday,8,23.7,96.0,0,29.5,34.4
EC004345,BUS_B,Business,5,Thursday,7,27.6,77.6,6,32.8,38.5
EC005820,ENG_A,Engineering,13,Monday,3,29.9,75.0,206,88.8,90.5
EC006247,SCI_A,Science,21,Friday,5,28.6,76.2,29,90.9,83.6
EC006907,BUS_B,Business,3,Saturday,9,26.2,81.3,0,16.2,25.7
EC004262,LIB_A,Library,3,Wednesday,1,25.2,83.5,0,25.3,27.0
EC001504,SPT_A,Sports,22,Thursday,7,27.4,74.8,14,72.0,53.6
EC003666,ENG_B,Engineering,6,Saturday,11,26.5,82.7,8,36.1,34.7
EC007030,ENG_A,Engineering,4,Friday,12,26.3,82.9,0,39.1,36.4
EC005764,ADM_A,Administration,7,Wednesday,6,25.9,76.8,0,26.0,22.7
EC000684,ENG_B,Engineering,4,Saturday,5,26.9,83.4,19,43.6,44.2
EC002525,SPT_A,Sports,2,Saturday,3,27.0,82.3,14,36.4,41.0
EC001215,LIB_A,Library,23,Friday,5,26.6,75.0,40,26.9,34.8
EC000565,LEC_A,LectureHall,3,Friday,6,26.2,82.0,0,26.9,25.6
EC007782,LEC_A,LectureHall,20,Tuesday,8,29.4,71.8,19,34.2,33.3
EC000806,LIB_A,Library,21,Sunday,3,28.1,73.5,78,45.0,48.4
EC007461,SPT_A,Sports,23,Saturday,11,26.6,83.6,56,38.8,40.7
EC007239,ENG_B,Engineering,6,Thursday,6,26.6,75.2,6,38.6,37.2
EC006490,RES_A,Residential,23,Friday,12,27.0,79.6,231,55.8,54.4
EC002316,SCI_A,Science,16,Thursday,6,30.9,68.7,93,98.0,102.4
EC000749,SCI_A,Science,14,Thursday,12,28.0,78.1,118,85.3,89.9
EC006355,SCI_B,Science,4,Monday,2,26.4,82.4,20,67.5,66.2
EC007182,RES_B,Residential,17,Friday,6,31.6,76.7,126,44.3,43.1
EC005797,ADM_A,Administration,20,Saturday,6,28.6,83.5,12,27.8,28.7
EC003415,SPT_A,Sports,23,Saturday,9,27.3,79.7,11,90.0,54.9
EC003681,LIB_A,Library,19,Monday,12,29.3,82.5,158,64.2,61.1
EC004239,ADM_A,Administration,15,Sunday,9,29.6,71.0,37,25.1,24.3
EC002742,ADM_A,Administration,6,Tuesday,5,25.3,80.2,4,21.9,24.3
EC003342,BUS_A,Business,21,Saturday,5,27.4,88.0,0,25.4,24.6
EC003493,ENG_A,Engineering,4,Thursday,9,26.0,82.9,0,37.1,40.1
EC002791,SCI_B,Science,4,Thursday,11,25.8,88.1,5,69.1,61.9
EC006278,BUS_A,Business,21,Wednesday,11,29.0,73.0,12,32.5,37.7
EC002180,BUS_B,Business,9,Wednesday,5,28.7,73.0,75,48.7,54.8
EC002354,SCI_B,Science,0,Friday,6,27.6,75.4,13,57.2,59.2
EC007065,ENG_A,Engineering,6,Tuesday,10,27.2,84.4,0,32.0,42.2
EC004219,SPT_A,Sports,16,Sunday,3,30.8,72.9,62,47.7,46.3
EC002836,ENG_B,Engineering,9,Friday,7,28.6,79.1,78,57.8,52.9
EC007458,BUS_A,Business,6,Sunday,1,26.0,77.8,0,24.9,25.7
EC007113,SCI_B,Science,6,Friday,3,26.8,83.7,7,69.7,63.5
EC006858,RES_B,Residential,4,Tuesday,2,26.5,80.0,168,48.5,46.7
EC007438,ENG_A,Engineering,10,Saturday,6,30.0,77.4,35,65.7,62.4
EC005446,SCI_A,Science,16,Tuesday,4,35.1,85.4,143,113.7,132.3
EC002466,LEC_A,LectureHall,22,Friday,1,27.1,78.1,48,107.7,65.3
EC004444,ENG_A,Engineering,17,Sunday,3,30.1,75.9,53,53.8,62.1
EC006007,RES_A,Residential,11,Monday,2,29.5,81.5,176,43.6,48.2
EC007564,ENG_B,Engineering,16,Monday,9,29.9,,119,59.8,61.3
EC004709,BUS_A,Business,4,Thursday,4,27.4,80.0,0,13.0,24.7
EC004956,SCI_A,Science,20,Wednesday,3,29.1,75.7,25,76.9,84.8
EC000299,RES_B,Residential,12,Saturday,7,31.1,76.4,131,45.9,45.5
EC007327,ADM_A,Administration,17,Saturday,6,31.8,73.4,18,30.1,34.6
EC000656,ENG_B,Engineering,2,Friday,11,25.1,79.7,1,62.3,37.0
EC003711,LEC_A,LectureHall,23,Wednesday,8,25.8,84.4,0,21.6,26.2
EC005200,SPT_A,Sports,22,Monday,9,26.9,83.2,52,,52.4
EC003655,RES_A,Residential,18,Thursday,11,28.6,75.7,209,50.5,50.6
EC001941,SPT_A,Sports,19,Sunday,4,30.5,71.0,195,76.5,74.9
EC006940,SCI_A,Science,7,Sunday,8,27.4,88.1,14,71.6,68.4
EC000110,LEC_A,LectureHall,2,Wednesday,8,25.9,78.1,0,22.0,19.3
EC000551,ADM_A,Administration,19,Monday,5,30.4,75.7,10,29.8,32.5
EC001880,ADM_A,Administration,9,Thursday,4,,79.7,47,29.1,30.7
EC002451,SCI_A,Science,21,Friday,7,26.8,73.1,27,54.1,62.2
EC007393,SCI_B,Science,3,Tuesday,11,27.8,82.7,2,48.9,60.2
EC004041,ENG_A,Engineering,5,Saturday,2,26.3,82.2,0,42.5,39.7
EC007124,LEC_A,LectureHall,4,Tuesday,2,26.3,85.1,6,27.9,27.9
EC000056,LIB_A,Library,23,Tuesday,5,28.8,80.5,49,40.0,44.7
EC002900,ADM_A,Administration,3,Wednesday,4,26.5,80.2,13,26.5,28.1
EC007972,ENG_B,Engineering,18,Saturday,10,27.5,83.3,46,44.3,44.8
EC002704,SCI_A,Science,2,Monday,2,26.9,72.1,10,66.0,71.6
EC002018,RES_A,Residential,20,Monday,6,29.1,74.5,216,46.6,47.6
EC001616,LIB_A,Library,6,Saturday,4,28.4,70.9,18,29.2,33.4
EC003724,ADM_A,Administration,13,Sunday,1,30.1,74.6,30,30.7,29.5
EC006768,LEC_A,LectureHall,17,Sunday,11,29.5,70.7,36,30.8,31.8
EC002764,ENG_A,Engineering,21,Friday,10,25.0,95.2,37,45.9,45.6
EC003606,LEC_A,LectureHall,16,Saturday,12,30.3,73.2,44,35.8,34.4
EC006829,RES_A,Residential,6,Wednesday,4,28.0,76.3,220,53.7,60.8
EC001853,ENG_A,Engineering,17,Tuesday,11,29.2,76.1,98,63.9,61.4
EC000723,RES_B,Residential,4,Tuesday,7,26.9,80.5,,41.0,49.0
EC006255,ENG_B,Engineering,8,Friday,11,,80.9,172,33.7,57.8
EC006641,ENG_A,Engineering,21,Wednesday,6,29.7,78.4,59,53.4,60.4
EC002350,SCI_A,Science,5,Sunday,8,26.3,78.3,,48.8,60.7
EC001417,LIB_A,Library,16,Saturday,2,29.8,69.4,156,57.5,60.1
EC000617,ENG_A,Engineering,23,Friday,8,,78.3,0,43.4,43.1
EC000667,LEC_A,LectureHall,2,Saturday,9,26.4,84.8,26,26.7,28.6
EC001268,RES_B,Residential,12,Tuesday,6,34.9,90.7,291,65.4,70.7
EC004079,BUS_A,Business,8,Wednesday,11,28.3,71.4,110,17.8,42.1
EC006519,LIB_A,Library,18,Thursday,11,30.0,73.6,220,65.1,66.4
EC001444,RES_B,Residential,18,Tuesday,6,30.2,69.7,152,44.1,45.1
EC002965,ENG_A,Engineering,19,Sunday,1,29.0,76.6,3,49.3,52.0
EC007618,BUS_A,Business,18,Sunday,4,30.7,77.5,,38.0,39.2
EC002278,LEC_A,LectureHall,12,Monday,12,30.6,67.6,198,75.2,78.4
EC002310,SCI_B,Science,22,Sunday,9,27.8,73.7,9,44.7,57.7
EC005122,ENG_A,Engineering,6,Saturday,7,27.7,75.8,0,38.4,42.4
EC000360,ENG_B,Engineering,7,Monday,8,25.0,99.5,0,34.5,37.2
EC005241,ENG_A,Engineering,9,Thursday,6,29.5,78.4,135,74.9,70.3
EC006448,LEC_A,LectureHall,0,Saturday,11,26.3,81.8,0,19.1,21.2
EC004580,LIB_A,Library,0,Monday,10,26.3,81.6,0,27.1,23.6
EC000722,RES_A,Residential,2,Wednesday,4,27.8,79.0,160,52.9,52.5
EC002682,ADM_A,Administration,0,Friday,1,27.5,86.0,6,25.7,24.8
EC006785,ENG_A,Engineering,18,Thursday,1,30.7,73.9,107,75.7,78.9
EC002651,SCI_B,Science,1,Wednesday,1,26.4,83.0,7,62.8,58.5
EC003682,LEC_A,LectureHall,11,Thursday,10,28.2,76.3,191,63.0,64.9
EC007596,SCI_A,Science,16,Thursday,7,30.4,74.9,87,91.6,89.7
EC000057,ADM_A,Administration,15,Sunday,12,28.9,80.1,14,26.4,28.5
EC001372,RES_A,Residential,17,Thursday,11,29.9,76.0,84,43.9,45.4
EC002752,SCI_A,Science,0,Thursday,9,25.3,88.1,1,66.1,61.2
EC003397,ENG_A,Engineering,7,Wednesday,12,27.6,75.3,,46.2,39.2
EC005262,ENG_B,Engineering,11,Thursday,4,29.0,80.3,144,65.4,70.2
EC005039,ADM_A,Administration,18,Tuesday,12,28.8,75.0,48,32.5,38.7
EC006634,RES_B,Residential,18,Monday,12,29.5,77.5,297,54.6,51.3
EC001638,SCI_A,Science,1,Monday,11,25.3,88.3,6,83.1,72.3
EC007136,BUS_B,Business,19,Thursday,10,29.3,73.9,3,36.1,41.4
EC005175,BUS_A,Business,1,Thursday,6,26.4,73.1,0,8.1,23.4
EC000523,ENG_A,Engineering,7,Tuesday,8,26.5,82.4,0,41.7,41.1
EC003179,BUS_B,Business,8,Thursday,12,27.6,75.3,79,48.7,51.1
EC000087,SCI_A,Science,7,Sunday,2,26.6,84.7,0,68.4,74.4
EC006168,ENG_A,Engineering,17,Wednesday,7,29.8,79.6,257,89.3,97.1
EC001314,LEC_A,LectureHall,15,Sunday,6,30.1,76.7,212,80.0,77.0
EC004742,LEC_A,LectureHall,23,Tuesday,4,27.9,80.7,9,30.5,32.6
EC006204,SPT_A,Sports,15,Sunday,11,29.7,76.2,27,40.0,45.4
EC006515,LEC_A,LectureHall,22,Wednesday,2,27.5,82.3,0,26.3,26.5
EC003520,SCI_B,Science,0,Saturday,2,25.9,77.8,,65.2,58.3
EC002684,SCI_A,Science,10,Wednesday,4,29.0,70.5,86,96.7,98.0
EC006495,SCI_A,Science,12,Wednesday,1,29.1,69.4,131,83.6,88.7
EC005438,ENG_A,Engineering,4,Saturday,7,26.1,83.1,0,41.2,41.3
EC000282,RES_A,Residential,16,Monday,10,30.9,69.9,153,49.9,48.1
EC000260,RES_B,Residential,14,Wednesday,10,29.1,82.2,101,33.2,39.0
EC000545,ENG_A,Engineering,10,Wednesday,11,27.3,88.4,135,65.5,66.2
EC005525,BUS_A,Business,7,Friday,7,28.0,78.3,12,35.9,40.1
EC002501,ADM_A,Administration,16,Saturday,9,30.0,75.2,21,34.5,30.9
EC004379,BUS_A,Business,16,Monday,4,31.3,74.3,108,57.1,61.2
EC007623,SCI_A,Science,9,Tuesday,10,27.0,75.4,66,69.3,77.7
EC007655,LEC_A,LectureHall,4,Sunday,10,25.1,84.4,0,20.1,16.2
EC007786,BUS_A,Business,9,Thursday,9,28.1,77.4,152,22.9,42.7
EC001066,BUS_B,Business,11,Thursday,6,29.6,75.7,145,57.2,60.2
EC000918,ENG_B,Engineering,10,Sunday,2,28.8,81.1,31,49.9,48.3
EC003621,SCI_A,Science,10,Friday,3,27.7,84.1,102,77.2,82.3
EC001846,BUS_B,Business,10,Wednesday,11,28.8,77.0,120,56.4,62.8
EC006730,BUS_A,Business,22,Monday,11,27.3,81.2,0,31.8,31.4
EC004443,ENG_A,Engineering,17,Tuesday,5,31.9,65.4,94,69.5,74.2
EC001645,BUS_A,Business,9,Saturday,12,27.6,87.6,16,28.1,29.6
EC001798,RES_A,Residential,3,Thursday,10,25.9,77.6,,51.7,44.3
EC003519,LIB_A,Library,18,Wednesday,8,29.5,79.3,193,62.9,61.7
EC002273,BUS_A,Business,10,Wednesday,11,28.5,72.4,83,48.4,42.4
EC000455,LEC_A,LectureHall,15,Saturday,11,28.0,82.1,84,42.6,44.9
EC004366,SCI_B,Science,0,Saturday,12,23.7,91.0,0,50.1,48.2
EC002360,RES_B,Residential,22,Tuesday,7,28.5,79.4,234,50.7,58.5
EC003135,ENG_A,Engineering,16,Saturday,1,29.0,78.3,35,54.6,54.8
EC001783,ENG_A,Engineering,9,Thursday,6,29.1,73.7,129,69.5,73.1
EC002984,ENG_A,Engineering,19,Sunday,12,28.7,79.5,,50.1,55.2
EC000581,SPT_A,Sports,15,Friday,12,30.2,,22,53.0,51.9
EC000669,ADM_A,Administration,3,Saturday,12,24.6,81.2,5,21.0,20.0
EC000506,LEC_A,LectureHall,20,Saturday,11,29.6,72.7,15,33.4,32.3
EC005993,SCI_A,Science,4,Saturday,10,26.5,75.9,6,59.3,61.4
EC007678,LIB_A,Library,1,Monday,6,27.0,76.7,40,42.3,38.8
EC002464,SCI_A,Science,11,Saturday,11,27.1,82.4,17,71.4,67.0
EC002624,BUS_A,Business,4,Tuesday,8,26.4,77.8,22,32.8,34.1
EC001289,BUS_B,Business,21,Sunday,11,27.0,81.1,24,31.8,33.3
EC002486,SPT_A,Sports,20,Saturday,9,29.9,72.2,158,62.4,70.9
EC005020,BUS_B,Business,23,Tuesday,9,27.2,75.9,9,31.0,40.2
EC004531,LEC_A,LectureHall,15,Tuesday,2,31.7,70.7,191,69.1,84.6
EC000978,ENG_B,Engineering,5,Saturday,4,25.5,80.9,9,31.5,40.1
EC001106,LEC_A,LectureHall,17,Monday,10,29.5,74.9,126,55.8,58.9
EC006273,ADM_A,Administration,23,Wednesday,10,26.2,91.4,5,23.9,23.0
EC005439,RES_A,Residential,22,Wednesday,10,27.1,,228,46.7,51.6
EC007723,RES_B,Residential,16,Saturday,3,30.8,76.7,131,44.5,44.8
EC005832,ENG_A,Engineering,19,Sunday,9,29.1,79.7,43,48.9,55.9
EC004452,SCI_B,Science,18,Thursday,10,29.4,69.6,56,72.5,77.2
EC003418,ENG_B,Engineering,14,Sunday,9,30.2,71.2,62,54.4,53.6
EC006427,ADM_A,Administration,3,Tuesday,5,27.0,87.1,1,26.6,21.3
EC007263,BUS_B,Business,8,Tuesday,6,28.1,76.2,52,47.1,44.8
EC002033,SCI_A,Science,0,Sunday,9,24.6,84.8,16,64.5,62.8
EC004958,SCI_B,Science,0,Monday,7,28.5,74.3,1,100.6,82.3
EC005276,RES_B,Residential,19,Thursday,8,29.1,73.1,200,46.5,48.6
EC002191,LIB_A,Library,5,Thursday,9,26.6,78.1,0,28.7,29.0
EC004327,ENG_B,Engineering,23,Wednesday,10,27.2,80.2,0,37.3,37.4
EC007650,BUS_B,Business,3,Sunday,5,26.1,74.9,9,32.2,33.3
EC001940,ENG_B,Engineering,5,Thursday,12,25.8,86.4,14,34.8,40.9
EC003153,RES_B,Residential,10,Monday,9,29.9,71.4,116,31.1,44.1
EC001344,BUS_A,Business,2,Sunday,6,25.2,85.7,5,22.3,19.2
EC007439,BUS_B,Business,16,Sunday,11,29.7,,21,41.2,43.5
EC001695,BUS_A,Business,19,Sunday,7,30.7,71.6,0,36.6,35.1
EC002934,RES_A,Residential,10,Tuesday,4,29.5,75.9,143,46.2,45.0
EC005416,LEC_A,LectureHall,23,Monday,5,28.0,82.4,28,104.4,55.7
EC006325,RES_B,Residential,2,Tuesday,3,25.5,80.2,117,46.1,45.1
EC005798,ENG_A,Engineering,11,Monday,9,29.0,84.0,138,73.4,66.1
EC005695,BUS_B,Business,0,Saturday,6,27.5,81.9,12,40.2,36.8
EC004068,RES_B,Residential,6,Sunday,10,27.0,76.8,208,46.1,45.9
EC004107,ENG_A,Engineering,13,Tuesday,4,,73.4,207,94.3,95.2
EC003316,BUS_B,Business,9,Tuesday,1,28.9,73.3,97,55.7,52.0
EC006391,BUS_A,Business,18,Monday,5,31.1,71.3,53,48.4,53.3
EC005976,ENG_A,Engineering,21,Friday,9,26.7,84.5,,41.0,42.6
EC006199,ADM_A,Administration,1,Tuesday,8,27.0,80.7,10,19.5,24.2
EC001279,RES_A,Residential,12,Tuesday,5,32.2,71.1,106,53.8,49.1
EC005204,ADM_A,Administration,15,Sunday,7,30.7,72.2,32,28.9,37.1
EC000866,BUS_B,Business,13,Sunday,5,30.1,70.7,49,44.6,45.4
EC004382,LIB_A,Library,15,Tuesday,5,29.5,74.1,252,63.7,67.6
EC001293,BUS_B,Business,17,Monday,2,29.0,80.4,94,57.4,54.9
EC005189,LEC_A,LectureHall,16,Tuesday,2,30.1,75.3,151,49.3,62.4
EC007933,BUS_B,Business,1,Sunday,10,25.6,86.7,19,29.0,31.6
EC002002,ENG_B,Engineering,9,Monday,1,28.2,79.2,78,49.4,54.3
EC001120,LIB_A,Library,0,Thursday,10,27.4,84.2,46,30.3,34.4
EC002923,ADM_A,Administration,9,Sunday,3,29.2,80.3,30,29.4,32.0
EC006560,LEC_A,LectureHall,10,Monday,8,29.8,77.9,128,64.0,59.1
EC002719,RES_A,Residential,5,Thursday,3,25.4,74.3,217,58.4,60.5
EC001806,SPT_A,Sports,12,Friday,11,29.0,77.2,32,44.0,42.9
EC006585,RES_A,Residential,16,Thursday,7,30.1,75.9,107,42.0,50.1
EC004703,BUS_A,Business,18,Friday,1,29.5,82.8,66,37.6,49.6
EC004842,ADM_A,Administration,17,Wednesday,9,30.9,76.3,63,42.2,43.9
EC003560,ADM_A,Administration,11,Friday,9,30.4,76.0,99,42.8,44.1
EC002570,BUS_B,Business,13,Tuesday,10,29.1,77.0,170,63.4,68.3
EC002256,BUS_A,Business,13,Sunday,12,29.0,75.2,26,35.4,36.5
EC000921,ENG_B,Engineering,1,Friday,3,24.6,83.2,0,34.2,39.3
EC003604,LIB_A,Library,2,Wednesday,12,,83.3,29,29.5,31.8
EC005845,ENG_A,Engineering,3,Thursday,5,27.2,83.2,16,35.4,46.2
EC007796,BUS_A,Business,21,Thursday,7,28.9,77.3,0,33.9,37.1
EC005546,BUS_A,Business,14,Wednesday,7,30.1,73.2,137,57.7,58.0
EC000420,SCI_A,Science,3,Monday,8,26.7,78.0,0,62.2,64.1
EC000686,RES_B,Residential,1,Wednesday,5,26.0,80.4,125,39.8,40.9
EC001775,LIB_A,Library,15,Monday,11,34.7,85.1,222,67.2,79.2
EC006133,RES_B,Residential,0,Wednesday,6,27.5,74.7,104,37.4,42.9
EC004834,LEC_A,LectureHall,4,Saturday,5,26.6,86.2,23,28.4,31.0
EC005264,SPT_A,Sports,17,Sunday,3,29.7,70.6,90,58.7,63.6
EC003581,LIB_A,Library,6,Sunday,7,27.2,87.9,28,35.4,34.8
EC005708,RES_A,Residential,4,Monday,8,25.4,76.0,204,50.5,54.4
EC002398,ADM_A,Administration,19,Friday,11,28.0,78.7,21,22.1,29.7
EC000776,RES_A,Residential,1,Saturday,11,,80.6,165,42.1,46.3
EC001954,SPT_A,Sports,16,Saturday,1,29.5,78.9,48,47.8,51.3
EC006038,ENG_A,Engineering,20,Friday,12,27.3,75.4,35,43.0,44.9
EC007915,SPT_A,Sports,18,Wednesday,3,29.8,75.8,167,,70.1
EC002017,BUS_B,Business,6,Sunday,3,27.0,78.9,,36.3,34.8
EC005194,LEC_A,LectureHall,8,Wednesday,1,28.0,80.9,83,41.9,46.5
EC001984,LEC_A,LectureHall,20,Sunday,7,27.8,68.6,44,29.9,31.1
EC006514,BUS_A,Business,13,Thursday,10,29.5,73.2,138,53.6,56.4
EC001830,SPT_A,Sports,13,Saturday,5,30.6,75.0,24,55.5,51.6
EC001506,BUS_B,Business,23,Wednesday,5,28.5,78.6,0,45.5,41.8
EC004660,LEC_A,LectureHall,6,Thursday,6,,74.6,3,24.4,28.1
EC007831,ENG_A,Engineering,17,Thursday,3,31.4,74.4,127,83.5,82.5
EC002872,BUS_A,Business,10,Sunday,9,28.0,72.6,41,30.4,32.7
EC002549,LEC_A,LectureHall,5,Sunday,2,24.4,83.5,15,19.9,19.7
EC005514,BUS_B,Business,20,Monday,2,28.4,73.6,35,44.0,45.2
EC001704,ENG_B,Engineering,17,Friday,11,28.0,81.8,85,55.2,51.1
EC003133,SCI_B,Science,1,Wednesday,4,26.4,84.4,7,81.8,69.0
EC000529,BUS_B,Business,22,Monday,12,25.1,93.3,0,31.8,30.7
EC007870,RES_A,Residential,20,Monday,9,27.1,81.5,234,49.0,46.1
EC001886,BUS_B,Business,22,Friday,4,27.2,82.2,0,34.9,43.9
EC003961,SPT_A,Sports,6,Friday,8,27.4,77.4,94,47.6,54.8
EC005808,RES_A,Residential,17,Monday,7,30.0,70.0,153,47.0,45.8
EC004023,ADM_A,Administration,23,Tuesday,2,,77.2,11,28.0,28.8
EC000553,SPT_A,Sports,21,Sunday,8,26.1,83.1,137,60.1,52.0
EC000442,BUS_A,Business,20,Thursday,8,30.0,77.7,27,40.4,44.4
EC007607,RES_A,Residential,20,Tuesday,7,29.3,75.9,211,42.0,47.0
EC004064,ENG_B,Engineering,22,Monday,12,27.3,,0,39.3,37.9
EC006265,ADM_A,Administration,19,Saturday,7,29.1,84.0,8,24.4,22.2
EC002897,SCI_A,Science,1,Wednesday,9,26.9,85.9,15,67.1,65.1
EC001369,RES_B,Residential,19,Monday,2,29.6,73.5,174,34.2,41.4
EC005914,BUS_A,Business,1,Saturday,2,25.9,83.3,36,32.1,33.2
EC002131,ENG_A,Engineering,21,Tuesday,6,28.6,79.6,22,51.8,49.3
EC006484,LIB_A,Library,12,Friday,1,29.1,80.4,137,50.2,52.0
EC001214,LEC_A,LectureHall,14,Monday,7,30.5,74.8,188,81.4,73.9
EC004540,ENG_B,Engineering,23,Friday,10,26.1,80.6,3,26.1,31.3
EC007840,ENG_A,Engineering,5,Monday,4,28.1,77.7,18,51.0,50.1
EC003893,BUS_A,Business,12,Wednesday,2,31.2,78.5,117,64.3,61.5
EC007961,ADM_A,Administration,1,Friday,3,26.4,85.6,3,28.8,28.5
EC002470,SCI_A,Science,19,Wednesday,3,30.2,75.3,17,95.2,87.8
EC002562,SCI_A,Science,17,Sunday,1,30.5,72.1,5,85.2,81.0
EC003294,RES_B,Residential,13,Thursday,8,29.3,78.0,82,31.6,35.4
EC005347,ADM_A,Administration,3,Friday,12,26.4,83.2,0,16.6,20.7
EC002954,ENG_B,Engineering,9,Friday,12,27.6,77.9,75,48.6,45.7
EC004368,SCI_B,Science,16,Thursday,1,30.3,78.5,82,82.6,79.3
EC007995,ADM_A,Administration,22,Thursday,6,28.8,75.5,6,32.6,31.3
EC004895,RES_B,Residential,20,Wednesday,2,29.4,69.3,200,44.5,48.7
EC000112,SCI_A,Science,12,Monday,1,29.3,72.5,133,97.0,97.2
EC002667,ENG_A,Engineering,13,Tuesday,12,29.3,75.2,205,84.9,82.1
EC001534,ADM_A,Administration,5,Thursday,5,27.4,77.4,0,24.3,28.2
EC005142,RES_B,Residential,17,Wednesday,7,30.9,67.9,137,50.9,50.9
EC001271,SCI_B,Science,19,Sunday,4,29.0,78.9,0,74.1,72.3
EC003897,LEC_A,LectureHall,15,Sunday,7,32.2,73.3,2,38.2,39.3
EC001339,BUS_B,Business,7,Monday,12,,83.9,17,26.9,30.7
EC003665,BUS_B,Business,2,Sunday,7,25.2,84.0,15,31.1,30.8
EC006348,ADM_A,Administration,17,Thursday,12,30.3,73.5,69,41.0,36.3
EC003958,SPT_A,Sports,19,Thursday,6,30.1,74.2,184,83.7,81.1
EC002977,SCI_B,Science,0,Wednesday,4,29.1,73.8,16,56.9,70.9
EC003433,LEC_A,LectureHall,15,Saturday,5,29.0,77.6,,32.8,40.0
EC007534,SCI_B,Science,20,Sunday,10,24.0,95.7,15,53.3,55.4
EC003374,LIB_A,Library,13,Monday,12,31.1,66.2,182,64.4,59.8
EC003530,SPT_A,Sports,0,Saturday,6,26.8,75.8,0,44.1,38.6
EC005403,BUS_A,Business,22,Thursday,6,27.5,73.4,22,42.3,37.4
EC006270,ENG_A,Engineering,10,Wednesday,8,28.9,75.1,134,69.1,76.3
EC007768,LIB_A,Library,21,Saturday,2,27.3,80.3,60,41.9,42.4
EC000280,ADM_A,Administration,19,Wednesday,4,29.7,68.8,0,31.2,27.9
EC004411,SPT_A,Sports,22,Thursday,11,26.5,88.8,80,46.8,46.2
EC001308,LIB_A,Library,21,Monday,11,26.8,89.3,51,40.2,34.9
EC000424,ENG_B,Engineering,7,Sunday,3,27.1,79.5,2,39.5,40.3
EC002537,RES_A,Residential,7,Thursday,1,26.4,82.0,215,52.1,52.3
EC005386,BUS_B,Business,9,Friday,6,,76.0,89,49.7,52.5
EC005128,SCI_A,Science,20,Monday,2,28.6,75.3,41,79.9,79.5
EC003015,SCI_B,Science,15,Thursday,2,30.8,73.5,84,75.3,89.0
EC003139,ENG_A,Engineering,10,Monday,1,28.6,71.5,107,63.5,73.4
EC003344,SCI_A,Science,20,Friday,10,27.0,75.5,15,62.1,70.0
EC007562,LIB_A,Library,2,Wednesday,2,25.6,82.3,0,24.7,28.2
EC004128,BUS_B,Business,22,Thursday,2,27.8,75.1,7,36.3,40.1
EC003137,SPT_A,Sports,8,Saturday,4,26.3,74.4,123,54.4,50.8
EC003882,SCI_A,Science,7,Monday,5,26.9,78.3,6,58.9,70.7
EC006672,RES_B,Residential,20,Wednesday,7,28.9,75.9,190,48.1,46.6
EC002762,RES_A,Residential,6,Monday,2,26.5,84.8,175,42.5,49.1
EC003423,LIB_A,Library,6,Wednesday,9,25.4,79.8,12,22.9,29.8
EC004636,LIB_A,Library,23,Thursday,5,25.9,84.5,33,77.1,48.9
EC004266,ENG_B,Engineering,1,Sunday,3,28.4,78.4,1,39.3,42.0
EC002745,BUS_A,Business,21,Thursday,2,29.5,77.2,0,44.0,37.5
EC006649,RES_A,Residential,20,Friday,1,28.6,78.8,208,49.6,49.7
EC001024,RES_A,Residential,0,Friday,12,25.5,91.8,108,44.5,42.9
EC000315,BUS_B,Business,10,Wednesday,1,28.0,79.4,138,54.6,63.1
EC000351,RES_A,Residential,6,Saturday,12,26.4,89.0,247,57.7,54.6
EC004941,SCI_B,Science,6,Tuesday,1,26.1,88.9,18,62.9,61.3
EC004840,SCI_B,Science,19,Monday,7,30.1,77.2,34,68.1,74.7
EC003678,RES_B,Residential,4,Tuesday,2,27.0,81.1,187,52.1,53.7
EC005657,BUS_A,Business,19,Saturday,9,29.5,79.4,0,36.4,31.0
EC003960,BUS_A,Business,3,Friday,3,27.8,80.5,0,32.0,32.3
EC007945,ENG_B,Engineering,10,Thursday,1,29.6,69.0,105,61.4,66.8
EC000055,ADM_A,Administration,2,Friday,7,27.3,83.7,3,29.7,27.2
EC000041,SPT_A,Sports,6,Sunday,10,26.9,74.0,125,53.2,50.5
EC006874,LEC_A,LectureHall,2,Sunday,8,26.0,85.2,0,5.3,13.2
EC000967,SPT_A,Sports,11,Sunday,9,29.8,73.9,,43.2,44.4
EC001999,RES_B,Residential,1,Wednesday,10,25.6,81.5,,35.8,38.4
EC005056,ENG_A,Engineering,9,Wednesday,3,29.2,75.7,92,69.6,68.5
EC001910,RES_A,Residential,1,Wednesday,5,28.7,76.0,112,46.6,45.8
EC003536,ADM_A,Administration,4,Sunday,2,26.9,80.8,16,25.9,22.4
EC005210,RES_B,Residential,19,Wednesday,4,29.2,74.5,129,39.7,47.9
EC002264,SPT_A,Sports,17,Monday,6,31.2,69.6,98,52.5,59.7
EC001628,SCI_B,Science,4,Monday,8,26.4,82.5,5,56.4,60.9
EC004568,BUS_A,Business,10,Wednesday,2,29.6,74.9,89,50.0,51.9
EC003302,ADM_A,Administration,10,Thursday,8,29.4,75.7,74,36.5,36.9
EC004563,SCI_B,Science,19,Wednesday,11,28.5,79.8,14,66.5,60.5
EC006430,ENG_A,Engineering,2,Wednesday,10,25.7,84.1,0,36.8,41.0
EC002502,BUS_B,Business,21,Saturday,1,27.6,77.5,15,38.2,36.5
EC000194,LIB_A,Library,15,Sunday,7,30.3,73.2,176,61.3,64.1
EC000994,SCI_B,Science,7,Friday,11,26.8,75.6,12,50.8,58.9
EC005615,SPT_A,Sports,8,Tuesday,10,27.2,78.1,83,53.7,52.7
EC003652,BUS_B,Business,8,Thursday,6,28.6,77.3,52,50.7,54.7
EC004439,LIB_A,Library,10,Saturday,8,28.9,81.4,69,41.4,41.2
EC003668,SCI_A,Science,16,Wednesday,12,31.1,69.7,103,93.2,104.7
EC003673,RES_B,Residential,22,Thursday,10,27.0,80.1,209,37.8,46.5
EC006782,RES_A,Residential,8,Saturday,10,27.6,82.9,212,45.2,44.1
EC005348,ENG_B,Engineering,5,Sunday,1,26.6,82.1,26,46.3,37.4
EC001915,SCI_B,Science,0,Sunday,5,26.5,70.7,0,61.5,62.6
EC003739,BUS_B,Business,11,Thursday,4,29.8,78.4,135,74.6,67.7
EC006500,BUS_B,Business,9,Tuesday,10,28.6,81.9,109,56.5,56.5
EC003557,ENG_A,Engineering,18,Thursday,8,29.8,74.4,137,64.3,73.0
EC007184,ADM_A,Administration,15,Tuesday,6,31.8,75.4,85,45.2,45.7
EC000094,ENG_A,Engineering,13,Sunday,9,29.7,75.2,5,52.1,52.4
EC000102,RES_A,Residential,23,Sunday,6,29.3,74.2,262,53.4,60.9
EC002895,SPT_A,Sports,14,Friday,10,29.4,76.1,42,45.7,51.3
EC002771,SPT_A,Sports,3,Friday,3,25.6,85.6,6,38.6,39.6
EC004749,SCI_B,Science,16,Saturday,10,29.9,69.0,28,71.3,69.3
EC006075,ENG_A,Engineering,12,Saturday,6,30.6,71.4,53,55.7,60.4
EC006084,RES_A,Residential,17,Wednesday,11,26.8,87.9,176,42.6,44.7
EC006831,LEC_A,LectureHall,22,Saturday,9,27.7,73.7,10,21.7,26.0
EC007173,LIB_A,Library,8,Monday,5,26.8,80.3,43,35.6,43.1
EC002260,BUS_A,Business,6,Monday,1,27.0,73.8,0,31.2,27.4
EC001804,BUS_B,Business,8,Friday,10,26.2,77.3,100,47.3,48.7
EC005221,RES_B,Residential,0,Friday,9,26.3,80.6,84,31.4,33.7
EC001081,ENG_A,Engineering,6,Monday,2,25.9,86.7,0,42.1,44.8
EC000798,SPT_A,Sports,10,Sunday,7,28.9,,8,40.4,42.3
EC000266,RES_A,Residential,8,Friday,2,28.3,74.3,176,46.6,49.0
EC004826,LIB_A,Library,1,Sunday,7,26.7,72.6,0,19.4,25.6
EC005048,SCI_B,Science,15,Saturday,2,29.6,71.4,20,86.1,76.8
EC005295,LEC_A,LectureHall,11,Sunday,8,30.0,73.5,40,34.6,37.0
EC000622,BUS_B,Business,18,Wednesday,6,30.6,73.4,52,47.1,56.2
EC004689,SCI_A,Science,19,Saturday,8,29.6,75.2,4,79.8,81.3
EC006069,ENG_B,Engineering,0,Monday,1,27.2,74.0,21,36.5,41.5
EC001407,SCI_B,Science,8,Thursday,7,27.7,77.5,72,70.5,70.5
EC004390,RES_B,Residential,20,Tuesday,8,28.7,78.1,200,45.2,48.8
EC005201,LEC_A,LectureHall,9,Tuesday,8,29.3,73.0,85,44.0,47.3
EC000247,SPT_A,Sports,10,Tuesday,3,29.1,78.4,35,41.4,42.4
EC001134,SCI_B,Science,18,Tuesday,11,28.7,70.3,33,64.2,72.3
EC001753,ENG_A,Engineering,20,Monday,4,30.0,75.2,30,55.9,62.4
EC001461,SPT_A,Sports,23,Saturday,10,27.2,83.4,41,71.5,54.9
EC000663,ADM_A,Administration,2,Monday,11,25.9,83.0,2,22.1,22.2
EC004237,SCI_A,Science,20,Saturday,7,28.1,80.4,7,75.5,75.1
EC006684,LEC_A,LectureHall,10,Wednesday,4,29.9,79.0,125,55.2,58.1
EC000026,LEC_A,LectureHall,18,Thursday,3,31.1,69.3,278,81.9,96.2
EC005148,SCI_B,Science,8,Monday,10,26.8,81.2,62,70.9,70.5
EC004992,SCI_B,Science,5,Saturday,6,28.1,76.8,12,65.4,66.8
EC007017,LIB_A,Library,9,Thursday,8,27.6,79.3,36,34.7,37.7
EC001240,LEC_A,LectureHall,7,Monday,10,26.2,84.2,35,32.8,27.5
EC003119,ENG_A,Engineering,1,Saturday,12,26.3,83.0,7,34.1,35.1
EC000607,LEC_A,LectureHall,12,Thursday,8,31.0,70.9,207,75.7,77.3
EC006382,SPT_A,Sports,15,Saturday,4,30.4,67.4,25,46.4,47.4
EC002011,LIB_A,Library,9,Sunday,8,29.1,73.8,0,34.1,35.5
EC003556,SCI_A,Science,19,Friday,3,30.5,76.5,13,80.0,80.4
EC001604,BUS_B,Business,1,Saturday,4,27.2,76.7,0,33.4,32.3
EC000178,BUS_B,Business,4,Tuesday,10,26.8,85.8,0,28.0,34.4
EC007918,LEC_A,LectureHall,1,Tuesday,6,26.6,77.4,0,11.9,23.2
EC005613,RES_A,Residential,16,Friday,5,31.1,71.1,150,58.1,53.0
EC000372,SPT_A,Sports,22,Monday,3,29.3,77.7,79,56.8,52.4
EC001759,BUS_B,Business,5,Wednesday,6,28.3,77.3,7,41.2,43.7
EC005862,SCI_B,Science,4,Saturday,7,26.0,90.3,0,56.5,55.9
EC004105,ENG_B,Engineering,22,Monday,6,28.7,77.7,0,,44.8
EC002238,BUS_B,Business,6,Sunday,8,26.7,81.1,0,25.4,32.6
EC004833,BUS_A,Business,12,Tuesday,8,30.1,75.9,128,39.8,49.2
EC000530,LIB_A,Library,10,Tuesday,11,27.9,86.8,73,41.3,32.3
EC006527,LEC_A,LectureHall,5,Saturday,4,26.9,74.9,27,27.8,32.6
EC005553,LIB_A,Library,2,Wednesday,12,25.1,81.8,35,25.0,27.5
EC001343,SCI_A,Science,1,Sunday,1,27.2,81.2,9,62.2,67.3
EC005068,RES_B,Residential,0,Sunday,2,25.1,84.1,104,43.8,42.5
EC000873,ENG_A,Engineering,16,Wednesday,5,30.1,73.3,97,68.1,73.1
EC005028,RES_B,Residential,14,Tuesday,12,29.3,72.2,100,35.8,38.7
EC006756,ENG_A,Engineering,3,Thursday,6,27.1,75.4,2,57.4,46.5
EC002946,BUS_B,Business,0,Sunday,1,27.7,80.3,0,34.1,31.7
EC004456,LIB_A,Library,8,Saturday,1,27.6,81.5,34,33.4,37.9
EC000206,RES_B,Residential,16,Wednesday,3,31.5,70.6,126,52.9,46.2
EC004100,ENG_B,Engineering,3,Thursday,2,25.0,90.0,21,36.7,38.0
EC005986,ENG_A,Engineering,16,Tuesday,2,29.6,78.4,128,71.4,77.4
EC006605,SPT_A,Sports,17,Monday,3,31.0,69.8,113,60.3,60.4
EC003924,LEC_A,LectureHall,7,Monday,1,26.7,77.6,0,26.2,27.0
EC001938,RES_A,Residential,0,Wednesday,8,26.1,79.6,95,,41.0
EC004142,ADM_A,Administration,16,Thursday,7,31.3,71.7,75,38.9,38.2
EC001865,RES_A,Residential,8,Monday,8,27.5,76.9,159,34.6,37.7
EC002859,ADM_A,Administration,14,Tuesday,10,29.4,79.8,97,30.6,39.6
EC003735,SPT_A,Sports,21,Wednesday,9,28.2,84.9,129,47.5,52.6
EC007467,SCI_B,Science,13,Thursday,7,30.5,73.2,114,82.8,85.7
EC001206,SCI_B,Science,8,Tuesday,2,27.9,79.2,36,70.9,74.6
EC002200,BUS_A,Business,5,Wednesday,10,26.2,82.7,13,32.0,30.3
EC007594,LIB_A,Library,22,Tuesday,10,28.5,79.8,47,,44.5
EC003077,RES_A,Residential,3,Thursday,1,26.6,81.7,137,49.1,48.7
EC002935,LIB_A,Library,12,Sunday,9,30.3,71.6,88,40.2,42.7
EC003588,LIB_A,Library,21,Sunday,5,29.5,75.2,64,53.5,51.0
EC004785,ENG_B,Engineering,4,Friday,6,26.5,81.9,18,42.7,40.2
EC000913,ENG_B,Engineering,15,Monday,6,31.1,77.6,134,64.0,61.4
EC001678,BUS_A,Business,10,Tuesday,10,30.1,76.4,74,48.7,50.8
EC005228,LEC_A,LectureHall,16,Saturday,9,30.0,73.3,255,69.7,74.6
EC001701,LEC_A,LectureHall,0,Tuesday,6,26.0,81.2,9,26.5,24.6
EC003265,RES_A,Residential,1,Wednesday,6,26.8,72.1,77,47.2,47.3
EC004317,LIB_A,Library,0,Saturday,9,25.6,83.9,0,24.4,22.6
EC004154,ENG_A,Engineering,17,Wednesday,10,30.5,74.2,116,74.3,69.2
EC000103,ADM_A,Administration,7,Wednesday,3,27.0,80.9,5,28.8,25.6
EC005989,SCI_B,Science,21,Thursday,1,24.7,97.0,28,50.6,61.0
EC007729,SCI_A,Science,22,Saturday,1,28.0,77.8,0,73.9,71.4
EC007306,ADM_A,Administration,9,Friday,10,27.5,74.2,139,41.6,46.9
EC003414,RES_B,Residential,2,Monday,8,25.5,87.2,139,47.9,47.5
EC003766,ENG_A,Engineering,23,Tuesday,11,27.9,77.5,23,47.3,51.6
EC003503,ENG_B,Engineering,17,Thursday,1,30.3,78.2,59,57.9,59.7
EC004389,RES_B,Residential,23,Monday,11,26.3,81.1,261,43.7,43.4
EC000707,RES_B,Residential,15,Wednesday,12,31.8,70.1,94,43.6,42.4
EC000084,LEC_A,LectureHall,18,Friday,6,29.5,76.4,69,48.1,48.7
EC007349,SCI_B,Science,12,Tuesday,5,35.3,91.0,142,113.2,115.7
EC004430,SPT_A,Sports,12,Friday,5,28.7,72.9,2,36.6,40.3
EC003275,SCI_B,Science,6,Sunday,7,26.7,79.6,4,64.8,61.9
EC003568,SCI_A,Science,3,Saturday,11,25.5,76.5,0,53.4,57.6
EC000556,ENG_B,Engineering,16,Tuesday,7,30.5,83.1,109,63.6,63.4
EC003800,ENG_A,Engineering,6,Sunday,2,28.0,74.8,0,48.0,42.9
EC000389,BUS_B,Business,3,Wednesday,7,25.9,83.8,8,39.1,35.2
EC007944,ENG_A,Engineering,19,Monday,5,30.5,68.8,8,53.9,56.6
EC007959,BUS_A,Business,19,Wednesday,5,31.4,64.3,4,34.9,41.8
EC004647,SPT_A,Sports,15,Saturday,12,29.3,72.4,235,61.6,58.9
EC002082,SCI_B,Science,17,Saturday,9,29.1,79.7,8,63.3,66.9
EC007631,SCI_A,Science,18,Saturday,4,29.7,72.6,33,72.8,86.6
EC001814,BUS_B,Business,13,Tuesday,5,30.2,71.4,176,,66.6
EC007665,SPT_A,Sports,18,Friday,1,28.6,81.4,157,53.4,61.9
EC003951,ENG_A,Engineering,20,Sunday,9,27.8,82.8,40,47.9,51.5
EC003306,SCI_A,Science,7,Thursday,10,26.5,85.1,4,66.3,65.2
EC005947,RES_B,Residential,17,Thursday,6,28.3,85.9,150,36.1,37.5
EC003330,RES_A,Residential,10,Wednesday,11,27.1,82.6,194,48.4,46.2
EC003603,ENG_B,Engineering,9,Monday,8,29.2,76.6,169,26.9,55.4
EC005598,LEC_A,LectureHall,19,Monday,6,31.0,69.2,0,35.5,37.3
EC002534,ADM_A,Administration,11,Friday,5,28.4,73.8,74,35.8,37.2
EC002449,RES_A,Residential,4,Tuesday,8,27.4,82.1,196,51.9,49.2
EC007403,RES_A,Residential,6,Saturday,9,25.3,90.2,236,45.0,50.6
EC003062,LIB_A,Library,15,Monday,12,30.8,67.7,197,58.9,65.5
EC007849,SPT_A,Sports,2,Wednesday,12,25.0,80.2,0,31.1,31.8
EC003855,LEC_A,LectureHall,13,Monday,2,29.5,66.5,195,68.9,65.1
EC006231,ENG_B,Engineering,15,Sunday,11,30.5,67.8,20,45.9,47.7
EC000825,SCI_A,Science,5,Sunday,10,26.5,80.4,0,60.6,59.4
EC002556,LEC_A,LectureHall,10,Tuesday,1,28.4,82.3,156,58.2,64.6
EC002306,ENG_A,Engineering,4,Tuesday,3,25.1,85.3,5,36.1,46.5
EC001300,RES_A,Residential,1,Wednesday,7,26.3,89.1,133,44.2,40.8
EC003459,BUS_A,Business,11,Wednesday,9,29.0,77.9,109,56.3,54.7
EC004193,LIB_A,Library,14,Wednesday,10,29.0,75.3,221,50.4,57.1
EC004530,ADM_A,Administration,17,Sunday,2,28.6,80.1,,23.5,28.0
EC006817,ADM_A,Administration,21,Wednesday,1,27.9,77.8,15,25.5,25.5
EC004071,LIB_A,Library,4,Monday,5,26.9,78.3,0,30.3,31.0
EC002432,LEC_A,LectureHall,8,Saturday,9,27.6,,47,31.3,33.9
EC005855,BUS_A,Business,18,Wednesday,7,24.1,98.6,44,38.1,35.6
EC004372,LEC_A,LectureHall,23,Friday,1,26.3,83.6,0,28.2,27.3
EC003945,ENG_B,Engineering,7,Monday,2,26.9,72.2,7,34.8,36.0
EC002485,LEC_A,LectureHall,2,Friday,5,26.8,83.1,13,31.1,32.3
EC002854,ADM_A,Administration,8,Tuesday,10,26.2,76.9,38,26.0,26.3
EC004214,LEC_A,LectureHall,5,Tuesday,5,27.2,79.2,8,32.1,34.0
EC006056,SCI_B,Science,4,Saturday,3,26.5,80.2,0,59.8,60.1
EC007962,SCI_B,Science,2,Sunday,12,25.0,79.4,0,50.0,59.3
EC003649,ADM_A,Administration,11,Friday,10,27.9,74.6,86,39.3,37.8
EC005936,LEC_A,LectureHall,19,Monday,11,29.2,79.2,2,28.1,31.5
EC002073,BUS_B,Business,8,Saturday,1,29.8,73.8,5,40.6,41.6
EC000017,LEC_A,LectureHall,5,Tuesday,8,25.5,84.3,0,17.5,21.4
EC002867,SPT_A,Sports,13,Wednesday,2,32.1,71.8,16,56.3,50.8
EC004257,SPT_A,Sports,11,Thursday,9,28.9,76.1,39,41.1,41.6
EC000170,BUS_A,Business,4,Friday,10,24.9,81.6,0,22.6,24.0
EC004993,SPT_A,Sports,8,Friday,4,28.8,76.6,88,58.5,59.4
EC002896,SCI_B,Science,6,Sunday,1,25.5,83.1,5,56.4,60.9
EC001311,ADM_A,Administration,17,Thursday,5,31.6,76.2,48,36.9,39.5
EC007619,BUS_B,Business,8,Friday,10,27.1,87.7,76,41.0,47.4
EC007269,SPT_A,Sports,23,Friday,1,28.1,79.8,44,83.7,56.5
EC006379,RES_B,Residential,4,Wednesday,1,25.4,76.6,171,44.2,45.0
EC006883,ADM_A,Administration,13,Friday,1,29.3,68.9,105,48.7,44.1
EC004460,RES_A,Residential,1,Wednesday,4,27.1,74.0,94,38.8,44.1
EC006050,LIB_A,Library,12,Friday,6,31.5,69.5,132,48.5,51.8
EC007572,SPT_A,Sports,20,Sunday,7,30.6,73.0,205,69.9,75.3
EC001188,RES_B,Residential,8,Friday,7,25.2,84.3,199,37.0,38.2
EC007624,ENG_B,Engineering,21,Wednesday,11,28.0,67.4,21,34.5,40.6
EC004102,LEC_A,LectureHall,23,Tuesday,4,27.1,80.0,16,34.2,30.1
EC002914,RES_A,Residential,19,Wednesday,6,28.6,79.5,181,49.6,58.7
EC001527,SCI_B,Science,4,Wednesday,11,24.2,90.8,22,51.6,54.8
EC003450,LEC_A,LectureHall,3,Monday,2,24.1,83.5,20,27.3,28.7
EC004943,LEC_A,LectureHall,18,Friday,8,27.5,81.9,113,45.0,47.0
EC006933,ENG_A,Engineering,15,Wednesday,4,31.0,75.7,153,62.7,75.3
EC006647,RES_B,Residential,14,Wednesday,7,30.8,72.5,133,40.7,40.8
EC007117,BUS_A,Business,6,Saturday,3,27.2,79.4,0,28.3,31.3
EC001633,BUS_A,Business,1,Monday,3,26.1,76.2,8,32.6,29.1
EC001842,BUS_B,Business,14,Tuesday,8,30.8,70.6,170,73.8,70.5
EC003943,ENG_A,Engineering,21,Sunday,9,28.2,77.5,21,47.9,45.2
EC006339,RES_B,Residential,19,Sunday,12,29.5,75.3,156,46.1,45.3
EC004117,RES_B,Residential,1,Sunday,7,26.3,88.1,131,36.6,40.0
EC006791,SCI_A,Science,20,Saturday,5,29.5,69.6,0,74.3,75.8
EC004970,SCI_A,Science,7,Friday,9,27.2,78.7,129,48.7,76.4
EC003389,LEC_A,LectureHall,12,Monday,12,28.1,79.9,169,56.0,62.7
EC003159,RES_A,Residential,8,Wednesday,11,26.0,86.5,163,42.7,43.2
EC000028,SCI_B,Science,19,Sunday,3,31.2,73.6,17,65.0,75.7
EC006995,SCI_B,Science,17,Monday,1,29.1,77.0,62,77.1,77.7
EC004487,LEC_A,LectureHall,5,Thursday,6,26.5,80.4,6,25.7,22.1
EC007186,BUS_B,Business,19,Tuesday,3,24.9,98.6,0,35.0,36.9
EC005284,RES_A,Residential,14,Wednesday,8,31.4,79.0,139,49.6,49.9
EC004791,SCI_A,Science,20,Sunday,12,24.3,97.7,0,53.2,56.1
EC002295,ENG_A,Engineering,20,Sunday,10,28.4,76.6,3,42.7,47.8
EC000472,SCI_B,Science,15,Tuesday,9,30.4,80.5,159,95.8,99.9
EC000305,LIB_A,Library,11,Saturday,6,28.5,75.6,49,47.7,44.0
EC004092,ENG_A,Engineering,5,Sunday,12,24.5,80.7,0,29.6,36.1
EC001393,LIB_A,Library,4,Wednesday,8,26.0,80.0,16,25.9,28.6
EC000745,RES_B,Residential,3,Tuesday,1,26.8,76.3,158,44.1,44.7
EC002392,ENG_B,Engineering,11,Friday,10,28.5,77.1,135,57.4,58.7
EC001107,LIB_A,Library,10,Sunday,3,29.1,79.3,74,43.5,46.7
EC001975,LEC_A,LectureHall,5,Thursday,10,26.3,79.8,20,26.9,30.4
EC007197,ADM_A,Administration,21,Sunday,4,29.4,75.0,4,18.6,26.5
EC007662,BUS_A,Business,12,Saturday,1,29.1,79.2,35,34.5,39.6
EC002259,ENG_A,Engineering,7,Saturday,7,27.9,74.8,48,52.7,52.1
EC007673,SPT_A,Sports,21,Thursday,10,25.4,80.2,96,41.5,43.1
EC007317,RES_B,Residential,15,Monday,5,31.2,69.3,105,49.3,48.1
EC007888,LEC_A,LectureHall,9,Wednesday,10,27.3,82.2,127,46.2,52.1
EC001562,SCI_B,Science,21,Thursday,3,29.5,74.3,26,78.5,78.8
EC001500,BUS_A,Business,23,Monday,3,25.7,77.5,34,28.0,30.1
EC001648,ADM_A,Administration,17,Friday,11,29.7,66.7,45,33.3,33.3
EC007092,LIB_A,Library,11,Wednesday,8,28.7,78.8,98,37.4,44.0
EC004276,LIB_A,Library,13,Wednesday,4,29.5,81.2,167,51.2,56.3
EC002597,LIB_A,Library,13,Tuesday,4,30.4,68.6,183,55.6,61.2
EC006433,BUS_B,Business,14,Thursday,6,31.0,74.1,171,73.0,68.6
EC002506,RES_B,Residential,19,Sunday,2,29.1,77.5,203,48.1,48.6
EC001698,ADM_A,Administration,0,Saturday,3,25.3,81.8,0,18.6,17.4
EC002140,BUS_A,Business,16,Sunday,12,28.9,78.4,22,32.6,33.2
EC005740,BUS_A,Business,7,Tuesday,10,26.5,74.7,0,33.7,35.5
EC006487,ENG_A,Engineering,3,Thursday,7,26.1,87.5,11,41.4,40.9
EC002774,SCI_A,Science,23,Saturday,2,26.5,80.7,7,68.5,66.7
EC007132,SCI_B,Science,23,Friday,1,28.1,82.4,0,65.8,64.1
EC003470,LIB_A,Library,2,Thursday,1,25.9,87.2,8,26.4,26.0
EC006669,LIB_A,Library,2,Saturday,2,25.9,86.2,9,25.0,24.7
EC006385,BUS_A,Business,9,Monday,6,27.2,83.6,64,41.2,44.3
EC007363,ADM_A,Administration,8,Sunday,12,25.3,83.2,26,20.7,22.3
EC003218,LIB_A,Library,13,Saturday,12,29.2,63.6,143,37.8,46.2
EC001263,RES_B,Residential,12,Monday,11,28.9,74.2,,45.3,43.1
EC002729,BUS_A,Business,8,Sunday,4,24.1,96.3,8,25.1,26.5
EC002026,RES_A,Residential,19,Saturday,12,28.5,75.4,185,44.4,43.2
EC005261,BUS_B,Business,3,Friday,1,27.6,79.5,1,37.6,34.0
EC001763,LEC_A,LectureHall,14,Monday,12,29.5,74.9,212,72.6,80.1
EC004726,RES_A,Residential,20,Friday,3,28.0,81.4,218,43.5,50.1
EC005224,SCI_B,Science,21,Thursday,7,28.0,73.5,23,69.8,65.9
EC000752,ADM_A,Administration,20,Thursday,8,28.8,76.0,0,26.1,26.0
EC007357,SCI_A,Science,11,Monday,8,29.0,66.9,124,88.6,91.9
EC007035,SCI_A,Science,8,Wednesday,6,27.0,85.1,50,83.4,77.9
EC007202,ENG_A,Engineering,3,Thursday,6,27.4,75.6,4,46.8,46.0
EC005643,ENG_A,Engineering,17,Wednesday,10,29.2,79.5,105,56.5,66.0
EC004145,ENG_A,Engineering,11,Monday,1,27.3,81.8,149,66.6,66.3
EC000438,ENG_B,Engineering,22,Wednesday,12,26.7,79.9,0,41.2,39.3
EC001672,SCI_B,Science,1,Monday,1,24.6,81.6,22,52.3,54.1
EC004127,ENG_A,Engineering,3,Thursday,12,26.9,77.4,0,37.1,45.1
EC001998,ENG_A,Engineering,14,Monday,6,31.8,74.4,193,73.3,86.9
EC006839,LIB_A,Library,14,Sunday,2,31.9,67.2,190,64.0,65.0
EC004951,ENG_A,Engineering,3,Saturday,3,26.4,81.3,19,44.5,48.2
EC005861,RES_B,Residential,9,Tuesday,12,26.7,80.6,127,35.8,32.2
EC002190,BUS_A,Business,20,Thursday,3,29.0,76.7,13,43.1,40.9
EC000141,SCI_A,Science,2,Thursday,7,25.9,87.4,0,67.4,68.8
EC003824,RES_A,Residential,3,Saturday,12,25.0,87.3,158,32.1,41.1
EC003008,LEC_A,LectureHall,18,Monday,9,28.8,77.5,71,47.1,43.8
EC005464,BUS_B,Business,2,Monday,3,25.8,89.2,0,31.3,39.6
EC006528,SPT_A,Sports,23,Thursday,6,28.2,78.8,27,109.5,71.6
EC001408,ENG_A,Engineering,16,Tuesday,2,29.6,75.5,123,72.4,74.1
EC005247,SCI_A,Science,23,Tuesday,4,27.0,80.5,16,69.6,72.9
EC000240,ENG_A,Engineering,22,Tuesday,1,26.4,79.3,0,41.7,37.6
EC007654,BUS_A,Business,0,Wednesday,11,26.1,79.4,0,30.4,30.5
EC004459,SPT_A,Sports,11,Monday,3,29.3,78.2,33,46.5,47.7
EC005329,SCI_A,Science,5,Saturday,4,28.9,76.4,0,71.2,75.2
EC007095,ENG_B,Engineering,8,Sunday,12,27.1,80.9,1,38.6,39.9
EC006869,SCI_B,Science,5,Saturday,2,26.7,81.1,1,60.4,62.9
EC002844,LIB_A,Library,9,Wednesday,1,29.8,73.6,42,42.7,41.9
EC004434,BUS_B,Business,22,Friday,3,27.7,77.7,20,38.2,42.6
EC000687,ENG_B,Engineering,18,Thursday,11,29.5,78.2,64,48.3,53.9
EC004543,ENG_B,Engineering,13,Thursday,12,29.5,76.2,168,62.3,67.2
EC007952,ENG_A,Engineering,14,Wednesday,2,29.2,77.1,208,88.9,84.5
EC002484,LEC_A,LectureHall,4,Saturday,5,26.1,75.8,7,24.2,24.1
EC003436,BUS_B,Business,0,Monday,9,26.4,77.6,0,31.7,32.8
EC004655,ENG_B,Engineering,16,Saturday,4,29.6,75.7,46,56.5,55.7
EC007907,SCI_B,Science,18,Wednesday,4,29.8,69.0,51,77.5,75.9
EC006493,LEC_A,LectureHall,22,Monday,2,27.6,74.5,11,28.8,27.8
EC006941,ENG_B,Engineering,18,Sunday,1,27.6,73.8,15,45.3,45.9
EC007964,BUS_A,Business,13,Saturday,3,30.7,73.5,18,46.0,44.4
EC004084,RES_B,Residential,6,Thursday,11,27.1,79.8,186,40.4,45.8
EC007105,LIB_A,Library,18,Thursday,7,29.9,77.3,,64.5,64.1
EC000487,LIB_A,Library,7,Wednesday,6,27.3,69.7,3,,30.3
EC000633,BUS_A,Business,13,Wednesday,11,29.4,71.5,153,60.8,61.1
EC003814,ENG_B,Engineering,1,Saturday,10,23.2,86.4,10,30.0,33.8
EC002539,RES_A,Residential,11,Sunday,6,30.6,67.0,144,45.7,49.6
EC000908,SCI_A,Science,18,Saturday,6,30.7,75.4,13,94.8,92.4
EC002046,BUS_B,Business,0,Monday,6,25.8,81.8,12,34.6,35.9
EC001978,SPT_A,Sports,3,Wednesday,5,25.4,83.7,0,31.3,35.0
EC000813,LEC_A,LectureHall,16,Friday,5,30.5,69.5,145,69.9,68.3
EC001573,RES_A,Residential,19,Monday,3,28.5,76.2,242,48.8,55.9
EC002192,SPT_A,Sports,0,Monday,4,26.9,81.9,0,39.3,38.6
EC000954,BUS_A,Business,10,Saturday,11,28.4,78.9,30,34.9,31.2
EC006852,RES_B,Residential,14,Friday,12,35.5,87.5,229,60.8,59.0
EC004263,BUS_B,Business,20,Saturday,3,29.0,75.9,14,44.0,43.2
EC005895,ADM_A,Administration,0,Tuesday,4,26.3,84.0,7,25.2,28.7
EC001135,LEC_A,LectureHall,11,Wednesday,5,28.9,68.6,166,66.1,67.0
EC001005,SPT_A,Sports,11,Thursday,4,29.3,78.1,31,43.7,54.4
EC004137,LIB_A,Library,4,Tuesday,11,26.0,80.1,13,27.7,32.6
EC000341,SPT_A,Sports,19,Sunday,3,29.7,82.4,175,55.7,65.6
EC007990,RES_A,Residential,18,Saturday,10,30.0,64.2,202,46.7,46.4
EC004969,BUS_B,Business,17,Sunday,11,30.4,79.2,18,44.9,41.5
EC005139,BUS_A,Business,10,Monday,1,28.5,72.8,87,48.5,47.2
EC000002,LEC_A,LectureHall,0,Saturday,5,26.9,82.7,0,27.1,23.6
EC005684,RES_A,Residential,11,Tuesday,9,30.1,76.7,170,40.0,42.5
EC000169,ENG_A,Engineering,2,Sunday,7,25.8,83.4,27,43.8,43.3
EC002571,RES_B,Residential,1,Friday,7,27.4,73.9,90,39.4,40.4
EC000624,SPT_A,Sports,8,Tuesday,10,27.4,75.6,94,45.0,49.4
EC000142,SCI_A,Science,10,Wednesday,3,30.1,73.1,94,98.4,99.1
EC002997,ENG_A,Engineering,21,Tuesday,5,27.4,82.9,58,56.4,61.9
EC003174,ENG_B,Engineering,0,Wednesday,11,25.4,84.0,10,36.4,32.2
EC006925,SCI_A,Science,21,Friday,8,,86.8,0,66.7,65.3
EC001071,RES_A,Residential,22,Monday,1,27.8,82.1,220,51.1,50.2
EC005550,SCI_B,Science,3,Tuesday,1,26.4,80.6,7,61.8,61.3
EC001042,SPT_A,Sports,23,Wednesday,12,25.8,83.5,31,35.9,37.2
EC006526,BUS_A,Business,16,Wednesday,8,29.0,72.0,86,37.4,49.8
EC001603,LEC_A,LectureHall,1,Sunday,7,27.0,86.6,0,24.3,23.4
EC001058,RES_B,Residential,18,Saturday,6,29.4,88.8,170,49.8,45.7
EC001291,LEC_A,LectureHall,5,Thursday,7,27.8,76.8,24,32.1,34.9
EC001096,ADM_A,Administration,5,Wednesday,8,24.3,87.4,24,,24.1
EC002368,SCI_A,Science,21,Wednesday,6,29.7,76.3,7,64.6,74.7
EC007684,ENG_A,Engineering,0,Wednesday,3,26.6,77.7,0,43.9,44.3
EC002006,SCI_A,Science,19,Saturday,12,30.5,70.5,11,73.6,82.8
EC001988,SPT_A,Sports,11,Monday,2,29.3,69.6,0,48.2,47.4
EC002616,RES_B,Residential,10,Tuesday,9,28.8,75.9,120,36.3,36.8
EC005917,LIB_A,Library,13,Saturday,4,30.8,76.9,94,49.3,52.7
EC007757,LIB_A,Library,17,Saturday,11,30.1,68.3,184,49.8,52.2
EC000149,BUS_B,Business,22,Friday,9,27.0,76.0,0,29.1,31.0
EC001141,RES_A,Residential,12,Saturday,3,30.4,71.9,138,53.4,47.3
EC002545,SCI_B,Science,11,Saturday,9,28.1,84.1,30,60.8,66.5
EC005299,ENG_B,Engineering,21,Monday,4,28.2,75.6,,43.2,42.5
EC006298,SPT_A,Sports,3,Monday,11,26.3,88.2,23,29.7,37.0
EC000602,ENG_B,Engineering,20,Monday,2,27.9,73.4,21,45.6,47.8
EC005237,SPT_A,Sports,16,Thursday,10,30.3,78.1,38,46.0,49.3
EC006205,SCI_A,Science,11,Sunday,9,30.5,71.6,21,95.1,82.6
EC002701,BUS_B,Business,19,Friday,3,28.5,77.9,7,44.6,47.5
EC004066,ADM_A,Administration,21,Wednesday,8,29.3,,4,29.8,29.5
EC002527,SCI_A,Science,23,Sunday,5,28.0,73.6,0,63.2,64.9
EC004912,SCI_B,Science,8,Friday,5,27.7,74.2,54,68.0,76.1
EC005736,ENG_B,Engineering,0,Tuesday,10,25.7,92.7,0,34.8,39.5
EC005673,ADM_A,Administration,15,Wednesday,2,29.7,77.2,132,53.1,55.4
EC001548,LEC_A,LectureHall,4,Friday,10,24.7,78.0,0,8.1,17.9
EC000672,RES_A,Residential,11,Monday,9,28.9,76.6,176,42.6,50.6
EC002355,LIB_A,Library,22,Tuesday,4,27.4,81.1,62,43.5,43.7
EC001652,BUS_B,Business,13,Friday,2,29.5,79.8,182,65.5,71.7
EC005410,BUS_B,Business,14,Sunday,4,31.3,73.9,65,46.8,56.6
EC003064,RES_A,Residential,21,Saturday,11,24.4,97.6,291,53.9,54.4
EC003474,ENG_A,Engineering,21,Friday,12,28.2,75.6,42,56.3,54.6
EC001679,ENG_A,Engineering,14,Thursday,12,26.8,70.7,,62.2,70.9
EC001522,SCI_A,Science,14,Saturday,3,29.8,73.8,51,88.3,82.4
EC004821,SCI_B,Science,16,Saturday,6,30.6,80.3,17,61.7,76.8
EC002460,SCI_A,Science,16,Monday,3,31.9,70.3,101,97.0,104.8
EC000739,BUS_B,Business,10,Thursday,2,29.1,76.3,106,54.8,59.0
EC007119,LIB_A,Library,21,Wednesday,10,29.1,75.1,123,50.4,52.2
EC005547,SCI_A,Science,7,Thursday,9,26.9,76.3,20,55.1,62.8
EC001676,ENG_A,Engineering,2,Monday,8,25.6,83.1,0,34.9,32.9
EC001299,LEC_A,LectureHall,12,Wednesday,3,29.1,70.5,211,79.3,77.6
EC002314,BUS_B,Business,5,Monday,7,28.6,80.7,8,39.3,39.6
EC004004,BUS_A,Business,0,Monday,11,26.5,79.2,0,30.1,29.7
EC004963,RES_A,Residential,9,Tuesday,3,29.0,75.9,157,48.7,47.5
EC007646,ENG_A,Engineering,11,Monday,7,30.3,73.1,260,87.4,96.3
EC004619,ENG_A,Engineering,9,Sunday,12,27.0,76.9,39,46.5,44.9
EC000202,BUS_B,Business,19,Tuesday,11,27.7,87.1,33,44.5,48.6
EC003671,RES_B,Residential,13,Saturday,7,30.1,72.6,132,34.4,38.5
EC001169,ADM_A,Administration,3,Saturday,5,26.4,80.5,7,21.4,23.3
EC006666,BUS_A,Business,19,Sunday,5,28.8,79.9,0,32.1,35.2
EC004281,ENG_A,Engineering,0,Tuesday,1,26.1,83.2,7,45.7,44.7
EC006466,RES_B,Residential,2,Tuesday,2,26.3,83.2,111,43.2,43.1
EC001281,RES_B,Residential,18,Friday,4,30.4,75.0,130,39.2,43.6
EC002103,RES_A,Residential,7,Friday,11,27.8,,177,49.5,47.5
EC006800,ENG_B,Engineering,14,Thursday,11,28.6,80.2,140,61.7,61.8
EC003020,BUS_B,Business,9,Sunday,7,28.1,77.6,24,40.3,37.3
EC003336,SCI_A,Science,3,Tuesday,7,26.7,84.6,0,60.6,67.1
EC003543,SCI_B,Science,23,Monday,11,27.8,82.2,12,70.0,69.0
EC003426,BUS_B,Business,21,Wednesday,8,28.4,72.3,28,35.2,39.3
EC007715,ADM_A,Administration,7,Monday,8,26.5,83.8,13,25.7,23.3
EC002199,ENG_A,Engineering,3,Saturday,8,25.7,79.4,3,77.9,52.4
EC005470,ENG_A,Engineering,14,Tuesday,6,32.3,73.3,179,81.3,82.6
EC003083,SCI_B,Science,5,Sunday,7,26.2,82.0,5,63.9,64.3
EC001102,LEC_A,LectureHall,19,Tuesday,4,29.3,78.3,25,33.1,36.7
EC002657,RES_A,Residential,2,Wednesday,7,26.3,82.7,131,46.5,47.6
EC002765,SCI_A,Science,17,Sunday,8,31.7,78.1,40,86.6,93.3
EC002546,LEC_A,LectureHall,1,Friday,10,25.7,81.7,,22.5,21.2
EC007232,ENG_A,Engineering,17,Tuesday,7,30.7,68.1,104,59.1,74.8
EC007080,SCI_B,Science,20,Friday,10,26.9,79.6,14,51.8,60.4
EC001790,BUS_B,Business,18,Friday,2,30.4,71.2,81,53.7,60.9
EC003589,SPT_A,Sports,0,Thursday,2,26.0,81.6,7,35.6,36.6
EC001364,SPT_A,Sports,1,Sunday,10,27.2,74.3,1,34.2,32.3
EC005907,SPT_A,Sports,18,Friday,4,30.8,72.7,151,65.0,66.8
EC004087,ENG_B,Engineering,12,Wednesday,2,35.6,84.7,174,99.9,101.5
EC002418,SCI_A,Science,3,Thursday,3,25.9,89.2,11,63.5,69.6
EC000440,BUS_A,Business,22,Sunday,6,28.8,74.2,28,30.8,33.4
EC003190,ENG_A,Engineering,5,Thursday,4,26.8,75.3,10,42.1,44.5
EC007750,SCI_A,Science,7,Sunday,7,27.0,71.5,20,67.4,66.9
EC004620,SCI_B,Science,2,Sunday,8,26.3,81.1,1,53.5,50.0
EC002675,LEC_A,LectureHall,23,Saturday,11,26.6,82.7,13,19.3,21.1
EC000273,LEC_A,LectureHall,19,Monday,5,29.0,80.7,26,35.9,39.6
EC006859,SCI_B,Science,19,Sunday,10,27.9,72.2,0,64.8,56.2
EC007102,ENG_A,Engineering,9,Tuesday,5,30.4,76.1,100,67.7,72.8
EC004982,LEC_A,LectureHall,21,Saturday,12,27.6,83.1,0,27.4,20.5
EC000578,SCI_A,Science,16,Thursday,5,30.9,72.7,90,107.1,111.0
EC002700,RES_B,Residential,22,Friday,11,27.3,76.4,263,46.7,47.5
EC007542,LIB_A,Library,12,Monday,10,28.4,81.9,151,54.5,56.9
EC004890,BUS_A,Business,23,Wednesday,12,27.1,88.1,14,37.0,36.3
EC000227,LEC_A,LectureHall,19,Wednesday,7,30.4,65.2,20,38.7,39.7
EC001722,ENG_B,Engineering,9,Sunday,3,30.0,78.6,42,59.5,54.9
EC001881,BUS_A,Business,18,Friday,8,30.3,76.4,38,40.4,43.4
EC006446,RES_B,Residential,6,Wednesday,12,26.5,83.1,172,38.5,44.3
EC007819,ENG_B,Engineering,14,Monday,3,31.0,76.4,140,,72.4
EC007806,BUS_B,Business,0,Sunday,2,28.2,73.3,0,33.5,34.4
EC006861,SCI_B,Science,12,Friday,4,34.7,84.9,141,122.0,121.4
EC002056,ENG_A,Engineering,21,Friday,4,30.5,77.6,43,54.4,64.4
EC001854,ENG_B,Engineering,16,Thursday,9,29.8,78.4,113,73.7,60.9
EC006200,RES_B,Residential,0,Monday,10,27.2,84.4,112,41.3,42.2
EC000984,ENG_B,Engineering,0,Sunday,4,27.9,74.9,28,45.1,48.1
EC000563,SCI_A,Science,13,Friday,4,31.4,76.4,176,101.4,121.9
EC002189,ENG_B,Engineering,12,Saturday,1,28.6,82.2,57,47.9,54.3
EC006003,LEC_A,LectureHall,8,Friday,4,28.5,68.3,96,50.9,55.0
EC000381,ADM_A,Administration,19,Tuesday,5,28.8,68.8,9,31.8,32.2
EC004966,BUS_A,Business,19,Sunday,3,28.5,86.8,13,36.7,32.8
EC003181,BUS_A,Business,7,Friday,2,28.7,75.0,0,39.6,40.2
EC005863,LIB_A,Library,19,Thursday,2,28.5,68.5,158,60.2,57.9
EC000608,SCI_B,Science,9,Sunday,8,28.8,72.9,23,69.3,75.4
EC002098,ENG_A,Engineering,23,Wednesday,12,27.3,84.0,0,44.3,45.9
EC000285,BUS_A,Business,7,Monday,3,29.1,75.6,104,24.0,47.8
EC002462,ADM_A,Administration,15,Wednesday,12,28.5,75.0,95,36.6,35.9
EC004336,ENG_A,Engineering,21,Saturday,5,29.3,71.9,41,48.5,50.9
EC004983,RES_B,Residential,8,Sunday,7,28.5,75.0,215,45.3,44.9
EC003981,BUS_A,Business,4,Saturday,10,26.8,80.8,0,21.7,26.5
EC007916,BUS_B,Business,8,Thursday,4,28.4,77.3,69,51.0,55.6
EC006593,RES_B,Residential,16,Monday,9,29.6,72.5,106,41.5,40.6
EC006652,SCI_B,Science,11,Saturday,8,28.7,72.8,9,68.9,63.6
EC002255,SCI_A,Science,11,Thursday,4,29.2,74.6,109,80.4,92.7
EC001731,ENG_A,Engineering,17,Thursday,12,29.7,84.6,82,74.7,71.7
EC005437,LEC_A,LectureHall,22,Saturday,6,29.1,74.7,16,32.9,33.9
EC001059,SCI_A,Science,17,Friday,6,31.2,73.6,67,101.4,104.2
EC007627,RES_B,Residential,10,Wednesday,7,29.2,80.3,138,42.0,40.6
EC005127,SCI_B,Science,17,Thursday,6,29.7,71.7,151,95.5,97.0
EC006370,RES_B,Residential,13,Friday,2,30.1,68.9,75,40.0,42.7
EC000715,SPT_A,Sports,22,Thursday,12,27.5,79.2,89,52.2,50.1
EC001398,ENG_A,Engineering,1,Wednesday,1,27.5,82.0,25,49.3,49.8
EC001233,ENG_B,Engineering,2,Saturday,7,26.5,81.0,0,37.2,35.4
EC002912,LEC_A,LectureHall,20,Friday,3,30.0,74.8,15,38.3,42.6
EC002292,ENG_A,Engineering,17,Tuesday,8,29.6,76.5,122,67.4,72.1
EC004055,ENG_B,Engineering,3,Wednesday,3,25.0,77.1,23,40.7,42.9
EC006130,BUS_A,Business,17,Monday,7,30.8,75.2,92,60.5,60.6
EC000018,BUS_A,Business,19,Monday,3,30.1,77.3,0,36.6,43.8
EC001761,SCI_A,Science,19,Thursday,10,23.9,95.9,30,59.6,67.2
EC004114,BUS_B,Business,18,Monday,4,30.2,73.8,81,42.2,52.3
EC007755,SCI_B,Science,8,Sunday,6,,79.8,10,57.3,64.3
EC000392,LIB_A,Library,4,Wednesday,11,25.7,82.2,4,22.3,24.7
EC002068,RES_B,Residential,10,Sunday,4,28.3,74.2,150,39.4,38.7
EC007287,ENG_B,Engineering,16,Friday,9,29.1,75.6,131,65.8,67.3
EC002550,SCI_A,Science,8,Wednesday,12,26.8,77.6,59,61.4,75.0
EC005860,LIB_A,Library,15,Sunday,11,31.0,70.9,192,66.4,64.3
EC000080,LEC_A,LectureHall,22,Tuesday,12,28.6,85.6,17,35.7,37.6
EC004507,ENG_B,Engineering,11,Friday,5,30.3,77.9,134,66.9,77.0
EC003291,ENG_B,Engineering,16,Tuesday,12,31.3,70.8,109,67.4,58.1
EC006211,LEC_A,LectureHall,0,Sunday,8,27.3,77.4,0,20.5,21.9
EC005466,LEC_A,LectureHall,23,Friday,9,27.9,75.7,8,30.7,33.3
EC007183,BUS_A,Business,6,Tuesday,1,27.3,75.1,0,,33.4
EC003501,BUS_B,Business,5,Thursday,7,25.4,87.0,20,36.5,33.1
EC001849,SCI_A,Science,7,Monday,3,26.5,74.6,11,68.4,62.1
EC005344,RES_A,Residential,6,Wednesday,9,26.5,85.9,206,47.1,53.0
EC007101,ENG_A,Engineering,23,Tuesday,9,27.6,76.4,16,47.1,48.2
EC004482,RES_A,Residential,18,Thursday,3,29.8,69.2,190,40.1,49.2
EC006407,ADM_A,Administration,16,Thursday,9,29.0,76.6,65,35.9,35.3
EC000495,LEC_A,LectureHall,2,Sunday,10,25.8,81.2,0,19.8,17.3
EC001161,RES_B,Residential,20,Friday,7,29.2,73.2,237,43.2,49.4
EC007039,SPT_A,Sports,18,Sunday,10,29.3,74.5,186,63.8,56.5
EC004529,RES_A,Residential,9,Friday,8,29.1,78.5,179,44.8,51.6
EC005955,RES_A,Residential,18,Friday,1,30.2,76.6,,43.4,45.4
EC007838,SPT_A,Sports,0,Thursday,1,25.4,85.1,25,28.5,32.2
EC005245,ADM_A,Administration,4,Friday,4,27.8,83.3,2,26.5,26.1
EC003186,RES_A,Residential,16,Sunday,5,31.7,72.3,157,51.4,56.2
EC004331,SCI_A,Science,2,Monday,12,24.0,85.5,0,72.7,68.5
EC007299,ENG_B,Engineering,12,Monday,9,30.7,78.2,154,68.4,74.3
EC005968,SCI_B,Science,6,Saturday,8,27.9,76.2,0,63.0,62.7
EC002081,SCI_B,Science,6,Saturday,3,27.1,85.5,9,67.9,68.6
EC005523,ENG_A,Engineering,3,Monday,12,27.4,83.9,24,49.3,49.3
EC003387,RES_A,Residential,16,Saturday,9,28.6,79.9,168,46.7,45.2
EC002235,BUS_B,Business,9,Monday,7,28.6,80.4,72,42.7,46.9
EC004159,ADM_A,Administration,0,Saturday,3,27.0,78.1,4,24.0,25.0
EC003509,ENG_A,Engineering,20,Monday,5,30.1,74.2,0,54.0,56.0
EC006058,BUS_A,Business,12,Sunday,5,30.8,66.4,37,47.6,42.5
EC003844,ENG_B,Engineering,5,Saturday,8,25.5,82.4,34,38.3,42.7
EC000750,SPT_A,Sports,5,Thursday,1,25.7,72.9,61,40.2,42.9
EC005174,RES_A,Residential,13,Saturday,10,30.0,72.1,167,45.8,41.9
EC006821,LIB_A,Library,19,Monday,3,32.3,74.8,184,,73.7
EC001765,LEC_A,LectureHall,12,Wednesday,7,29.4,83.7,199,67.4,72.0
EC007456,RES_A,Residential,18,Friday,12,29.4,76.4,153,47.6,46.3
EC001032,ADM_A,Administration,16,Friday,2,30.5,67.2,59,43.5,40.7
EC007701,SCI_A,Science,7,Thursday,7,29.4,68.5,7,72.2,67.4
EC002608,ENG_B,Engineering,6,Thursday,1,25.8,81.4,19,37.9,41.4
EC007292,RES_B,Residential,22,Saturday,12,26.6,77.7,247,51.7,53.6
EC003461,ENG_A,Engineering,14,Sunday,12,29.6,69.9,66,61.1,63.6
EC000525,RES_B,Residential,1,Wednesday,4,27.2,75.7,109,43.2,48.2
EC006175,RES_B,Residential,7,Thursday,3,27.0,84.5,210,50.7,45.9
EC004106,ENG_B,Engineering,10,Thursday,11,28.4,75.5,89,49.6,55.6
EC006369,RES_A,Residential,1,Saturday,3,27.1,78.8,138,44.9,46.2
EC006600,ADM_A,Administration,3,Saturday,1,26.0,84.4,4,15.9,21.3
EC007682,BUS_A,Business,16,Wednesday,9,31.4,77.5,110,46.3,51.1
EC005830,RES_A,Residential,23,Saturday,2,27.3,80.4,308,62.3,60.9
EC005535,ADM_A,Administration,7,Tuesday,3,27.8,80.8,9,25.3,27.1
EC001742,ENG_A,Engineering,22,Thursday,2,28.1,75.0,0,45.8,46.5
EC001992,SCI_B,Science,14,Friday,8,30.1,72.9,116,94.1,93.4
EC004642,SPT_A,Sports,14,Saturday,2,29.8,78.7,33,46.6,49.0
EC006922,SPT_A,Sports,6,Thursday,10,26.6,81.5,128,52.1,51.0
EC004177,BUS_B,Business,3,Thursday,8,25.9,82.9,0,25.5,31.1
EC002066,RES_A,Residential,14,Tuesday,7,29.7,78.2,109,42.9,45.7
EC005573,RES_A,Residential,9,Tuesday,6,26.7,86.4,181,43.4,49.4
EC000583,BUS_B,Business,18,Tuesday,12,29.9,76.3,220,73.7,80.2
EC003345,BUS_A,Business,11,Saturday,10,28.1,82.6,41,36.3,34.8
EC004879,SCI_A,Science,14,Friday,12,29.6,76.2,134,104.3,100.5
EC007427,BUS_B,Business,2,Thursday,12,25.1,80.4,0,,24.8
EC001784,ADM_A,Administration,23,Monday,7,27.4,74.4,0,24.6,24.9
EC007580,SCI_A,Science,9,Thursday,11,26.9,73.8,152,44.7,71.7
EC005488,SCI_B,Science,23,Tuesday,9,27.4,81.4,1,61.4,59.6
EC007048,BUS_A,Business,10,Thursday,9,27.6,78.3,73,39.5,41.1
EC006946,RES_B,Residential,19,Monday,5,29.8,71.8,194,47.3,49.5
EC001982,BUS_A,Business,23,Thursday,11,28.5,78.1,0,35.9,32.8
EC002497,SCI_A,Science,0,Thursday,5,27.5,77.2,16,55.7,66.5
EC006759,LIB_A,Library,19,Tuesday,1,28.1,80.7,177,57.7,55.0
EC007743,LEC_A,LectureHall,14,Thursday,8,30.1,73.9,209,72.5,71.5
EC003170,LIB_A,Library,18,Thursday,5,30.7,74.4,179,64.0,63.3
EC000086,SCI_A,Science,5,Thursday,2,26.3,80.6,0,68.3,62.6
EC005373,ENG_B,Engineering,9,Saturday,9,28.2,74.2,44,45.8,40.6
EC006342,ENG_B,Engineering,7,Wednesday,10,26.2,82.4,0,33.3,32.1
EC007780,BUS_B,Business,16,Saturday,3,29.6,72.4,18,35.7,33.6
EC006261,RES_B,Residential,21,Friday,1,27.0,86.5,169,49.9,47.9
EC005578,BUS_A,Business,9,Saturday,10,26.9,84.6,26,26.9,28.8
EC003351,ENG_A,Engineering,9,Tuesday,5,28.0,79.5,,60.9,61.0
EC002985,BUS_B,Business,9,Thursday,10,28.3,81.2,79,50.7,53.2
EC007265,ENG_B,Engineering,11,Tuesday,11,27.2,79.5,139,62.3,63.8
EC005055,BUS_B,Business,7,Monday,11,26.3,85.0,13,35.2,36.7
EC007224,SCI_B,Science,5,Tuesday,2,25.8,82.9,0,53.5,52.0
EC007845,SPT_A,Sports,23,Friday,9,27.8,83.2,53,37.0,39.2
EC006128,ENG_A,Engineering,0,Tuesday,4,28.4,78.2,11,71.8,55.4
EC007493,SPT_A,Sports,1,Tuesday,11,24.9,87.9,0,,27.4
EC002715,SCI_B,Science,12,Tuesday,9,28.4,79.0,108,,84.6
EC003620,SPT_A,Sports,22,Saturday,7,27.2,77.3,62,46.2,52.1
EC006815,LEC_A,LectureHall,2,Monday,4,26.8,84.3,0,23.7,30.0
EC003392,LEC_A,LectureHall,20,Monday,1,29.2,74.5,11,34.4,36.8
EC003780,SCI_A,Science,16,Thursday,5,33.0,68.5,172,101.4,117.4
EC006218,SCI_A,Science,15,Saturday,9,31.8,66.7,51,86.6,85.5
EC001963,ENG_A,Engineering,12,Sunday,3,30.1,71.6,64,63.2,63.2
EC003760,RES_B,Residential,22,Thursday,8,28.1,68.2,244,56.4,54.2
EC002348,SCI_A,Science,4,Monday,2,24.7,84.9,4,60.6,61.1
EC007407,ADM_A,Administration,18,Tuesday,7,29.7,75.1,32,28.1,27.1
EC006125,LIB_A,Library,22,Saturday,9,28.0,83.0,36,86.3,56.7
EC006154,SCI_B,Science,18,Thursday,10,30.2,71.0,54,82.4,71.4
EC005975,BUS_B,Business,18,Sunday,11,27.4,80.5,0,26.6,33.8
EC006798,SCI_A,Science,2,Monday,11,25.9,76.7,6,52.7,61.9
EC002821,LIB_A,Library,3,Tuesday,10,26.7,78.9,11,28.7,33.2
EC004675,SCI_B,Science,22,Saturday,11,27.1,80.8,0,54.0,57.1
EC005567,ENG_B,Engineering,14,Sunday,12,29.7,76.5,66,58.1,57.2
EC000502,SCI_A,Science,21,Monday,7,30.0,76.0,19,80.5,85.0
EC001627,ADM_A,Administration,19,Thursday,10,28.6,80.0,0,22.2,25.6
EC007774,LIB_A,Library,7,Saturday,5,27.3,71.6,0,29.2,29.5
EC004175,SCI_B,Science,10,Thursday,1,27.5,83.3,72,75.6,79.9
EC003667,SCI_B,Science,8,Monday,7,28.2,75.6,44,73.0,75.9
EC000343,RES_A,Residential,1,Wednesday,12,26.9,85.7,169,45.2,49.2
EC006389,LIB_A,Library,9,Sunday,4,29.0,70.8,70,41.0,37.8
EC001075,SPT_A,Sports,5,Tuesday,11,25.8,83.7,49,43.2,41.9
EC000445,LIB_A,Library,16,Sunday,11,31.1,67.2,246,63.5,70.8
EC007085,ENG_B,Engineering,3,Wednesday,7,25.5,,0,32.0,33.6
EC001221,SCI_A,Science,18,Thursday,3,30.6,,42,85.0,87.9
EC001618,BUS_A,Business,23,Friday,1,28.1,86.0,6,31.9,38.2
EC002095,ENG_B,Engineering,2,Tuesday,7,25.2,89.0,1,59.5,40.0
EC005100,ADM_A,Administration,19,Wednesday,4,29.6,71.4,13,38.1,38.2
EC001061,RES_B,Residential,20,Saturday,7,27.9,83.0,187,44.5,42.9
EC005641,SCI_B,Science,6,Thursday,10,25.9,78.0,0,48.6,55.7
EC002352,SCI_B,Science,10,Saturday,4,28.8,80.6,39,59.2,75.6
EC007690,BUS_A,Business,0,Friday,5,26.3,76.0,0,24.7,29.6
EC006258,LIB_A,Library,10,Thursday,6,29.8,70.5,85,35.6,41.4
EC003898,ENG_A,Engineering,5,Monday,6,27.3,72.1,0,39.8,45.2
EC007756,LIB_A,Library,22,Friday,12,27.1,82.3,13,72.8,48.8
EC003435,RES_A,Residential,21,Thursday,4,28.9,74.9,241,62.6,60.1
EC003359,SCI_A,Science,21,Wednesday,9,26.7,84.3,52,74.2,74.6
EC001835,RES_B,Residential,0,Tuesday,9,27.0,82.5,132,39.7,45.6
EC001793,SCI_A,Science,0,Thursday,12,25.6,80.7,0,58.0,58.9
EC002143,ENG_A,Engineering,10,Tuesday,7,30.4,71.5,100,58.2,62.7
EC006701,SCI_A,Science,9,Saturday,11,26.5,83.0,12,66.7,72.4
EC002909,LEC_A,LectureHall,21,Thursday,4,28.6,83.4,22,33.2,37.1
EC003372,RES_A,Residential,23,Friday,1,25.5,83.9,232,56.0,56.0
EC002388,SCI_B,Science,8,Tuesday,5,27.7,75.3,50,74.2,70.4
EC002104,LEC_A,LectureHall,9,Wednesday,9,26.9,77.1,131,49.4,48.5
EC000457,RES_A,Residential,4,Thursday,10,25.6,83.4,207,52.0,50.1
EC004731,SCI_B,Science,15,Tuesday,8,30.5,76.6,107,72.2,86.1
EC004468,SCI_B,Science,8,Sunday,6,28.3,79.0,0,67.1,69.3
EC003559,SCI_B,Science,7,Friday,11,27.6,76.7,0,55.4,61.5
EC006755,LIB_A,Library,23,Sunday,4,26.8,79.0,40,34.8,36.4
EC002244,LEC_A,LectureHall,1,Friday,8,26.2,83.1,17,29.2,32.0
EC003036,ADM_A,Administration,23,Friday,3,26.8,,0,24.0,30.2
EC004880,SCI_A,Science,11,Sunday,12,28.4,77.4,28,88.8,85.1
EC001246,BUS_A,Business,15,Sunday,3,29.6,75.1,44,45.6,45.8
EC002115,ENG_B,Engineering,0,Sunday,6,28.2,77.7,18,46.5,46.4
EC003867,ADM_A,Administration,0,Friday,6,27.3,79.1,14,30.2,27.5
EC004809,SCI_A,Science,0,Wednesday,2,27.5,83.8,12,70.0,75.2
EC005623,SCI_B,Science,18,Wednesday,1,30.4,73.0,50,92.7,86.0
EC000270,SPT_A,Sports,0,Sunday,12,25.1,88.2,26,34.0,37.3
EC006439,RES_B,Residential,22,Sunday,7,26.3,70.4,254,47.0,48.5
EC000671,SCI_A,Science,4,Friday,4,26.0,93.7,18,77.5,72.7
EC003931,ADM_A,Administration,8,Thursday,5,29.9,65.1,39,38.4,38.9
EC007190,BUS_A,Business,21,Tuesday,4,28.8,84.6,9,45.1,40.3
EC004058,BUS_B,Business,19,Wednesday,7,28.2,70.9,0,32.2,38.3
EC004909,RES_A,Residential,16,Wednesday,3,29.5,67.5,109,36.5,43.8
EC006945,BUS_B,Business,19,Friday,8,30.2,69.7,0,38.0,44.0
EC002845,BUS_B,Business,7,Tuesday,7,27.1,80.9,11,32.7,41.0
EC002327,SCI_A,Science,22,Thursday,1,26.0,82.5,21,66.5,65.9
EC006520,ENG_A,Engineering,9,Sunday,6,28.3,78.7,19,52.5,50.5
EC003346,ENG_A,Engineering,11,Saturday,9,27.8,79.1,52,51.0,55.0
EC001647,ENG_A,Engineering,11,Friday,8,28.1,80.8,166,71.4,73.1
EC003268,ENG_B,Engineering,23,Tuesday,9,27.1,78.1,4,36.9,37.1
EC000957,LIB_A,Library,11,Saturday,4,29.8,71.9,96,38.1,47.7
EC007544,ENG_A,Engineering,15,Sunday,2,29.3,84.1,39,57.1,61.3
EC004026,BUS_B,Business,4,Thursday,1,27.4,75.9,0,9.8,24.1
EC003891,ENG_B,Engineering,21,Thursday,11,27.1,74.1,47,41.1,46.6
EC002905,LIB_A,Library,2,Saturday,1,24.9,86.4,29,26.2,28.0
EC002544,RES_A,Residential,4,Monday,11,26.7,82.7,213,58.1,52.8
EC004147,ENG_A,Engineering,2,Wednesday,8,27.8,74.3,0,40.4,42.9
EC000616,LIB_A,Library,15,Friday,11,28.8,80.3,195,49.0,56.4
EC007941,SPT_A,Sports,20,Monday,6,30.2,75.1,186,64.1,66.4
EC003982,BUS_A,Business,2,Saturday,1,25.8,82.6,0,22.5,22.6
EC007589,BUS_A,Business,3,Friday,11,26.1,78.6,1,26.3,30.9
EC001256,SCI_B,Science,14,Wednesday,7,30.0,76.4,117,93.1,89.8
EC007147,BUS_B,Business,15,Wednesday,7,31.2,66.8,,73.3,69.0
EC004267,BUS_B,Business,12,Wednesday,7,29.4,74.1,165,70.4,63.4
EC000518,ENG_B,Engineering,10,Tuesday,9,28.6,85.0,104,44.5,54.3
EC000162,SCI_B,Science,22,Sunday,10,26.9,74.9,0,62.9,59.9
EC005107,RES_B,Residential,17,Thursday,8,29.2,76.8,123,43.4,37.4
EC003234,ADM_A,Administration,1,Wednesday,10,25.5,86.4,11,17.2,23.0
EC002874,BUS_A,Business,0,Thursday,12,25.5,82.7,13,23.1,25.6
EC007004,ENG_A,Engineering,20,Tuesday,6,29.6,73.7,12,59.0,59.5
EC003768,BUS_A,Business,19,Tuesday,12,29.2,78.2,16,30.4,35.3
EC001667,BUS_A,Business,13,Friday,11,29.0,84.7,133,60.3,63.0
EC003046,BUS_A,Business,3,Tuesday,5,25.9,81.2,33,25.1,30.3
EC007420,SCI_B,Science,10,Saturday,10,27.4,80.1,30,64.5,67.5
EC006302,BUS_B,Business,0,Tuesday,6,27.2,79.7,0,41.9,38.7
EC001227,BUS_B,Business,9,Saturday,9,27.4,75.1,59,36.6,40.8
EC003006,RES_B,Residential,14,Saturday,10,30.2,69.6,119,38.6,43.9
EC001708,BUS_B,Business,8,Friday,5,27.7,81.1,182,35.4,55.2
EC003313,LIB_A,Library,19,Saturday,5,28.7,76.1,235,64.1,65.3
EC003378,SCI_B,Science,23,Sunday,10,26.6,86.5,11,56.3,57.3
EC005005,RES_A,Residential,2,Friday,1,25.8,85.5,150,45.5,47.7
EC004151,BUS_A,Business,20,Sunday,7,29.9,69.9,0,31.8,29.3
EC000943,SCI_B,Science,12,Monday,9,28.5,79.4,110,62.0,71.9
EC000253,RES_A,Residential,6,Saturday,10,26.9,86.2,227,52.2,58.2
EC006876,ENG_B,Engineering,1,Saturday,1,25.3,83.2,15,41.4,36.5
EC007760,BUS_A,Business,6,Thursday,5,26.5,79.8,0,27.3,27.0
EC003709,SCI_B,Science,0,Sunday,8,26.9,79.2,2,51.8,62.1
EC004283,LEC_A,LectureHall,13,Friday,8,31.2,71.8,213,71.0,82.3
EC007893,BUS_B,Business,20,Monday,7,28.5,79.3,0,42.8,38.8
EC006639,ADM_A,Administration,12,Thursday,6,31.2,73.9,101,52.1,53.8
EC000070,SPT_A,Sports,9,Monday,7,28.7,68.8,63,51.3,44.4
EC006979,SCI_A,Science,20,Tuesday,4,29.6,70.7,28,87.5,89.9
EC003942,SCI_A,Science,23,Sunday,3,26.0,86.5,0,68.1,59.1
EC004576,ADM_A,Administration,12,Wednesday,4,31.0,84.5,94,47.7,48.9
EC001516,BUS_B,Business,3,Friday,3,24.9,77.5,0,32.4,32.6
EC003158,LIB_A,Library,17,Wednesday,9,29.2,83.7,218,63.9,59.2
EC002038,ENG_B,Engineering,6,Wednesday,9,28.0,84.2,15,43.2,45.2
EC004773,ENG_A,Engineering,8,Saturday,2,28.4,81.2,24,48.1,51.0
EC000458,BUS_B,Business,1,Friday,7,27.4,76.8,24,38.9,38.2
EC005700,RES_A,Residential,17,Friday,2,30.3,76.4,124,48.8,49.6
EC007298,SCI_A,Science,6,Sunday,1,25.0,82.4,2,54.0,64.4
EC001875,SPT_A,Sports,0,Wednesday,12,25.8,80.6,0,,33.3
EC002748,SCI_A,Science,23,Monday,5,26.7,76.3,4,66.4,72.7
EC001259,ADM_A,Administration,11,Monday,1,28.6,75.8,84,37.2,35.1
EC005156,SCI_B,Science,3,Sunday,7,27.3,82.3,8,76.2,67.9
EC007871,RES_B,Residential,13,Monday,11,28.6,75.7,91,39.8,38.9
EC003225,RES_A,Residential,6,Tuesday,7,27.0,74.3,215,54.7,53.5
EC005549,BUS_A,Business,7,Monday,7,27.2,83.8,1,34.7,32.2
EC001225,BUS_B,Business,11,Thursday,12,29.5,82.1,152,69.4,69.2
EC006426,LEC_A,LectureHall,23,Wednesday,3,26.6,76.3,0,,25.2
EC005680,SPT_A,Sports,10,Monday,1,28.4,70.2,77,58.9,56.9
EC007545,SPT_A,Sports,16,Friday,10,29.3,72.4,72,46.7,48.9
EC007435,ENG_B,Engineering,20,Saturday,11,27.6,83.3,,37.2,33.9
EC007744,LEC_A,LectureHall,1,Wednesday,6,27.2,86.3,10,,32.4
EC007334,BUS_A,Business,6,Friday,9,27.2,79.6,21,31.9,30.4
EC007766,RES_B,Residential,11,Tuesday,5,31.2,68.7,117,47.2,42.2
EC001103,ENG_B,Engineering,10,Sunday,4,29.0,75.3,25,47.7,51.0
EC006083,LEC_A,LectureHall,4,Monday,5,26.2,83.5,53,31.0,33.8
EC007582,SCI_A,Science,14,Thursday,3,35.4,88.4,149,149.4,143.9
EC002107,SPT_A,Sports,19,Monday,10,28.8,82.5,182,49.0,61.2
EC006721,LIB_A,Library,14,Wednesday,10,29.2,75.2,160,50.7,54.3
EC000350,LIB_A,Library,7,Sunday,2,28.1,73.8,0,35.7,31.1
EC002714,ENG_B,Engineering,15,Tuesday,2,30.4,70.5,146,71.9,79.9
EC002134,SPT_A,Sports,10,Saturday,7,29.0,75.6,45,46.6,44.0
EC006956,ENG_A,Engineering,0,Sunday,3,26.7,82.5,0,42.1,41.1
EC000111,BUS_B,Business,2,Friday,6,27.5,77.6,0,33.4,39.5
EC003456,ENG_A,Engineering,19,Tuesday,7,28.8,65.6,20,43.3,45.8
EC007405,LIB_A,Library,5,Tuesday,2,26.3,86.1,39,26.0,30.6
EC007003,RES_B,Residential,11,Sunday,5,29.5,78.5,98,40.0,37.0
EC003988,ENG_A,Engineering,19,Friday,2,28.8,79.8,73,53.9,60.9
EC002670,RES_A,Residential,10,Friday,1,28.4,84.3,157,49.5,49.4
EC004157,SCI_A,Science,12,Tuesday,8,29.8,74.3,114,102.1,97.7
EC006587,BUS_A,Business,1,Monday,9,26.3,82.3,0,26.5,27.5
EC000145,BUS_A,Business,9,Monday,5,29.9,72.3,75,51.0,57.0
EC006210,ADM_A,Administration,16,Friday,12,28.5,77.2,70,29.7,32.2
EC000783,SCI_A,Science,12,Monday,6,29.9,71.2,140,88.4,99.5
EC005734,RES_A,Residential,5,Saturday,12,25.5,90.8,253,55.7,54.5
EC004198,ADM_A,Administration,1,Thursday,8,27.5,85.4,23,28.9,29.8
EC002119,LIB_A,Library,2,Saturday,12,25.0,83.1,2,28.2,29.1
EC002298,RES_A,Residential,4,Monday,2,27.6,81.9,270,57.7,59.6
EC000160,RES_B,Residential,9,Saturday,4,30.0,75.8,172,45.5,45.1
EC006028,ENG_B,Engineering,2,Tuesday,9,26.1,78.6,6,32.1,38.5
EC003039,BUS_A,Business,12,Sunday,9,30.1,76.6,58,38.6,45.1
EC003831,LIB_A,Library,7,Friday,11,26.1,83.9,23,30.2,27.2
EC001273,ENG_B,Engineering,1,Saturday,10,25.6,78.8,18,37.2,38.7
EC006772,BUS_A,Business,22,Tuesday,2,26.6,85.2,2,30.0,30.4
EC001868,ENG_B,Engineering,20,Wednesday,5,31.1,63.4,14,53.9,49.2
EC000375,LIB_A,Library,6,Wednesday,11,27.4,77.7,26,34.5,34.3
EC001826,LIB_A,Library,5,Monday,6,26.8,80.5,0,30.5,30.7
EC007228,ADM_A,Administration,2,Friday,10,25.8,86.1,0,23.3,25.8
EC001017,BUS_B,Business,8,Saturday,10,25.8,79.2,0,25.0,27.8
EC005216,ENG_A,Engineering,5,Wednesday,6,27.9,75.3,16,49.7,45.2
EC002639,RES_B,Residential,0,Sunday,11,26.1,83.1,106,45.7,41.7
EC003299,RES_A,Residential,12,Monday,1,30.3,78.6,85,53.0,47.4
EC007309,SCI_A,Science,1,Friday,2,27.3,83.5,10,70.0,72.5
EC004765,ENG_B,Engineering,11,Sunday,11,28.7,76.7,24,44.2,47.8
EC000123,BUS_B,Business,14,Sunday,9,28.4,80.0,53,40.2,39.4
EC006992,SCI_A,Science,22,Friday,11,26.0,80.2,0,58.1,61.1
EC002929,SPT_A,Sports,8,Wednesday,1,26.5,81.9,124,56.6,57.4
EC006477,ENG_A,Engineering,12,Monday,3,29.5,75.5,205,76.9,79.9
EC007911,SCI_B,Science,19,Thursday,7,29.5,72.8,15,71.5,75.7
EC002020,SCI_B,Science,9,Wednesday,8,28.5,86.7,69,60.6,70.5
EC004481,LIB_A,Library,20,Monday,2,30.0,74.2,92,55.6,53.6
EC000011,SCI_A,Science,0,Monday,1,26.7,74.7,28,72.9,75.8
EC002279,RES_A,Residential,18,Sunday,2,30.5,71.7,170,50.3,50.5
EC000307,SCI_A,Science,6,Thursday,6,27.0,83.9,3,72.6,68.7
EC007018,SCI_A,Science,3,Tuesday,5,27.3,80.0,0,69.5,71.6
EC002490,ENG_A,Engineering,5,Wednesday,12,25.6,78.1,0,41.2,42.4
EC002576,ADM_A,Administration,16,Monday,1,35.0,87.0,119,49.5,56.6
EC001004,ENG_A,Engineering,20,Friday,8,29.2,80.1,29,54.9,49.8
EC002573,ENG_B,Engineering,8,Friday,7,27.7,82.4,69,45.2,50.2
EC001792,SCI_A,Science,18,Wednesday,3,30.1,74.4,54,73.6,86.0
EC007639,LIB_A,Library,3,Monday,11,25.8,79.7,12,24.5,30.3
EC005090,LEC_A,LectureHall,5,Friday,5,26.4,82.4,0,23.3,25.6
EC004519,SCI_B,Science,1,Sunday,1,25.5,79.0,0,50.2,55.6
EC000106,RES_B,Residential,10,Thursday,11,29.5,71.3,116,35.0,37.0
EC001697,SPT_A,Sports,2,Friday,2,26.3,82.9,6,33.4,31.6
EC001901,ENG_A,Engineering,13,Tuesday,4,30.4,74.0,195,81.0,82.7
EC001326,LIB_A,Library,19,Monday,5,29.3,79.2,160,65.5,61.8
EC000992,BUS_B,Business,15,Monday,11,30.8,73.2,136,67.9,67.2
EC003935,BUS_A,Business,18,Wednesday,10,28.5,75.6,47,29.3,34.1
EC006330,RES_B,Residential,5,Monday,1,23.8,95.6,204,44.2,46.0
EC001267,SCI_B,Science,10,Monday,10,29.5,79.6,65,79.4,79.6
EC001306,BUS_B,Business,19,Friday,5,30.6,71.8,25,44.3,54.5
EC000805,LEC_A,LectureHall,4,Saturday,4,27.5,78.9,27,27.2,24.8
EC000962,LEC_A,LectureHall,1,Saturday,5,26.7,80.1,0,22.3,24.4
EC004779,BUS_A,Business,17,Wednesday,11,29.8,77.6,50,43.7,41.7
EC002615,SCI_A,Science,16,Sunday,5,31.5,76.1,31,84.4,82.6
EC007032,ADM_A,Administration,21,Saturday,10,26.9,83.8,8,22.5,27.9
EC007191,LIB_A,Library,17,Thursday,1,30.9,78.4,239,62.4,68.9
EC006811,LIB_A,Library,4,Sunday,9,24.8,89.0,2,27.1,29.3
EC007751,BUS_B,Business,20,Thursday,1,28.5,77.3,5,44.2,42.2
EC007837,SCI_B,Science,6,Tuesday,6,26.8,76.2,7,63.5,63.8
EC002039,BUS_B,Business,21,Monday,2,29.0,,0,40.1,42.0
EC006854,RES_B,Residential,18,Thursday,5,32.0,79.3,139,44.5,47.5
EC001499,SPT_A,Sports,9,Monday,1,26.2,85.0,67,51.0,50.9
EC006257,ENG_A,Engineering,13,Saturday,4,31.0,74.6,77,66.7,68.7
EC002504,RES_B,Residential,2,Sunday,5,27.3,78.9,168,51.1,43.4
EC002371,BUS_A,Business,2,Friday,1,25.8,83.2,4,25.7,28.2
EC004971,SCI_A,Science,0,Wednesday,5,27.0,77.3,17,68.7,64.0
EC006832,BUS_A,Business,15,Thursday,4,33.3,67.7,187,69.1,78.0
EC002468,BUS_B,Business,20,Sunday,6,27.8,79.7,2,35.9,42.6
EC007884,RES_B,Residential,17,Monday,2,29.8,73.1,177,,46.2
EC000224,BUS_A,Business,13,Thursday,1,30.9,79.8,146,65.0,68.5
EC004207,RES_B,Residential,9,Saturday,5,28.9,74.1,140,38.9,42.4
EC000064,BUS_A,Business,13,Thursday,8,30.2,73.8,152,65.5,69.2
EC000462,BUS_A,Business,8,Wednesday,8,27.3,80.3,48,45.3,43.5
EC004309,ENG_B,Engineering,23,Monday,7,27.5,82.5,0,35.6,38.9
EC000004,ENG_A,Engineering,18,Sunday,10,29.5,70.9,22,45.8,51.3
EC003059,RES_B,Residential,1,Sunday,6,26.6,83.0,158,43.7,47.5
EC004027,ENG_A,Engineering,13,Wednesday,2,29.3,70.5,,85.0,89.5
EC006988,ADM_A,Administration,13,Wednesday,2,28.9,65.8,130,42.8,36.4
EC002583,SCI_A,Science,9,Wednesday,12,28.1,76.7,59,74.1,82.9
EC006797,ENG_B,Engineering,13,Tuesday,1,30.1,68.2,151,70.1,71.1
EC001351,SCI_B,Science,22,Saturday,4,26.3,78.9,8,65.2,62.7
EC007020,SCI_B,Science,17,Sunday,8,29.6,77.7,9,72.0,67.8
EC003783,ENG_B,Engineering,17,Saturday,7,31.1,70.1,25,46.4,53.4
EC004101,LIB_A,Library,20,Sunday,7,27.4,78.5,113,38.3,43.5
EC002499,SPT_A,Sports,21,Monday,10,28.6,79.1,126,58.6,60.8
EC007613,RES_A,Residential,22,Saturday,1,27.7,80.4,278,56.6,62.6
EC007767,RES_A,Residential,11,Tuesday,3,29.0,80.0,140,40.0,47.3
EC001410,RES_B,Residential,10,Wednesday,6,27.8,76.9,153,39.5,42.6
EC006390,LEC_A,LectureHall,22,Monday,6,28.5,70.4,0,28.2,26.9
EC007508,SCI_A,Science,22,Sunday,2,25.3,85.2,0,54.7,57.9
EC001057,RES_A,Residential,16,Tuesday,3,31.2,70.7,130,44.7,48.4
EC003108,ENG_B,Engineering,7,Wednesday,7,26.8,83.5,10,34.8,41.4
EC005819,ADM_A,Administration,12,Wednesday,2,29.8,79.7,114,50.3,44.9
EC000325,ENG_B,Engineering,15,Wednesday,12,29.3,75.5,139,70.2,68.6
EC000838,SCI_B,Science,5,Thursday,10,25.6,80.9,2,51.7,57.5
EC003019,ADM_A,Administration,3,Sunday,8,26.2,80.8,2,16.5,19.9
EC001824,SCI_B,Science,14,Friday,5,32.5,64.6,7,82.8,88.7
EC002521,SCI_B,Science,3,Monday,3,,80.5,0,64.1,62.7
EC004763,ENG_A,Engineering,20,Monday,2,29.2,76.6,37,52.2,47.2
EC007612,LEC_A,LectureHall,9,Saturday,12,26.7,75.1,57,30.0,32.1
EC005724,LIB_A,Library,16,Wednesday,8,31.2,77.0,,62.3,56.6
EC004191,ENG_A,Engineering,23,Thursday,2,27.0,81.2,12,45.7,46.2
EC000763,RES_B,Residential,19,Wednesday,7,28.7,68.4,172,38.6,38.9
EC005788,BUS_B,Business,2,Thursday,9,26.1,77.4,0,9.8,25.1
EC003554,BUS_A,Business,7,Friday,7,28.2,75.7,128,33.6,48.1
EC007490,SCI_B,Science,14,Sunday,4,30.9,63.0,21,76.1,81.7
EC005211,RES_A,Residential,10,Tuesday,5,28.4,72.6,165,42.1,44.8
EC004200,BUS_A,Business,4,Wednesday,10,25.4,84.4,30,26.9,30.9
EC006108,SCI_B,Science,9,Monday,10,27.8,73.2,72,72.8,73.8
EC002522,ENG_A,Engineering,23,Wednesday,2,26.6,88.2,22,37.3,41.5
EC006783,ENG_A,Engineering,7,Sunday,11,26.1,80.6,11,38.0,41.2
EC002819,RES_B,Residential,18,Wednesday,7,29.5,80.2,139,41.2,39.8
EC006283,SPT_A,Sports,22,Friday,6,27.6,79.9,72,44.1,48.7
EC003244,ENG_B,Engineering,8,Monday,12,26.8,82.4,58,42.2,47.3
EC000664,LIB_A,Library,5,Thursday,8,25.6,87.5,0,22.4,23.1
EC005706,SCI_A,Science,15,Tuesday,6,31.1,69.1,130,103.7,101.6
EC000604,RES_A,Residential,5,Tuesday,3,24.6,99.3,215,52.0,50.8
EC001467,RES_B,Residential,1,Saturday,3,27.5,77.9,137,54.1,54.0
EC001586,RES_B,Residential,5,Sunday,11,26.2,79.6,207,40.4,46.0
EC005888,LEC_A,LectureHall,3,Wednesday,11,25.4,77.5,11,24.7,21.1
EC007667,SCI_A,Science,12,Tuesday,4,30.8,77.3,9,85.8,89.3
EC002706,ENG_A,Engineering,9,Thursday,6,28.1,73.9,115,54.5,64.1
EC007495,BUS_B,Business,17,Friday,3,31.8,73.6,63,73.6,63.6
EC002613,SCI_A,Science,21,Sunday,10,27.9,80.2,26,71.3,66.0
EC006833,SCI_A,Science,10,Monday,1,28.5,85.8,177,118.5,113.4
EC003226,LEC_A,LectureHall,12,Sunday,8,29.3,75.5,45,40.6,36.5
EC001307,ENG_B,Engineering,13,Saturday,10,29.3,74.7,7,35.3,42.2
EC002735,ADM_A,Administration,11,Sunday,8,,73.8,21,24.5,23.6
EC003669,RES_B,Residential,6,Sunday,9,25.7,84.7,179,44.9,44.8
EC003714,LIB_A,Library,6,Saturday,2,25.7,75.7,0,27.9,32.3
EC002198,BUS_B,Business,1,Sunday,12,25.3,82.5,15,27.2,29.7
EC000217,RES_A,Residential,13,Tuesday,1,29.3,78.8,,49.7,46.7
EC007628,SCI_A,Science,0,Wednesday,6,27.8,72.0,9,69.8,73.8
EC004043,SCI_A,Science,10,Wednesday,10,28.7,72.1,71,83.6,85.1
EC000499,SCI_A,Science,5,Sunday,9,27.0,76.8,3,48.4,49.4
EC005745,LEC_A,LectureHall,13,Friday,9,29.9,71.0,208,65.0,71.8
EC007748,ENG_B,Engineering,9,Friday,9,27.5,86.1,75,53.7,52.7
EC003729,LIB_A,Library,5,Friday,11,26.0,81.7,71,37.8,36.5
EC005792,BUS_A,Business,15,Monday,6,31.8,67.1,135,72.0,70.9
EC003320,BUS_B,Business,16,Friday,5,30.2,74.9,133,76.2,71.6
EC001030,BUS_A,Business,6,Monday,5,28.8,80.4,0,35.0,35.1
EC006695,RES_A,Residential,10,Tuesday,9,28.5,72.9,123,37.9,43.9
EC007312,SCI_A,Science,7,Sunday,9,28.8,81.4,0,66.3,71.4
EC003350,RES_A,Residential,1,Sunday,5,27.0,81.4,137,47.7,50.3
EC004984,RES_A,Residential,18,Sunday,10,29.6,73.2,156,40.4,48.6
EC003229,BUS_A,Business,19,Wednesday,11,29.9,79.6,11,38.1,41.5
EC001767,RES_A,Residential,5,Thursday,11,26.4,72.6,226,44.9,52.9
EC002553,ENG_A,Engineering,8,Wednesday,11,27.6,87.1,85,47.7,56.2
EC005605,ENG_A,Engineering,8,Monday,1,28.6,75.0,83,68.7,67.9
EC005327,LEC_A,LectureHall,13,Wednesday,12,30.6,75.4,185,60.9,68.0
EC000444,SPT_A,Sports,12,Tuesday,1,29.0,78.3,25,46.5,43.1
EC000510,LIB_A,Library,15,Saturday,8,30.1,76.2,158,52.9,54.3
EC004621,RES_A,Residential,8,Saturday,3,29.4,79.1,178,48.5,50.4
EC004972,BUS_B,Business,8,Sunday,2,27.3,73.1,19,39.7,39.0
EC000931,RES_B,Residential,21,Friday,2,28.3,74.7,229,55.6,57.8
EC004783,ADM_A,Administration,8,Sunday,1,25.4,91.4,3,18.2,20.3
EC007314,SPT_A,Sports,21,Wednesday,2,28.4,78.1,,60.2,60.5
EC003051,ENG_A,Engineering,0,Sunday,7,27.7,76.9,0,36.1,43.9
EC006291,SCI_B,Science,22,Saturday,10,26.6,82.4,11,52.4,57.8
EC000284,LEC_A,LectureHall,13,Friday,10,29.8,78.2,216,65.6,71.8
EC001355,ADM_A,Administration,19,Wednesday,6,30.9,77.9,0,25.4,27.4
EC002732,ENG_B,Engineering,8,Thursday,6,27.8,79.2,69,47.8,49.3
EC002560,RES_A,Residential,22,Wednesday,3,26.8,83.7,,50.4,51.2
EC006152,ADM_A,Administration,15,Thursday,1,29.9,73.1,94,48.8,50.7
EC004381,SCI_A,Science,9,Saturday,4,29.4,76.7,3,90.0,81.3
EC000689,BUS_B,Business,3,Thursday,10,24.8,85.0,0,17.3,27.0
EC006892,LIB_A,Library,14,Sunday,12,28.9,75.2,150,47.9,52.8
EC005894,RES_B,Residential,11,Wednesday,5,29.3,71.5,112,40.2,38.5
EC004512,RES_A,Residential,21,Saturday,3,28.4,76.3,297,72.6,68.1
EC007177,ENG_A,Engineering,13,Thursday,10,29.6,75.8,212,87.1,86.6
EC003375,ENG_A,Engineering,13,Wednesday,12,30.2,80.6,210,81.2,88.8
EC007801,ADM_A,Administration,22,Friday,3,25.5,72.4,17,22.7,26.9
EC000709,RES_B,Residential,17,Sunday,11,28.7,74.7,130,37.6,33.1
EC002733,RES_B,Residential,0,Friday,5,27.4,79.4,107,43.5,44.1
EC004491,LEC_A,LectureHall,3,Wednesday,7,26.5,76.6,47,39.0,34.3
EC003658,BUS_A,Business,15,Sunday,9,30.7,67.6,12,36.2,37.8
EC007571,RES_A,Residential,21,Wednesday,7,29.7,70.4,234,58.2,57.9
EC006575,ENG_B,Engineering,15,Monday,10,35.5,,171,96.7,94.2
EC005380,SCI_B,Science,2,Sunday,2,26.5,75.1,9,60.4,58.8
EC002996,SPT_A,Sports,19,Tuesday,1,28.1,78.5,166,60.0,64.1
EC007313,BUS_A,Business,10,Tuesday,7,29.1,71.4,99,,53.8
EC000864,SCI_A,Science,17,Saturday,4,29.8,75.0,8,75.5,79.1
EC003325,ADM_A,Administration,12,Saturday,5,29.3,82.5,37,37.7,35.0
EC005802,LIB_A,Library,10,Friday,12,27.1,84.6,67,34.7,36.8
EC000426,ENG_A,Engineering,23,Wednesday,7,26.4,76.0,0,39.0,40.7
EC007248,SCI_A,Science,22,Tuesday,3,29.5,73.5,20,82.9,79.4
EC006790,RES_B,Residential,14,Tuesday,1,30.3,78.7,95,37.9,38.7
EC002738,LIB_A,Library,4,Tuesday,6,27.1,84.5,19,32.9,39.3
EC007621,ADM_A,Administration,21,Monday,7,28.9,76.0,0,27.7,27.7
EC002601,ADM_A,Administration,8,Saturday,5,27.9,75.7,28,23.6,24.6
EC007591,LEC_A,LectureHall,8,Monday,5,25.6,86.4,75,48.4,45.1
EC006872,SCI_B,Science,21,Sunday,8,26.1,87.6,22,61.4,60.9
EC000615,LIB_A,Library,11,Thursday,10,29.3,78.7,84,37.0,37.0
EC007519,SCI_A,Science,5,Monday,5,25.8,92.3,4,61.1,58.5
EC004417,RES_B,Residential,0,Monday,11,26.7,81.8,110,36.9,38.3
EC006508,LEC_A,LectureHall,3,Friday,8,25.7,85.3,11,21.1,21.2
EC002863,SPT_A,Sports,1,Tuesday,12,25.7,83.4,35,39.0,33.2
EC006112,BUS_B,Business,22,Saturday,5,27.6,74.0,12,35.5,34.7
EC007331,BUS_A,Business,8,Saturday,9,27.4,76.6,9,30.0,32.9
EC007142,LEC_A,LectureHall,23,Tuesday,3,26.9,83.1,38,86.0,54.4
EC004083,BUS_A,Business,17,Thursday,10,30.6,71.0,70,45.8,46.7
EC007436,RES_A,Residential,9,Thursday,10,28.6,77.2,181,36.2,42.1
EC006150,RES_B,Residential,5,Friday,7,25.4,83.8,175,49.1,48.0
EC006509,SCI_A,Science,3,Wednesday,3,25.5,76.9,1,88.9,71.7
EC004490,BUS_A,Business,23,Tuesday,1,27.3,73.9,18,32.2,40.9
EC003430,ENG_B,Engineering,7,Friday,8,26.1,85.2,1,32.8,33.9
EC001399,SPT_A,Sports,11,Friday,7,29.3,75.3,245,76.1,72.0
EC006676,BUS_A,Business,19,Saturday,6,31.1,66.9,19,37.1,42.8
EC005060,RES_B,Residential,14,Thursday,6,30.3,76.2,91,40.8,38.7
EC005084,LEC_A,LectureHall,2,Thursday,11,27.3,74.6,24,30.8,29.8
EC006326,SCI_A,Science,18,Thursday,12,30.0,69.6,31,79.0,77.5
EC001482,RES_A,Residential,9,Friday,7,28.8,76.7,218,36.1,48.8
EC001923,BUS_A,Business,16,Friday,7,28.6,80.0,91,41.5,49.5
EC001251,SPT_A,Sports,12,Monday,3,30.6,69.1,13,49.3,46.1
EC007987,LEC_A,LectureHall,14,Sunday,7,30.2,74.3,43,31.5,41.2
EC001165,SCI_B,Science,17,Thursday,12,30.0,71.4,56,73.9,76.6
EC004256,ENG_B,Engineering,11,Friday,9,29.5,77.0,110,67.4,68.4
EC007328,LEC_A,LectureHall,0,Friday,11,28.0,70.0,6,24.8,29.2
EC006486,LEC_A,LectureHall,22,Monday,12,27.3,78.2,8,24.0,28.0
EC004056,ADM_A,Administration,11,Friday,11,30.1,69.2,83,34.2,37.2
EC005231,SCI_A,Science,10,Tuesday,2,28.1,71.3,88,84.9,83.3
EC003529,LEC_A,LectureHall,12,Saturday,2,28.3,81.7,52,38.6,36.9
EC000179,BUS_B,Business,22,Monday,6,26.3,82.3,24,38.2,37.1
EC005950,BUS_B,Business,5,Thursday,2,25.7,86.6,15,35.4,34.9
EC006405,BUS_A,Business,13,Thursday,10,30.0,77.3,132,63.6,58.8
EC004108,RES_B,Residential,12,Sunday,8,29.7,67.0,142,45.8,47.6
EC001170,ENG_B,Engineering,10,Sunday,8,28.8,80.1,34,46.2,50.2
EC002099,LIB_A,Library,3,Saturday,11,26.0,78.1,0,19.6,22.8
EC007214,RES_B,Residential,12,Friday,9,29.1,76.7,106,39.5,40.2
EC003525,LIB_A,Library,7,Friday,1,26.9,73.3,5,31.1,32.9
EC007166,LIB_A,Library,10,Thursday,4,30.0,70.5,100,48.3,55.5
EC001773,LEC_A,LectureHall,13,Monday,6,30.1,75.0,,65.4,81.4
EC004706,RES_A,Residential,11,Sunday,2,27.5,68.5,173,39.4,47.0
EC007064,SCI_A,Science,21,Tuesday,1,27.7,77.1,36,81.9,76.3
EC004284,RES_A,Residential,17,Saturday,9,31.4,71.7,140,50.9,47.1
EC002939,ENG_B,Engineering,9,Sunday,9,27.4,79.7,34,38.6,43.7
EC003364,RES_A,Residential,21,Wednesday,8,25.8,81.9,251,46.5,51.0
EC006461,SPT_A,Sports,17,Saturday,5,31.7,73.4,109,70.5,71.0
EC005925,BUS_A,Business,16,Saturday,5,29.2,79.4,33,37.7,36.4
EC006762,LEC_A,LectureHall,17,Saturday,12,30.5,65.1,25,38.5,35.2
EC003080,ENG_A,Engineering,21,Tuesday,3,29.3,77.1,24,52.9,54.8
EC006041,RES_A,Residential,0,Monday,7,27.8,74.4,142,47.1,49.5
EC004688,SCI_B,Science,6,Tuesday,11,24.5,84.5,7,41.0,53.8
EC001723,SCI_A,Science,8,Tuesday,1,26.2,83.3,54,65.1,73.1
EC004634,LIB_A,Library,2,Tuesday,5,26.1,77.5,14,32.6,33.4
EC007957,BUS_A,Business,6,Monday,8,27.0,84.9,30,32.0,33.7
EC002076,LIB_A,Library,11,Saturday,3,29.7,74.1,33,39.0,41.4
EC004686,ADM_A,Administration,7,Thursday,3,27.2,84.9,0,30.9,27.7
EC006411,LIB_A,Library,11,Sunday,1,29.3,76.8,92,49.7,45.2
EC000559,SCI_A,Science,19,Friday,2,30.7,72.3,20,66.8,81.2
EC005290,ENG_B,Engineering,16,Saturday,2,30.3,76.2,48,60.3,59.6
EC003633,SCI_A,Science,22,Monday,3,29.6,83.9,0,81.4,80.3
EC001743,RES_B,Residential,18,Friday,5,29.8,76.5,140,39.1,46.2
EC001175,RES_B,Residential,8,Monday,3,28.6,,179,43.3,48.5
EC006436,RES_B,Residential,19,Tuesday,10,28.8,83.1,162,40.4,41.0
EC004991,LIB_A,Library,15,Saturday,2,29.5,69.6,185,51.3,53.0
EC001621,ENG_A,Engineering,11,Monday,4,29.8,77.5,166,62.3,76.5
EC003835,LEC_A,LectureHall,15,Sunday,2,29.8,69.7,72,39.0,46.9
EC006350,SPT_A,Sports,16,Sunday,9,29.9,65.0,80,55.8,54.0
EC001630,SCI_A,Science,3,Sunday,11,26.6,77.9,0,55.8,61.8
EC000281,BUS_B,Business,13,Sunday,4,30.6,68.4,40,51.5,50.5
EC002425,RES_A,Residential,21,Thursday,11,27.8,74.8,226,44.7,53.4
EC007671,BUS_B,Business,23,Friday,11,27.6,81.4,24,35.8,41.6
EC000269,LIB_A,Library,13,Saturday,6,30.7,61.1,152,60.9,59.4
EC006898,SCI_A,Science,16,Friday,12,28.9,77.7,85,84.5,82.1
EC001520,SCI_B,Science,4,Wednesday,2,24.0,88.1,4,42.5,53.8
EC007346,BUS_A,Business,17,Friday,1,30.3,75.0,102,58.0,56.4
EC003776,SPT_A,Sports,6,Wednesday,6,27.7,80.1,143,62.8,55.0
EC007890,LEC_A,LectureHall,6,Friday,1,27.2,82.8,0,27.0,30.7
EC006144,SCI_A,Science,19,Saturday,1,29.7,73.9,5,83.5,80.1
EC002975,SCI_B,Science,6,Wednesday,9,26.3,83.5,14,52.4,59.8
EC002057,SPT_A,Sports,5,Tuesday,5,26.4,77.8,88,44.8,45.3
EC005786,SPT_A,Sports,13,Saturday,3,29.9,73.9,41,53.5,54.6
EC001558,ENG_B,Engineering,1,Monday,4,26.6,87.3,32,39.6,48.3
EC001131,BUS_A,Business,9,Friday,9,27.8,76.7,82,50.5,49.3
EC003974,RES_B,Residential,20,Thursday,12,27.7,74.0,202,39.6,38.5
EC000507,LEC_A,LectureHall,20,Wednesday,6,29.8,73.9,0,29.7,35.0
EC000181,RES_A,Residential,23,Tuesday,8,26.7,83.4,281,56.6,55.9
EC002376,BUS_B,Business,15,Saturday,7,30.8,78.5,41,44.7,44.7
EC001890,BUS_B,Business,4,Sunday,2,27.6,81.9,17,31.5,38.6
EC004060,ENG_B,Engineering,18,Monday,12,,69.7,90,57.3,58.7
EC002693,ENG_A,Engineering,15,Wednesday,9,29.7,,148,74.5,73.7
EC006598,LEC_A,LectureHall,9,Sunday,10,28.5,79.9,18,26.8,27.3
EC006337,ENG_B,Engineering,16,Saturday,12,29.0,,33,46.1,46.4
EC002074,SCI_B,Science,0,Wednesday,12,26.4,88.9,7,85.0,69.5
EC005147,ENG_B,Engineering,8,Friday,5,29.8,71.9,78,60.5,59.7
EC000683,ENG_A,Engineering,5,Saturday,5,25.6,79.4,3,36.4,39.3
EC001585,BUS_A,Business,23,Tuesday,2,26.3,79.4,8,27.8,33.8
EC005287,BUS_A,Business,0,Wednesday,12,26.9,75.1,4,31.5,33.1
EC000485,SCI_B,Science,1,Wednesday,7,26.0,79.5,0,64.4,62.7
EC006646,SCI_A,Science,22,Saturday,10,27.5,75.1,0,76.7,68.9
EC001575,SCI_B,Science,14,Friday,5,30.7,68.4,118,95.6,85.4
EC004800,BUS_B,Business,4,Monday,5,26.1,72.7,5,,39.5
EC000128,BUS_B,Business,18,Monday,4,30.0,76.5,89,47.2,59.0
EC002887,RES_B,Residential,1,Wednesday,9,27.1,76.2,122,42.3,49.4
EC000229,RES_B,Residential,9,Saturday,1,28.5,80.6,155,44.0,44.1
EC004725,RES_A,Residential,13,Monday,5,30.7,,137,45.7,51.3
EC001822,BUS_B,Business,19,Friday,3,27.5,82.2,17,,45.9
EC004007,SCI_A,Science,12,Wednesday,4,34.6,81.9,129,99.4,120.0
EC001198,SPT_A,Sports,16,Sunday,12,28.8,70.4,87,41.7,45.8
EC005658,ADM_A,Administration,11,Sunday,11,28.1,81.4,31,28.7,21.7
EC003280,SCI_B,Science,20,Monday,10,28.1,78.2,17,71.4,67.3
EC007233,SCI_A,Science,10,Monday,6,30.8,66.2,100,97.8,93.8
EC006190,SCI_B,Science,17,Monday,4,29.3,79.7,61,67.9,80.9
EC003272,BUS_B,Business,5,Wednesday,5,26.8,82.8,13,41.2,41.3
EC005325,SCI_A,Science,11,Sunday,12,27.8,77.7,33,65.0,78.3
EC006156,LIB_A,Library,22,Thursday,8,27.2,79.1,61,39.1,41.4
EC007866,ADM_A,Administration,9,Wednesday,3,27.1,83.2,41,33.5,30.2
EC004469,SPT_A,Sports,16,Wednesday,6,31.3,66.4,95,60.2,61.5
EC000095,BUS_B,Business,11,Friday,4,30.9,74.7,153,63.6,70.0
EC004210,LIB_A,Library,11,Sunday,7,29.0,78.4,229,61.8,61.9
EC000051,BUS_B,Business,14,Sunday,3,29.2,81.8,,39.1,43.8
EC003964,SPT_A,Sports,7,Friday,3,27.1,74.7,130,56.0,52.9
EC005098,SCI_A,Science,22,Thursday,4,27.8,78.7,0,75.5,70.1
EC004158,ENG_A,Engineering,0,Thursday,2,26.8,81.9,0,42.4,43.3
EC003889,LEC_A,LectureHall,9,Thursday,11,27.8,79.3,96,47.0,45.8
EC006327,BUS_A,Business,9,Wednesday,7,29.2,73.1,86,47.1,51.0
EC001130,LEC_A,LectureHall,3,Tuesday,1,25.2,80.2,12,27.7,26.4
EC007131,SCI_A,Science,13,Thursday,10,28.7,82.1,125,90.4,97.0
EC006692,RES_A,Residential,4,Monday,2,24.6,84.6,233,47.4,50.2
EC007910,SCI_B,Science,3,Wednesday,12,25.5,77.7,11,60.6,58.3
EC000796,SCI_A,Science,17,Tuesday,7,29.7,74.4,88,83.5,92.7
EC000436,LEC_A,LectureHall,9,Sunday,2,28.0,76.1,6,29.5,30.1
EC001578,LEC_A,LectureHall,10,Friday,4,30.5,70.5,151,57.0,63.2
EC003817,BUS_A,Business,1,Thursday,6,27.6,77.2,16,31.6,35.5
EC004953,SCI_B,Science,2,Tuesday,5,26.7,84.9,0,70.6,68.3
EC006671,RES_B,Residential,5,Friday,10,25.9,78.0,181,45.5,42.2
EC002204,SCI_A,Science,4,Tuesday,12,25.9,82.9,9,63.4,74.8
EC007592,LEC_A,LectureHall,19,Tuesday,7,31.0,71.4,6,35.4,35.4
EC006246,LEC_A,LectureHall,23,Friday,5,28.1,76.2,39,73.6,53.5
EC005767,ADM_A,Administration,5,Wednesday,4,27.9,78.9,0,30.2,30.1
EC007486,ENG_A,Engineering,2,Sunday,11,26.5,80.2,0,36.1,37.8
EC002510,ENG_B,Engineering,4,Sunday,5,26.6,78.6,34,49.4,44.3
EC002707,LIB_A,Library,11,Monday,10,28.7,83.4,78,40.0,44.1
EC007118,BUS_B,Business,12,Sunday,1,29.3,75.6,41,40.9,42.6
EC007134,BUS_B,Business,19,Wednesday,4,30.5,72.8,31,52.0,53.5
EC001437,BUS_A,Business,12,Monday,3,35.3,80.7,142,80.0,82.9
EC006564,RES_B,Residential,13,Tuesday,2,30.5,79.9,92,44.1,39.7
EC005620,BUS_B,Business,19,Tuesday,5,30.4,73.6,0,52.5,55.2
EC004794,ENG_A,Engineering,13,Thursday,6,34.8,90.3,217,120.0,115.8
EC007154,SPT_A,Sports,23,Thursday,5,26.8,89.0,38,38.5,45.4
EC006498,ENG_A,Engineering,0,Wednesday,3,27.0,74.7,16,43.3,43.4
EC002991,ENG_A,Engineering,12,Monday,4,29.2,75.3,198,92.2,87.9
EC004161,ENG_A,Engineering,1,Monday,6,26.7,,8,65.2,54.3
EC000898,SPT_A,Sports,16,Tuesday,7,29.5,76.5,61,56.5,49.3
EC005854,ENG_A,Engineering,8,Saturday,7,27.7,73.4,46,45.1,51.6
EC003439,BUS_B,Business,12,Thursday,10,30.3,77.5,140,69.8,71.8
EC006173,ENG_A,Engineering,13,Friday,5,30.2,78.5,197,85.2,88.2
EC006425,RES_A,Residential,3,Monday,5,26.3,82.1,147,44.7,51.2
EC004006,SPT_A,Sports,15,Friday,2,30.7,73.8,63,51.3,54.2
EC001796,LIB_A,Library,14,Monday,9,28.9,77.7,187,57.9,57.0
EC006594,LEC_A,LectureHall,3,Wednesday,2,25.9,87.8,0,16.0,21.7
EC005110,SPT_A,Sports,17,Saturday,5,31.4,64.7,132,54.1,66.6
EC005001,BUS_A,Business,1,Wednesday,3,26.4,83.3,0,29.6,27.9
EC001110,ENG_B,Engineering,16,Tuesday,2,30.6,75.2,144,75.8,74.8
EC003348,RES_B,Residential,11,Friday,3,29.0,78.4,149,47.3,45.4
EC005972,ENG_A,Engineering,23,Thursday,4,29.1,77.2,0,48.1,50.9
EC005545,ADM_A,Administration,4,Saturday,12,27.1,83.2,11,17.1,19.7
EC006740,LEC_A,LectureHall,21,Sunday,10,27.5,77.5,0,20.9,21.0
EC004557,ADM_A,Administration,4,Thursday,10,25.7,82.8,11,23.5,18.0
EC006894,SCI_A,Science,21,Saturday,12,28.1,81.5,15,54.7,72.5
EC001839,RES_A,Residential,12,Sunday,4,28.5,71.0,144,51.8,46.6
EC007093,ENG_A,Engineering,11,Saturday,4,30.0,73.2,62,65.3,65.8
EC000570,ENG_A,Engineering,2,Sunday,5,28.0,78.8,0,42.8,48.0
EC004122,SPT_A,Sports,11,Saturday,1,28.0,71.0,29,42.8,45.8
EC007943,SPT_A,Sports,4,Thursday,4,27.0,81.5,50,43.0,43.2
EC000699,RES_A,Residential,12,Friday,10,28.5,78.6,160,43.7,48.4
EC002746,RES_B,Residential,7,Saturday,4,26.7,91.3,222,53.7,48.8
EC007459,RES_B,Residential,12,Saturday,3,30.1,70.3,110,38.1,38.2
EC000751,SPT_A,Sports,9,Tuesday,9,26.7,82.9,59,40.1,47.4
EC006936,SPT_A,Sports,19,Friday,8,29.3,66.8,150,62.6,64.1
EC000925,LIB_A,Library,14,Sunday,6,30.7,73.7,154,46.8,51.7
EC001906,BUS_B,Business,14,Monday,9,28.9,75.6,183,71.1,64.7
EC004934,RES_B,Residential,3,Tuesday,3,25.0,87.1,181,39.8,44.4
EC005577,LIB_A,Library,22,Thursday,2,28.5,80.1,72,51.5,52.3
EC003420,SCI_A,Science,9,Tuesday,7,28.9,81.4,95,80.8,88.7
EC007708,SPT_A,Sports,17,Saturday,2,29.0,72.0,190,71.4,63.6
EC003803,SCI_A,Science,22,Tuesday,1,29.2,72.6,9,76.2,77.2
EC006300,RES_B,Residential,22,Friday,8,28.6,76.4,266,53.2,55.4
EC004365,SPT_A,Sports,19,Sunday,5,31.2,75.4,158,47.3,65.6
EC003998,BUS_B,Business,14,Thursday,1,35.0,83.5,203,93.6,89.4
EC006659,SPT_A,Sports,15,Tuesday,11,29.9,75.5,24,41.6,36.8
EC006685,RES_B,Residential,20,Sunday,10,27.7,77.4,213,43.0,47.6
EC007279,SCI_B,Science,2,Monday,5,25.3,78.7,0,57.0,62.1
EC001272,RES_B,Residential,23,Tuesday,5,,84.0,212,57.1,53.4
EC004770,RES_A,Residential,6,Tuesday,9,28.2,82.0,214,50.5,51.2
EC003794,SCI_A,Science,6,Sunday,9,27.0,83.5,13,69.0,69.8
EC003233,ENG_A,Engineering,16,Monday,8,30.1,77.9,168,69.8,75.7
EC004648,SCI_B,Science,17,Friday,10,28.8,74.9,66,81.7,78.2
EC004849,RES_A,Residential,2,Tuesday,1,25.2,86.9,169,44.6,44.8
EC007429,BUS_B,Business,8,Thursday,5,26.7,82.8,90,54.8,49.9
EC007629,ADM_A,Administration,0,Friday,4,26.6,79.5,0,22.8,23.5
EC006008,SCI_A,Science,3,Friday,7,25.9,85.8,10,50.6,61.5
EC005747,RES_B,Residential,14,Wednesday,1,29.5,72.4,76,34.6,39.8
EC003207,LIB_A,Library,4,Monday,11,27.7,80.7,0,27.2,28.0
EC003029,ADM_A,Administration,6,Monday,3,27.1,84.3,15,24.9,25.7
EC004208,ENG_B,Engineering,18,Thursday,3,28.8,74.9,69,60.0,59.0
EC005351,SCI_A,Science,10,Thursday,9,29.0,75.0,99,83.7,85.1
EC007215,SCI_A,Science,10,Wednesday,4,29.5,86.1,84,79.5,90.0
EC004950,BUS_B,Business,10,Monday,12,27.8,73.6,99,48.2,50.8
EC001238,BUS_B,Business,22,Wednesday,5,28.4,75.7,0,45.4,43.3
EC003197,BUS_B,Business,13,Friday,5,30.2,67.8,172,70.9,65.4
EC006580,SCI_A,Science,10,Monday,11,28.1,76.2,91,96.9,81.4
EC003300,LIB_A,Library,0,Friday,12,25.8,85.5,6,25.1,27.1
EC003616,BUS_B,Business,19,Wednesday,3,29.1,83.2,0,42.5,44.8
EC007216,BUS_A,Business,1,Thursday,3,26.0,76.9,0,30.6,32.7
EC005240,BUS_B,Business,0,Wednesday,8,27.0,82.9,5,36.8,37.4
EC003327,ENG_B,Engineering,14,Thursday,9,30.8,75.2,139,72.1,71.5
EC000541,SCI_A,Science,8,Saturday,3,29.0,77.9,21,71.8,75.8
EC006428,LEC_A,LectureHall,15,Sunday,9,31.1,73.3,35,38.6,39.5
EC002948,BUS_B,Business,18,Wednesday,2,29.2,80.6,217,80.9,75.6
EC005008,BUS_A,Business,2,Friday,6,26.5,83.1,12,35.4,31.5
EC006522,LIB_A,Library,23,Wednesday,7,26.6,85.5,91,43.2,53.1
EC002937,ADM_A,Administration,6,Sunday,4,28.1,73.8,,24.1,27.6
EC007764,ADM_A,Administration,19,Sunday,9,30.2,72.1,0,27.9,29.8
EC006232,SCI_B,Science,13,Wednesday,7,29.6,77.2,125,91.2,92.6
EC006394,RES_B,Residential,1,Thursday,6,27.2,77.1,128,41.6,44.4
EC001813,ENG_B,Engineering,8,Friday,9,27.2,83.3,39,46.3,43.8
EC004682,ENG_B,Engineering,12,Wednesday,9,30.2,68.6,142,67.5,70.1
EC006076,LIB_A,Library,2,Sunday,6,26.0,87.1,26,29.0,36.7
EC003405,RES_A,Residential,4,Tuesday,2,25.9,76.4,198,41.5,50.1
EC002949,LIB_A,Library,15,Wednesday,3,29.9,73.1,209,69.0,64.0
EC000235,LEC_A,LectureHall,13,Tuesday,11,29.0,86.9,191,53.9,64.4
EC002308,LEC_A,LectureHall,22,Sunday,12,27.7,89.9,44,32.8,38.5
EC004629,SCI_B,Science,8,Saturday,4,28.8,75.6,12,65.0,65.7
EC004185,RES_A,Residential,8,Saturday,1,26.4,84.1,220,36.6,43.4
EC001905,SCI_A,Science,15,Friday,3,35.3,82.1,119,123.5,120.8
EC003791,SCI_A,Science,16,Sunday,11,28.8,77.0,18,69.6,77.1
EC005315,LEC_A,LectureHall,6,Sunday,8,23.8,96.8,0,15.1,14.4
EC001572,RES_A,Residential,16,Monday,12,29.1,78.4,112,34.0,43.5
EC002232,LEC_A,LectureHall,4,Monday,1,24.9,88.8,20,24.6,26.0
EC007350,LIB_A,Library,5,Tuesday,8,26.4,91.5,23,26.4,29.3
EC000313,ADM_A,Administration,14,Friday,10,28.7,74.6,119,38.9,45.4
EC000312,BUS_B,Business,11,Wednesday,4,29.2,78.2,180,67.0,70.2
EC007348,SCI_B,Science,8,Monday,10,27.3,84.3,53,62.1,66.1
EC000601,ENG_A,Engineering,11,Saturday,7,30.3,74.1,,57.7,57.1
EC005712,RES_B,Residential,20,Tuesday,3,27.9,71.9,189,43.0,45.6
EC006694,LEC_A,LectureHall,1,Wednesday,11,26.2,88.9,6,20.6,26.2
EC003748,ENG_B,Engineering,7,Tuesday,4,26.8,73.1,34,35.3,42.7
EC001596,BUS_A,Business,21,Friday,5,27.9,75.9,0,36.0,34.2
EC000512,SPT_A,Sports,12,Monday,6,30.0,77.8,8,40.5,43.3
EC003813,LIB_A,Library,12,Saturday,6,30.3,68.5,150,59.3,54.7
EC004699,RES_B,Residential,7,Wednesday,12,26.8,81.0,229,46.2,54.1
EC001388,LEC_A,LectureHall,20,Monday,8,27.8,71.9,45,34.3,38.8
EC003175,SCI_B,Science,7,Thursday,10,27.8,72.7,3,62.7,61.8
EC006680,BUS_A,Business,12,Monday,9,30.3,74.2,139,53.0,56.4
EC004903,ENG_B,Engineering,2,Saturday,7,24.4,89.2,5,29.0,34.4
EC003914,ADM_A,Administration,4,Thursday,5,25.5,77.3,0,22.6,21.6
EC003500,ADM_A,Administration,9,Friday,9,28.4,84.0,50,33.5,32.8
EC005990,ENG_A,Engineering,11,Friday,8,28.9,83.9,194,81.1,84.8
EC003699,ENG_B,Engineering,19,Wednesday,3,28.6,76.1,30,41.1,46.9
EC005660,BUS_B,Business,3,Thursday,1,26.3,77.9,4,36.5,33.5
EC001671,RES_A,Residential,23,Wednesday,11,27.2,77.5,261,49.3,55.1
EC005428,RES_A,Residential,8,Monday,4,28.1,81.4,164,47.5,49.4
EC001349,BUS_B,Business,13,Tuesday,1,30.5,75.8,157,71.6,71.9
EC002697,LIB_A,Library,15,Wednesday,8,31.7,72.4,151,60.8,58.5
EC001185,SCI_A,Science,16,Friday,12,29.8,78.9,108,91.4,106.5
EC006107,BUS_A,Business,17,Tuesday,2,29.6,69.7,75,45.2,48.3
EC006965,RES_A,Residential,21,Tuesday,6,29.1,72.8,225,59.7,59.2
EC001406,SCI_A,Science,9,Friday,8,28.4,71.9,56,73.3,77.1
EC002335,LEC_A,LectureHall,19,Monday,3,30.1,78.3,0,37.2,36.3
EC001186,RES_B,Residential,22,Friday,2,26.3,81.6,235,48.4,50.0
EC005822,BUS_B,Business,1,Monday,3,26.9,81.7,19,39.0,40.3
EC004525,BUS_A,Business,21,Sunday,3,23.8,95.5,6,24.3,25.6
EC000727,BUS_A,Business,2,Sunday,6,25.6,82.3,0,23.2,25.2
EC007431,LIB_A,Library,4,Monday,6,27.5,80.8,0,36.7,34.1
EC007810,BUS_B,Business,10,Wednesday,5,30.1,72.2,116,74.6,67.2
EC007474,LEC_A,LectureHall,5,Thursday,5,26.6,70.8,0,23.3,21.0
EC003391,BUS_A,Business,4,Friday,7,26.6,85.5,0,16.8,29.2
EC007172,SCI_B,Science,7,Thursday,6,27.6,76.4,6,58.9,68.1
EC003052,LIB_A,Library,18,Thursday,7,29.4,71.7,168,62.8,59.9
EC004189,BUS_B,Business,5,Wednesday,5,26.7,78.7,13,38.1,44.1
EC006583,ENG_A,Engineering,11,Saturday,5,29.2,69.2,65,48.8,65.5
EC007872,LIB_A,Library,6,Tuesday,8,26.4,76.9,0,28.6,30.0
EC003826,LIB_A,Library,7,Sunday,1,26.2,81.7,0,28.5,28.2
EC001285,SCI_B,Science,22,Sunday,4,28.6,77.8,0,62.2,74.1
EC003884,SCI_A,Science,12,Thursday,4,29.8,73.5,154,106.8,109.6
EC005009,SPT_A,Sports,10,Saturday,5,30.3,79.3,56,55.1,53.5
EC000542,RES_A,Residential,13,Sunday,8,30.5,71.3,139,48.7,44.8
EC005101,ENG_B,Engineering,8,Friday,6,28.2,71.1,53,55.1,54.3
EC003076,SPT_A,Sports,9,Wednesday,9,27.1,81.8,38,,41.1
EC005214,SCI_A,Science,1,Thursday,8,27.5,82.7,3,63.7,69.0
EC002394,RES_A,Residential,10,Friday,5,27.2,75.3,196,43.6,45.9
EC004282,SCI_B,Science,5,Monday,8,26.3,80.8,0,53.9,51.1
EC005928,BUS_B,Business,14,Tuesday,10,31.0,70.1,177,66.2,66.6
EC007509,SCI_A,Science,19,Sunday,6,30.6,66.1,6,78.1,74.9
EC006521,ADM_A,Administration,22,Saturday,12,28.8,74.7,14,26.2,25.8
EC002841,ENG_B,Engineering,3,Friday,11,25.6,78.4,25,36.9,39.1
EC003026,RES_A,Residential,5,Monday,7,27.8,81.1,239,55.5,55.2
EC000268,RES_A,Residential,7,Monday,8,27.1,80.6,143,45.5,46.5
EC001172,LEC_A,LectureHall,6,Thursday,6,27.3,77.7,16,23.0,29.1
EC001870,ENG_A,Engineering,4,Monday,4,26.6,78.6,10,75.6,54.5
EC002580,ENG_B,Engineering,9,Thursday,3,27.9,69.2,92,62.6,58.1
EC001561,RES_B,Residential,13,Friday,3,30.7,68.3,64,37.2,35.9
EC004704,ENG_A,Engineering,14,Wednesday,2,31.2,74.8,208,94.3,98.4
EC006535,LEC_A,LectureHall,3,Saturday,8,26.9,82.5,0,21.7,20.8
EC000201,SPT_A,Sports,20,Saturday,6,28.4,73.7,179,60.7,61.4
EC002680,SCI_A,Science,22,Saturday,11,26.6,81.5,6,62.1,65.2
EC000021,SCI_B,Science,4,Sunday,10,25.6,77.0,0,49.1,55.2
EC006023,RES_A,Residential,17,Tuesday,3,29.9,83.7,151,54.0,53.8
EC002524,BUS_B,Business,11,Monday,7,29.8,79.1,,66.5,61.1
EC007384,LEC_A,LectureHall,17,Sunday,12,29.4,76.6,0,26.3,26.4
EC001262,BUS_B,Business,7,Sunday,11,28.9,79.0,11,31.9,35.4
EC003505,BUS_B,Business,11,Saturday,8,30.5,67.8,48,43.4,44.7
EC003837,LEC_A,LectureHall,7,Saturday,7,28.1,76.2,23,33.0,30.8
EC007626,ENG_B,Engineering,23,Sunday,8,27.5,78.5,11,33.9,39.2
EC006455,BUS_A,Business,0,Monday,8,28.8,81.2,0,32.8,31.8
EC004299,ENG_A,Engineering,13,Monday,2,30.2,80.6,210,73.9,86.7
EC003145,SCI_B,Science,1,Friday,8,26.9,78.0,0,62.9,63.1
EC006691,LEC_A,LectureHall,23,Thursday,1,28.7,81.8,0,31.6,28.3
EC004877,RES_B,Residential,3,Tuesday,9,25.6,86.6,176,41.8,45.5
EC001479,SCI_A,Science,1,Monday,9,24.1,80.7,16,54.1,54.4
EC004861,SCI_A,Science,0,Monday,3,27.1,80.7,14,62.2,68.3
EC006534,LIB_A,Library,15,Monday,6,30.7,76.2,249,61.8,68.1
EC006616,BUS_A,Business,23,Tuesday,1,27.2,73.3,0,38.8,33.4
EC006105,LIB_A,Library,5,Friday,9,26.5,78.1,22,29.5,34.8
EC002332,BUS_B,Business,22,Friday,2,28.6,67.2,0,43.7,41.5
EC005666,RES_A,Residential,3,Monday,10,25.8,74.3,141,47.1,49.0
EC006784,RES_B,Residential,18,Wednesday,10,28.8,75.7,166,37.2,41.4
EC002183,RES_A,Residential,4,Sunday,9,25.8,83.6,205,48.0,52.8
EC003210,ENG_B,Engineering,19,Wednesday,8,29.6,71.9,40,56.2,59.2
EC007979,LIB_A,Library,2,Wednesday,6,26.5,83.6,13,32.5,27.5
EC007370,SPT_A,Sports,22,Thursday,11,27.0,,63,45.1,47.1
EC005317,BUS_A,Business,11,Saturday,11,27.5,84.5,28,31.2,34.3
EC004462,SCI_A,Science,8,Tuesday,11,26.4,77.1,38,65.4,69.5
EC003767,SCI_A,Science,20,Sunday,11,28.0,77.3,2,52.4,64.0
EC005283,ENG_B,Engineering,6,Friday,1,26.2,76.0,22,38.6,39.2
EC002047,ENG_A,Engineering,23,Wednesday,6,28.1,74.7,0,45.1,50.1
EC001171,LIB_A,Library,5,Wednesday,12,25.4,87.3,,26.3,24.8
EC003106,ADM_A,Administration,9,Saturday,5,28.6,76.6,16,26.3,23.0
EC002507,SPT_A,Sports,14,Tuesday,5,29.2,76.4,23,41.5,47.3
EC000584,LEC_A,LectureHall,6,Sunday,3,28.4,77.6,0,27.3,23.5
EC001166,LEC_A,LectureHall,17,Saturday,6,30.5,72.1,,39.1,44.3
EC001597,LIB_A,Library,23,Sunday,5,28.7,75.6,36,97.4,61.0
EC003319,RES_A,Residential,14,Sunday,4,31.1,73.0,102,48.2,45.0
EC001898,SCI_A,Science,17,Monday,3,31.2,68.7,,80.3,78.3
EC006793,BUS_B,Business,22,Monday,3,27.8,88.5,16,42.1,48.5
EC002344,LIB_A,Library,3,Sunday,9,25.9,83.6,0,27.8,26.3
EC004400,ENG_B,Engineering,8,Tuesday,1,27.6,75.8,149,32.9,53.3
EC003808,BUS_B,Business,8,Sunday,11,29.0,74.4,0,35.6,36.0
EC004839,SCI_A,Science,23,Friday,3,28.0,73.4,21,76.1,67.2
EC001840,RES_B,Residential,1,Tuesday,7,25.2,77.4,108,31.7,34.7
EC000991,LEC_A,LectureHall,22,Sunday,6,28.5,81.6,9,70.2,38.9
EC000356,RES_B,Residential,8,Tuesday,8,28.8,72.5,189,39.8,44.4
EC002219,SCI_B,Science,1,Saturday,9,25.7,92.0,0,51.1,54.4
EC007857,LEC_A,LectureHall,22,Thursday,12,27.5,76.6,8,33.3,30.3
EC006054,ENG_B,Engineering,16,Saturday,7,31.3,80.7,38,58.1,52.6
EC002120,RES_A,Residential,1,Wednesday,5,27.2,76.7,186,55.0,52.7
EC007637,LEC_A,LectureHall,6,Friday,9,26.8,75.7,24,25.9,30.2
EC004616,ENG_A,Engineering,11,Thursday,8,28.3,72.1,170,72.4,66.9
EC001316,ENG_A,Engineering,1,Thursday,10,27.6,75.5,0,35.6,38.9
EC000385,BUS_B,Business,8,Saturday,2,28.1,73.8,1,32.5,30.7
EC003785,RES_B,Residential,20,Wednesday,8,28.2,81.3,189,45.2,46.4
EC004926,RES_A,Residential,2,Tuesday,3,26.1,80.8,137,51.2,46.6
EC001869,BUS_A,Business,8,Tuesday,8,29.1,77.2,69,44.6,45.1
EC003888,SPT_A,Sports,13,Monday,3,28.7,75.5,34,43.1,42.6
EC003997,ENG_B,Engineering,19,Monday,12,29.7,74.3,28,,54.0
EC007761,BUS_A,Business,18,Monday,7,30.9,69.1,72,47.6,47.3
EC003809,BUS_B,Business,2,Thursday,6,25.5,82.8,16,31.5,39.8
EC007505,LEC_A,LectureHall,18,Tuesday,9,26.9,,124,45.8,52.7
EC006338,ADM_A,Administration,13,Saturday,3,30.1,72.9,44,36.0,39.7
EC001662,SCI_A,Science,20,Friday,5,30.1,72.2,52,85.6,84.6
EC007430,LIB_A,Library,11,Wednesday,4,29.8,79.6,58,43.7,44.5
EC004651,SCI_A,Science,2,Thursday,5,26.7,71.6,0,57.2,64.9
EC001139,RES_B,Residential,6,Monday,4,26.9,79.1,157,46.8,49.0
EC001781,LEC_A,LectureHall,15,Saturday,8,30.3,74.8,231,79.4,75.6
EC003687,SCI_B,Science,0,Wednesday,6,28.4,78.6,0,60.8,66.5
EC002357,RES_B,Residential,8,Saturday,11,25.8,81.4,201,37.0,38.6
EC002526,SCI_B,Science,17,Wednesday,4,31.7,69.5,59,82.1,94.0
EC000718,LIB_A,Library,11,Sunday,12,27.9,76.1,50,32.7,34.1
EC007037,SPT_A,Sports,4,Thursday,2,26.0,80.5,35,34.5,39.0
EC006225,LIB_A,Library,23,Sunday,3,28.7,72.4,21,80.6,58.2
EC003728,ENG_A,Engineering,3,Tuesday,1,,85.0,0,,36.7
EC007079,ENG_B,Engineering,6,Wednesday,11,26.4,76.5,16,39.0,35.4
EC005453,SPT_A,Sports,20,Friday,4,28.9,71.0,143,61.2,59.7
EC002646,LEC_A,LectureHall,17,Friday,9,30.0,66.4,109,51.8,52.8
EC004277,ENG_B,Engineering,16,Sunday,9,29.6,73.2,21,43.2,49.0
EC001996,ENG_B,Engineering,21,Wednesday,1,28.3,77.1,10,42.7,44.5
EC000183,ENG_A,Engineering,3,Tuesday,10,25.3,89.9,0,34.2,37.6
EC001581,RES_A,Residential,19,Wednesday,7,30.6,74.4,188,46.2,48.0
EC003664,LEC_A,LectureHall,15,Thursday,10,29.8,76.2,168,65.0,69.9
EC003930,SCI_A,Science,15,Monday,12,30.6,72.9,144,105.6,109.6
EC002643,LEC_A,LectureHall,2,Friday,4,27.1,82.5,20,33.1,32.7
EC003762,SCI_B,Science,13,Tuesday,5,30.9,72.3,123,81.5,93.3
EC005717,ENG_B,Engineering,20,Wednesday,10,27.0,78.1,17,32.0,38.9
EC002846,ENG_B,Engineering,19,Sunday,1,30.1,69.5,13,41.0,48.0
EC005141,BUS_A,Business,6,Thursday,8,27.4,75.4,0,28.0,31.8
EC001333,BUS_B,Business,13,Thursday,1,29.4,77.7,191,69.5,69.0
EC002994,SCI_B,Science,4,Friday,9,26.5,78.6,0,57.4,52.0
EC007194,BUS_A,Business,1,Monday,4,25.5,75.9,4,32.2,33.0
EC002889,LEC_A,LectureHall,2,Saturday,8,25.8,74.2,2,21.6,20.0
EC007862,ENG_A,Engineering,5,Thursday,3,27.7,79.1,27,42.9,45.6
EC006203,RES_A,Residential,17,Tuesday,1,29.4,75.4,147,44.3,46.3
EC001718,BUS_A,Business,20,Tuesday,5,29.5,69.0,15,38.1,45.2
EC007016,LEC_A,LectureHall,17,Wednesday,1,29.4,76.1,134,52.5,61.3
EC005539,ADM_A,Administration,13,Monday,10,27.7,76.4,111,45.8,44.1
EC005595,RES_B,Residential,11,Monday,4,29.5,84.2,140,42.8,41.1
EC003035,LEC_A,LectureHall,15,Wednesday,6,30.0,76.1,181,73.6,70.2
EC006835,LIB_A,Library,17,Saturday,2,29.4,78.6,270,59.6,68.3
EC005527,ENG_A,Engineering,3,Friday,6,25.9,83.6,0,36.5,41.9
EC006460,ENG_A,Engineering,21,Tuesday,6,27.9,76.1,24,45.6,44.2
EC001931,BUS_A,Business,1,Sunday,6,27.0,78.3,0,26.6,30.4
EC007805,SCI_A,Science,19,Sunday,12,29.0,70.3,13,77.2,76.7
EC006254,ENG_B,Engineering,10,Wednesday,1,29.6,67.1,110,62.6,63.2
EC002455,RES_A,Residential,3,Sunday,4,27.8,74.6,233,64.7,64.3
EC000661,BUS_B,Business,20,Monday,11,28.8,86.7,0,38.3,44.8
EC004596,LEC_A,LectureHall,5,Friday,12,26.5,82.3,0,28.7,27.6
EC002188,BUS_B,Business,13,Monday,1,29.8,,158,71.6,71.4
EC006998,LEC_A,LectureHall,2,Monday,11,25.4,93.7,25,31.7,26.7
EC001855,RES_A,Residential,18,Tuesday,5,30.7,73.3,128,48.7,47.9
EC001469,RES_B,Residential,17,Wednesday,6,31.2,73.0,85,46.5,44.2
EC000828,SCI_A,Science,8,Wednesday,2,27.8,79.6,72,69.9,80.9
EC003401,LEC_A,LectureHall,6,Tuesday,7,27.1,83.1,25,31.8,31.0
EC004294,RES_B,Residential,2,Thursday,2,26.1,91.9,132,41.8,47.5
EC003511,BUS_B,Business,17,Monday,1,29.1,81.5,95,54.9,56.2
EC002726,LEC_A,LectureHall,21,Wednesday,2,28.4,82.0,0,29.5,29.6
EC007443,SPT_A,Sports,13,Tuesday,10,28.9,75.3,0,41.2,43.7
EC003292,SPT_A,Sports,11,Wednesday,2,28.4,85.3,0,36.4,45.1
EC003596,ENG_B,Engineering,6,Thursday,2,25.9,83.4,28,43.8,45.8
EC003301,ENG_B,Engineering,20,Thursday,8,27.6,77.0,13,52.6,46.2
EC000826,ADM_A,Administration,3,Monday,2,26.1,77.3,0,24.4,22.2
EC003384,SCI_A,Science,3,Wednesday,6,26.1,85.4,21,57.1,64.7
EC005104,BUS_A,Business,23,Thursday,5,27.0,80.1,0,32.6,38.3
EC006167,ENG_B,Engineering,13,Thursday,7,30.7,68.8,145,63.6,75.3
EC006752,LEC_A,LectureHall,0,Tuesday,3,25.5,78.8,13,22.0,25.5
EC000842,LIB_A,Library,18,Wednesday,8,29.2,76.6,183,51.3,58.0
EC005140,LIB_A,Library,14,Sunday,8,30.8,74.1,261,62.7,67.0
EC001000,SCI_B,Science,13,Sunday,11,29.4,80.0,31,74.6,74.4
EC002157,ENG_A,Engineering,6,Monday,6,26.2,76.9,12,,45.5
EC007381,ENG_A,Engineering,2,Saturday,8,25.6,82.8,14,41.3,36.7
EC007894,ENG_B,Engineering,23,Sunday,3,27.1,78.5,0,43.7,42.0
EC002109,SCI_B,Science,2,Monday,4,25.3,75.7,0,59.9,62.4
EC002440,LEC_A,LectureHall,23,Monday,2,28.2,72.2,16,33.1,32.3
EC001068,SCI_B,Science,15,Thursday,6,30.5,77.3,105,99.2,99.9
EC006351,SCI_B,Science,13,Wednesday,12,30.9,67.3,123,99.8,90.1
EC006909,ENG_B,Engineering,16,Monday,12,30.1,73.6,100,69.2,64.0
EC007656,ENG_B,Engineering,18,Thursday,1,28.4,75.2,63,48.3,53.6
EC004946,ENG_A,Engineering,8,Tuesday,7,28.0,70.5,108,56.2,61.9
EC002061,ENG_A,Engineering,10,Wednesday,5,29.4,75.8,107,65.9,66.5
EC004435,SCI_B,Science,13,Thursday,9,28.2,72.5,114,78.0,78.5
EC002361,ENG_B,Engineering,14,Saturday,11,29.4,71.4,12,51.0,44.8
EC005930,LIB_A,Library,13,Friday,7,29.8,76.3,124,53.6,57.4
EC002087,RES_B,Residential,6,Thursday,6,27.2,77.8,198,44.8,47.5
EC005143,ENG_A,Engineering,7,Monday,2,26.9,80.4,0,32.9,39.6
EC001916,ADM_A,Administration,6,Wednesday,10,25.8,86.9,8,19.5,27.1
EC000773,SCI_A,Science,3,Monday,3,26.1,78.1,4,77.5,75.8
EC003067,RES_B,Residential,6,Friday,5,26.6,80.2,238,49.3,53.3
EC006939,ENG_B,Engineering,18,Sunday,8,31.3,67.7,22,52.4,51.6
EC006397,BUS_A,Business,23,Saturday,10,28.0,70.7,8,30.1,30.5
EC006236,SPT_A,Sports,0,Saturday,12,27.7,71.6,17,35.8,40.9
EC002913,RES_B,Residential,18,Friday,12,29.0,73.4,196,35.1,39.0
EC004314,ENG_A,Engineering,4,Sunday,9,25.2,83.1,15,42.2,38.0
EC000522,SCI_A,Science,18,Sunday,4,30.4,,7,84.2,83.5
EC002716,LIB_A,Library,19,Tuesday,4,29.9,77.1,162,56.5,61.5
EC000702,ENG_A,Engineering,11,Wednesday,11,28.8,71.0,178,66.1,73.0
EC003514,RES_A,Residential,21,Sunday,12,28.6,,234,54.2,60.1
EC003146,SCI_B,Science,0,Tuesday,11,26.0,81.7,1,,67.4
EC006902,LIB_A,Library,23,Friday,6,27.0,,40,33.2,41.8
EC000822,LEC_A,LectureHall,13,Sunday,2,30.1,76.4,270,82.7,89.5
EC006503,LEC_A,LectureHall,11,Tuesday,9,28.7,73.6,209,63.3,64.0
EC004865,LIB_A,Library,18,Friday,7,30.5,76.0,207,58.4,62.1
EC003383,BUS_A,Business,2,Monday,10,26.0,83.0,1,31.1,30.7
EC002136,ADM_A,Administration,8,Sunday,8,28.2,72.3,27,27.5,26.4
EC001788,ENG_A,Engineering,15,Saturday,3,29.7,81.4,48,63.8,67.1
EC006536,LEC_A,LectureHall,18,Monday,8,28.6,71.1,119,44.0,51.7
EC001614,RES_B,Residential,8,Wednesday,6,27.4,78.1,155,39.2,35.0
EC002840,LEC_A,LectureHall,22,Saturday,5,28.7,76.0,0,26.6,27.8
EC003041,RES_A,Residential,14,Wednesday,6,29.6,74.0,139,45.4,45.5
EC002963,BUS_B,Business,11,Saturday,7,29.1,,17,33.4,40.9
EC001666,ENG_B,Engineering,13,Sunday,5,30.9,69.8,33,50.9,57.2
EC003805,LIB_A,Library,19,Thursday,9,29.0,78.5,158,54.8,57.8
EC005389,SCI_B,Science,21,Sunday,11,27.5,80.3,14,65.2,60.9
EC004606,BUS_A,Business,5,Tuesday,1,24.9,82.5,33,31.5,30.1
EC000528,ADM_A,Administration,13,Thursday,10,29.7,75.1,120,36.9,44.4
EC000119,SCI_B,Science,10,Wednesday,4,28.4,69.8,89,,83.1
EC001204,RES_A,Residential,13,Saturday,9,30.2,72.0,133,47.9,51.0
EC004371,BUS_A,Business,16,Friday,3,31.9,72.8,,58.7,65.3
EC006714,ENG_B,Engineering,20,Monday,10,27.7,74.6,21,33.8,38.9
EC003492,SCI_B,Science,8,Sunday,1,27.4,88.5,6,60.0,62.7
EC001873,RES_B,Residential,12,Wednesday,6,29.7,81.7,125,39.0,43.0
EC003756,SCI_A,Science,10,Thursday,12,29.6,74.6,86,85.9,93.4
EC005996,RES_A,Residential,21,Saturday,7,29.1,73.8,301,64.5,64.3
EC005203,BUS_B,Business,10,Wednesday,11,28.1,78.5,123,56.0,60.2
EC004517,LIB_A,Library,10,Monday,7,28.9,80.1,81,46.5,44.4
EC004123,ADM_A,Administration,13,Tuesday,6,30.3,73.8,110,46.5,47.5
EC005784,BUS_A,Business,18,Sunday,6,29.8,70.2,17,36.6,38.9
EC001917,RES_B,Residential,20,Saturday,6,29.7,67.5,210,38.9,42.7
EC000820,SCI_B,Science,4,Wednesday,4,27.0,78.4,0,54.3,59.8
EC002832,BUS_A,Business,20,Sunday,5,28.1,71.1,5,32.3,34.1
EC005654,RES_A,Residential,9,Monday,2,28.4,71.6,174,47.5,50.7
EC001568,RES_A,Residential,17,Saturday,4,29.5,69.9,198,52.2,53.9
EC001018,BUS_A,Business,4,Sunday,11,25.5,87.8,20,23.7,25.6
EC001069,RES_A,Residential,13,Thursday,8,30.4,79.2,99,41.5,43.6
EC006767,SCI_A,Science,11,Friday,5,29.7,81.7,117,100.0,99.4
EC006378,ENG_A,Engineering,16,Wednesday,5,30.2,67.9,137,64.9,75.7
EC002036,RES_A,Residential,23,Tuesday,11,25.0,90.5,284,54.8,56.0
EC002930,SCI_A,Science,0,Sunday,6,27.7,75.4,10,81.2,67.9
EC004135,BUS_B,Business,11,Tuesday,8,29.9,75.8,135,69.3,68.0
EC005782,SPT_A,Sports,7,Sunday,12,27.2,74.1,122,49.7,51.3
EC002769,LIB_A,Library,5,Sunday,11,24.9,85.3,0,25.7,27.9
EC000200,ADM_A,Administration,11,Monday,12,27.3,84.3,104,41.8,42.4
EC003394,ENG_B,Engineering,18,Thursday,2,29.7,74.4,196,61.4,70.3
EC000636,BUS_B,Business,10,Tuesday,7,29.1,76.3,147,59.4,61.7
EC005093,BUS_A,Business,5,Wednesday,5,27.0,83.5,3,39.5,31.7
EC004980,SPT_A,Sports,9,Wednesday,6,29.0,75.9,248,69.8,68.8
EC004967,LIB_A,Library,22,Monday,11,25.6,87.4,42,100.6,57.2
EC003395,SPT_A,Sports,11,Wednesday,4,29.2,74.9,10,47.8,44.8
EC007109,SCI_A,Science,20,Wednesday,1,28.3,76.9,,68.4,71.6
EC006963,BUS_A,Business,16,Saturday,10,29.3,81.1,26,30.7,31.2
EC000241,SCI_B,Science,6,Saturday,10,24.7,83.2,0,49.6,53.8
EC004874,BUS_B,Business,13,Friday,10,29.2,72.6,216,71.6,70.7
EC007304,ENG_B,Engineering,7,Saturday,3,28.1,74.8,0,47.1,45.6
EC003254,LEC_A,LectureHall,20,Saturday,2,28.5,80.1,0,26.8,23.9
EC001812,ENG_A,Engineering,7,Thursday,8,26.4,83.1,0,39.4,39.7
EC007155,RES_B,Residential,16,Thursday,12,30.8,68.9,108,43.6,42.8
EC003072,LIB_A,Library,15,Wednesday,10,29.2,79.3,206,60.5,60.3
EC007128,LIB_A,Library,17,Monday,12,28.5,72.9,213,55.0,55.1
EC007526,BUS_A,Business,17,Monday,5,29.8,74.7,73,53.5,54.5
EC004786,SCI_B,Science,8,Sunday,9,27.2,79.5,10,57.8,62.6
EC006034,SCI_A,Science,14,Saturday,9,30.9,64.4,42,83.2,83.3
EC002692,SPT_A,Sports,3,Friday,5,26.8,79.5,46,46.1,44.7
EC002755,ADM_A,Administration,19,Sunday,6,28.7,82.1,0,24.7,26.4
EC000163,LIB_A,Library,16,Sunday,7,29.9,77.4,281,74.6,71.7
EC005636,ADM_A,Administration,18,Thursday,7,30.2,76.0,46,37.0,36.9
EC004811,SPT_A,Sports,1,Tuesday,12,25.7,87.7,6,34.1,35.7
EC004233,LEC_A,LectureHall,11,Monday,1,29.9,72.1,184,59.3,64.3
EC002690,BUS_A,Business,20,Sunday,2,29.2,75.1,3,31.6,34.2
EC007691,LEC_A,LectureHall,9,Thursday,4,29.6,72.3,230,34.3,62.2
EC004213,ENG_B,Engineering,0,Thursday,1,27.8,73.7,17,38.5,40.0
EC002663,LIB_A,Library,13,Wednesday,7,30.2,68.7,142,53.1,51.3
EC005238,LEC_A,LectureHall,7,Tuesday,7,27.1,86.2,23,28.8,27.5
EC004319,BUS_B,Business,3,Thursday,12,25.6,85.1,43,38.9,41.3
EC005063,BUS_B,Business,3,Sunday,8,26.5,81.9,0,27.8,31.9
EC007074,BUS_B,Business,18,Wednesday,7,30.4,76.1,76,60.5,62.3
EC000975,LEC_A,LectureHall,17,Sunday,3,30.1,76.8,63,40.0,40.1
EC003085,ENG_B,Engineering,14,Friday,2,29.3,70.6,171,64.2,75.2
EC000164,RES_B,Residential,13,Thursday,2,31.7,71.6,111,38.7,44.8
EC004172,SPT_A,Sports,16,Tuesday,3,30.6,69.2,93,53.8,61.2
EC005672,LIB_A,Library,0,Sunday,11,24.2,78.9,0,23.3,26.1
EC006678,RES_B,Residential,8,Monday,12,25.0,83.5,160,,32.5
EC000107,LIB_A,Library,18,Sunday,8,24.8,,135,44.9,47.6
EC005558,RES_B,Residential,0,Sunday,10,25.5,84.3,146,40.7,37.0
EC000956,SCI_B,Science,4,Wednesday,1,26.3,77.8,0,51.1,57.0
EC006134,RES_A,Residential,11,Wednesday,4,29.6,79.3,133,51.7,49.8
EC001433,LEC_A,LectureHall,22,Saturday,5,26.7,80.8,18,24.6,26.3
EC002085,SCI_A,Science,18,Tuesday,3,31.0,66.9,65,88.6,93.3
EC006408,BUS_A,Business,8,Thursday,6,27.7,80.1,99,27.6,42.3
EC005305,ENG_B,Engineering,0,Wednesday,9,26.5,82.3,2,39.0,33.9
EC003828,RES_A,Residential,18,Monday,6,29.1,72.4,161,41.2,45.3
EC003094,LEC_A,LectureHall,20,Thursday,9,26.7,83.4,0,25.4,24.8
EC003296,RES_B,Residential,15,Monday,12,28.9,74.9,76,33.4,34.8
EC000054,RES_A,Residential,16,Saturday,6,28.8,77.6,148,42.7,44.0
EC006082,BUS_A,Business,3,Sunday,5,26.7,71.0,0,26.0,28.5
EC002638,RES_B,Residential,15,Friday,3,30.8,71.4,168,42.9,52.3
EC002274,BUS_B,Business,9,Wednesday,5,29.0,,58,53.0,53.3
EC005838,LIB_A,Library,22,Friday,11,26.9,77.8,57,35.3,39.0
EC000603,ENG_A,Engineering,16,Saturday,7,30.9,75.9,44,62.9,62.2
EC005898,SPT_A,Sports,8,Monday,10,26.4,78.8,94,49.9,47.0
EC004238,SCI_B,Science,13,Tuesday,3,30.7,67.8,145,116.5,104.6
EC001464,LEC_A,LectureHall,19,Sunday,9,30.3,68.8,0,24.9,28.6
EC004853,SCI_A,Science,3,Saturday,4,25.3,87.8,3,62.8,60.3
EC001148,SPT_A,Sports,15,Monday,7,31.9,73.1,245,70.0,75.5
EC004736,SPT_A,Sports,14,Monday,5,31.6,71.1,38,57.6,58.3
EC006462,ENG_A,Engineering,12,Tuesday,1,29.5,76.1,,81.2,80.1
EC002857,SCI_A,Science,20,Monday,12,29.3,72.3,19,71.0,80.6
EC001375,SCI_B,Science,23,Tuesday,3,26.9,79.3,13,50.5,62.1
EC002602,BUS_B,Business,1,Thursday,10,25.7,83.5,0,11.6,28.6
EC001750,LEC_A,LectureHall,0,Wednesday,12,27.5,76.3,8,31.7,31.2
EC007073,LIB_A,Library,11,Wednesday,2,29.6,71.8,125,47.6,51.4
EC006421,ENG_B,Engineering,5,Tuesday,9,24.6,82.2,0,31.7,32.2
EC001907,SPT_A,Sports,14,Monday,9,31.0,74.5,34,47.7,53.1
EC003311,RES_B,Residential,17,Friday,9,30.2,69.3,115,41.3,37.0
EC000923,ENG_A,Engineering,9,Tuesday,1,29.1,73.2,82,62.9,69.0
EC000712,LIB_A,Library,9,Friday,8,28.1,83.5,45,36.6,34.3
EC006386,SPT_A,Sports,0,Monday,7,27.0,82.2,0,34.3,34.4
EC002876,SPT_A,Sports,12,Tuesday,4,,74.0,0,41.0,45.4
EC003489,SCI_B,Science,7,Monday,10,27.0,81.1,0,53.8,55.7
EC003282,BUS_A,Business,4,Sunday,1,25.0,85.5,0,18.2,21.2
EC001567,SCI_A,Science,2,Monday,4,27.0,86.3,0,60.6,69.3
EC002408,BUS_B,Business,3,Friday,7,27.8,81.2,0,45.3,43.8
EC003968,SCI_A,Science,1,Sunday,6,26.5,77.4,14,65.4,71.9
EC006870,RES_B,Residential,22,Wednesday,10,26.8,82.2,227,41.9,50.1
EC002021,RES_A,Residential,4,Thursday,6,27.7,77.2,198,54.9,57.0
EC002093,SCI_A,Science,11,Saturday,12,28.6,76.9,48,77.7,79.5
EC005163,ADM_A,Administration,17,Monday,3,30.3,74.3,77,36.3,41.2
EC004149,SCI_B,Science,0,Wednesday,5,28.3,77.8,0,64.2,63.9
EC005346,LIB_A,Library,19,Thursday,8,27.8,66.9,155,48.6,51.9
EC007281,SCI_A,Science,8,Wednesday,10,26.7,75.8,,49.5,80.4
EC005025,LIB_A,Library,13,Monday,12,29.2,71.4,148,47.8,54.6
EC006336,LIB_A,Library,21,Thursday,9,29.1,77.6,71,45.0,44.0
EC006491,BUS_B,Business,12,Tuesday,4,30.6,75.4,155,86.6,75.5
EC002666,ENG_A,Engineering,4,Saturday,5,25.4,76.2,30,38.3,37.0
EC004685,SPT_A,Sports,1,Thursday,12,24.8,85.5,7,26.0,32.8
EC005791,SCI_A,Science,18,Thursday,4,31.0,67.4,53,80.6,85.6
EC007457,SPT_A,Sports,6,Wednesday,5,26.7,84.4,109,48.2,56.3
EC000069,ADM_A,Administration,11,Wednesday,7,30.0,77.3,89,37.2,39.2
EC007027,RES_B,Residential,1,Sunday,12,24.9,86.1,140,39.1,44.7
EC007472,SPT_A,Sports,15,Saturday,4,31.2,78.9,,49.0,52.7
EC005135,ENG_A,Engineering,7,Saturday,3,28.3,82.2,9,55.9,54.8
EC007366,BUS_B,Business,12,Wednesday,3,29.8,68.1,173,77.9,70.7
EC002703,SCI_B,Science,13,Thursday,10,30.4,79.8,,109.3,99.3
EC002869,ADM_A,Administration,12,Thursday,3,31.2,72.7,101,48.0,50.9
EC000254,RES_A,Residential,15,Tuesday,2,32.4,67.3,128,50.5,54.0
EC001851,BUS_A,Business,15,Tuesday,12,29.3,83.2,111,49.0,55.9
EC003199,LIB_A,Library,1,Monday,1,25.8,82.2,31,30.7,25.5
EC005038,ENG_A,Engineering,14,Thursday,1,30.0,73.8,187,,82.2
EC005125,ENG_A,Engineering,20,Thursday,11,30.3,74.1,25,51.0,57.4
EC005768,BUS_B,Business,15,Sunday,11,28.5,76.5,78,46.4,46.2
EC003696,BUS_B,Business,17,Monday,10,29.1,76.8,69,55.6,57.3
EC000225,SPT_A,Sports,12,Sunday,4,29.7,81.1,18,39.2,46.9
EC001927,BUS_B,Business,14,Monday,2,29.8,78.4,137,70.5,62.5
EC006252,SPT_A,Sports,1,Thursday,8,25.5,80.0,19,31.3,36.2
EC004258,RES_A,Residential,9,Tuesday,6,27.6,81.3,146,43.2,45.5
EC002257,ENG_B,Engineering,22,Sunday,1,28.5,76.8,8,39.5,46.2
EC001404,SCI_A,Science,2,Saturday,3,26.1,87.1,0,54.6,71.5
EC004181,SCI_B,Science,8,Wednesday,6,28.4,85.6,44,73.5,68.6
EC005875,ENG_A,Engineering,8,Tuesday,8,29.3,76.7,84,55.7,56.8
EC005703,ENG_A,Engineering,16,Thursday,2,29.4,70.9,134,71.5,72.6
EC007344,BUS_B,Business,1,Saturday,5,27.3,84.0,0,35.0,36.6
EC004523,SCI_B,Science,10,Sunday,6,,77.9,24,68.9,69.9
EC002164,LEC_A,LectureHall,6,Sunday,4,26.6,80.8,19,,29.5
EC003104,RES_B,Residential,17,Sunday,7,29.3,74.9,139,41.2,44.1
EC000155,ADM_A,Administration,4,Tuesday,2,26.4,73.1,17,22.7,24.6
EC002246,LEC_A,LectureHall,2,Monday,7,27.3,80.7,31,31.9,33.2
EC004465,ADM_A,Administration,8,Friday,4,28.8,76.2,35,35.4,34.8
EC005587,ADM_A,Administration,9,Monday,2,29.0,76.5,55,36.5,42.6
EC004017,ENG_B,Engineering,12,Tuesday,1,28.7,77.8,168,63.7,65.6
EC000503,ENG_A,Engineering,7,Sunday,8,27.6,85.5,9,39.7,42.1
EC006848,SCI_B,Science,5,Friday,1,28.5,84.6,13,64.8,72.7
EC002008,LIB_A,Library,0,Monday,1,26.3,89.3,14,28.8,27.1
EC005649,LEC_A,LectureHall,16,Sunday,10,30.8,79.9,,65.2,75.4
EC001642,RES_A,Residential,9,Wednesday,8,29.0,,145,40.9,46.6
EC004922,ENG_A,Engineering,13,Sunday,6,30.5,74.0,37,61.8,64.5
EC003377,BUS_B,Business,20,Tuesday,6,28.5,79.8,20,48.5,48.7
EC004614,LEC_A,LectureHall,23,Thursday,5,28.0,69.9,21,40.2,38.5
EC003789,ENG_A,Engineering,13,Saturday,3,30.1,70.0,65,,62.6
EC006388,ENG_A,Engineering,0,Thursday,3,27.3,81.4,0,44.0,44.5
EC002459,BUS_A,Business,10,Saturday,11,28.8,75.7,35,34.1,35.2
EC004201,SPT_A,Sports,1,Wednesday,7,27.3,78.5,7,35.9,38.9
EC002270,SCI_B,Science,22,Tuesday,11,26.1,82.3,1,51.7,56.1
EC003796,LIB_A,Library,16,Friday,4,31.2,69.5,199,52.9,58.8
EC002492,ADM_A,Administration,4,Monday,9,26.1,84.2,5,17.4,25.4
EC001441,ADM_A,Administration,3,Wednesday,1,25.5,79.2,0,19.1,22.7
EC002933,LEC_A,LectureHall,19,Saturday,11,29.0,70.9,199,60.2,64.1
EC007948,BUS_A,Business,16,Thursday,12,29.1,77.5,92,40.9,42.0
EC006119,LEC_A,LectureHall,5,Wednesday,2,26.3,80.4,0,24.7,23.1
EC003564,ENG_A,Engineering,14,Wednesday,2,31.7,69.1,167,83.6,88.7
EC007663,LEC_A,LectureHall,18,Sunday,11,29.9,76.7,6,30.5,32.5
EC001903,ENG_B,Engineering,16,Tuesday,12,29.7,77.5,117,62.5,64.0
EC006601,ADM_A,Administration,4,Wednesday,5,26.5,75.5,3,27.6,29.6
EC000692,RES_B,Residential,18,Tuesday,6,30.3,72.3,115,45.4,44.4
EC007836,LIB_A,Library,6,Wednesday,9,27.0,78.3,0,26.9,31.4
EC000794,SPT_A,Sports,7,Thursday,7,25.3,83.2,129,44.4,51.8
EC004326,LEC_A,LectureHall,4,Saturday,8,26.8,75.8,0,18.7,17.5
EC006207,ENG_B,Engineering,9,Thursday,9,28.1,73.7,92,46.9,53.9
EC004510,ENG_A,Engineering,5,Thursday,12,25.5,78.4,16,32.9,36.7
EC006292,SCI_B,Science,7,Friday,3,27.9,,0,60.5,63.7
EC003038,ADM_A,Administration,16,Sunday,6,30.5,70.9,2,30.7,35.1
EC004096,LIB_A,Library,9,Monday,10,26.8,83.4,65,40.1,38.2
EC006952,RES_B,Residential,9,Tuesday,6,30.2,75.9,180,51.7,49.6
EC004461,RES_B,Residential,4,Sunday,2,26.2,83.6,140,39.9,46.1
EC003847,RES_A,Residential,17,Sunday,10,29.3,76.7,137,42.3,44.2
EC000058,LEC_A,LectureHall,23,Wednesday,2,27.9,75.6,5,,33.5
EC007925,ENG_B,Engineering,17,Tuesday,12,29.8,75.8,74,43.9,53.5
EC005569,ADM_A,Administration,14,Saturday,12,30.4,73.7,30,32.4,33.4
EC002759,LEC_A,LectureHall,20,Sunday,2,28.2,81.8,23,30.4,33.6
EC002574,RES_A,Residential,5,Tuesday,3,27.5,,178,41.9,47.8
EC004021,LIB_A,Library,14,Sunday,9,30.4,73.8,165,53.5,55.4
EC001789,BUS_A,Business,14,Thursday,12,28.9,71.5,129,49.9,52.1
EC000139,SPT_A,Sports,0,Tuesday,11,26.3,83.7,,31.0,33.2
EC007529,RES_A,Residential,15,Tuesday,7,32.4,68.5,84,38.8,43.8
EC003799,ENG_A,Engineering,20,Tuesday,5,29.6,74.4,23,49.9,57.6
EC004070,ENG_A,Engineering,1,Saturday,3,25.3,79.7,0,42.4,40.3
EC004947,RES_A,Residential,22,Thursday,9,27.9,80.5,264,57.2,53.7
EC004134,SCI_A,Science,7,Tuesday,4,26.6,83.0,0,69.5,69.9
EC007324,BUS_A,Business,9,Sunday,6,29.7,71.4,20,34.8,40.8
EC005421,RES_B,Residential,9,Tuesday,12,28.2,71.8,172,39.2,37.9
EC006153,SCI_B,Science,21,Thursday,7,29.0,72.6,20,69.5,73.8
EC005207,RES_A,Residential,17,Tuesday,12,28.3,78.2,151,38.5,40.9
EC007679,SPT_A,Sports,4,Monday,12,24.5,82.1,52,40.5,39.9
EC001438,BUS_B,Business,2,Monday,8,25.4,84.0,0,35.5,36.5
EC001748,LEC_A,LectureHall,12,Sunday,5,29.9,74.5,212,74.7,75.9
EC006293,SPT_A,Sports,3,Thursday,6,25.3,82.0,29,36.2,38.2
EC005493,SCI_B,Science,1,Wednesday,9,26.7,79.4,15,60.6,58.4
EC004297,LIB_A,Library,11,Monday,3,29.3,81.2,76,48.0,43.9
EC003892,RES_A,Residential,4,Friday,3,25.2,86.0,192,49.5,55.5
EC001074,SCI_A,Science,18,Thursday,5,30.8,74.2,,,98.8
EC003614,SCI_A,Science,6,Saturday,7,23.9,95.1,16,55.8,62.0
EC004896,ENG_A,Engineering,23,Sunday,12,25.2,81.0,0,35.6,35.7
EC004521,LIB_A,Library,3,Friday,1,24.7,84.5,9,27.4,28.5
EC006496,BUS_B,Business,4,Thursday,9,26.4,88.3,,33.3,33.8
EC005593,LEC_A,LectureHall,15,Tuesday,4,31.1,64.6,162,65.8,68.8
EC001323,SCI_B,Science,18,Sunday,10,28.9,77.2,10,64.6,69.0
EC001394,BUS_A,Business,0,Monday,8,25.7,85.9,0,29.3,28.1
EC006438,RES_A,Residential,20,Friday,12,27.9,76.8,,44.0,51.1
EC006986,SPT_A,Sports,22,Thursday,1,27.9,81.3,70,53.1,55.8
EC004034,LIB_A,Library,8,Wednesday,12,28.3,72.7,32,29.3,33.8
EC001632,ENG_B,Engineering,22,Tuesday,9,27.4,81.5,0,43.1,42.0
EC005193,RES_B,Residential,15,Thursday,9,29.5,79.1,103,34.4,42.8
EC000649,LEC_A,LectureHall,2,Thursday,7,26.1,88.8,2,23.7,23.7
EC004780,ADM_A,Administration,4,Sunday,3,26.2,78.5,0,19.5,21.7
EC001981,RES_A,Residential,7,Saturday,4,27.6,78.5,243,50.6,55.5
EC001717,SCI_A,Science,9,Wednesday,3,27.1,76.6,66,79.3,82.4
EC000088,SCI_A,Science,6,Thursday,11,26.0,80.5,14,67.1,68.2
EC002305,BUS_B,Business,22,Wednesday,5,27.5,85.1,8,32.1,40.1
EC002925,LIB_A,Library,20,Thursday,8,29.2,82.6,129,48.2,51.8
EC000249,ENG_B,Engineering,3,Friday,1,26.6,78.9,2,36.5,35.8
EC001258,ENG_A,Engineering,4,Monday,8,25.3,87.7,4,35.9,42.8
EC002159,LEC_A,LectureHall,18,Sunday,1,29.3,79.0,34,32.5,31.0
EC006148,ADM_A,Administration,22,Wednesday,4,28.2,68.8,2,24.4,26.3
EC003852,RES_B,Residential,0,Monday,8,28.2,71.3,94,40.9,41.0
EC002632,BUS_B,Business,9,Wednesday,3,27.8,79.2,117,57.9,58.9
EC001741,BUS_B,Business,14,Thursday,10,30.9,70.9,161,63.2,71.6
EC001711,RES_B,Residential,11,Sunday,4,30.1,68.6,136,34.5,49.7
EC000705,SPT_A,Sports,16,Sunday,2,30.2,71.3,187,69.0,61.2
EC006823,ENG_A,Engineering,17,Thursday,11,31.5,79.4,83,65.9,72.3
EC006178,ENG_B,Engineering,12,Thursday,5,30.3,78.3,165,73.6,76.9
EC001297,LIB_A,Library,13,Saturday,11,29.6,73.7,282,76.5,73.9
EC005716,SPT_A,Sports,14,Wednesday,12,31.2,64.5,0,46.1,46.0
EC007392,SPT_A,Sports,8,Sunday,11,26.2,86.8,111,40.9,44.7
EC006318,LIB_A,Library,13,Saturday,2,29.2,70.7,110,47.3,52.5
EC007567,LEC_A,LectureHall,23,Saturday,8,26.9,83.8,35,25.8,30.3
EC003121,BUS_B,Business,6,Thursday,3,26.6,83.9,0,37.4,41.2
EC007809,ENG_A,Engineering,15,Saturday,11,28.5,72.7,19,46.2,49.5
EC002474,BUS_A,Business,18,Tuesday,4,29.1,67.9,62,46.8,51.0
EC000640,SCI_B,Science,8,Sunday,6,27.9,74.1,1,57.3,64.4
EC003086,LIB_A,Library,5,Monday,8,27.4,79.5,4,31.9,31.4
EC001902,SCI_A,Science,0,Friday,6,25.8,74.8,0,61.9,67.8
EC004155,SCI_A,Science,18,Friday,9,29.6,71.7,65,80.6,93.9
EC002698,ENG_B,Engineering,1,Saturday,1,26.5,77.9,14,34.6,38.1
EC007936,ENG_A,Engineering,17,Monday,9,28.2,90.1,111,62.7,71.0
EC000934,ENG_B,Engineering,2,Wednesday,11,24.3,,15,30.9,31.0
EC005879,ADM_A,Administration,9,Thursday,4,28.0,82.0,51,35.5,40.0
EC007368,SCI_B,Science,4,Monday,8,25.7,86.5,5,88.1,69.4
EC000377,LEC_A,LectureHall,7,Thursday,4,26.5,76.7,0,25.5,23.7
EC005239,RES_B,Residential,5,Tuesday,11,25.8,80.6,213,43.6,47.9
EC007785,SCI_A,Science,14,Wednesday,2,31.3,69.9,178,106.0,114.2
EC007345,BUS_B,Business,8,Saturday,9,27.7,72.4,13,33.8,37.9
EC001400,SCI_A,Science,20,Wednesday,5,28.7,85.4,26,77.7,81.8
EC003438,LIB_A,Library,22,Sunday,6,26.8,72.0,54,31.7,35.6
EC006467,SCI_A,Science,13,Thursday,5,29.8,72.2,144,80.4,94.5
EC003691,BUS_A,Business,11,Sunday,11,29.7,80.7,31,43.1,39.9
EC003411,ENG_B,Engineering,12,Tuesday,6,31.6,72.8,174,83.4,81.4
EC007188,ENG_B,Engineering,20,Wednesday,7,28.4,78.5,49,47.0,50.6
EC003101,ADM_A,Administration,8,Sunday,7,28.5,80.9,23,28.6,32.8
EC007487,ENG_B,Engineering,22,Monday,1,27.2,78.9,29,40.5,41.0
EC004016,SCI_B,Science,16,Monday,10,30.4,71.1,158,114.4,105.8
EC002530,BUS_A,Business,3,Monday,4,26.6,83.8,0,31.6,34.9
EC002503,RES_A,Residential,14,Monday,10,29.4,79.4,134,45.1,51.9
EC006533,SPT_A,Sports,22,Tuesday,11,27.1,77.5,8,93.4,55.1
EC006057,SCI_A,Science,12,Friday,7,28.1,77.3,127,106.2,99.4
EC002928,ENG_A,Engineering,20,Tuesday,3,29.1,80.6,23,51.9,47.0
EC003815,SCI_B,Science,10,Wednesday,1,29.3,69.3,74,77.1,82.4
EC003444,BUS_A,Business,10,Monday,7,30.3,78.2,100,53.1,54.1
EC000641,LEC_A,LectureHall,1,Thursday,11,26.6,73.2,15,28.3,32.0
EC005759,ENG_B,Engineering,19,Saturday,8,29.4,76.2,0,38.0,48.3
EC000784,ADM_A,Administration,15,Thursday,6,30.1,73.4,99,48.1,45.7
EC005685,LEC_A,LectureHall,15,Saturday,6,31.6,69.0,75,51.0,51.7
EC005696,SPT_A,Sports,18,Thursday,3,,85.8,176,58.9,66.0
EC001455,ENG_A,Engineering,19,Saturday,11,28.3,71.0,0,43.0,48.2
EC005235,SPT_A,Sports,19,Friday,4,28.4,75.9,166,65.6,68.7
EC001650,LEC_A,LectureHall,9,Wednesday,7,27.2,82.7,120,57.6,55.4
EC004718,ADM_A,Administration,16,Wednesday,9,30.5,68.0,80,41.6,44.9
EC007159,SCI_A,Science,19,Friday,8,29.3,77.3,33,64.3,70.8
EC003427,BUS_A,Business,18,Sunday,5,31.7,76.2,23,46.4,43.6
EC004176,ENG_A,Engineering,17,Saturday,10,28.4,67.7,20,49.4,49.5
EC006146,SCI_A,Science,8,Sunday,5,28.1,80.7,10,61.5,65.8
EC000380,RES_A,Residential,4,Sunday,10,24.8,81.1,195,46.9,48.9
EC006620,BUS_B,Business,19,Sunday,8,29.6,73.8,25,37.4,43.8
EC003811,SCI_B,Science,21,Wednesday,7,29.7,80.8,8,67.2,72.6
EC003907,BUS_B,Business,10,Thursday,4,28.8,77.3,172,70.4,63.5
EC007326,ADM_A,Administration,0,Tuesday,5,27.6,87.8,9,25.8,23.3
EC001946,LEC_A,LectureHall,3,Friday,3,26.0,88.2,0,14.7,24.1
EC004533,ENG_A,Engineering,12,Sunday,4,30.2,68.2,43,63.4,65.4
EC006062,LEC_A,LectureHall,22,Tuesday,12,28.4,71.0,0,28.6,32.7
EC006880,RES_B,Residential,14,Thursday,8,31.1,70.4,91,40.7,41.9
EC005799,SCI_B,Science,10,Sunday,1,28.7,69.7,34,70.1,73.4
EC001848,LIB_A,Library,10,Sunday,1,,73.2,226,49.2,55.8
EC003483,BUS_A,Business,20,Wednesday,8,28.6,76.1,27,37.1,39.9
EC007617,ENG_A,Engineering,4,Wednesday,5,26.1,76.1,,46.3,46.3
EC000648,SPT_A,Sports,18,Wednesday,11,29.1,70.4,133,59.4,63.2
EC006795,ENG_A,Engineering,15,Monday,11,29.2,70.0,141,76.6,75.8
EC000535,BUS_B,Business,4,Friday,8,25.4,83.9,1,28.2,34.4
EC004059,SPT_A,Sports,10,Monday,10,27.0,83.9,15,34.8,36.6
EC005006,LIB_A,Library,16,Thursday,9,29.1,73.0,241,58.3,59.3
EC003047,ADM_A,Administration,1,Wednesday,5,27.7,76.4,14,21.7,26.6
EC000463,RES_B,Residential,5,Wednesday,8,24.1,81.8,175,42.2,46.5
EC005114,RES_B,Residential,8,Wednesday,6,27.2,77.3,180,42.3,42.4
EC006456,ENG_B,Engineering,16,Monday,8,29.5,75.1,77,55.1,56.4
EC001462,ENG_B,Engineering,2,Tuesday,8,25.1,86.7,9,57.3,44.4
EC003876,SCI_A,Science,5,Friday,3,25.4,80.9,10,59.1,57.0
EC005311,SCI_A,Science,0,Thursday,10,25.7,83.0,2,56.1,55.2
EC003338,RES_A,Residential,1,Sunday,11,26.2,77.9,140,49.7,50.1
EC007302,ENG_A,Engineering,4,Wednesday,7,27.0,77.7,0,40.0,38.5
EC003356,ENG_B,Engineering,2,Friday,2,26.0,82.4,20,38.6,38.3
EC007339,RES_A,Residential,7,Tuesday,12,26.7,79.7,211,46.9,51.8
EC001918,LIB_A,Library,13,Wednesday,3,30.9,73.6,155,53.9,63.2
EC006622,SCI_B,Science,2,Thursday,5,25.6,76.1,2,55.2,59.1
EC002187,ENG_B,Engineering,8,Thursday,12,27.4,88.2,66,44.1,48.6
EC000346,BUS_B,Business,8,Friday,8,28.3,75.2,50,50.1,42.1
EC000292,ADM_A,Administration,3,Friday,3,27.4,81.3,5,23.9,27.7
EC002518,LEC_A,LectureHall,23,Tuesday,7,27.7,76.1,0,24.5,24.6
EC005481,ENG_A,Engineering,9,Saturday,12,28.2,74.4,56,54.6,53.0
EC007518,RES_A,Residential,8,Monday,1,26.4,86.1,176,46.9,45.5
EC004845,BUS_A,Business,0,Monday,5,28.0,75.6,12,33.3,38.2
EC007051,SCI_A,Science,11,Monday,5,31.2,77.1,118,101.8,104.3
EC004377,SCI_A,Science,14,Friday,4,31.4,72.6,149,119.3,113.8
EC005108,ENG_A,Engineering,10,Tuesday,8,28.7,79.4,132,69.2,67.0
EC006311,BUS_A,Business,2,Monday,7,27.5,81.5,23,31.2,32.5
EC000234,RES_B,Residential,8,Sunday,10,27.9,75.5,220,43.3,51.6
EC004341,ADM_A,Administration,9,Sunday,2,,77.9,24,22.6,23.9
EC003431,ENG_A,Engineering,2,Friday,1,26.7,78.9,0,36.2,33.8
EC004180,ENG_A,Engineering,14,Tuesday,2,28.7,80.1,171,77.7,81.1
EC000990,RES_B,Residential,7,Friday,2,27.3,77.4,208,41.8,46.4
EC007062,LEC_A,LectureHall,19,Friday,3,30.2,77.0,0,37.4,40.0
EC000168,RES_A,Residential,14,Sunday,12,31.8,67.1,95,48.2,46.7
EC004806,RES_B,Residential,9,Saturday,3,28.3,79.1,188,41.5,43.1
EC002757,SCI_B,Science,13,Tuesday,2,35.5,82.3,114,136.8,127.4
EC006042,SPT_A,Sports,22,Saturday,11,24.7,86.1,104,47.9,37.1
EC007167,RES_A,Residential,11,Wednesday,5,29.6,71.3,172,53.8,53.4
EC005415,SCI_A,Science,2,Saturday,1,26.1,89.8,0,68.9,71.7
EC006026,ENG_B,Engineering,14,Friday,4,31.4,74.1,145,75.6,80.5
EC004720,SCI_A,Science,8,Wednesday,11,28.0,77.7,56,69.7,75.9
EC002648,RES_B,Residential,18,Sunday,12,28.6,73.7,155,37.1,37.9
EC003833,ENG_A,Engineering,3,Thursday,11,26.0,85.2,0,38.7,35.6
EC006480,BUS_A,Business,22,Saturday,9,26.2,76.8,0,25.8,24.8
EC000198,SPT_A,Sports,6,Friday,6,26.0,83.5,100,41.3,43.4
EC002176,BUS_A,Business,7,Sunday,11,27.7,77.1,1,22.5,29.8
EC007148,SCI_A,Science,15,Sunday,8,30.0,72.4,11,74.4,80.5
EC000832,RES_B,Residential,19,Tuesday,2,28.4,74.4,202,36.2,40.6
EC000290,LEC_A,LectureHall,13,Wednesday,6,29.8,,225,85.7,81.6
EC007330,RES_B,Residential,13,Monday,1,31.6,70.0,111,47.4,48.8
EC001202,ENG_A,Engineering,11,Monday,8,29.8,70.9,189,83.3,82.3
EC003577,BUS_A,Business,22,Saturday,12,27.1,79.4,0,26.1,24.0
EC001390,ENG_A,Engineering,1,Monday,12,25.9,87.2,23,42.3,45.4
EC002390,RES_A,Residential,4,Wednesday,3,26.9,80.5,,47.5,50.8
EC002610,SCI_A,Science,20,Thursday,4,24.7,98.5,21,68.3,70.3
EC002084,RES_B,Residential,5,Monday,5,26.7,81.4,165,47.9,46.1
EC007635,LIB_A,Library,21,Thursday,2,27.4,74.9,101,44.5,48.1
EC001939,SCI_A,Science,7,Wednesday,10,25.7,85.2,0,53.4,58.1
EC006123,LEC_A,LectureHall,5,Monday,5,28.0,77.0,0,26.6,27.7
EC007879,ENG_B,Engineering,18,Sunday,4,28.1,79.7,14,40.2,47.2
EC005000,RES_A,Residential,23,Saturday,4,26.9,82.5,298,55.6,60.3
EC002653,RES_A,Residential,18,Wednesday,10,28.9,88.7,112,39.4,37.1
EC003874,LEC_A,LectureHall,2,Thursday,3,24.6,86.8,16,26.9,28.2
EC003251,ENG_B,Engineering,4,Thursday,6,25.5,81.7,0,29.1,37.2
EC001957,RES_B,Residential,2,Wednesday,12,25.7,76.0,165,40.6,48.4
EC003969,SCI_A,Science,1,Thursday,4,27.4,86.0,0,76.5,68.8
EC003842,LEC_A,LectureHall,5,Wednesday,12,25.1,91.6,0,18.3,22.5
EC005474,RES_A,Residential,2,Friday,10,25.4,87.5,138,38.0,42.7
EC003546,ADM_A,Administration,19,Monday,3,28.8,78.9,0,27.4,32.9
EC004089,LIB_A,Library,6,Monday,10,25.8,84.3,53,33.1,33.1
EC003007,SPT_A,Sports,18,Monday,2,30.3,69.8,174,69.9,65.8
EC000793,BUS_A,Business,13,Monday,9,30.5,70.5,151,59.6,63.7
EC003497,SPT_A,Sports,14,Saturday,12,29.8,75.4,213,53.8,57.9
EC002380,LEC_A,LectureHall,13,Sunday,6,30.7,72.5,61,43.8,45.5
EC000736,LEC_A,LectureHall,21,Sunday,4,28.5,81.7,0,30.3,29.6
EC004968,BUS_A,Business,19,Friday,1,28.3,82.0,3,30.1,36.1
EC003819,SCI_A,Science,4,Wednesday,11,26.2,75.8,7,84.9,77.8
EC005105,RES_B,Residential,7,Saturday,6,27.1,76.3,189,47.7,48.0
EC006893,SCI_A,Science,21,Friday,2,29.4,77.3,16,,80.7
EC003363,ENG_A,Engineering,11,Monday,3,29.7,82.5,169,89.1,84.2
EC003204,RES_A,Residential,10,Thursday,8,30.6,74.6,146,47.4,44.3
EC006170,BUS_B,Business,9,Wednesday,9,29.4,69.1,72,51.4,48.0
EC006024,LEC_A,LectureHall,2,Thursday,4,26.3,81.2,15,22.1,25.3
EC005963,SCI_B,Science,3,Saturday,10,25.0,80.8,10,59.0,55.6
EC005253,SCI_A,Science,21,Tuesday,5,29.0,72.4,50,75.9,82.8
EC000415,BUS_B,Business,8,Sunday,3,28.1,81.5,1,41.5,38.0
EC000390,SCI_B,Science,1,Saturday,8,26.5,82.6,1,49.9,56.7
EC006530,SCI_A,Science,15,Thursday,7,31.1,66.7,103,105.0,105.9
EC000025,ENG_B,Engineering,7,Friday,7,28.3,78.1,183,34.7,65.8
EC005456,RES_A,Residential,4,Thursday,12,25.3,82.9,251,46.2,47.6
EC003880,ENG_B,Engineering,15,Tuesday,6,30.8,82.1,134,76.7,74.3
EC007728,SCI_B,Science,6,Sunday,10,24.7,83.3,0,50.5,47.6
EC004442,ADM_A,Administration,22,Monday,1,29.0,76.8,2,28.5,33.2
EC005013,BUS_A,Business,4,Tuesday,8,26.0,78.7,36,34.6,32.6
EC007891,BUS_B,Business,17,Wednesday,10,29.4,79.4,66,42.9,51.3
EC004212,BUS_B,Business,10,Wednesday,4,29.6,70.9,110,62.5,57.9
EC002215,SCI_A,Science,10,Monday,12,27.8,,101,84.8,89.2
EC006603,ENG_B,Engineering,5,Monday,10,25.8,82.0,9,35.1,33.5
EC002686,LEC_A,LectureHall,5,Sunday,10,26.7,84.2,9,23.6,22.8
EC003641,LEC_A,LectureHall,1,Thursday,7,26.8,80.7,0,23.0,23.5
EC007125,BUS_B,Business,14,Tuesday,4,31.5,79.1,165,68.5,72.4
EC007369,ENG_B,Engineering,23,Thursday,10,28.3,86.3,4,43.4,41.0
EC007465,BUS_B,Business,2,Tuesday,6,27.5,81.1,11,40.4,36.9
EC001714,ADM_A,Administration,1,Wednesday,3,26.4,87.1,0,15.8,19.2
EC006633,ENG_A,Engineering,17,Thursday,6,31.3,65.4,137,78.4,84.4
EC001027,LEC_A,LectureHall,11,Saturday,2,30.2,79.0,226,73.5,77.5
EC001973,ADM_A,Administration,22,Tuesday,3,28.0,80.8,1,23.2,31.7
EC001153,BUS_B,Business,3,Tuesday,2,26.1,79.3,14,36.9,35.3
EC007647,SCI_A,Science,1,Thursday,3,27.7,72.6,24,69.4,73.3
EC003183,LEC_A,LectureHall,7,Thursday,6,27.0,81.8,39,40.2,38.1
EC003865,SCI_B,Science,9,Monday,9,,76.2,61,71.2,77.1
EC003801,SPT_A,Sports,3,Tuesday,3,26.1,82.7,,32.8,40.7
EC000593,SCI_A,Science,21,Sunday,3,28.4,82.2,25,66.5,78.3
EC000795,RES_A,Residential,15,Saturday,1,29.8,79.5,121,40.6,41.3
EC005733,LIB_A,Library,11,Sunday,3,29.1,86.3,268,66.0,69.8
EC004479,SCI_B,Science,4,Sunday,10,26.8,79.2,2,64.0,58.5
EC002405,SCI_B,Science,4,Monday,5,26.3,75.1,15,59.8,60.0
EC000716,BUS_A,Business,10,Monday,1,26.6,76.9,98,45.3,47.9
EC003754,LEC_A,LectureHall,16,Sunday,11,29.4,75.3,23,28.9,32.7
EC005964,BUS_A,Business,1,Sunday,9,25.9,84.4,0,24.2,25.0
EC002944,ENG_A,Engineering,15,Monday,2,31.0,69.7,150,83.1,86.9
EC000939,ENG_A,Engineering,1,Saturday,9,26.3,82.6,0,36.5,42.6
EC006637,BUS_B,Business,14,Saturday,1,31.7,70.5,78,52.4,53.5
EC005735,LEC_A,LectureHall,2,Tuesday,6,27.1,75.6,25,36.9,32.8
EC000901,ADM_A,Administration,6,Monday,2,27.1,72.2,3,26.1,28.4
EC007072,SCI_A,Science,10,Monday,4,30.8,74.0,98,116.7,109.6
EC003697,LIB_A,Library,4,Sunday,8,25.9,90.8,2,29.8,33.9
EC001245,SPT_A,Sports,13,Saturday,9,29.1,77.8,24,47.0,43.2
EC004306,RES_B,Residential,9,Friday,4,30.7,70.5,134,45.4,42.9
EC005911,ADM_A,Administration,0,Saturday,2,26.3,79.4,2,20.1,23.5
EC001176,LIB_A,Library,22,Tuesday,3,27.6,81.9,59,45.6,47.0
EC004996,SCI_A,Science,21,Thursday,7,29.0,79.4,8,64.7,73.6
EC005057,ENG_B,Engineering,7,Saturday,6,28.0,80.4,3,40.2,38.9
EC002445,SCI_B,Science,1,Wednesday,8,25.3,85.1,0,52.0,55.2
EC005729,SCI_A,Science,16,Friday,10,30.8,76.5,106,91.1,89.0
EC005199,SCI_A,Science,11,Tuesday,3,29.8,71.1,118,83.3,95.1
EC003014,RES_B,Residential,9,Friday,10,28.5,84.5,148,33.0,39.2
EC001559,SCI_B,Science,3,Thursday,7,26.2,84.8,13,60.6,59.7
EC003437,LIB_A,Library,22,Sunday,9,28.1,77.6,38,44.7,43.4
EC004226,ADM_A,Administration,1,Tuesday,8,24.4,88.4,0,20.9,21.3
EC006792,ENG_A,Engineering,16,Friday,6,35.5,79.3,176,117.9,106.0
EC005869,SCI_A,Science,14,Wednesday,5,34.2,79.0,163,117.1,124.9
EC007554,RES_A,Residential,14,Sunday,12,29.2,81.8,139,42.8,44.5
EC001143,LEC_A,LectureHall,17,Saturday,4,30.2,81.7,2,31.2,28.5
EC007295,ADM_A,Administration,20,Monday,4,28.9,76.9,11,32.1,27.9
EC006158,LEC_A,LectureHall,8,Tuesday,12,26.5,81.9,82,42.6,43.7
EC003287,SPT_A,Sports,17,Tuesday,1,29.2,77.9,92,50.0,49.4
EC002424,RES_B,Residential,7,Friday,4,28.0,87.7,205,51.1,52.3
EC000694,LEC_A,LectureHall,17,Thursday,5,28.7,79.3,79,40.4,43.2
EC005608,SCI_B,Science,8,Monday,7,27.2,80.7,50,61.4,67.7
EC005746,ENG_A,Engineering,13,Saturday,4,30.1,72.6,39,65.2,62.1
EC003857,LIB_A,Library,9,Sunday,8,27.6,70.2,0,33.0,33.5
EC004554,ADM_A,Administration,5,Tuesday,1,23.8,99.5,12,18.1,21.0
EC000136,SCI_B,Science,6,Friday,4,27.9,80.2,6,59.7,70.3
EC001555,LIB_A,Library,21,Sunday,4,29.9,78.2,73,54.2,53.2
EC005419,ENG_B,Engineering,5,Saturday,4,26.5,81.9,0,35.5,39.5
EC003797,RES_A,Residential,21,Tuesday,3,28.9,72.8,189,53.2,59.3
EC000012,ENG_B,Engineering,18,Monday,5,30.4,79.4,64,62.3,66.3
EC002763,ENG_A,Engineering,1,Friday,1,26.9,72.2,48,42.7,46.7
EC007220,ENG_B,Engineering,5,Sunday,6,27.4,81.2,4,32.6,42.2
EC004696,BUS_A,Business,6,Saturday,6,26.7,81.1,0,28.7,30.8
EC001720,BUS_A,Business,18,Wednesday,1,29.3,82.4,81,51.3,55.9
EC001177,SPT_A,Sports,7,Tuesday,9,26.5,81.4,131,50.2,53.7
EC003975,ADM_A,Administration,2,Saturday,1,26.6,87.0,0,21.5,20.0
EC004635,LIB_A,Library,16,Friday,11,29.7,72.4,199,61.9,64.3
EC000349,SCI_B,Science,19,Tuesday,4,28.4,75.1,31,67.6,69.9
EC001523,ENG_A,Engineering,5,Tuesday,3,26.3,76.8,7,39.0,38.4
EC007968,BUS_B,Business,17,Monday,2,29.8,68.0,73,,61.6
EC000001,BUS_A,Business,11,Wednesday,2,28.7,80.6,116,53.5,54.5
EC000619,SPT_A,Sports,20,Friday,2,27.6,76.5,143,54.6,58.6
EC004670,LIB_A,Library,17,Tuesday,4,31.3,69.6,235,68.1,64.7
EC003246,ENG_B,Engineering,10,Wednesday,10,28.4,78.5,85,54.1,55.5
EC004436,LIB_A,Library,19,Tuesday,7,29.3,75.2,182,58.1,55.2
EC004408,SPT_A,Sports,5,Thursday,6,26.5,84.5,36,37.8,44.2
EC003195,BUS_B,Business,16,Monday,8,30.2,78.5,144,59.6,58.9
EC007199,LIB_A,Library,6,Friday,6,28.1,81.8,0,34.2,41.9
EC004199,ENG_B,Engineering,14,Monday,10,29.5,76.5,155,63.0,68.5
EC005828,RES_B,Residential,17,Wednesday,5,31.0,74.3,133,47.9,45.7
EC003428,SCI_A,Science,9,Thursday,12,28.6,74.3,68,85.7,85.2
EC005969,ENG_B,Engineering,3,Friday,3,27.3,81.5,15,41.2,42.8
EC006786,RES_B,Residential,6,Thursday,11,27.2,85.3,178,42.1,43.2
EC007379,ENG_A,Engineering,19,Sunday,11,30.1,70.2,21,50.9,50.8
EC007129,LEC_A,LectureHall,6,Thursday,1,25.6,83.2,0,21.9,23.2
EC003304,RES_B,Residential,20,Saturday,10,29.3,79.7,131,42.4,42.1
EC003476,BUS_B,Business,20,Monday,6,29.8,70.2,6,39.3,39.4
EC006501,SCI_A,Science,1,Thursday,11,25.9,79.9,0,60.7,64.9
EC006308,LEC_A,LectureHall,16,Sunday,1,28.8,76.5,26,30.9,33.0
EC005796,ENG_B,Engineering,19,Sunday,1,28.5,75.4,2,44.5,42.9
EC000045,SCI_B,Science,9,Monday,6,28.4,78.1,64,71.3,75.5
EC005396,SCI_A,Science,16,Thursday,7,30.0,73.6,98,94.0,91.1
EC005842,ENG_A,Engineering,17,Friday,10,29.4,80.2,100,60.5,63.8
EC006272,RES_A,Residential,3,Saturday,6,25.8,73.9,177,42.2,45.3
EC000333,SCI_A,Science,12,Friday,11,29.6,79.4,8,73.1,76.9
EC007958,ENG_A,Engineering,10,Thursday,11,28.2,67.7,114,59.0,64.6
EC002276,BUS_A,Business,12,Tuesday,2,30.2,68.7,119,59.8,54.4
EC000279,SCI_A,Science,10,Tuesday,2,28.2,77.0,82,76.9,82.7
EC002289,RES_B,Residential,22,Wednesday,8,27.8,86.6,241,52.5,56.3
EC001356,ENG_B,Engineering,15,Saturday,1,31.3,74.6,36,53.2,59.6
EC005583,LIB_A,Library,17,Friday,8,30.4,68.6,188,44.3,53.0
EC007846,ENG_A,Engineering,1,Wednesday,3,27.3,81.0,0,41.0,44.6
EC007843,SCI_A,Science,17,Tuesday,10,29.2,74.0,54,83.6,84.3
EC004850,ENG_B,Engineering,21,Thursday,1,28.5,73.8,18,44.3,44.9
EC000453,BUS_A,Business,4,Monday,6,27.0,80.8,18,30.4,34.3
EC001038,SCI_A,Science,1,Monday,3,27.1,82.8,0,71.3,73.5
EC000075,RES_A,Residential,11,Sunday,6,29.7,74.8,178,43.5,46.2
EC003333,LIB_A,Library,15,Wednesday,3,31.3,69.0,201,66.9,71.1
EC006324,RES_B,Residential,6,Tuesday,11,26.9,81.4,241,46.5,47.6
EC006504,LEC_A,LectureHall,1,Tuesday,7,26.1,84.1,0,29.3,25.4
EC000839,LEC_A,LectureHall,20,Tuesday,4,29.5,78.0,0,33.8,32.5
EC007988,SPT_A,Sports,0,Saturday,7,26.4,83.5,22,36.9,43.2
EC006287,ENG_B,Engineering,20,Tuesday,10,27.6,79.8,41,53.9,49.3
EC000037,ENG_A,Engineering,19,Tuesday,1,29.3,78.1,68,51.9,66.0
EC007165,SPT_A,Sports,11,Thursday,9,29.3,66.4,0,36.5,40.2
EC005420,LIB_A,Library,20,Tuesday,2,29.2,76.7,135,54.1,55.5
EC006842,LIB_A,Library,15,Wednesday,11,28.7,76.8,185,50.9,49.9
EC005510,LEC_A,LectureHall,8,Friday,2,28.9,76.5,107,45.3,55.7
EC007737,RES_A,Residential,12,Sunday,6,30.5,73.9,175,47.3,55.1
EC004472,BUS_B,Business,8,Tuesday,12,26.0,,192,32.9,51.8
EC001644,LIB_A,Library,18,Sunday,11,29.6,72.7,115,41.7,56.3
EC004730,BUS_A,Business,2,Sunday,9,26.0,79.3,18,27.5,25.0
EC003312,SCI_A,Science,5,Thursday,6,26.6,83.5,0,61.9,65.0
EC000258,SCI_A,Science,21,Thursday,9,28.0,78.5,0,72.5,74.7
EC002034,BUS_B,Business,10,Monday,9,28.8,,126,69.4,62.2
EC005627,LIB_A,Library,8,Monday,6,28.1,78.4,42,45.3,41.0
EC004355,LEC_A,LectureHall,14,Sunday,10,30.9,75.4,59,39.3,40.4
EC003537,RES_A,Residential,16,Saturday,5,30.2,73.4,153,43.9,47.6
EC002679,LEC_A,LectureHall,20,Thursday,3,30.0,68.6,0,36.1,31.6
EC001874,ADM_A,Administration,11,Wednesday,2,28.7,81.6,90,41.6,39.2
EC006865,SCI_B,Science,19,Wednesday,10,24.7,95.8,19,51.6,55.2
EC007689,LEC_A,LectureHall,13,Sunday,8,28.4,84.6,46,37.6,42.0
EC001164,SCI_A,Science,2,Monday,9,,82.9,0,58.9,62.1
EC005659,BUS_B,Business,11,Tuesday,2,30.3,78.2,134,57.5,65.7
EC002568,ENG_A,Engineering,9,Thursday,6,28.0,75.6,109,53.4,62.5
EC007904,BUS_B,Business,4,Friday,11,24.8,92.5,17,32.1,33.1
EC001876,SCI_A,Science,17,Monday,12,30.2,76.0,74,93.2,95.5
EC005445,RES_B,Residential,20,Tuesday,9,28.7,69.5,214,38.3,44.3
EC000876,SPT_A,Sports,6,Monday,12,27.2,80.5,126,56.0,55.0
EC007653,LEC_A,LectureHall,15,Monday,2,31.0,66.4,176,79.5,79.5
EC004419,SPT_A,Sports,8,Monday,8,27.8,76.9,116,55.2,50.9
EC003224,ENG_A,Engineering,6,Tuesday,11,27.0,79.7,0,41.8,40.7
EC001694,BUS_B,Business,21,Wednesday,3,28.7,78.9,14,41.7,41.7
EC001265,SCI_A,Science,19,Sunday,3,29.3,,17,70.9,78.2
EC000804,RES_A,Residential,23,Wednesday,6,27.6,76.9,278,50.6,62.9
EC000468,SCI_A,Science,23,Wednesday,5,27.3,83.3,6,65.3,70.8
EC007413,LEC_A,LectureHall,1,Wednesday,6,26.0,81.4,,25.2,22.9
EC005185,LIB_A,Library,7,Tuesday,1,27.1,77.6,0,28.0,27.3
EC000228,ADM_A,Administration,13,Saturday,6,31.7,65.9,27,35.6,39.1
EC000688,SCI_A,Science,0,Tuesday,9,26.4,78.9,0,57.1,62.6
EC003248,LEC_A,LectureHall,0,Thursday,9,27.3,81.1,26,31.6,28.6
EC007921,ADM_A,Administration,8,Monday,7,29.1,74.9,32,33.1,32.1
EC005825,SCI_B,Science,17,Wednesday,7,29.6,69.8,69,75.9,78.7
EC003758,SPT_A,Sports,8,Sunday,2,27.1,86.8,125,50.9,51.6
EC005502,BUS_B,Business,2,Wednesday,10,24.7,91.1,0,28.6,31.6
EC005778,SCI_B,Science,6,Monday,2,27.4,75.5,0,56.2,59.8
EC007462,ENG_B,Engineering,14,Tuesday,6,30.1,72.4,148,69.2,68.9
EC006085,LEC_A,LectureHall,23,Sunday,4,27.8,75.1,13,26.6,30.7
EC006479,ENG_B,Engineering,21,Sunday,4,29.1,73.0,23,47.0,50.3
EC007229,LEC_A,LectureHall,8,Monday,9,26.5,77.3,80,38.9,38.8
EC004146,ENG_B,Engineering,8,Friday,4,27.4,73.3,55,46.5,47.3
EC001668,SCI_A,Science,8,Tuesday,7,26.6,88.1,61,69.0,68.9
EC005498,SCI_A,Science,10,Sunday,1,28.9,76.1,35,74.7,84.0
EC000543,SPT_A,Sports,3,Tuesday,12,25.4,79.6,52,31.2,45.7
EC003355,RES_A,Residential,14,Saturday,2,29.2,79.1,147,37.5,40.2
EC006572,LIB_A,Library,10,Wednesday,1,27.6,82.0,66,39.6,39.5
EC007029,BUS_A,Business,10,Sunday,10,27.3,84.0,41,31.2,32.1
EC001236,BUS_B,Business,13,Friday,2,28.6,76.7,168,65.0,66.1
EC002566,RES_A,Residential,21,Monday,3,27.1,86.3,273,57.3,60.8
EC004740,SCI_B,Science,5,Tuesday,7,27.9,79.5,8,63.6,66.4
EC006843,ENG_A,Engineering,0,Sunday,10,25.8,80.4,0,32.1,38.5
EC002488,SCI_B,Science,17,Monday,2,29.0,78.6,71,93.4,88.3
EC000629,ENG_A,Engineering,8,Friday,1,26.0,85.9,74,41.3,43.1
EC004457,ENG_A,Engineering,11,Friday,1,28.6,76.3,189,64.7,76.8
EC001016,SPT_A,Sports,2,Wednesday,11,26.1,81.8,0,33.9,32.0
EC003527,LIB_A,Library,3,Friday,10,26.6,76.7,18,26.7,27.6
EC007967,SCI_A,Science,15,Friday,2,30.1,76.6,119,112.6,103.7
EC003297,ADM_A,Administration,22,Wednesday,8,27.8,75.3,0,25.2,24.0
EC004739,BUS_A,Business,9,Wednesday,10,26.8,70.6,58,32.0,32.0
EC005937,BUS_A,Business,12,Tuesday,10,35.3,88.7,186,85.5,84.6
EC002554,ENG_A,Engineering,21,Wednesday,9,26.2,78.4,47,49.8,49.3
EC006418,BUS_B,Business,8,Saturday,5,26.7,76.8,29,34.8,38.6
EC005229,ADM_A,Administration,20,Sunday,5,31.7,75.5,0,32.2,35.8
EC000078,RES_A,Residential,19,Tuesday,12,30.0,67.0,176,44.1,46.7
EC007841,SCI_A,Science,0,Thursday,4,27.4,80.0,13,63.8,68.6
EC000039,BUS_B,Business,5,Saturday,10,25.7,83.4,6,26.9,30.4
EC007736,SPT_A,Sports,17,Thursday,2,28.9,72.8,124,52.5,54.0
EC002299,SPT_A,Sports,7,Wednesday,2,27.0,82.5,95,51.0,53.0
EC002890,ENG_A,Engineering,16,Tuesday,11,29.8,72.2,128,75.2,72.7
EC007045,BUS_A,Business,8,Thursday,8,27.8,78.6,47,39.0,39.9
EC001503,BUS_A,Business,18,Thursday,4,28.1,82.0,72,38.8,47.5
EC003906,BUS_A,Business,8,Wednesday,4,27.0,,119,30.4,47.3
EC004410,BUS_A,Business,7,Saturday,1,26.6,77.6,15,28.3,30.9
EC002629,LIB_A,Library,22,Saturday,5,28.9,75.5,14,72.2,53.6
EC004278,SCI_A,Science,3,Sunday,5,27.3,82.5,10,80.2,75.2
EC006686,ENG_A,Engineering,22,Monday,5,27.7,83.3,29,51.4,48.9
EC003910,RES_B,Residential,2,Monday,2,26.4,88.8,176,43.1,47.4
EC003037,ENG_B,Engineering,3,Saturday,12,25.3,79.2,15,30.1,35.0
EC005153,RES_B,Residential,22,Monday,3,27.7,76.1,204,54.1,53.2
EC001847,SCI_A,Science,12,Friday,3,30.0,76.9,137,104.0,108.8
EC006724,RES_B,Residential,4,Thursday,8,26.5,85.9,180,43.9,50.0
EC004555,SCI_A,Science,22,Wednesday,3,26.0,88.1,0,58.8,66.7
EC006879,LEC_A,LectureHall,0,Monday,12,26.8,78.0,0,24.6,24.5
EC003370,RES_B,Residential,10,Sunday,3,29.1,74.0,143,45.1,44.8
EC005508,SCI_B,Science,17,Sunday,12,29.7,83.7,13,66.5,71.5
EC007466,LEC_A,LectureHall,3,Tuesday,1,25.1,80.0,27,30.0,26.2
EC007126,LEC_A,LectureHall,5,Tuesday,9,26.0,80.3,1,24.7,25.3
EC002231,SPT_A,Sports,19,Wednesday,12,28.9,77.6,162,58.8,58.7
EC005874,ADM_A,Administration,2,Sunday,3,26.2,87.2,8,21.5,23.1
EC004361,RES_A,Residential,23,Friday,9,27.0,78.1,300,51.6,58.0
EC001805,SCI_B,Science,20,Thursday,6,29.6,76.0,15,69.8,72.4
EC000834,LEC_A,LectureHall,22,Thursday,5,28.5,80.6,12,28.1,33.4
EC008000,SPT_A,Sports,23,Friday,7,26.5,79.7,19,34.1,34.1
EC004589,SCI_B,Science,13,Thursday,12,29.9,78.0,122,86.4,99.0
EC007799,ADM_A,Administration,21,Friday,5,29.9,71.5,0,33.6,34.9
EC002824,RES_A,Residential,20,Saturday,3,28.4,87.2,237,53.0,50.8
EC001570,BUS_A,Business,11,Friday,4,30.4,77.1,140,57.1,59.9
EC004898,LEC_A,LectureHall,12,Monday,10,,76.7,216,65.0,64.5
EC007234,SCI_B,Science,1,Thursday,7,25.9,82.4,1,50.5,55.3
EC007218,RES_A,Residential,9,Tuesday,11,27.1,78.9,196,40.6,41.9
EC005230,LIB_A,Library,2,Monday,11,25.6,79.5,0,24.4,28.4
EC000473,BUS_B,Business,9,Thursday,9,27.5,79.0,68,43.7,44.3
EC006834,RES_B,Residential,16,Saturday,7,30.3,77.2,100,39.2,41.2
EC001850,LEC_A,LectureHall,20,Saturday,7,28.9,79.1,272,77.0,79.6
EC000441,LIB_A,Library,19,Thursday,12,28.3,81.4,188,58.6,60.7
EC007513,RES_B,Residential,5,Thursday,10,26.1,81.8,204,44.7,47.1
EC001383,SCI_A,Science,23,Saturday,9,28.0,77.2,4,71.8,69.9
EC000761,ENG_A,Engineering,21,Wednesday,8,26.5,75.4,70,46.9,48.7
EC003252,ADM_A,Administration,6,Friday,9,27.2,79.4,6,25.2,23.5
EC001536,LIB_A,Library,23,Wednesday,3,28.1,79.1,19,92.4,57.3
EC001127,SCI_B,Science,19,Sunday,6,29.1,74.1,4,61.1,63.7
EC007886,RES_A,Residential,12,Monday,10,29.8,77.1,131,41.2,42.1
EC000435,ENG_B,Engineering,17,Monday,12,29.9,72.6,80,44.2,55.5
EC000870,ENG_A,Engineering,17,Friday,3,30.1,77.3,100,67.6,69.4
EC000466,ENG_A,Engineering,5,Saturday,5,26.3,79.0,0,37.2,44.2
EC004545,ENG_A,Engineering,12,Monday,7,29.2,74.7,139,69.8,75.7
EC005126,ENG_B,Engineering,6,Tuesday,8,26.4,75.5,,35.7,35.5
EC005449,SPT_A,Sports,6,Wednesday,6,26.5,78.9,112,52.7,48.3
EC003816,SCI_A,Science,11,Thursday,1,27.4,78.7,166,76.4,98.2
EC003455,RES_B,Residential,10,Friday,4,29.6,77.1,70,34.9,36.5
EC006004,BUS_B,Business,12,Wednesday,11,28.4,76.5,166,66.2,68.6
EC005677,ENG_A,Engineering,7,Friday,7,28.3,81.9,7,43.1,39.3
EC001737,ENG_A,Engineering,21,Saturday,9,29.2,80.6,0,48.7,53.4
EC007922,ENG_A,Engineering,14,Thursday,8,30.5,75.1,165,54.7,77.7
EC005727,ENG_A,Engineering,2,Monday,8,24.5,76.8,0,25.7,26.5
EC007006,ENG_A,Engineering,10,Saturday,7,30.5,75.3,54,71.9,66.1
EC000606,ADM_A,Administration,6,Friday,9,26.7,84.1,18,27.3,22.3
EC000336,ADM_A,Administration,6,Friday,8,25.8,87.9,0,23.1,25.5
EC001116,LEC_A,LectureHall,0,Monday,2,26.6,76.5,25,25.1,27.1
EC005721,ENG_B,Engineering,10,Tuesday,11,29.2,67.8,128,62.0,62.2
EC002201,BUS_A,Business,0,Thursday,6,26.2,75.5,3,29.0,31.7
EC007491,SCI_B,Science,0,Thursday,3,27.7,76.6,1,62.8,66.3
EC002962,LIB_A,Library,18,Thursday,4,30.9,62.9,189,74.5,71.5
EC000309,LIB_A,Library,9,Monday,1,28.8,71.9,58,26.7,37.5
EC007997,LEC_A,LectureHall,9,Tuesday,3,26.5,74.5,121,58.7,53.6
EC004362,ENG_B,Engineering,16,Friday,12,30.2,75.2,98,65.5,61.3
EC001104,ENG_B,Engineering,15,Saturday,10,28.5,76.8,54,45.6,46.3
EC005352,RES_B,Residential,2,Sunday,5,26.8,75.7,130,37.3,46.1
EC004205,BUS_B,Business,21,Tuesday,1,27.1,76.2,0,35.6,36.9
EC006358,LIB_A,Library,2,Wednesday,11,25.4,80.5,0,26.6,25.3
EC004641,SPT_A,Sports,11,Wednesday,8,30.3,71.4,15,42.6,42.8
EC000917,BUS_A,Business,1,Tuesday,3,26.7,77.6,0,32.7,30.5
EC007226,ENG_A,Engineering,6,Thursday,5,27.5,83.0,2,40.7,43.4
EC000772,ADM_A,Administration,4,Tuesday,10,24.7,88.7,3,19.9,15.8
EC005779,SPT_A,Sports,8,Monday,6,28.3,80.8,105,59.5,55.8
EC003232,RES_A,Residential,9,Monday,7,29.2,75.9,212,52.7,49.2
EC004702,LEC_A,LectureHall,23,Friday,6,27.1,81.2,7,31.4,29.4
EC006574,ENG_B,Engineering,15,Tuesday,9,30.1,76.6,133,67.4,62.7
EC003113,ENG_B,Engineering,7,Tuesday,8,28.4,77.1,15,46.1,47.2
EC005109,ENG_A,Engineering,4,Sunday,5,26.9,79.3,2,42.3,43.0
EC007981,SCI_B,Science,5,Thursday,9,27.1,81.8,11,62.2,57.0
EC002902,BUS_B,Business,3,Thursday,4,24.8,84.9,7,33.9,35.4
EC002631,RES_B,Residential,21,Wednesday,4,28.8,73.3,188,52.8,52.0
EC001382,ENG_B,Engineering,10,Friday,1,28.8,86.1,107,56.5,63.5
EC007817,ADM_A,Administration,9,Monday,6,29.2,74.3,46,29.9,36.5
EC003161,BUS_A,Business,8,Saturday,1,26.8,84.6,24,32.0,26.7
EC002799,SCI_A,Science,19,Monday,3,30.5,67.6,30,85.8,88.5
EC006976,ADM_A,Administration,1,Thursday,6,26.0,75.6,1,20.8,24.3
EC002129,BUS_B,Business,18,Saturday,7,30.8,71.8,21,43.0,46.9
EC003517,ENG_A,Engineering,7,Sunday,10,27.8,77.5,0,38.4,40.0
EC005233,RES_A,Residential,17,Thursday,2,29.3,72.0,147,40.9,41.6
EC000823,SCI_B,Science,22,Friday,9,27.8,79.0,25,54.2,69.6
EC002491,SCI_B,Science,17,Saturday,7,32.2,71.0,15,82.0,83.7
EC004777,LEC_A,LectureHall,23,Monday,7,27.0,82.2,0,27.4,31.2
EC001651,LIB_A,Library,4,Saturday,3,25.4,82.5,23,31.5,32.7
EC003126,LEC_A,LectureHall,11,Monday,5,28.5,78.5,205,67.4,72.1
EC003636,ENG_B,Engineering,23,Saturday,9,28.1,79.9,13,46.0,41.2
EC007044,SCI_A,Science,4,Monday,8,25.9,77.0,2,65.3,61.4
EC006111,SCI_B,Science,9,Sunday,7,28.6,80.3,17,74.6,76.1
EC001778,ENG_B,Engineering,15,Friday,8,32.0,69.9,135,74.8,76.1
EC002662,ADM_A,Administration,7,Saturday,4,27.5,80.5,0,23.1,23.2
EC005040,RES_B,Residential,0,Thursday,8,27.9,73.8,97,38.3,46.2
EC001740,ENG_B,Engineering,10,Monday,7,30.3,71.6,81,56.4,56.2
EC004755,LEC_A,LectureHall,0,Friday,4,26.7,78.8,19,28.0,31.3
EC004315,LIB_A,Library,17,Tuesday,7,31.5,74.4,194,61.6,68.6
EC005087,SCI_A,Science,13,Monday,1,34.4,78.1,167,130.1,130.5
EC004428,RES_B,Residential,7,Wednesday,12,26.9,78.2,218,43.1,46.3
EC006673,ENG_A,Engineering,13,Thursday,11,29.0,71.6,215,79.6,81.6
EC001254,RES_B,Residential,10,Sunday,9,28.7,86.3,163,36.8,38.3
EC005134,BUS_B,Business,1,Monday,10,26.2,82.4,7,35.9,34.7
EC006552,ENG_A,Engineering,16,Wednesday,9,30.5,73.0,114,69.3,76.0
EC000945,ADM_A,Administration,15,Friday,9,29.7,78.7,82,34.0,35.9
EC007578,LIB_A,Library,8,Tuesday,12,27.5,91.6,3,24.1,24.1
EC003109,RES_B,Residential,22,Sunday,5,28.6,77.3,226,55.5,55.1
EC003602,ENG_A,Engineering,13,Monday,11,30.4,71.7,204,86.9,85.3
EC003286,BUS_A,Business,7,Thursday,2,27.2,80.1,14,40.5,36.6
EC007600,SPT_A,Sports,2,Monday,10,25.2,85.7,41,32.2,32.6
EC004863,SCI_A,Science,5,Wednesday,11,27.2,78.6,16,66.6,72.8
EC004038,LIB_A,Library,17,Saturday,8,30.1,65.1,222,67.3,70.7
EC003873,SCI_A,Science,15,Tuesday,11,31.6,74.3,90,90.4,93.6
EC000665,BUS_A,Business,21,Friday,5,28.9,74.6,9,37.4,42.5
EC006282,SPT_A,Sports,19,Monday,12,29.8,72.9,171,79.0,73.3
EC007250,RES_B,Residential,15,Friday,8,29.9,78.7,123,40.2,44.6
EC004787,BUS_A,Business,19,Saturday,8,29.3,78.9,8,34.2,35.2
EC000301,RES_B,Residential,0,Saturday,9,26.4,89.3,117,38.0,39.2
EC005920,RES_A,Residential,5,Thursday,7,27.6,81.1,158,48.9,51.1
EC006478,ADM_A,Administration,22,Friday,11,28.7,81.1,13,27.6,29.0
EC006115,SPT_A,Sports,22,Friday,10,28.1,81.4,60,49.5,48.1
EC002619,RES_A,Residential,11,Sunday,10,29.0,79.7,168,42.6,44.0
EC005946,ENG_B,Engineering,13,Sunday,6,30.9,70.2,32,54.0,53.9
EC004542,SCI_B,Science,12,Thursday,2,29.1,81.9,105,89.9,90.8
EC002777,RES_B,Residential,10,Friday,11,29.4,78.6,149,33.9,41.2
EC000196,LIB_A,Library,5,Tuesday,6,26.8,81.4,0,25.3,27.6
EC002304,ENG_A,Engineering,15,Thursday,12,31.4,75.7,154,76.0,83.4
EC007797,LEC_A,LectureHall,22,Tuesday,10,28.6,77.7,0,26.4,25.7
EC002178,SCI_A,Science,15,Tuesday,10,30.0,74.7,112,95.2,95.5
EC004586,ENG_B,Engineering,15,Saturday,12,30.9,68.8,12,46.0,50.8
EC001958,LEC_A,LectureHall,8,Monday,8,27.1,77.6,100,39.0,38.5
EC003769,LIB_A,Library,15,Wednesday,12,29.2,76.2,170,55.4,53.5
EC000159,LEC_A,LectureHall,13,Tuesday,10,29.3,84.2,204,73.7,71.8
EC004445,LIB_A,Library,11,Sunday,4,30.2,75.6,35,38.6,47.5
EC005858,ENG_B,Engineering,2,Friday,12,26.2,81.8,0,32.8,36.8
EC001087,BUS_A,Business,22,Saturday,1,27.6,82.6,9,28.8,30.4
EC005576,SCI_B,Science,11,Saturday,5,30.1,73.3,26,79.8,85.2
EC006709,RES_B,Residential,7,Saturday,5,27.4,81.4,184,52.9,57.4
EC004714,ENG_A,Engineering,9,Monday,4,29.3,84.9,129,71.5,75.6
EC006938,SCI_B,Science,5,Thursday,6,26.5,79.3,0,57.2,57.3
EC003672,RES_A,Residential,13,Friday,9,29.0,70.0,100,37.0,41.5
EC004587,LIB_A,Library,3,Tuesday,9,25.5,86.5,28,24.8,27.5
EC003576,RES_A,Residential,19,Tuesday,2,28.9,79.4,179,51.9,49.5
EC003966,BUS_A,Business,13,Monday,6,31.4,66.6,162,75.0,72.1
EC000501,LEC_A,LectureHall,14,Monday,8,29.1,69.6,189,68.8,65.2
EC004524,ENG_B,Engineering,19,Wednesday,10,27.9,83.7,41,43.8,45.0
EC000176,SPT_A,Sports,4,Sunday,11,26.2,86.3,21,35.4,36.4
EC004053,LIB_A,Library,0,Thursday,5,26.4,83.5,16,27.5,28.5
EC004887,LEC_A,LectureHall,0,Friday,5,26.6,73.6,0,23.9,27.0
EC007765,SCI_A,Science,22,Monday,7,26.8,88.8,0,61.1,61.9
EC002966,LIB_A,Library,7,Saturday,1,26.7,81.9,35,31.1,34.3
EC002003,LIB_A,Library,6,Tuesday,4,26.4,80.0,11,25.5,26.5
EC006887,ENG_B,Engineering,13,Friday,5,29.0,74.1,142,66.3,72.0
EC001376,SCI_A,Science,13,Friday,2,34.6,88.6,120,127.9,126.0
EC000099,LEC_A,LectureHall,7,Wednesday,8,27.8,82.9,15,29.7,27.4
EC000195,RES_A,Residential,6,Sunday,9,26.8,87.3,241,59.2,58.5
EC002495,ENG_A,Engineering,21,Thursday,9,29.2,,25,59.0,56.8
EC000922,ENG_B,Engineering,8,Saturday,6,27.5,79.9,31,,46.0
EC005377,SCI_B,Science,18,Wednesday,3,29.8,74.1,48,74.0,79.8
EC006377,ADM_A,Administration,11,Thursday,10,28.1,74.3,98,40.3,38.0
EC005367,RES_B,Residential,14,Monday,4,29.7,76.1,65,36.3,35.1
EC007040,SCI_B,Science,15,Wednesday,7,31.3,64.8,112,82.5,91.6
EC004414,SCI_A,Science,10,Tuesday,2,28.5,80.2,105,75.4,84.3
EC000894,SCI_A,Science,21,Monday,4,28.2,75.5,23,74.8,79.4
EC003144,LEC_A,LectureHall,14,Friday,8,30.6,69.6,222,74.5,81.3
EC002911,RES_B,Residential,1,Monday,10,26.5,79.3,138,34.8,39.8
EC000232,ENG_B,Engineering,18,Monday,5,30.8,74.1,53,49.2,53.0
EC006321,BUS_A,Business,17,Saturday,12,29.6,72.6,30,30.4,33.2
EC002397,ENG_A,Engineering,8,Wednesday,10,26.2,89.3,48,47.0,54.7
EC001473,RES_B,Residential,2,Monday,5,25.0,81.0,123,43.1,44.2
EC005980,RES_B,Residential,12,Monday,2,34.0,85.7,261,57.2,59.0
EC005053,ENG_B,Engineering,16,Tuesday,4,30.6,72.4,95,65.1,60.1
EC006013,ENG_A,Engineering,14,Friday,6,31.8,67.6,200,88.1,91.5
EC007523,ENG_A,Engineering,11,Tuesday,9,29.5,76.3,172,81.9,84.3
EC006271,ADM_A,Administration,22,Saturday,7,29.6,66.5,3,22.1,24.5
EC001517,ENG_A,Engineering,11,Tuesday,8,29.5,86.5,154,72.2,78.7
EC004548,LEC_A,LectureHall,20,Friday,6,29.7,77.4,0,32.8,33.1
EC006853,BUS_A,Business,6,Sunday,3,27.6,81.6,0,28.9,36.1
EC004694,ENG_A,Engineering,9,Sunday,10,28.9,76.9,0,43.9,45.7
EC001580,SPT_A,Sports,22,Monday,1,27.9,77.9,40,77.1,56.3
EC006472,BUS_B,Business,16,Wednesday,2,30.9,76.6,130,59.7,65.0
EC007282,BUS_B,Business,3,Wednesday,6,27.5,82.4,7,41.9,42.2
EC000049,ENG_A,Engineering,18,Monday,3,30.7,80.3,73,68.8,68.3
EC000174,RES_A,Residential,15,Saturday,1,30.0,81.3,137,43.5,44.6
EC004797,RES_B,Residential,18,Wednesday,10,29.8,69.1,164,40.0,39.3
EC005010,ENG_B,Engineering,8,Sunday,11,28.2,74.0,4,40.6,44.5
EC005988,RES_B,Residential,18,Thursday,9,30.5,68.0,287,56.5,56.3
EC006789,BUS_A,Business,11,Thursday,12,30.2,86.8,100,58.3,51.3
EC005739,ENG_A,Engineering,19,Monday,6,30.0,73.3,33,49.9,56.2
EC004534,BUS_A,Business,11,Monday,4,30.6,74.7,122,54.0,59.1
EC001538,BUS_B,Business,16,Wednesday,7,30.4,71.5,130,63.4,67.7
EC002042,ADM_A,Administration,15,Thursday,10,30.2,76.1,92,35.4,45.4
EC000836,ADM_A,Administration,16,Monday,3,31.0,70.0,76,44.0,47.1
EC001044,ADM_A,Administration,7,Monday,3,27.5,77.4,0,25.6,28.7
EC003011,SCI_A,Science,10,Thursday,6,29.6,78.9,103,82.2,93.2
EC004813,ADM_A,Administration,7,Thursday,11,24.8,90.8,2,23.5,17.1
EC002326,LEC_A,LectureHall,9,Saturday,3,28.1,71.8,24,25.7,27.0
EC003054,BUS_B,Business,19,Tuesday,5,28.5,82.3,6,44.8,45.9
EC006512,RES_A,Residential,7,Sunday,2,27.8,77.0,230,53.1,54.2
EC004334,BUS_A,Business,23,Wednesday,8,26.6,73.9,15,25.4,30.9
EC002245,LIB_A,Library,3,Thursday,1,26.1,80.5,37,30.6,32.2
EC002155,ENG_B,Engineering,2,Monday,9,25.9,75.8,19,35.7,34.9
EC002203,SCI_B,Science,10,Saturday,9,,68.5,30,74.9,72.9
EC002609,ENG_B,Engineering,8,Friday,9,26.9,74.1,21,40.1,40.8
EC007160,SCI_B,Science,16,Friday,8,30.3,76.3,82,84.3,86.8
EC001448,BUS_B,Business,2,Monday,11,27.5,83.9,0,35.0,36.1
EC004378,BUS_B,Business,5,Wednesday,8,26.6,80.0,18,37.6,40.6
EC003125,BUS_B,Business,13,Sunday,5,30.9,66.1,38,44.8,43.8
EC007056,BUS_B,Business,2,Tuesday,6,28.0,73.7,0,15.0,30.3
EC002916,ENG_A,Engineering,4,Saturday,1,25.3,72.9,0,39.0,34.1
EC001791,SCI_A,Science,12,Wednesday,12,29.2,76.5,120,96.4,91.0
EC001729,ENG_B,Engineering,9,Sunday,8,27.5,86.1,22,36.5,48.6
EC005285,BUS_B,Business,19,Sunday,2,28.9,75.1,25,39.4,39.5
EC007865,BUS_A,Business,8,Wednesday,4,27.9,80.5,76,46.9,47.0
EC007408,LEC_A,LectureHall,14,Saturday,8,30.4,68.1,33,39.9,39.4
EC005294,BUS_A,Business,1,Tuesday,10,25.5,84.5,0,7.7,21.7
EC004556,LIB_A,Library,18,Thursday,1,28.5,73.5,199,58.9,60.0
EC003624,SCI_B,Science,5,Thursday,12,25.4,86.5,14,,61.2
EC005252,BUS_B,Business,18,Sunday,8,28.9,69.5,6,33.7,33.7
EC006194,ENG_A,Engineering,16,Monday,3,32.0,69.0,122,85.3,78.5
EC003753,BUS_B,Business,0,Sunday,9,26.7,80.3,0,31.5,30.5
EC000747,LEC_A,LectureHall,23,Saturday,11,25.8,85.4,20,89.0,51.8
EC001970,SPT_A,Sports,6,Thursday,4,27.0,77.1,112,50.3,50.7
EC003366,LIB_A,Library,17,Tuesday,2,30.9,65.3,197,68.3,64.1
EC003111,RES_B,Residential,8,Wednesday,11,26.2,77.6,177,33.5,36.7
EC002512,LIB_A,Library,6,Tuesday,11,26.4,82.6,0,27.4,25.7
EC007504,ENG_A,Engineering,2,Friday,3,26.1,80.6,22,35.8,44.9
EC000374,RES_B,Residential,22,Thursday,12,28.6,76.4,234,51.7,50.3
EC002575,SCI_B,Science,20,Thursday,2,27.8,75.1,16,51.0,61.8
EC002356,SPT_A,Sports,20,Wednesday,1,29.7,76.7,143,60.2,61.6
EC004485,LEC_A,LectureHall,22,Friday,5,28.3,80.2,0,30.3,28.3
EC003070,ENG_B,Engineering,0,Tuesday,10,26.4,79.6,11,27.1,32.1
EC004031,ENG_A,Engineering,7,Monday,5,29.2,75.9,216,35.2,69.7
EC001023,SCI_B,Science,10,Saturday,10,28.7,75.8,12,69.2,72.5
EC005866,SCI_B,Science,21,Thursday,5,29.1,65.9,2,65.3,68.6
EC000509,BUS_B,Business,4,Monday,5,26.5,86.2,0,32.5,41.1
EC006319,ENG_B,Engineering,8,Thursday,12,27.3,74.7,75,48.3,48.1
EC005136,ADM_A,Administration,4,Saturday,3,26.5,78.4,11,22.0,22.8
EC007352,RES_B,Residential,9,Tuesday,4,28.1,73.5,204,50.1,49.3
EC006704,RES_B,Residential,3,Friday,5,24.6,82.4,145,38.0,41.0
EC006476,SCI_B,Science,20,Saturday,5,29.0,70.8,10,60.8,68.8
EC000837,SPT_A,Sports,14,Monday,10,35.4,87.0,197,73.3,80.3
EC005383,SCI_B,Science,4,Sunday,9,24.7,83.0,1,46.8,49.1
EC001510,LIB_A,Library,3,Thursday,10,25.6,86.7,8,24.4,25.7
EC004044,RES_B,Residential,20,Sunday,6,29.9,63.6,222,49.5,54.5
EC001310,SCI_B,Science,13,Wednesday,11,28.8,74.2,99,85.1,88.6
EC007994,LEC_A,LectureHall,7,Tuesday,11,27.3,78.9,0,21.3,21.7
EC004453,BUS_A,Business,19,Wednesday,12,29.7,78.5,0,39.0,38.1
EC004974,SCI_A,Science,22,Friday,12,,75.7,9,78.6,78.2
EC006589,BUS_B,Business,8,Friday,9,27.7,81.5,85,51.9,57.6
EC002423,BUS_A,Business,7,Wednesday,11,26.6,85.2,0,29.8,31.8
EC005910,SCI_B,Science,10,Friday,1,28.3,75.8,103,80.9,82.8
EC005766,RES_A,Residential,11,Thursday,2,28.6,84.9,78,41.0,47.9
EC007762,RES_A,Residential,2,Sunday,5,28.6,78.2,159,61.1,53.3
EC000175,ENG_A,Engineering,9,Monday,6,27.6,80.3,118,60.9,69.7
EC006033,RES_B,Residential,8,Friday,4,29.1,63.8,182,48.8,50.8
EC004605,BUS_B,Business,4,Thursday,1,25.7,89.6,0,33.9,36.6
EC000505,RES_B,Residential,21,Saturday,3,28.2,77.4,235,58.9,55.4
EC000419,RES_B,Residential,2,Friday,12,24.3,81.7,,36.6,33.7
EC002342,SCI_B,Science,5,Sunday,10,26.2,81.6,0,45.9,48.8
EC000428,BUS_A,Business,21,Saturday,11,27.3,83.5,3,25.1,26.4
EC002433,BUS_A,Business,6,Wednesday,11,26.6,78.5,7,32.4,29.3
EC001985,RES_A,Residential,17,Saturday,12,28.8,80.1,168,45.2,50.6
EC005225,LIB_A,Library,3,Monday,12,24.8,83.5,0,24.3,24.7
EC005223,BUS_A,Business,10,Saturday,6,30.1,64.9,17,35.1,37.0
EC001336,SCI_B,Science,1,Sunday,11,25.3,87.1,0,52.8,48.1
EC000151,LIB_A,Library,19,Thursday,8,29.6,74.4,170,61.8,63.2
EC002993,BUS_B,Business,10,Tuesday,4,29.1,77.4,104,49.7,57.1
EC005795,BUS_B,Business,4,Monday,7,27.2,73.6,11,37.2,38.2
EC004717,LEC_A,LectureHall,17,Monday,12,30.8,69.2,133,66.9,64.1
EC004916,ENG_B,Engineering,13,Wednesday,7,30.0,83.1,141,59.5,66.2
EC007551,LIB_A,Library,14,Wednesday,11,30.1,80.8,221,67.3,64.8
EC001211,LEC_A,LectureHall,9,Friday,3,29.0,75.0,108,43.5,53.9
EC000129,RES_A,Residential,9,Wednesday,12,27.5,78.9,228,47.0,50.5
EC000397,BUS_B,Business,0,Saturday,6,27.1,85.7,21,29.9,36.6
EC005280,ADM_A,Administration,0,Sunday,10,25.2,81.5,0,15.8,18.7
EC000703,ENG_B,Engineering,8,Monday,10,25.4,79.2,61,42.0,45.1
EC001577,RES_B,Residential,11,Tuesday,6,,70.6,163,42.4,41.5
EC002351,LIB_A,Library,9,Wednesday,3,29.0,81.5,59,37.2,44.4
EC006079,SCI_B,Science,4,Monday,4,27.2,77.3,8,55.0,60.0
EC000879,RES_B,Residential,20,Saturday,6,29.5,76.5,223,51.7,49.1
EC000792,SCI_B,Science,9,Thursday,10,28.3,77.6,,78.9,75.1
EC006914,LIB_A,Library,13,Wednesday,2,30.0,77.3,160,54.0,57.5
EC005086,BUS_B,Business,10,Thursday,9,28.1,75.1,122,48.8,53.6
EC001009,ENG_A,Engineering,0,Friday,10,,75.6,9,40.7,46.6
EC000980,LIB_A,Library,20,Thursday,3,28.9,70.0,114,54.8,53.2
EC005119,LEC_A,LectureHall,15,Saturday,12,29.7,73.6,47,32.4,33.1
EC003991,SCI_A,Science,6,Friday,5,27.2,76.2,14,72.8,71.7
EC005251,LEC_A,LectureHall,8,Thursday,6,29.2,75.7,86,46.4,45.6
EC004156,SPT_A,Sports,20,Sunday,5,28.0,85.9,140,50.2,62.1
EC005765,SCI_B,Science,14,Sunday,1,29.8,68.7,37,76.0,75.5
EC005161,RES_A,Residential,3,Thursday,3,25.9,83.1,183,46.2,53.5
EC005152,RES_A,Residential,3,Wednesday,6,28.0,77.4,192,57.4,57.7
EC003782,LIB_A,Library,5,Tuesday,11,25.7,80.8,17,28.5,29.7
EC007873,BUS_B,Business,3,Saturday,2,25.6,84.0,0,28.2,27.6
EC003203,LIB_A,Library,8,Wednesday,9,28.0,,21,32.7,35.6
EC000239,SCI_B,Science,10,Tuesday,8,28.8,74.6,87,76.6,77.0
EC006027,ADM_A,Administration,20,Tuesday,2,29.6,76.5,16,34.0,37.7
EC001132,BUS_B,Business,5,Wednesday,12,25.2,89.6,15,33.0,36.4
EC001360,RES_B,Residential,2,Saturday,6,27.6,78.5,156,42.7,48.6
EC006187,ENG_B,Engineering,14,Thursday,10,31.0,73.0,148,68.2,74.3
EC005457,BUS_A,Business,11,Friday,2,30.3,66.7,131,55.4,60.9
EC007156,SCI_B,Science,9,Thursday,6,27.6,79.4,69,68.4,78.1
EC002516,SCI_A,Science,8,Thursday,1,27.9,74.1,35,76.0,78.1
EC006226,ADM_A,Administration,20,Saturday,7,29.4,76.3,4,29.9,28.9
EC007333,SPT_A,Sports,14,Monday,1,28.2,75.5,46,42.7,48.1
EC005435,SPT_A,Sports,21,Sunday,3,23.6,97.6,144,44.3,44.8
EC002411,ADM_A,Administration,4,Sunday,3,24.7,82.0,0,10.7,17.4
EC000960,BUS_A,Business,14,Sunday,12,29.7,78.3,34,36.9,34.3
EC007718,SCI_B,Science,3,Friday,3,24.6,79.1,1,62.3,55.8
EC001459,SCI_A,Science,8,Thursday,2,26.9,76.3,49,71.7,72.1
EC006344,LIB_A,Library,2,Wednesday,6,27.3,79.7,0,,35.1
EC005896,RES_B,Residential,23,Thursday,10,26.8,77.7,242,44.6,45.7
EC005133,ADM_A,Administration,21,Tuesday,12,26.0,79.2,0,22.3,18.2
EC004837,LIB_A,Library,6,Saturday,9,27.1,74.0,9,27.8,27.4
EC002866,ENG_B,Engineering,21,Friday,5,28.2,69.3,34,48.8,47.1
EC004473,LIB_A,Library,14,Sunday,8,31.0,73.0,127,45.4,54.5
EC002794,BUS_A,Business,2,Wednesday,2,25.5,81.0,0,25.9,25.6
EC005208,LEC_A,LectureHall,13,Tuesday,3,30.6,72.5,,76.3,78.3
EC004138,ENG_A,Engineering,5,Monday,11,26.3,78.0,0,35.8,34.8
EC005756,LEC_A,LectureHall,9,Sunday,4,28.3,73.1,42,,38.5
EC001772,RES_B,Residential,23,Friday,12,27.4,80.9,238,52.2,56.9
EC002297,BUS_A,Business,16,Sunday,6,30.9,68.8,37,42.0,43.2
EC003115,ENG_B,Engineering,7,Thursday,6,28.0,71.5,0,37.9,38.0
EC001912,SPT_A,Sports,1,Sunday,3,25.7,76.1,36,36.4,34.5
EC005987,RES_B,Residential,6,Wednesday,9,26.1,81.2,189,44.2,40.9
EC007275,RES_A,Residential,15,Friday,1,28.4,79.5,81,45.8,41.4
EC005678,SCI_B,Science,11,Thursday,9,28.6,79.6,103,81.3,83.4
EC004691,ENG_B,Engineering,11,Tuesday,3,28.9,69.6,131,58.7,60.6
EC007889,LEC_A,LectureHall,9,Tuesday,10,27.8,78.6,99,46.0,51.3
EC007816,SCI_A,Science,8,Thursday,2,25.9,82.4,43,79.4,77.2
EC004271,SPT_A,Sports,19,Wednesday,3,29.6,70.3,186,65.1,66.2
EC002921,LIB_A,Library,20,Saturday,8,27.3,79.2,99,44.5,47.1
EC004024,BUS_B,Business,9,Monday,1,27.2,80.1,54,45.9,49.2
EC006177,RES_A,Residential,20,Sunday,3,28.8,71.3,231,52.2,49.6
EC007864,LEC_A,LectureHall,14,Sunday,8,30.1,74.5,53,45.5,39.4
EC005191,RES_B,Residential,4,Monday,2,27.0,84.2,198,59.5,59.3
EC005787,RES_A,Residential,0,Sunday,5,26.6,84.7,128,50.0,47.8
EC002674,LEC_A,LectureHall,7,Monday,12,27.3,73.5,0,26.9,26.6
EC003539,SCI_B,Science,0,Monday,2,27.3,79.8,0,68.7,63.8
EC007938,ENG_B,Engineering,11,Wednesday,8,28.8,75.9,116,51.2,64.3
EC006368,ENG_A,Engineering,9,Friday,12,28.9,83.3,111,68.1,72.2
EC002959,SCI_A,Science,23,Sunday,11,25.3,85.6,5,67.7,58.0
EC007480,ENG_B,Engineering,15,Wednesday,5,29.2,68.0,150,68.8,68.0
EC002888,BUS_B,Business,23,Tuesday,1,25.7,82.8,26,43.2,40.6
EC007920,LEC_A,LectureHall,23,Saturday,9,27.6,80.6,42,82.5,51.4
EC002635,LEC_A,LectureHall,2,Sunday,4,27.1,79.9,0,12.8,24.8
EC007449,BUS_A,Business,3,Sunday,6,28.0,78.8,5,33.5,31.4
EC005465,SCI_A,Science,20,Thursday,8,29.0,77.7,17,81.0,78.3
EC003848,SCI_B,Science,6,Saturday,10,27.3,81.3,6,63.4,60.3
EC004871,SPT_A,Sports,22,Saturday,10,27.1,78.7,15,97.3,65.8
EC004098,ENG_B,Engineering,0,Wednesday,10,26.4,75.7,30,38.0,38.4
EC003640,LIB_A,Library,4,Wednesday,2,26.3,77.9,0,22.9,27.4
EC002754,SPT_A,Sports,19,Tuesday,11,30.3,68.9,182,64.2,68.5
EC001554,LIB_A,Library,14,Friday,4,31.4,71.6,193,60.1,64.6
EC007853,RES_A,Residential,1,Saturday,4,27.1,74.2,144,47.3,49.8
EC004232,RES_A,Residential,9,Thursday,2,26.8,73.4,193,44.5,43.2
EC006465,SCI_A,Science,22,Sunday,9,27.6,74.0,0,63.9,66.9
EC006037,BUS_B,Business,9,Thursday,5,28.3,79.6,119,63.3,68.5
EC000059,RES_A,Residential,6,Saturday,12,26.4,84.0,234,52.6,49.3
EC003929,LIB_A,Library,13,Monday,1,30.7,76.7,142,52.9,47.7
EC006915,ENG_B,Engineering,2,Saturday,6,25.9,77.0,0,30.5,29.9
EC000450,BUS_B,Business,11,Friday,2,29.5,72.9,150,61.2,65.1
EC005532,RES_B,Residential,3,Wednesday,5,27.4,77.5,148,40.7,46.9
EC002282,BUS_B,Business,22,Sunday,10,,82.6,12,26.5,24.6
EC007926,BUS_A,Business,23,Monday,6,28.1,79.8,0,29.8,33.4
EC001199,ENG_B,Engineering,19,Friday,9,29.4,78.6,36,47.5,52.1
EC003918,SCI_B,Science,21,Thursday,11,27.5,83.4,24,51.6,61.3
EC005256,SCI_A,Science,6,Sunday,11,26.6,83.0,9,62.5,68.6
EC007700,RES_A,Residential,14,Sunday,7,29.8,75.2,79,37.5,40.1
EC004052,ENG_B,Engineering,0,Friday,11,24.3,81.7,1,30.6,31.6
EC005731,LEC_A,LectureHall,1,Tuesday,6,26.7,74.8,18,25.7,29.4
EC001093,ENG_A,Engineering,1,Friday,5,26.7,79.0,36,44.6,43.9
EC005335,BUS_B,Business,14,Friday,8,28.6,76.4,132,58.5,59.8
EC003082,RES_A,Residential,16,Friday,11,35.5,90.9,300,68.0,69.1
EC001163,LEC_A,LectureHall,23,Saturday,2,25.3,88.7,5,22.5,19.8
EC000184,ENG_B,Engineering,7,Friday,9,25.7,89.4,0,31.7,27.7
EC001861,LIB_A,Library,5,Monday,4,26.4,,4,32.1,31.9
EC003597,ENG_A,Engineering,17,Monday,1,28.1,77.6,75,63.0,61.3
EC006739,LEC_A,LectureHall,10,Wednesday,10,28.5,83.0,144,58.2,58.7
EC004626,LEC_A,LectureHall,16,Tuesday,3,29.8,72.0,127,50.7,55.2
EC001041,BUS_A,Business,16,Tuesday,3,30.9,78.2,99,55.0,58.7
EC000808,ADM_A,Administration,8,Saturday,8,26.4,80.0,29,21.4,25.5
EC002329,SCI_A,Science,9,Saturday,10,28.3,73.5,5,73.4,71.6
EC005023,ADM_A,Administration,15,Wednesday,10,30.5,67.9,86,39.3,40.9
EC007909,SCI_B,Science,5,Saturday,11,24.4,84.1,10,53.6,52.0
EC003382,SCI_A,Science,9,Saturday,2,29.7,83.4,6,64.2,78.3
EC000958,ENG_B,Engineering,15,Sunday,11,30.7,70.9,52,51.2,54.0
EC001234,BUS_A,Business,16,Sunday,5,29.5,74.5,29,32.6,33.3
EC002473,RES_B,Residential,0,Thursday,5,25.1,88.0,107,39.7,42.9
EC001871,RES_A,Residential,10,Monday,4,29.7,76.0,133,50.7,50.1
EC000637,BUS_A,Business,16,Tuesday,7,31.3,69.0,89,46.8,49.8
EC000914,RES_A,Residential,14,Saturday,1,27.5,74.9,91,34.6,35.3
EC004561,LIB_A,Library,19,Saturday,11,27.0,77.8,147,,49.3
EC002101,LIB_A,Library,19,Monday,1,29.3,73.1,171,64.6,65.0
EC001823,ENG_A,Engineering,23,Friday,4,27.6,79.3,36,51.5,52.7
EC000988,LIB_A,Library,10,Sunday,8,28.1,87.7,87,45.5,38.1
EC000905,ADM_A,Administration,2,Wednesday,3,27.0,78.1,8,28.2,29.8
EC004612,ADM_A,Administration,12,Saturday,8,26.6,77.3,38,23.9,29.9
EC001348,SCI_B,Science,4,Friday,5,26.8,83.7,4,49.5,56.6
EC003772,RES_B,Residential,12,Monday,11,29.3,79.7,122,36.9,37.8
EC005912,SCI_A,Science,14,Tuesday,11,30.7,70.5,118,,100.4
EC000140,BUS_A,Business,4,Sunday,5,26.7,85.9,0,7.2,22.2
EC006760,RES_B,Residential,3,Tuesday,6,26.4,79.3,174,37.7,46.5
EC003050,ENG_A,Engineering,22,Friday,5,29.8,73.0,9,53.1,59.3
EC003324,RES_A,Residential,14,Monday,4,31.5,70.3,99,47.8,51.0
EC000469,ENG_B,Engineering,0,Saturday,9,27.3,80.7,4,73.3,47.1
EC000216,BUS_A,Business,1,Monday,10,24.7,88.4,0,23.5,27.5
EC004917,ADM_A,Administration,16,Friday,9,29.7,79.7,88,38.8,43.3
EC001670,LEC_A,LectureHall,11,Friday,8,30.6,75.2,192,65.9,70.5
EC004125,BUS_B,Business,0,Monday,8,27.2,76.2,0,29.3,32.2
EC000933,SPT_A,Sports,10,Thursday,10,27.9,79.9,36,38.1,38.7
EC002953,LEC_A,LectureHall,9,Friday,7,29.3,75.6,218,43.6,65.6
EC003944,RES_A,Residential,1,Thursday,10,25.5,80.3,101,43.3,45.9
EC006072,RES_A,Residential,9,Wednesday,10,27.9,78.3,197,41.3,45.1
EC000765,LIB_A,Library,5,Wednesday,9,25.3,82.6,0,22.0,24.0
EC006470,SCI_B,Science,5,Saturday,9,25.7,83.1,0,51.4,56.6
EC006930,SPT_A,Sports,1,Wednesday,10,26.1,82.0,0,35.5,33.4
EC001691,BUS_A,Business,2,Thursday,4,25.9,82.9,0,27.1,19.1
EC000276,RES_B,Residential,14,Sunday,1,29.0,81.0,70,40.9,39.8
EC007832,ADM_A,Administration,13,Friday,4,30.2,75.8,121,41.5,46.4
EC000892,ENG_A,Engineering,21,Sunday,8,27.2,76.7,0,41.3,41.4
EC007337,ENG_B,Engineering,18,Monday,10,30.7,70.7,64,56.6,59.6
EC003553,LEC_A,LectureHall,11,Saturday,12,26.7,82.0,15,27.5,26.3
EC000308,LEC_A,LectureHall,5,Monday,12,24.7,85.5,,20.0,24.5
EC006077,SCI_B,Science,22,Friday,6,27.8,83.5,5,61.4,67.3
EC004269,SCI_A,Science,12,Tuesday,3,29.8,74.4,132,104.1,112.7
EC005555,RES_A,Residential,14,Friday,6,30.5,67.8,162,50.2,46.8
EC001721,ENG_B,Engineering,19,Friday,6,24.7,98.4,23,33.7,38.1
EC006468,SCI_B,Science,3,Monday,2,26.9,82.9,7,72.4,62.6
EC007645,ENG_A,Engineering,9,Saturday,6,28.7,81.0,44,,56.2
EC005938,LEC_A,LectureHall,6,Tuesday,5,28.4,74.4,0,28.5,31.4
EC006307,RES_A,Residential,15,Monday,3,31.4,67.3,155,,55.1
EC006849,RES_B,Residential,2,Saturday,4,27.1,80.7,132,46.5,49.1
EC000205,SCI_A,Science,8,Saturday,3,29.2,79.0,0,66.8,73.8
EC007264,BUS_A,Business,23,Sunday,4,27.9,76.8,9,30.4,34.5
EC005638,LIB_A,Library,18,Sunday,5,24.8,99.0,149,53.0,51.5
EC004160,SPT_A,Sports,19,Wednesday,1,29.2,76.5,160,69.6,63.9
EC007692,RES_A,Residential,7,Monday,12,24.4,99.1,239,52.1,50.7
EC007813,RES_B,Residential,15,Wednesday,5,31.3,74.8,96,45.7,46.9
EC002689,BUS_B,Business,21,Thursday,4,29.0,77.9,0,35.7,36.5
EC007423,ADM_A,Administration,9,Sunday,2,27.3,87.2,17,28.2,25.1
EC003923,SCI_B,Science,5,Wednesday,9,26.3,78.4,18,59.4,59.7
EC004025,SCI_A,Science,0,Sunday,11,27.0,78.2,5,48.9,62.1
EC002133,BUS_A,Business,2,Monday,11,26.3,80.6,3,29.3,27.4
EC004671,RES_A,Residential,20,Monday,4,29.5,76.4,268,51.3,53.2
EC003950,RES_A,Residential,3,Tuesday,2,26.3,76.0,140,46.2,45.9
EC000653,ENG_A,Engineering,5,Thursday,3,26.9,87.3,34,45.1,48.0
EC000261,BUS_B,Business,14,Thursday,4,31.0,77.4,,75.1,76.5
EC006122,BUS_A,Business,4,Thursday,4,26.4,73.4,0,29.3,29.3
EC000827,ENG_B,Engineering,8,Thursday,5,29.1,69.4,116,37.0,53.8
EC006165,BUS_A,Business,11,Tuesday,12,28.2,77.0,125,45.7,50.3
EC003317,RES_B,Residential,10,Friday,4,30.5,71.9,172,50.6,52.6
EC002736,SCI_B,Science,12,Wednesday,6,30.0,76.2,109,78.3,89.0
EC007236,BUS_B,Business,7,Saturday,11,25.7,91.3,16,31.7,32.1
EC005834,BUS_B,Business,22,Wednesday,3,28.1,,17,39.9,43.3
EC002403,SCI_B,Science,19,Wednesday,5,29.5,77.1,0,68.7,75.9
EC004690,ADM_A,Administration,18,Monday,11,30.6,70.9,19,35.5,29.1
EC000950,RES_B,Residential,15,Saturday,11,28.7,82.2,94,35.8,42.3
EC006473,SCI_A,Science,21,Saturday,7,27.2,81.1,12,67.9,72.6
EC002747,BUS_B,Business,19,Sunday,9,28.3,72.5,11,32.7,35.0
EC006731,SPT_A,Sports,17,Friday,7,31.2,81.0,100,56.2,64.1
EC006475,BUS_A,Business,2,Saturday,1,25.8,83.2,2,24.4,25.4
EC006163,ENG_A,Engineering,4,Tuesday,5,26.1,83.7,,75.0,53.8
EC003347,LIB_A,Library,18,Saturday,10,29.5,73.9,231,66.5,68.2
EC004370,ENG_A,Engineering,6,Friday,3,27.3,80.7,6,44.3,45.6
EC001049,LEC_A,LectureHall,10,Thursday,1,27.9,73.7,122,46.6,50.7
EC002290,ENG_B,Engineering,8,Monday,12,27.6,82.1,59,48.0,47.0
EC004010,SCI_A,Science,4,Tuesday,5,27.0,77.1,0,54.3,65.7
EC001879,BUS_B,Business,6,Monday,3,25.0,82.9,2,37.0,32.4
EC000013,BUS_B,Business,11,Tuesday,4,29.3,78.8,132,61.9,66.7
EC006969,SCI_A,Science,11,Wednesday,12,29.8,77.2,130,107.6,106.2
EC002343,BUS_A,Business,19,Wednesday,1,29.2,79.6,0,38.6,41.6
EC007497,ADM_A,Administration,10,Saturday,3,28.5,76.2,23,28.2,27.6
EC005574,ADM_A,Administration,10,Thursday,10,27.6,72.9,72,31.8,37.4
EC001935,BUS_A,Business,7,Thursday,3,27.7,84.9,0,37.1,35.2
EC003441,LIB_A,Library,20,Tuesday,7,29.7,77.9,140,44.9,53.9
EC002406,BUS_B,Business,1,Monday,5,28.2,83.2,0,8.8,26.5
EC007415,SCI_A,Science,3,Sunday,5,25.6,84.8,0,70.2,66.1
EC004075,ENG_A,Engineering,10,Sunday,1,28.2,78.4,42,52.7,50.1
EC000153,ENG_A,Engineering,13,Wednesday,5,29.6,74.9,180,75.2,76.6
EC001201,SCI_B,Science,6,Saturday,7,26.3,84.9,0,57.6,59.7
EC000987,SPT_A,Sports,13,Friday,7,30.2,69.4,0,46.6,49.7
EC006968,RES_B,Residential,17,Monday,10,30.4,71.5,107,37.1,43.3
EC007975,LIB_A,Library,9,Thursday,10,27.1,80.4,46,32.7,34.2
EC004774,ENG_A,Engineering,13,Saturday,7,30.6,82.8,39,57.0,58.8
EC005604,RES_B,Residential,9,Tuesday,10,28.3,82.7,147,37.0,37.1
EC000920,BUS_B,Business,14,Friday,11,28.9,70.5,166,58.1,65.8
EC003544,LEC_A,LectureHall,1,Saturday,5,27.5,76.1,0,20.3,23.7
EC000654,LEC_A,LectureHall,2,Wednesday,6,25.9,86.0,14,27.6,28.5
EC003485,ENG_B,Engineering,0,Saturday,5,27.4,82.2,0,39.7,43.7
EC007861,ENG_B,Engineering,2,Wednesday,6,26.5,80.9,0,41.0,38.9
EC001476,SPT_A,Sports,5,Saturday,3,25.2,85.1,38,39.7,41.1
EC007434,LEC_A,LectureHall,15,Monday,3,34.0,89.5,249,109.2,100.0
EC000698,RES_B,Residential,18,Tuesday,2,30.5,69.9,299,60.2,65.1
EC001860,ENG_B,Engineering,22,Thursday,4,28.3,74.2,15,42.7,43.0
EC007391,BUS_A,Business,18,Tuesday,3,30.3,74.1,75,48.4,48.7
EC003532,SCI_A,Science,13,Tuesday,11,30.1,79.7,132,102.1,102.2
EC001661,SCI_B,Science,5,Friday,12,26.6,85.0,0,50.5,59.2
EC003638,SCI_A,Science,8,Thursday,4,26.7,78.9,35,65.4,73.4
EC006000,LEC_A,LectureHall,7,Thursday,9,27.3,76.2,10,27.2,27.8
EC000146,ENG_A,Engineering,6,Sunday,12,25.6,86.7,10,35.8,35.0
EC001431,RES_A,Residential,1,Tuesday,8,26.2,86.0,112,43.3,45.7
EC006985,BUS_A,Business,0,Saturday,6,27.4,79.4,16,23.1,32.1
EC001002,ADM_A,Administration,2,Monday,10,25.8,78.2,0,20.3,19.7
EC004754,SPT_A,Sports,17,Monday,9,28.7,74.9,125,52.2,54.2
EC006862,BUS_B,Business,19,Thursday,11,28.7,73.0,30,41.6,40.8
EC005699,BUS_B,Business,6,Wednesday,8,28.2,73.9,0,38.6,40.6
EC001401,SPT_A,Sports,20,Tuesday,6,29.1,71.4,142,60.0,58.7
EC005572,BUS_B,Business,22,Tuesday,9,27.6,80.5,0,40.1,37.2
EC006765,SPT_A,Sports,19,Saturday,11,27.6,82.6,199,50.7,60.1
EC004928,ADM_A,Administration,0,Monday,4,,82.9,21,28.6,27.4
EC006035,LEC_A,LectureHall,5,Friday,11,26.4,82.2,0,27.1,27.4
EC006655,LEC_A,LectureHall,9,Friday,12,28.4,76.8,84,47.1,41.5
EC005841,SCI_A,Science,9,Thursday,5,29.0,71.0,75,85.9,86.6
EC003373,LEC_A,LectureHall,20,Monday,5,24.5,,26,28.7,27.7
EC000893,RES_A,Residential,9,Sunday,1,28.3,85.5,189,45.8,42.7
EC003337,SPT_A,Sports,19,Tuesday,8,30.0,70.3,181,60.1,64.5
EC001111,SPT_A,Sports,22,Tuesday,6,28.7,74.3,11,88.0,60.2
EC002659,ENG_A,Engineering,8,Tuesday,7,28.0,72.2,62,52.7,55.3
EC007463,ENG_A,Engineering,20,Saturday,10,28.2,82.3,20,44.7,45.8
EC001831,BUS_A,Business,18,Tuesday,10,30.4,76.9,69,46.7,50.3
EC007867,SCI_A,Science,17,Monday,5,31.2,76.6,88,101.6,96.9
EC003902,SCI_B,Science,19,Monday,10,29.1,72.8,11,64.9,69.3
EC006719,ENG_B,Engineering,12,Monday,1,28.2,76.1,140,63.8,67.0
EC003920,SCI_B,Science,7,Tuesday,6,27.7,79.5,12,67.3,70.6
EC005250,ENG_A,Engineering,20,Thursday,5,29.1,73.9,10,54.0,53.4
EC002359,BUS_B,Business,1,Thursday,8,26.4,75.4,0,7.3,22.8
EC003959,SCI_A,Science,11,Sunday,3,,72.6,16,84.5,88.2
EC000477,LIB_A,Library,16,Friday,11,,74.1,199,59.8,62.5
EC003722,BUS_A,Business,6,Friday,12,26.1,80.0,5,30.9,28.3
EC000127,BUS_A,Business,11,Friday,9,29.4,76.6,,54.3,49.2
EC005145,RES_B,Residential,10,Thursday,10,28.6,85.6,158,33.1,41.4
EC003661,LIB_A,Library,18,Saturday,8,29.9,81.1,223,76.3,68.2
EC006942,LIB_A,Library,15,Monday,7,34.8,84.6,251,77.3,82.0
EC007793,SCI_B,Science,7,Tuesday,11,26.6,85.6,0,50.6,55.8
EC004360,LIB_A,Library,1,Saturday,7,25.8,83.9,12,28.1,27.0
EC005639,RES_B,Residential,2,Sunday,8,26.6,80.8,145,41.6,47.2
EC006229,ADM_A,Administration,5,Saturday,12,25.7,86.3,0,19.9,16.0
EC000256,LEC_A,LectureHall,19,Saturday,7,29.6,77.6,9,31.3,36.0
EC006109,ENG_B,Engineering,20,Sunday,6,28.6,79.5,44,48.3,51.1
EC000944,ENG_B,Engineering,20,Monday,12,27.9,80.3,12,39.3,38.2
EC002233,BUS_A,Business,18,Friday,3,30.4,73.3,59,43.6,44.9
EC001815,RES_A,Residential,17,Sunday,5,29.5,66.4,123,38.3,42.1
EC001891,LEC_A,LectureHall,16,Thursday,8,30.2,73.2,166,62.0,58.6
EC002477,RES_B,Residential,10,Sunday,9,28.8,76.3,161,40.0,41.3
EC006863,ENG_B,Engineering,22,Saturday,4,28.5,68.9,10,45.5,48.8
EC007704,LEC_A,LectureHall,19,Wednesday,12,29.0,70.2,0,30.4,32.8
EC006531,SCI_A,Science,2,Friday,5,26.9,,1,70.3,65.5
EC002283,ENG_A,Engineering,11,Tuesday,11,28.6,76.0,154,69.3,73.6
EC001976,BUS_B,Business,22,Sunday,11,28.7,77.4,0,32.8,38.1
EC003266,LEC_A,LectureHall,22,Wednesday,6,28.0,81.8,0,27.0,28.1
EC006596,RES_A,Residential,17,Wednesday,2,30.1,74.9,109,44.1,44.4
EC007361,LEC_A,LectureHall,1,Sunday,6,27.2,75.1,0,19.7,21.2
EC004668,ENG_A,Engineering,10,Thursday,11,27.4,81.6,151,64.2,63.9
EC001542,SCI_A,Science,17,Monday,5,29.7,69.4,87,94.5,90.7
EC001083,SCI_A,Science,11,Tuesday,1,27.2,80.9,112,82.9,83.7
EC005117,RES_B,Residential,17,Friday,7,29.9,74.0,87,38.9,37.8
EC001442,ENG_B,Engineering,7,Sunday,8,28.1,81.1,22,48.1,47.2
EC000429,LIB_A,Library,9,Friday,8,28.5,80.9,27,33.8,33.0
EC000693,SCI_B,Science,14,Friday,11,29.9,72.3,112,84.8,84.7
EC002552,ADM_A,Administration,10,Monday,2,28.4,81.1,104,42.9,46.7
EC000328,SPT_A,Sports,14,Sunday,6,30.7,71.4,10,50.4,51.5
EC000421,ADM_A,Administration,1,Thursday,9,27.8,76.9,6,24.4,22.2
EC004790,BUS_B,Business,1,Friday,10,24.9,82.3,21,33.2,33.9
EC006404,ADM_A,Administration,23,Saturday,6,27.3,67.1,0,19.1,21.9
EC006758,RES_B,Residential,3,Thursday,8,26.9,75.9,165,34.2,40.3
EC002656,RES_A,Residential,20,Saturday,10,28.5,84.7,296,49.5,51.5
EC001481,LIB_A,Library,0,Thursday,2,25.3,82.8,0,26.8,30.3
EC002957,BUS_B,Business,4,Saturday,10,25.9,90.5,26,30.1,26.2
EC004252,SPT_A,Sports,7,Thursday,5,27.3,82.4,166,62.9,64.5
EC001934,RES_B,Residential,13,Wednesday,1,29.6,78.9,106,40.2,41.6
EC003262,ENG_B,Engineering,22,Monday,2,28.0,87.9,10,43.6,45.3
EC000626,SCI_B,Science,20,Friday,2,27.8,75.3,8,62.5,69.8
EC002523,LIB_A,Library,9,Tuesday,9,27.9,69.9,35,35.9,37.2
EC007553,ENG_B,Engineering,11,Friday,9,29.5,71.4,148,63.6,70.9
EC006683,LEC_A,LectureHall,2,Wednesday,8,27.3,86.4,0,8.9,17.7
EC004520,ADM_A,Administration,5,Friday,7,24.7,86.1,1,20.1,19.2
EC004737,RES_B,Residential,0,Monday,11,27.5,81.5,101,38.4,44.2
EC005564,ADM_A,Administration,2,Friday,10,27.0,81.5,1,24.7,25.6
EC001296,LEC_A,LectureHall,12,Wednesday,6,29.1,75.8,184,62.9,60.6
EC002391,BUS_A,Business,6,Tuesday,4,27.9,76.7,18,36.6,36.7
EC007658,ENG_B,Engineering,3,Saturday,8,,83.1,1,35.1,33.6
EC005633,RES_B,Residential,21,Friday,9,28.4,72.7,193,51.7,53.0
EC006161,LIB_A,Library,19,Friday,9,28.9,80.0,139,51.6,54.2
EC006019,RES_B,Residential,23,Thursday,3,28.0,78.8,246,59.2,56.1
EC000695,ENG_B,Engineering,10,Saturday,11,29.2,72.5,30,45.3,48.2
EC007318,LIB_A,Library,2,Sunday,9,25.5,82.4,45,29.8,35.3
EC007225,SCI_B,Science,9,Tuesday,7,29.5,74.9,75,85.5,82.7
EC006935,RES_B,Residential,12,Sunday,12,28.2,87.5,187,48.6,44.6
EC001322,RES_B,Residential,21,Thursday,4,28.7,88.0,178,55.9,50.9
EC000800,LIB_A,Library,4,Thursday,10,,85.2,0,18.4,24.5
EC001452,ENG_B,Engineering,15,Monday,12,31.4,76.7,148,74.1,76.3
EC000580,SCI_A,Science,6,Tuesday,5,27.4,77.5,7,62.8,63.3
EC004562,LIB_A,Library,8,Friday,10,27.7,79.8,42,36.4,40.0
EC003787,ENG_A,Engineering,21,Sunday,7,28.9,77.2,23,61.5,58.8
EC007720,ENG_A,Engineering,18,Tuesday,11,28.6,84.9,70,58.8,54.1
EC004133,SCI_A,Science,19,Sunday,5,30.5,74.5,0,94.4,88.9
EC004388,SCI_B,Science,20,Monday,4,27.5,85.2,8,70.9,68.6
EC007047,ADM_A,Administration,12,Tuesday,11,29.8,73.9,104,42.7,46.4
EC002538,BUS_B,Business,12,Wednesday,3,29.7,74.9,165,53.2,63.9
EC002106,BUS_A,Business,21,Saturday,10,27.6,78.1,7,29.3,34.4
EC002111,ADM_A,Administration,15,Tuesday,9,30.2,76.7,104,44.5,43.1
EC006127,BUS_A,Business,5,Sunday,3,27.6,76.4,0,30.2,28.8
EC000403,LEC_A,LectureHall,13,Friday,9,29.7,69.6,201,68.6,69.2
EC001569,SCI_A,Science,7,Monday,6,26.5,79.2,0,69.5,66.9
EC001900,RES_B,Residential,14,Saturday,11,29.8,73.5,62,34.4,37.5
EC007550,RES_A,Residential,13,Wednesday,2,30.4,76.5,170,45.3,46.5
EC002604,BUS_A,Business,21,Saturday,4,29.4,74.0,14,36.9,35.9
EC003736,ENG_B,Engineering,12,Wednesday,4,29.8,75.9,149,76.2,75.3
EC006228,ENG_A,Engineering,15,Tuesday,6,29.8,76.8,126,82.7,79.8
EC001690,BUS_B,Business,17,Saturday,3,29.7,72.8,27,42.4,43.4
EC006967,SPT_A,Sports,13,Saturday,3,32.0,64.4,220,62.1,64.5
EC003110,RES_B,Residential,19,Sunday,6,28.4,82.0,198,47.8,45.4
EC007010,LEC_A,LectureHall,9,Wednesday,7,27.7,80.2,96,47.5,48.4
EC007758,SCI_B,Science,2,Monday,3,25.7,84.1,0,65.6,60.2
EC003393,SCI_B,Science,6,Sunday,11,27.6,74.9,19,70.0,71.0
EC006280,LIB_A,Library,15,Saturday,7,30.0,75.2,134,52.1,49.6
EC004313,ENG_A,Engineering,4,Thursday,5,26.3,71.8,12,38.5,39.4
EC007676,ENG_A,Engineering,16,Friday,5,34.4,85.4,214,102.2,105.1
EC006464,RES_A,Residential,10,Wednesday,9,27.6,81.8,194,38.5,43.5
EC002358,LEC_A,LectureHall,1,Thursday,7,25.8,89.2,52,31.9,32.1
EC005070,ENG_B,Engineering,13,Thursday,4,35.4,82.0,191,86.8,98.7
EC007378,ENG_B,Engineering,13,Thursday,1,30.0,68.0,167,70.8,75.5
EC003507,LIB_A,Library,4,Sunday,2,,75.6,30,33.7,30.0
EC003504,BUS_B,Business,16,Monday,8,30.3,77.3,132,71.9,66.2
EC007606,SCI_B,Science,3,Friday,3,25.7,79.7,4,67.0,65.7
EC004478,BUS_B,Business,19,Wednesday,2,27.4,71.0,6,37.0,38.9
EC001801,RES_B,Residential,1,Friday,6,26.7,79.8,104,38.2,45.0
EC007615,ADM_A,Administration,12,Monday,1,30.4,,89,42.2,43.9
EC004923,LEC_A,LectureHall,2,Tuesday,3,25.1,80.8,11,20.7,23.6
EC000283,SCI_B,Science,21,Thursday,7,29.6,74.2,21,65.5,78.0
EC005390,LEC_A,LectureHall,3,Thursday,9,26.3,79.6,19,20.4,28.5
EC005626,LEC_A,LectureHall,13,Saturday,4,29.0,71.1,92,42.0,40.2
EC000970,RES_A,Residential,17,Thursday,10,29.3,74.8,141,39.2,42.0
EC001470,BUS_B,Business,4,Friday,4,26.6,83.4,0,38.4,39.6
EC005480,SCI_A,Science,0,Monday,10,27.7,84.1,,72.1,75.6
EC003732,SCI_B,Science,0,Wednesday,3,26.6,86.9,28,65.0,63.4
EC005160,LEC_A,LectureHall,23,Monday,11,27.0,82.8,0,23.8,28.2
EC006690,BUS_B,Business,13,Thursday,6,29.6,81.3,160,69.1,74.0
EC000952,LEC_A,LectureHall,23,Saturday,3,27.5,78.0,0,24.9,26.6
EC003486,SCI_A,Science,5,Tuesday,10,26.9,78.8,0,60.8,68.2
EC000008,RES_B,Residential,15,Wednesday,12,29.6,72.1,85,30.7,37.2
EC002806,SCI_B,Science,2,Saturday,10,25.0,79.3,3,78.0,64.1
EC002982,SCI_A,Science,13,Monday,3,31.2,74.7,136,92.6,107.0
EC003684,SPT_A,Sports,1,Wednesday,9,27.0,84.8,0,36.2,30.7
EC006138,LIB_A,Library,15,Thursday,12,28.8,72.0,209,54.5,57.5
EC001384,SPT_A,Sports,19,Wednesday,10,29.1,73.1,153,72.4,58.5
EC000050,LIB_A,Library,20,Sunday,6,29.0,75.3,64,46.1,51.5
EC004118,ENG_B,Engineering,19,Thursday,11,29.6,77.4,29,49.2,47.4
EC001497,ENG_A,Engineering,7,Sunday,2,26.3,86.6,0,46.3,41.4
EC001471,BUS_B,Business,16,Wednesday,11,34.4,90.4,193,77.2,84.0
EC007237,LIB_A,Library,8,Wednesday,12,26.2,90.8,43,31.6,36.3
EC007444,ENG_A,Engineering,19,Tuesday,4,29.9,72.7,32,65.3,60.0
EC004072,ENG_A,Engineering,15,Saturday,4,30.4,76.1,83,,72.2
EC007531,SPT_A,Sports,9,Friday,6,28.9,78.7,73,59.2,56.8
EC006687,SPT_A,Sports,11,Monday,1,29.0,70.7,0,46.0,38.6
EC003971,LEC_A,LectureHall,15,Sunday,8,31.0,72.8,43,42.2,38.5
EC000996,BUS_A,Business,20,Thursday,2,29.0,82.3,0,34.4,36.7
EC006549,ADM_A,Administration,1,Wednesday,5,27.7,80.3,0,7.9,22.6
EC001160,BUS_B,Business,15,Wednesday,8,35.5,85.5,151,96.1,84.4
EC007426,BUS_A,Business,20,Monday,1,29.2,76.6,0,37.0,38.5
EC004255,ENG_B,Engineering,23,Thursday,7,26.8,76.5,29,44.4,42.3
EC004881,SPT_A,Sports,23,Friday,1,25.2,81.6,20,82.0,48.9
EC004061,BUS_A,Business,13,Wednesday,6,30.2,69.4,179,76.8,79.9
EC005242,SCI_A,Science,7,Monday,9,27.2,82.9,0,67.7,62.5
EC000295,ENG_B,Engineering,8,Wednesday,12,27.6,,61,44.2,44.1
EC003061,BUS_B,Business,0,Friday,4,27.6,78.0,0,41.2,43.0
EC001457,ENG_A,Engineering,16,Sunday,12,31.1,71.0,43,56.3,67.4
EC004249,ENG_B,Engineering,19,Thursday,10,29.5,69.9,24,,51.3
EC006711,ENG_B,Engineering,8,Monday,8,28.7,83.8,61,51.9,47.2
EC003932,LIB_A,Library,23,Thursday,12,27.9,74.3,28,44.4,38.5
EC007855,RES_B,Residential,22,Tuesday,4,28.5,77.9,234,59.0,50.1
EC006297,ADM_A,Administration,10,Tuesday,4,28.6,72.7,65,40.2,39.0
EC005565,LEC_A,LectureHall,6,Wednesday,7,28.0,74.5,0,27.4,29.8
EC002586,SCI_B,Science,22,Sunday,1,24.9,84.4,16,50.6,56.4
EC003237,SCI_A,Science,22,Sunday,3,26.5,84.5,1,59.2,69.9
EC002379,BUS_A,Business,21,Sunday,3,28.0,78.8,20,30.1,33.7
EC000600,ADM_A,Administration,17,Sunday,8,30.2,73.7,6,27.9,27.7
EC002079,ENG_B,Engineering,11,Friday,10,27.3,77.8,112,48.3,51.2
EC000733,LEC_A,LectureHall,13,Monday,11,27.5,78.0,215,63.7,61.9
EC006841,LEC_A,LectureHall,4,Sunday,10,25.4,87.6,26,21.9,23.7
EC007601,BUS_A,Business,13,Thursday,6,31.6,63.4,130,54.2,62.8
EC005758,RES_B,Residential,23,Friday,12,26.7,81.1,221,48.4,50.6
EC005248,ENG_A,Engineering,4,Wednesday,7,27.0,83.6,0,45.9,42.1
EC006551,LEC_A,LectureHall,13,Wednesday,6,30.0,76.3,264,80.3,86.5
EC003499,RES_A,Residential,20,Thursday,12,27.4,82.0,232,45.6,46.6
EC001312,BUS_A,Business,10,Friday,12,28.6,77.2,85,43.1,48.1
EC006121,LEC_A,LectureHall,0,Friday,3,26.5,91.1,0,23.8,28.2
EC005447,SPT_A,Sports,16,Friday,2,30.9,71.9,53,45.2,51.4
EC000549,LEC_A,LectureHall,5,Monday,2,26.3,79.3,0,28.4,25.0
EC006149,SPT_A,Sports,16,Saturday,4,32.6,69.9,72,62.1,68.7
EC002950,ENG_A,Engineering,17,Sunday,12,29.7,,28,50.6,52.2
EC001099,BUS_B,Business,13,Sunday,9,28.9,73.1,56,41.8,42.4
EC000031,LIB_A,Library,16,Monday,10,30.1,75.2,232,68.6,64.5
EC003380,SCI_A,Science,3,Thursday,12,25.8,83.6,0,67.2,64.6
EC006994,SPT_A,Sports,14,Saturday,1,30.8,67.0,32,33.6,41.3
EC000632,LEC_A,LectureHall,20,Tuesday,1,28.1,75.5,0,25.5,29.1
EC003643,ENG_B,Engineering,15,Tuesday,10,29.6,80.0,136,57.9,67.5
EC004595,LEC_A,LectureHall,4,Thursday,12,24.9,81.1,0,20.3,21.8
EC006908,BUS_A,Business,20,Sunday,12,27.5,77.4,5,28.6,31.9
EC002108,ENG_A,Engineering,4,Sunday,11,25.7,85.2,37,44.8,45.4
EC001635,ENG_A,Engineering,23,Saturday,3,28.8,74.9,,58.5,52.5
EC005458,SCI_B,Science,19,Monday,12,29.7,82.9,20,68.6,70.0
EC002154,SPT_A,Sports,9,Wednesday,11,27.7,77.3,72,48.7,54.5
EC003056,SPT_A,Sports,2,Monday,3,26.6,77.7,0,33.1,36.1
EC007898,LEC_A,LectureHall,19,Sunday,3,28.4,79.4,30,29.6,28.6
EC006636,SPT_A,Sports,14,Saturday,2,31.0,75.6,24,40.6,47.8
EC002147,SPT_A,Sports,6,Friday,5,27.8,81.4,126,53.6,58.3
EC006807,BUS_B,Business,3,Monday,9,26.8,78.3,0,40.7,40.4
EC007747,SCI_B,Science,18,Friday,11,30.3,78.8,63,79.8,84.9
EC007149,LEC_A,LectureHall,3,Wednesday,10,26.3,81.8,17,25.4,29.5
EC007696,ADM_A,Administration,3,Saturday,7,26.1,81.4,0,19.4,20.3
EC007897,LIB_A,Library,9,Friday,11,25.7,85.7,76,32.7,35.5
EC004008,LIB_A,Library,1,Wednesday,12,25.1,84.3,0,22.7,24.5
EC006890,BUS_A,Business,1,Sunday,10,25.4,85.9,0,16.8,23.2
EC003235,ENG_B,Engineering,16,Tuesday,9,29.2,75.1,108,56.9,59.9
EC004247,RES_A,Residential,18,Tuesday,11,28.4,72.1,177,41.5,42.1
EC005991,RES_A,Residential,22,Tuesday,8,27.1,79.3,248,56.6,58.2
EC001090,LIB_A,Library,9,Saturday,9,28.1,83.3,55,39.4,40.6
EC006260,SCI_A,Science,10,Wednesday,10,28.8,70.5,89,81.0,82.5
EC002967,LEC_A,LectureHall,23,Sunday,9,26.5,80.2,22,,30.8
EC005059,SCI_A,Science,10,Tuesday,1,27.6,74.9,94,77.3,88.1
EC007912,BUS_B,Business,16,Friday,12,29.0,,123,62.8,66.6
EC000775,SCI_B,Science,19,Wednesday,3,30.4,80.0,0,68.3,73.4
EC005629,BUS_B,Business,9,Saturday,6,29.2,78.6,0,41.9,40.3
EC002822,BUS_A,Business,9,Wednesday,2,28.1,74.9,79,50.5,45.7
EC006483,LIB_A,Library,12,Sunday,7,29.7,71.9,275,60.3,68.4
EC003157,BUS_A,Business,15,Thursday,3,34.6,86.0,126,80.8,77.1
EC005202,ENG_B,Engineering,13,Wednesday,7,30.1,72.4,160,63.6,74.7
EC005094,SCI_B,Science,11,Tuesday,6,30.1,68.4,98,76.8,90.5
EC006723,RES_B,Residential,6,Wednesday,1,25.7,87.4,164,38.8,36.7
EC000043,BUS_B,Business,7,Wednesday,8,28.3,76.7,4,37.0,36.3
EC003531,SCI_A,Science,19,Wednesday,5,29.2,80.3,13,73.9,76.3
EC001639,ADM_A,Administration,22,Wednesday,8,27.5,81.3,2,20.4,23.9
EC006264,BUS_B,Business,3,Friday,7,27.0,68.0,2,30.1,33.7
EC005939,ENG_B,Engineering,12,Wednesday,6,31.3,77.0,155,70.3,78.9
EC005075,RES_B,Residential,22,Thursday,9,27.5,77.7,209,51.4,56.4
EC007297,LEC_A,LectureHall,5,Monday,9,25.6,84.0,7,23.9,26.3
EC006059,SPT_A,Sports,3,Saturday,12,25.1,83.9,0,28.9,30.1
EC006780,SPT_A,Sports,7,Monday,3,27.2,82.4,127,57.0,52.8
EC000384,ENG_B,Engineering,20,Monday,11,27.4,80.8,10,39.8,40.2
EC003937,RES_B,Residential,16,Tuesday,11,30.1,71.8,143,43.1,42.9
EC006819,ENG_A,Engineering,12,Tuesday,3,30.6,75.6,,99.3,100.9
EC004506,SCI_B,Science,0,Monday,10,25.8,79.7,1,50.8,50.6
EC003572,SCI_B,Science,19,Sunday,12,,96.0,0,57.2,47.9
EC001434,ENG_A,Engineering,2,Monday,2,25.0,72.4,5,28.9,38.5
EC001677,ENG_A,Engineering,15,Tuesday,12,29.1,75.5,184,82.3,78.1
EC005463,SCI_A,Science,11,Sunday,6,29.8,81.5,1,80.3,81.6
EC004173,SCI_A,Science,13,Wednesday,11,29.5,79.2,137,102.1,104.7
EC007146,SCI_B,Science,11,Monday,8,29.1,72.8,97,84.1,86.9
EC001716,SCI_A,Science,0,Monday,2,26.0,77.5,6,62.2,64.0
EC004633,LIB_A,Library,5,Wednesday,7,26.2,80.8,1,22.7,27.9
EC002555,BUS_A,Business,8,Saturday,2,27.8,79.6,29,30.4,29.4
EC007812,BUS_B,Business,19,Saturday,9,30.5,74.4,0,40.8,40.9
EC001683,LIB_A,Library,8,Thursday,6,28.6,79.2,60,33.0,42.4
EC007935,ENG_A,Engineering,14,Monday,9,31.2,68.9,202,94.3,95.1
EC007643,SPT_A,Sports,9,Sunday,4,31.0,71.1,70,56.0,58.4
EC007329,BUS_B,Business,3,Tuesday,9,25.3,84.0,0,28.9,33.9
EC000296,ADM_A,Administration,5,Friday,11,25.8,79.8,12,20.9,21.5
EC002457,LEC_A,LectureHall,21,Wednesday,6,28.3,71.2,39,43.2,38.4
EC000126,RES_A,Residential,13,Saturday,4,32.2,68.4,125,54.5,56.1
EC002500,RES_B,Residential,18,Tuesday,5,30.0,76.8,186,41.2,49.0
EC001995,ENG_A,Engineering,1,Thursday,7,25.4,88.2,29,46.8,46.9
EC001518,SCI_B,Science,1,Sunday,4,26.9,81.7,1,71.0,65.1
EC007541,SCI_A,Science,15,Monday,7,29.9,75.4,100,83.1,87.4
EC005632,BUS_A,Business,2,Monday,4,26.8,80.3,11,33.2,34.6
EC007096,SCI_B,Science,10,Thursday,6,29.2,76.8,112,88.2,91.4
EC007078,RES_A,Residential,22,Tuesday,9,27.6,77.7,284,62.1,57.6
EC005515,LEC_A,LectureHall,23,Saturday,9,26.8,80.8,0,23.7,23.0
EC000912,RES_B,Residential,19,Monday,4,28.6,79.5,167,47.7,42.9
EC003631,SCI_B,Science,14,Sunday,6,30.5,64.6,21,60.6,71.0
EC006681,RES_A,Residential,14,Saturday,8,30.2,72.7,83,45.5,43.9
EC004054,SCI_B,Science,11,Saturday,12,29.5,76.7,11,71.7,73.9
EC006251,ENG_A,Engineering,13,Friday,7,28.0,78.2,228,85.1,87.9
EC007854,LIB_A,Library,18,Saturday,12,29.3,76.6,262,73.8,73.3
EC005581,SCI_A,Science,2,Friday,10,24.5,86.9,22,60.0,65.3
EC000704,SCI_B,Science,22,Friday,1,27.4,77.6,2,70.7,61.1
EC002802,RES_A,Residential,14,Friday,10,29.2,76.2,129,36.0,43.7
EC007685,SCI_B,Science,0,Thursday,12,26.7,78.0,9,54.2,57.0
EC003726,BUS_A,Business,22,Friday,1,26.7,75.6,19,32.2,39.9
EC000895,ENG_A,Engineering,17,Monday,2,29.0,78.8,105,54.6,59.4
EC005922,LEC_A,LectureHall,15,Tuesday,12,35.3,79.9,214,92.4,96.3
EC005074,LIB_A,Library,3,Wednesday,6,25.7,86.2,33,31.2,34.4
EC001243,SCI_A,Science,23,Thursday,4,27.4,77.7,20,70.5,73.1
EC002158,SCI_A,Science,14,Saturday,7,29.6,72.4,48,86.0,85.3
EC003656,LIB_A,Library,0,Wednesday,11,26.1,78.1,0,29.5,28.1
EC005744,SPT_A,Sports,3,Monday,1,24.7,91.4,34,37.4,33.5
EC007305,ENG_B,Engineering,23,Thursday,6,29.1,73.7,0,38.4,41.4
EC006097,SCI_A,Science,9,Tuesday,6,29.5,82.2,69,87.4,98.9
EC003917,ENG_B,Engineering,1,Tuesday,10,25.3,78.0,0,28.2,28.8
EC007310,BUS_B,Business,3,Sunday,4,25.5,78.5,0,27.8,29.3
EC007622,RES_B,Residential,0,Sunday,8,26.4,81.1,123,42.0,42.2
EC003502,RES_B,Residential,5,Sunday,10,24.4,82.6,204,47.5,44.5
EC005531,BUS_B,Business,0,Saturday,9,27.5,77.0,5,33.9,32.9
EC005227,ENG_A,Engineering,10,Monday,9,28.3,79.8,141,67.7,68.0
EC003100,ENG_B,Engineering,22,Monday,10,28.3,86.0,12,45.6,42.9
EC007852,SPT_A,Sports,0,Wednesday,12,26.0,81.5,0,31.2,32.3
EC001358,LEC_A,LectureHall,7,Wednesday,10,,99.2,0,22.6,22.4
EC006975,LEC_A,LectureHall,12,Thursday,6,31.7,67.9,221,87.9,85.6
EC005751,LEC_A,LectureHall,22,Tuesday,7,27.3,77.5,31,95.1,60.4
EC006259,BUS_B,Business,14,Tuesday,10,30.5,79.2,177,63.5,71.7
EC007570,LIB_A,Library,21,Wednesday,10,24.9,96.4,97,43.7,38.6
EC003804,LEC_A,LectureHall,15,Wednesday,4,30.8,72.2,184,67.5,70.3
EC002249,SPT_A,Sports,1,Tuesday,7,26.9,88.0,0,30.5,33.7
EC006030,ENG_B,Engineering,16,Monday,5,30.7,70.9,127,73.3,76.7
EC007272,LIB_A,Library,5,Monday,11,25.1,89.8,0,24.2,25.2
EC007394,SCI_A,Science,16,Friday,6,29.1,76.0,88,92.7,92.0
EC005312,BUS_A,Business,23,Tuesday,2,26.6,74.1,1,30.3,32.3
EC007358,RES_A,Residential,16,Thursday,11,29.9,75.3,115,39.1,44.7
EC003386,ADM_A,Administration,5,Thursday,8,27.0,83.9,1,21.5,24.3
EC005490,BUS_B,Business,3,Sunday,4,26.1,84.7,0,7.1,22.6
EC004397,ENG_B,Engineering,3,Monday,3,26.9,82.5,10,34.5,36.1
EC007883,ADM_A,Administration,20,Friday,9,28.9,78.7,0,22.2,25.5
EC006174,SCI_A,Science,18,Thursday,4,28.9,74.0,173,109.2,114.8
EC007417,SCI_A,Science,21,Wednesday,12,26.2,76.6,23,66.6,73.8
EC005683,BUS_A,Business,15,Friday,5,31.6,72.2,112,55.8,61.0
EC004905,ENG_B,Engineering,6,Wednesday,6,26.9,81.2,13,42.9,42.4
EC004279,ADM_A,Administration,8,Thursday,10,26.2,84.1,42,28.0,27.5
EC001328,BUS_B,Business,3,Monday,11,27.2,78.2,0,40.3,40.4
EC001899,ADM_A,Administration,9,Wednesday,6,27.5,82.2,59,40.2,27.6
EC006702,LIB_A,Library,5,Thursday,1,26.4,74.1,0,26.0,25.9
EC002443,RES_A,Residential,11,Saturday,12,27.8,65.4,177,43.7,49.3
EC005359,ADM_A,Administration,15,Monday,7,31.6,79.8,99,48.5,48.5
EC001368,SCI_B,Science,11,Tuesday,9,28.5,76.6,105,90.4,76.8
EC001440,SPT_A,Sports,15,Sunday,7,29.8,74.1,186,66.3,64.9
EC001276,ENG_A,Engineering,19,Tuesday,12,29.1,74.3,36,48.9,52.1
EC003024,BUS_A,Business,3,Monday,6,27.3,83.4,6,26.6,32.8
EC005871,RES_A,Residential,11,Sunday,11,29.2,80.3,109,41.1,39.9
EC000388,SPT_A,Sports,3,Monday,10,25.6,82.5,27,38.3,33.3
EC007844,RES_B,Residential,0,Saturday,3,27.4,77.6,132,39.8,42.0
EC004340,SCI_B,Science,19,Tuesday,10,28.5,74.7,17,64.0,68.6
EC007742,BUS_A,Business,7,Wednesday,7,26.7,82.4,34,37.2,41.9
EC004045,ADM_A,Administration,13,Wednesday,1,30.0,68.6,99,39.2,46.3
EC004665,LIB_A,Library,23,Thursday,9,25.9,,59,32.2,36.7
EC000338,ENG_B,Engineering,14,Monday,1,30.5,69.1,151,70.2,73.0
EC005292,LIB_A,Library,13,Saturday,11,29.5,75.2,99,35.1,48.3
EC006881,BUS_A,Business,4,Monday,1,25.9,80.4,0,7.0,22.7
EC002709,LIB_A,Library,16,Wednesday,2,30.2,73.9,200,54.2,62.3
EC003166,RES_B,Residential,6,Sunday,4,27.8,84.7,,52.6,55.1
EC003290,LIB_A,Library,0,Saturday,7,27.6,78.8,0,,28.8
EC000077,RES_B,Residential,14,Wednesday,11,30.6,76.3,97,42.0,42.1
EC001445,ENG_B,Engineering,3,Tuesday,6,27.6,75.8,0,40.3,42.1
EC002705,ENG_B,Engineering,17,Tuesday,3,29.6,80.0,65,56.0,57.8
EC004929,ENG_A,Engineering,17,Wednesday,1,29.7,81.0,87,70.8,64.5
EC006746,BUS_B,Business,11,Saturday,1,28.2,90.4,51,46.7,42.1
EC003278,BUS_A,Business,14,Thursday,6,29.7,72.1,160,61.6,61.3
EC006215,ENG_B,Engineering,13,Sunday,2,29.6,74.0,60,53.1,63.2
EC002024,RES_A,Residential,21,Monday,1,24.8,96.2,235,51.2,51.9
EC000803,LIB_A,Library,3,Thursday,3,26.2,79.9,19,29.5,31.7
EC006051,ENG_A,Engineering,13,Monday,6,31.3,72.1,187,78.2,82.0
EC001054,LIB_A,Library,22,Thursday,3,27.5,76.5,44,40.6,43.3
EC000511,LEC_A,LectureHall,15,Wednesday,9,34.2,79.9,199,80.9,84.3
EC000113,LEC_A,LectureHall,17,Monday,12,30.0,72.8,85,52.3,54.7
EC000393,LEC_A,LectureHall,11,Thursday,11,28.6,80.7,201,72.8,69.7
EC000513,LEC_A,LectureHall,8,Tuesday,6,27.3,78.6,93,42.4,45.1
EC001836,LEC_A,LectureHall,22,Saturday,9,26.6,84.2,0,19.7,21.1
EC000612,LEC_A,LectureHall,6,Thursday,9,25.4,78.9,17,22.8,25.3
EC001077,RES_A,Residential,17,Thursday,9,29.0,78.5,167,46.4,43.9
EC001387,SPT_A,Sports,20,Thursday,7,28.6,77.6,147,50.7,61.2
EC005929,RES_B,Residential,11,Thursday,9,29.0,73.6,128,38.9,43.1
EC005433,RES_A,Residential,16,Friday,3,31.6,67.9,108,48.0,50.1
EC001205,SCI_A,Science,3,Tuesday,3,26.8,80.1,0,62.8,67.6
EC003599,SPT_A,Sports,22,Monday,7,27.3,84.1,65,48.9,52.3
EC004407,ENG_B,Engineering,2,Tuesday,3,26.1,95.0,9,38.5,43.7
EC004448,BUS_B,Business,18,Monday,11,27.5,81.1,51,37.8,42.8
EC007206,ENG_B,Engineering,6,Thursday,8,26.7,78.5,29,40.2,39.7
EC000790,ADM_A,Administration,12,Sunday,8,29.7,76.3,35,30.4,31.7
EC003075,ENG_B,Engineering,8,Friday,10,28.3,78.3,70,55.1,54.2
EC002960,SPT_A,Sports,6,Monday,11,26.6,82.2,103,46.6,51.6
EC001964,SCI_B,Science,2,Tuesday,10,25.8,72.2,3,86.8,70.5
EC007137,SPT_A,Sports,14,Friday,2,30.7,76.5,56,58.2,48.9
EC000036,ADM_A,Administration,21,Friday,1,28.4,78.9,2,26.6,27.4
EC000454,RES_A,Residential,14,Sunday,11,29.1,80.8,160,49.5,49.2
EC003399,RES_B,Residential,4,Friday,12,26.7,81.2,138,39.4,38.6
EC001664,ENG_B,Engineering,8,Saturday,7,28.0,83.1,12,47.1,46.2
EC003263,RES_A,Residential,18,Monday,1,28.1,72.6,138,43.7,49.7
EC006089,RES_A,Residential,1,Saturday,2,26.1,85.8,121,52.8,46.6
EC001486,ENG_B,Engineering,7,Monday,12,25.5,75.5,10,35.4,35.9
EC001974,LIB_A,Library,9,Wednesday,11,28.5,71.6,69,38.5,37.8
EC001338,LEC_A,LectureHall,11,Sunday,7,28.8,69.7,49,34.9,38.8
EC004298,ENG_B,Engineering,2,Saturday,1,26.4,81.6,0,41.0,39.1
EC003623,ENG_A,Engineering,16,Thursday,2,29.7,76.8,127,67.6,65.0
EC002849,BUS_A,Business,13,Tuesday,11,31.3,68.0,159,62.4,73.2
EC001834,LEC_A,LectureHall,22,Monday,9,26.8,77.4,12,25.8,28.4
EC004915,SPT_A,Sports,12,Thursday,2,29.0,79.4,12,46.2,45.2
EC007608,SPT_A,Sports,11,Wednesday,6,30.1,77.9,39,40.0,43.7
EC000108,RES_B,Residential,3,Wednesday,4,26.7,77.3,197,49.4,50.2
EC004617,BUS_A,Business,17,Saturday,4,30.8,78.4,34,42.8,51.0
EC001565,RES_A,Residential,7,Saturday,11,26.8,76.5,268,60.8,58.5
EC005342,RES_A,Residential,7,Sunday,8,26.4,84.0,255,50.2,49.7
EC001385,SCI_B,Science,9,Thursday,7,30.6,80.0,73,82.1,86.4
EC005891,ENG_B,Engineering,12,Wednesday,10,29.1,70.7,180,77.8,78.3
EC000052,SCI_A,Science,9,Friday,7,29.9,69.6,62,82.9,88.5
EC004683,ENG_A,Engineering,15,Monday,2,30.0,84.7,177,68.0,81.9
EC006309,BUS_B,Business,11,Wednesday,12,28.0,73.5,138,57.7,61.3
EC005823,LEC_A,LectureHall,22,Saturday,1,25.8,76.5,16,23.3,22.6
EC000998,LIB_A,Library,4,Wednesday,5,27.3,80.4,0,34.5,37.5
EC004592,BUS_B,Business,8,Monday,10,27.8,76.8,70,43.4,52.5
EC007416,LIB_A,Library,17,Thursday,11,29.2,78.2,199,56.4,54.9
EC005883,ENG_B,Engineering,7,Tuesday,4,26.6,83.2,143,23.6,46.7
EC007070,SCI_B,Science,3,Monday,6,27.4,74.7,5,51.8,58.1
EC002842,SCI_A,Science,9,Wednesday,9,28.4,79.3,74,77.8,80.5
EC001524,LEC_A,LectureHall,21,Monday,11,26.4,75.4,0,26.2,23.7
EC002926,RES_A,Residential,15,Wednesday,10,31.7,70.0,119,39.9,43.7
EC005668,RES_A,Residential,0,Friday,1,25.3,77.6,157,43.4,42.9
EC003977,LEC_A,LectureHall,1,Sunday,5,26.1,83.3,0,19.2,25.5
EC007372,RES_B,Residential,8,Sunday,3,28.2,79.3,219,46.8,42.4
EC002852,ENG_B,Engineering,17,Tuesday,6,30.1,78.8,110,61.1,61.8
EC006424,BUS_B,Business,20,Monday,7,29.3,74.4,10,42.0,44.8
EC006753,SCI_A,Science,6,Sunday,10,27.0,75.7,0,63.3,63.6
EC000364,ENG_B,Engineering,5,Friday,1,26.1,83.8,11,37.0,35.3
EC003284,RES_A,Residential,12,Thursday,2,30.0,77.5,,43.3,50.3
EC006845,ENG_B,Engineering,4,Sunday,2,26.6,82.8,11,40.0,38.4
EC004789,ADM_A,Administration,21,Thursday,4,24.8,99.5,0,23.8,27.1
EC001745,RES_B,Residential,23,Saturday,1,25.2,77.9,270,49.5,51.0
EC004836,LEC_A,LectureHall,15,Monday,3,31.7,68.7,195,74.8,79.7
EC005443,LIB_A,Library,2,Wednesday,2,25.0,76.2,0,26.2,25.2
EC000030,RES_A,Residential,16,Tuesday,3,34.7,79.4,258,71.7,74.1
EC004311,ENG_B,Engineering,7,Sunday,12,25.5,84.1,0,33.1,33.2
EC002417,BUS_B,Business,4,Saturday,3,27.2,75.7,0,32.8,35.9
EC002722,BUS_A,Business,1,Wednesday,1,26.0,79.7,0,31.1,29.2
EC006643,ADM_A,Administration,5,Thursday,7,28.6,76.2,0,27.4,26.3
EC004422,BUS_B,Business,4,Tuesday,10,26.0,83.7,,38.1,35.5
EC001680,LIB_A,Library,12,Sunday,6,31.1,71.5,112,53.2,53.7
EC002212,ENG_A,Engineering,8,Tuesday,1,28.0,79.7,84,65.0,62.3
EC007503,ENG_B,Engineering,11,Thursday,8,29.6,69.9,130,60.5,67.1
EC005538,LIB_A,Library,20,Saturday,1,29.1,75.6,95,51.0,54.4
EC005971,BUS_A,Business,6,Monday,6,26.9,81.7,2,30.4,32.9
EC004847,SCI_A,Science,4,Monday,1,25.6,83.2,11,61.6,67.4
EC004750,RES_B,Residential,22,Thursday,1,28.0,79.0,253,64.6,61.6
EC003934,BUS_A,Business,2,Sunday,9,26.4,89.1,0,,19.8
EC003605,RES_B,Residential,21,Monday,5,27.7,80.2,169,50.0,49.4
EC004013,LEC_A,LectureHall,3,Wednesday,8,24.5,78.9,0,,23.1
EC002029,RES_B,Residential,22,Wednesday,4,27.8,82.3,218,56.5,55.4
EC001447,LIB_A,Library,9,Thursday,5,30.5,76.4,36,39.0,44.0
EC005407,RES_B,Residential,22,Monday,11,27.5,82.0,226,49.3,54.4
EC004771,ADM_A,Administration,2,Monday,6,27.1,78.7,0,15.1,21.5
EC000293,BUS_A,Business,2,Wednesday,1,25.5,85.1,8,27.9,30.4
EC002375,BUS_A,Business,4,Monday,2,25.8,85.8,0,25.0,26.0
EC003644,ENG_A,Engineering,13,Tuesday,5,29.7,73.2,208,89.1,93.2
EC005131,ENG_B,Engineering,5,Saturday,5,28.7,79.0,0,39.9,46.3
EC000475,ENG_A,Engineering,5,Saturday,2,25.9,84.7,6,40.7,42.1
EC007014,RES_A,Residential,1,Tuesday,9,26.4,87.1,157,44.9,49.3
EC006073,LEC_A,LectureHall,16,Saturday,3,31.1,75.1,39,44.4,41.9
EC000539,LIB_A,Library,9,Saturday,6,29.1,73.1,27,33.4,39.3
EC002891,SCI_A,Science,9,Monday,12,28.3,79.5,130,49.3,79.2
EC007546,SPT_A,Sports,7,Saturday,4,28.1,,107,49.1,57.6
EC001897,ENG_A,Engineering,21,Saturday,7,27.8,75.1,4,41.1,45.1
EC003851,ENG_A,Engineering,11,Tuesday,11,28.6,87.3,155,69.9,71.3
EC006569,RES_B,Residential,20,Wednesday,11,27.7,80.1,199,51.7,48.2
EC001056,LIB_A,Library,19,Friday,9,28.9,80.5,151,61.6,56.6
EC005226,BUS_B,Business,5,Saturday,1,26.1,81.8,13,28.7,30.3
EC007319,LEC_A,LectureHall,9,Friday,8,27.8,84.6,104,56.5,49.2
EC000859,SPT_A,Sports,15,Monday,7,30.2,76.3,44,50.6,50.0
EC001493,ENG_B,Engineering,19,Saturday,10,28.5,82.5,0,30.5,37.8
EC001888,LEC_A,LectureHall,18,Monday,11,29.5,75.6,79,39.8,47.4
EC003838,LEC_A,LectureHall,4,Saturday,8,26.6,83.2,0,23.2,24.4
EC007899,SCI_A,Science,3,Saturday,7,26.1,78.4,6,65.8,62.9
EC004244,BUS_A,Business,10,Monday,5,28.9,73.6,99,54.4,53.4
EC002258,ENG_B,Engineering,20,Sunday,2,30.0,74.2,0,52.4,53.5
EC004719,BUS_B,Business,15,Saturday,4,30.3,72.3,9,36.4,37.4
EC005265,SCI_A,Science,0,Wednesday,7,27.5,82.7,2,75.0,72.4
EC004541,SPT_A,Sports,8,Friday,5,28.4,77.8,107,55.1,58.4
EC003570,ENG_B,Engineering,23,Monday,8,27.9,78.2,33,36.6,40.4
EC000135,ENG_A,Engineering,18,Sunday,12,29.7,70.4,22,51.4,51.9
EC004186,RES_A,Residential,20,Sunday,5,26.9,76.2,238,52.5,56.2
EC004488,RES_A,Residential,15,Sunday,2,,65.2,169,56.3,49.7
EC001993,ENG_A,Engineering,9,Monday,1,29.7,76.8,95,61.8,63.0
EC005062,BUS_B,Business,9,Friday,12,27.6,76.5,73,41.9,45.3
EC005196,LIB_A,Library,19,Sunday,4,29.7,69.9,129,57.6,60.5
EC004959,SCI_B,Science,3,Thursday,1,25.1,84.1,,48.2,54.6
EC004886,RES_B,Residential,23,Tuesday,7,,89.0,247,54.2,54.4
EC001098,ENG_A,Engineering,6,Saturday,1,26.0,76.2,0,42.4,45.2
EC007421,BUS_B,Business,12,Friday,2,30.2,69.6,167,67.7,70.9
EC002422,SPT_A,Sports,23,Thursday,6,26.8,78.0,43,105.7,65.2
EC002883,LEC_A,LectureHall,11,Monday,6,29.4,80.3,155,56.2,60.5
EC000731,LIB_A,Library,15,Tuesday,9,31.0,69.2,179,57.7,54.5
EC001754,BUS_B,Business,22,Thursday,11,27.6,84.7,18,44.7,45.3
EC002318,SPT_A,Sports,5,Friday,9,25.7,78.8,60,40.4,38.1
EC001657,SPT_A,Sports,12,Sunday,2,32.4,67.8,0,55.7,50.1
EC007914,BUS_B,Business,9,Tuesday,12,28.1,73.7,88,46.6,51.3
EC005046,LEC_A,LectureHall,20,Friday,11,27.4,83.4,12,29.1,28.8
EC003462,BUS_A,Business,12,Friday,8,29.6,76.0,,59.4,59.2
EC006825,ENG_B,Engineering,10,Wednesday,1,29.3,73.7,117,58.1,59.7
EC006159,SCI_A,Science,10,Sunday,11,27.5,,25,75.2,76.2
EC002280,RES_A,Residential,11,Sunday,3,29.7,76.9,176,47.8,52.6
EC007759,ADM_A,Administration,13,Sunday,11,28.6,75.4,31,25.5,29.1
EC003585,SCI_B,Science,11,Thursday,10,29.0,70.7,88,,78.4
EC007376,LEC_A,LectureHall,5,Wednesday,2,25.9,80.4,21,27.5,30.9
EC000066,ENG_A,Engineering,22,Tuesday,2,27.5,76.4,0,41.7,40.9
EC007195,BUS_B,Business,20,Wednesday,4,30.6,75.4,23,49.4,56.4
EC003583,BUS_B,Business,0,Saturday,6,27.7,75.4,6,32.7,37.1
EC001867,BUS_B,Business,3,Thursday,10,24.6,86.4,4,31.4,31.1
EC005655,RES_B,Residential,6,Friday,11,26.5,82.0,131,36.9,44.9
EC006197,LEC_A,LectureHall,7,Sunday,6,27.5,77.0,0,21.8,24.3
EC004536,LIB_A,Library,3,Sunday,10,26.2,78.6,17,25.1,31.6
EC007778,SCI_A,Science,11,Wednesday,11,30.0,69.5,105,73.8,91.4
EC004078,SCI_A,Science,9,Wednesday,6,29.4,76.3,88,85.2,86.0
EC004601,BUS_A,Business,14,Wednesday,11,28.0,77.2,123,45.3,46.2
EC006142,SCI_A,Science,9,Monday,1,27.6,75.1,64,85.8,86.0
EC000940,LIB_A,Library,1,Thursday,9,25.7,86.2,0,23.0,26.2
EC006129,SPT_A,Sports,23,Thursday,4,27.0,75.3,27,41.1,38.4
EC005518,BUS_A,Business,17,Sunday,6,30.8,70.2,14,40.7,37.0
EC001361,LIB_A,Library,20,Sunday,11,24.2,97.9,112,39.5,42.6
EC000571,SCI_A,Science,16,Saturday,1,29.5,74.0,23,87.0,87.6
EC005824,ENG_A,Engineering,4,Wednesday,10,26.3,77.1,1,40.4,35.4
EC003200,BUS_A,Business,5,Thursday,4,27.2,73.7,21,29.9,34.8
EC000845,SCI_A,Science,2,Friday,7,24.9,85.1,10,57.1,58.6
EC001484,SCI_A,Science,17,Monday,2,28.2,79.4,71,96.2,90.6
EC007825,BUS_A,Business,0,Tuesday,9,26.0,88.6,,28.8,28.9
EC000720,SCI_A,Science,4,Sunday,9,26.5,81.0,0,65.4,55.9
EC006380,RES_B,Residential,15,Monday,11,27.7,69.4,92,27.5,34.7
EC002090,RES_A,Residential,5,Saturday,4,27.4,81.3,245,58.9,53.4
EC004049,BUS_A,Business,6,Wednesday,5,26.2,77.3,7,35.2,32.5
EC003518,LIB_A,Library,11,Wednesday,2,29.3,76.3,124,53.9,53.1
EC002886,ENG_A,Engineering,18,Saturday,5,31.8,72.6,39,64.2,60.9
EC007151,BUS_A,Business,9,Friday,4,30.0,72.6,61,46.8,49.3
EC006613,RES_B,Residential,2,Friday,4,26.7,84.5,145,46.7,48.8
EC005801,LIB_A,Library,13,Friday,10,31.0,,154,43.3,47.4
EC004639,BUS_B,Business,10,Saturday,12,28.6,75.0,48,43.0,44.5
EC002151,LIB_A,Library,23,Thursday,4,28.2,81.5,19,36.8,40.1
EC000437,LEC_A,LectureHall,4,Sunday,3,25.2,87.6,25,22.2,21.2
EC001028,ADM_A,Administration,14,Wednesday,5,32.6,68.2,95,52.8,51.6
EC003679,ENG_B,Engineering,11,Sunday,9,,74.6,27,45.8,49.1
EC006371,ADM_A,Administration,10,Wednesday,12,28.4,74.3,73,28.3,35.1
EC003475,RES_A,Residential,9,Saturday,3,29.5,80.8,178,35.4,47.6
EC005507,SCI_A,Science,8,Friday,8,27.3,82.2,52,,74.5
EC000121,BUS_B,Business,14,Saturday,1,31.6,76.5,43,43.5,46.9
EC001013,SCI_B,Science,6,Thursday,9,24.9,71.8,1,52.4,50.1
EC005687,BUS_B,Business,19,Friday,4,29.0,71.2,10,45.7,38.2
EC004937,SPT_A,Sports,13,Wednesday,10,30.1,75.2,28,37.3,43.9
EC000074,BUS_A,Business,5,Sunday,8,27.6,78.0,10,30.9,29.5
EC002623,RES_B,Residential,21,Saturday,5,28.6,79.0,242,52.1,51.3
EC004744,ENG_A,Engineering,7,Wednesday,6,27.9,68.3,0,,41.9
EC005921,RES_A,Residential,1,Thursday,4,27.0,74.7,128,46.6,45.3
EC003079,LEC_A,LectureHall,10,Thursday,10,27.2,75.7,139,64.7,54.4
EC000065,ENG_A,Engineering,8,Friday,12,26.9,80.6,89,57.1,57.6
EC000046,RES_A,Residential,0,Tuesday,4,27.7,80.0,116,49.6,49.9
EC007107,LEC_A,LectureHall,21,Friday,12,27.1,75.3,27,25.6,25.2
EC001972,SCI_A,Science,20,Thursday,12,28.2,75.1,15,69.7,68.9
EC005037,RES_B,Residential,5,Monday,6,26.9,79.1,159,43.9,47.8
EC000726,SCI_A,Science,2,Friday,1,27.3,84.5,15,62.7,66.7
EC007447,SCI_A,Science,9,Tuesday,9,27.8,82.4,63,80.4,76.3
EC003946,SPT_A,Sports,17,Wednesday,6,29.5,78.0,167,60.6,68.3
EC002901,LIB_A,Library,1,Saturday,11,26.6,82.0,0,32.2,27.2
EC005184,RES_B,Residential,23,Saturday,12,27.9,79.8,262,52.0,60.6
EC003689,BUS_A,Business,8,Wednesday,6,28.8,75.5,61,45.9,44.3
EC004825,LEC_A,LectureHall,21,Sunday,8,29.1,81.1,0,,31.2
EC004035,LEC_A,LectureHall,8,Wednesday,4,28.3,77.0,154,36.0,53.0
EC006720,BUS_A,Business,8,Tuesday,8,28.3,,,17.9,39.2
EC002630,ENG_B,Engineering,12,Tuesday,7,29.4,76.5,164,71.9,72.1
EC002439,SPT_A,Sports,11,Saturday,7,,74.1,68,53.1,54.0
EC004935,ADM_A,Administration,7,Monday,2,26.3,77.0,0,25.1,21.0
EC002941,ENG_A,Engineering,11,Friday,3,30.0,76.3,190,75.9,89.6
EC006357,SPT_A,Sports,16,Monday,3,31.4,73.1,90,58.9,58.5
EC001435,LIB_A,Library,21,Wednesday,9,29.0,72.5,80,46.5,44.7
EC004259,RES_A,Residential,21,Tuesday,10,25.5,92.1,204,47.0,51.2
EC003561,RES_B,Residential,6,Saturday,6,27.1,81.3,216,47.2,51.2
EC007365,SCI_B,Science,4,Sunday,9,24.4,83.2,0,50.1,54.9
EC002285,LEC_A,LectureHall,11,Saturday,6,30.2,70.4,257,95.8,80.6
EC005718,ADM_A,Administration,13,Monday,11,28.7,74.5,116,,45.2
EC007787,RES_A,Residential,2,Monday,5,25.4,79.8,178,47.2,47.3
EC002483,LIB_A,Library,17,Saturday,6,29.7,73.3,171,52.4,55.7
EC004819,BUS_B,Business,11,Tuesday,9,29.6,69.2,134,58.4,62.1
EC000105,BUS_B,Business,14,Friday,9,30.6,69.0,156,61.1,72.3
EC006266,BUS_A,Business,3,Saturday,12,25.4,85.8,16,28.1,32.2
EC005511,SPT_A,Sports,13,Friday,4,29.9,70.0,26,41.5,45.0
EC005592,LEC_A,LectureHall,10,Saturday,7,29.5,78.9,39,35.5,42.2
EC003595,LEC_A,LectureHall,21,Sunday,6,28.8,78.8,0,25.3,23.8
EC006224,LEC_A,LectureHall,9,Friday,7,27.3,87.0,94,42.8,48.7
EC005676,RES_B,Residential,23,Tuesday,9,25.8,86.2,227,50.3,48.5
EC005478,LEC_A,LectureHall,21,Monday,3,29.3,65.1,0,29.6,31.4
EC003630,LEC_A,LectureHall,9,Friday,7,30.1,73.2,140,56.4,59.7
EC002152,SCI_B,Science,0,Monday,10,26.4,77.7,0,63.6,56.8
EC004948,SPT_A,Sports,13,Tuesday,8,29.3,87.1,0,41.3,38.3
EC004567,SCI_A,Science,10,Friday,5,29.3,68.5,104,99.0,95.5
EC004399,RES_B,Residential,14,Saturday,6,29.7,,107,38.5,39.6
EC002337,LIB_A,Library,3,Monday,12,25.5,81.5,2,31.8,26.4
EC004816,SCI_B,Science,16,Tuesday,2,28.8,77.6,83,80.4,79.7
EC007956,SPT_A,Sports,19,Monday,12,28.7,72.5,172,57.9,61.2
EC005167,RES_B,Residential,0,Thursday,11,26.9,78.6,86,37.1,39.1
EC005052,SCI_A,Science,21,Thursday,8,29.1,70.9,36,65.4,70.4
EC006827,RES_B,Residential,21,Thursday,1,28.8,73.9,173,50.8,53.4
EC000391,ENG_B,Engineering,11,Sunday,3,29.9,71.4,27,53.2,54.8
EC006631,ENG_A,Engineering,9,Sunday,11,29.0,85.3,57,54.0,52.3
EC001288,ENG_A,Engineering,18,Tuesday,3,31.7,66.3,82,75.0,69.6
EC005856,SPT_A,Sports,12,Tuesday,4,30.1,75.2,23,48.2,45.3
EC000061,SPT_A,Sports,10,Sunday,3,29.3,79.6,42,44.0,41.7
EC006006,LEC_A,LectureHall,9,Friday,5,28.8,81.5,112,47.5,56.3
EC000248,SCI_A,Science,4,Tuesday,5,25.9,87.6,1,61.0,64.3
EC004280,ADM_A,Administration,7,Wednesday,10,27.6,82.8,0,,21.4
EC002184,SCI_A,Science,20,Monday,7,29.7,74.5,34,82.5,85.4
EC005358,RES_A,Residential,8,Friday,5,29.1,73.6,207,44.0,43.6
EC001641,RES_B,Residential,22,Thursday,7,27.1,75.9,240,54.2,54.0
EC002254,SCI_B,Science,5,Friday,2,25.9,87.6,7,63.7,63.9
EC004822,LEC_A,LectureHall,12,Tuesday,4,31.3,69.6,206,73.3,84.3
EC002413,ENG_A,Engineering,14,Monday,12,31.5,66.1,170,81.5,88.8
EC006662,ENG_A,Engineering,8,Wednesday,6,28.2,78.0,94,62.5,60.4
EC001724,BUS_A,Business,7,Tuesday,9,27.5,79.1,7,31.0,28.9
EC006162,LEC_A,LectureHall,0,Friday,11,26.1,80.4,26,25.9,30.1
EC007934,BUS_B,Business,8,Friday,6,23.7,98.2,75,35.2,41.8
EC000289,ADM_A,Administration,0,Saturday,12,24.9,93.2,5,16.8,17.9
EC003202,ADM_A,Administration,2,Monday,8,26.0,,0,21.6,25.1
EC001576,LIB_A,Library,3,Thursday,8,26.1,87.4,0,24.7,27.1
EC000886,ENG_A,Engineering,1,Friday,11,25.5,83.3,8,62.1,42.7
EC006214,RES_B,Residential,10,Friday,6,29.3,77.3,147,41.0,40.7
EC002569,BUS_A,Business,18,Sunday,1,28.5,80.6,11,32.0,33.8
EC000791,ENG_A,Engineering,4,Saturday,1,27.9,78.2,2,51.6,49.0
EC007320,LEC_A,LectureHall,14,Friday,9,,72.0,186,54.3,61.1
EC006586,ENG_A,Engineering,3,Friday,3,26.4,73.2,12,39.6,45.5
EC005704,RES_A,Residential,23,Thursday,11,28.7,82.1,255,62.2,60.1
EC003045,LIB_A,Library,17,Monday,3,29.4,80.7,168,48.7,54.8
EC002402,RES_B,Residential,2,Monday,6,28.0,75.9,151,47.5,48.1
EC000668,BUS_B,Business,5,Wednesday,12,27.2,80.2,3,34.5,40.2
EC004695,SPT_A,Sports,5,Thursday,1,26.8,77.5,69,43.3,49.7
EC006066,BUS_B,Business,16,Wednesday,9,29.7,70.8,124,61.2,62.0
EC001611,LEC_A,LectureHall,23,Friday,6,26.0,83.1,27,97.6,53.3
EC003155,RES_B,Residential,4,Thursday,10,25.8,81.2,167,50.4,46.1
EC003922,BUS_B,Business,7,Sunday,4,27.7,77.9,15,37.9,41.5
EC002634,ENG_A,Engineering,2,Saturday,8,26.6,77.8,18,40.6,40.0
EC001557,ADM_A,Administration,22,Monday,1,27.0,79.0,0,27.7,23.0
EC000413,LEC_A,LectureHall,14,Saturday,5,30.2,75.6,58,34.5,37.7
EC001365,ENG_A,Engineering,12,Friday,10,29.6,68.5,198,91.1,87.1
EC000714,ENG_B,Engineering,3,Saturday,2,26.2,80.1,7,34.0,39.6
EC003123,SPT_A,Sports,22,Tuesday,12,27.5,70.2,29,80.8,52.2
EC000259,BUS_A,Business,18,Saturday,12,29.5,80.8,0,40.1,38.9
EC000679,RES_B,Residential,18,Wednesday,12,29.3,76.6,150,40.0,41.1
EC004843,SPT_A,Sports,10,Sunday,11,27.5,88.4,38,41.5,41.0
EC006117,ENG_B,Engineering,19,Wednesday,6,28.5,77.6,22,47.3,45.4
EC001608,RES_B,Residential,14,Tuesday,11,29.2,77.5,107,34.8,33.5
EC003900,BUS_B,Business,11,Thursday,7,30.7,71.0,133,65.5,69.9
EC001468,SCI_A,Science,11,Friday,2,28.9,76.8,127,98.7,98.5
EC004940,RES_A,Residential,0,Thursday,3,26.6,78.2,73,37.3,45.1
EC001551,ENG_B,Engineering,14,Friday,9,30.5,63.8,137,64.3,65.6
EC005177,SCI_A,Science,0,Sunday,11,25.2,76.1,0,55.3,61.2
EC001962,LIB_A,Library,15,Thursday,3,29.8,81.0,177,56.1,61.4
EC005890,BUS_A,Business,21,Wednesday,8,27.6,80.0,14,32.0,31.4
EC000888,LEC_A,LectureHall,11,Friday,7,31.8,66.0,192,71.2,78.3
EC006245,BUS_A,Business,15,Sunday,4,31.0,69.6,43,44.6,45.4
EC003512,SPT_A,Sports,1,Sunday,6,26.7,76.5,9,35.1,34.9
EC006532,ENG_B,Engineering,17,Sunday,6,30.6,73.1,25,55.5,55.3
EC004889,BUS_A,Business,14,Monday,3,32.3,68.7,138,67.1,68.3
EC006615,ENG_A,Engineering,17,Saturday,11,29.1,69.6,41,55.7,53.1
EC007931,BUS_B,Business,20,Sunday,6,30.2,71.2,12,43.4,43.7
EC003169,BUS_B,Business,9,Wednesday,12,28.9,75.9,106,53.9,50.5
EC002261,SCI_A,Science,10,Friday,6,29.0,76.1,110,95.6,99.2
EC004103,LEC_A,LectureHall,12,Sunday,10,30.0,65.9,73,45.6,48.3
EC004217,LIB_A,Library,19,Thursday,10,29.8,78.8,147,62.1,60.9
EC005807,RES_A,Residential,21,Friday,3,29.4,74.3,248,52.3,58.1
EC005769,RES_B,Residential,3,Monday,10,26.0,80.2,139,44.3,42.1
EC000997,BUS_A,Business,0,Monday,2,25.1,87.9,0,24.4,29.7
EC006698,LIB_A,Library,11,Saturday,4,29.7,79.8,96,46.9,49.0
EC002019,BUS_B,Business,15,Sunday,11,29.1,76.6,42,31.6,38.0
EC002778,BUS_A,Business,16,Sunday,8,30.9,71.2,34,38.8,46.5
EC005334,RES_A,Residential,7,Wednesday,8,24.1,,169,40.8,48.8
EC007091,RES_B,Residential,3,Saturday,10,25.1,85.1,171,43.8,47.9
EC007058,BUS_A,Business,0,Tuesday,4,27.1,82.5,0,31.9,35.7
EC002561,BUS_B,Business,19,Sunday,9,28.9,75.0,2,32.6,40.0
EC007807,BUS_B,Business,23,Saturday,9,26.2,85.4,5,28.3,29.4
EC000778,ENG_B,Engineering,6,Saturday,4,28.8,80.4,0,45.2,47.6
EC005061,SCI_A,Science,16,Monday,1,30.3,79.3,83,97.3,94.2
EC006663,ENG_A,Engineering,16,Monday,12,30.2,78.4,142,79.9,77.7
EC004907,LIB_A,Library,23,Friday,7,28.1,78.7,43,40.0,41.3
EC006440,RES_A,Residential,2,Monday,11,,82.2,149,37.1,45.5
EC002870,RES_B,Residential,7,Monday,7,28.2,79.3,198,40.2,46.5
EC000566,BUS_B,Business,19,Friday,4,30.4,72.7,0,36.8,48.4
EC000427,ENG_A,Engineering,3,Tuesday,11,25.4,78.5,12,34.6,33.3
EC006754,ENG_A,Engineering,20,Tuesday,1,28.5,73.2,13,42.8,50.8
EC007669,BUS_A,Business,8,Monday,3,28.3,84.4,139,25.6,46.4
EC002223,BUS_A,Business,18,Friday,5,30.2,74.4,65,50.5,50.1
EC001513,ENG_B,Engineering,16,Friday,4,31.4,69.7,103,67.5,66.7
EC000330,SCI_B,Science,21,Thursday,3,29.1,72.1,34,72.6,67.0
EC001587,SPT_A,Sports,10,Sunday,6,30.3,77.2,1,42.1,45.1
EC002023,BUS_B,Business,18,Tuesday,8,29.2,74.8,75,48.5,48.3
EC007179,ENG_A,Engineering,4,Wednesday,12,26.1,81.1,0,35.3,40.7
EC000974,ENG_A,Engineering,1,Sunday,7,27.3,78.9,0,36.1,39.4
EC002322,BUS_B,Business,13,Friday,7,29.2,76.6,159,66.4,69.7
EC002227,RES_B,Residential,2,Thursday,6,26.8,74.4,115,39.6,43.9
EC007419,SCI_A,Science,17,Friday,12,29.8,75.0,68,97.9,90.9
EC000769,SCI_B,Science,16,Monday,2,29.6,77.9,101,91.4,89.9
EC001617,ENG_A,Engineering,2,Saturday,12,26.7,77.8,16,44.8,45.5
EC002288,RES_B,Residential,5,Tuesday,6,26.0,78.1,172,38.4,39.0
EC007098,SPT_A,Sports,6,Tuesday,9,26.0,74.8,102,49.3,48.2
EC006840,RES_B,Residential,2,Wednesday,9,25.4,82.7,171,41.5,44.0
EC005492,SPT_A,Sports,12,Saturday,4,30.9,72.4,249,65.3,73.6
EC004924,RES_B,Residential,14,Tuesday,10,35.2,88.6,292,54.4,53.1
EC007733,LIB_A,Library,11,Sunday,1,28.7,70.5,47,,40.7
EC007579,LIB_A,Library,5,Monday,8,27.1,78.6,11,31.1,35.0
EC005805,ENG_B,Engineering,15,Wednesday,9,30.5,78.7,112,67.4,64.1
EC000320,RES_A,Residential,13,Saturday,3,29.8,82.2,175,48.4,50.4
EC000446,ENG_A,Engineering,4,Friday,7,25.3,88.4,0,34.8,40.1
EC000359,BUS_A,Business,0,Friday,11,27.1,81.7,0,29.2,28.3
EC000938,LEC_A,LectureHall,2,Monday,3,27.0,80.1,0,6.1,21.4
EC000233,ADM_A,Administration,22,Thursday,2,27.2,87.8,0,24.2,29.4
EC000222,BUS_B,Business,15,Tuesday,11,31.3,64.7,146,77.5,77.5
EC005392,BUS_B,Business,10,Wednesday,9,29.6,71.9,142,73.4,64.5
EC005300,SPT_A,Sports,6,Saturday,2,26.4,71.7,104,52.7,50.7
EC004073,ENG_B,Engineering,8,Monday,10,28.0,79.2,49,32.9,43.2
EC007103,BUS_B,Business,10,Saturday,11,28.0,82.7,15,30.5,35.0
EC003545,LIB_A,Library,0,Thursday,9,26.8,80.3,2,27.1,27.0
EC001619,SPT_A,Sports,0,Wednesday,3,27.0,79.7,27,44.6,41.7
EC001937,SCI_A,Science,10,Sunday,2,29.1,71.8,11,65.3,70.9
EC001732,ENG_A,Engineering,0,Monday,4,26.7,84.8,0,43.8,42.2
EC000383,SCI_A,Science,14,Wednesday,5,32.3,73.5,131,123.0,111.2
EC004261,ENG_A,Engineering,8,Friday,10,26.9,76.7,66,45.0,50.3
EC006048,RES_A,Residential,10,Wednesday,1,29.1,76.9,168,49.8,50.8
EC000166,SPT_A,Sports,21,Sunday,8,28.5,74.2,144,57.3,54.3
EC000092,LEC_A,LectureHall,18,Sunday,5,31.1,69.8,0,32.6,31.5
EC004514,BUS_B,Business,0,Friday,9,25.6,82.8,42,37.0,38.2
EC006725,SCI_B,Science,5,Friday,12,24.6,81.6,16,58.4,53.3
EC005195,LIB_A,Library,11,Friday,5,30.4,73.6,79,41.2,46.7
EC001574,LIB_A,Library,22,Sunday,8,28.6,87.1,51,42.4,36.0
EC006423,LEC_A,LectureHall,1,Friday,6,26.9,83.0,0,25.3,25.2
EC004228,SCI_A,Science,7,Friday,9,25.4,87.5,0,58.1,58.3
EC004330,ADM_A,Administration,10,Friday,3,30.0,78.7,69,35.7,37.5
EC003617,ENG_A,Engineering,22,Monday,12,25.4,80.0,10,39.8,38.7
EC006964,SCI_A,Science,10,Wednesday,6,29.9,79.4,82,86.9,97.4
EC002044,ENG_B,Engineering,14,Monday,6,31.6,68.1,145,79.9,79.5
EC003550,ENG_B,Engineering,14,Tuesday,9,,75.2,143,76.9,66.1
EC001755,ENG_B,Engineering,0,Wednesday,11,26.9,79.1,0,36.4,36.3
EC000395,SPT_A,Sports,18,Sunday,4,29.2,72.1,168,63.7,64.3
EC005302,LIB_A,Library,19,Saturday,11,27.8,73.5,82,46.1,47.0
EC006186,ENG_B,Engineering,17,Wednesday,9,27.9,79.9,90,50.1,46.1
EC004581,LEC_A,LectureHall,10,Wednesday,8,30.3,71.1,143,66.8,60.4
EC002529,BUS_A,Business,9,Wednesday,11,28.2,78.3,83,45.1,44.8
EC000899,BUS_A,Business,1,Saturday,1,25.9,84.0,4,26.8,28.9
EC002650,ENG_A,Engineering,12,Monday,2,29.2,79.3,181,75.2,79.8
EC002067,SCI_A,Science,2,Saturday,9,26.4,76.2,0,52.5,61.8
EC000642,ENG_B,Engineering,8,Monday,3,27.5,81.0,45,53.2,55.9
EC001092,BUS_A,Business,0,Thursday,1,26.5,81.5,17,32.0,30.6
EC006718,RES_A,Residential,14,Thursday,12,30.2,77.7,77,41.3,38.0
EC002243,SCI_A,Science,7,Friday,10,24.4,98.9,0,49.4,53.0
EC004002,ADM_A,Administration,14,Sunday,4,29.9,74.0,25,30.9,34.5
EC004772,BUS_A,Business,15,Tuesday,10,30.3,78.4,132,54.3,58.2
EC003288,BUS_A,Business,3,Saturday,7,26.3,84.5,0,12.9,22.3
EC001048,LIB_A,Library,12,Friday,8,34.8,80.6,237,66.0,68.8
EC005590,BUS_A,Business,21,Sunday,10,26.9,86.1,11,24.2,29.9
EC006689,SCI_A,Science,20,Friday,7,29.3,73.2,45,82.0,82.9
EC004067,BUS_A,Business,7,Sunday,11,26.2,79.9,9,25.2,26.9
EC006951,BUS_A,Business,19,Friday,5,28.9,76.0,11,39.1,40.5
EC003528,SPT_A,Sports,18,Tuesday,1,29.9,71.1,145,62.5,63.7
EC006607,SCI_B,Science,14,Sunday,8,31.7,68.1,38,80.4,84.7
EC005079,ENG_A,Engineering,8,Thursday,9,27.7,77.0,100,55.3,59.6
EC006820,LEC_A,LectureHall,21,Friday,2,27.7,80.2,0,26.0,25.4
EC005743,SCI_B,Science,21,Friday,7,27.5,76.7,29,67.4,64.5
EC006591,LIB_A,Library,4,Wednesday,3,27.1,86.5,0,31.2,30.2
EC000874,SCI_B,Science,10,Tuesday,1,28.4,77.5,96,69.4,76.8
EC007114,RES_B,Residential,17,Monday,9,30.6,74.2,167,48.4,45.8
EC006216,ENG_A,Engineering,4,Friday,11,26.9,78.8,0,39.8,41.3
EC000007,ADM_A,Administration,21,Wednesday,8,28.0,80.1,0,22.1,26.2
EC002493,ENG_B,Engineering,3,Tuesday,8,25.2,85.0,0,32.1,33.3
EC004047,LIB_A,Library,13,Thursday,10,29.1,76.8,126,41.9,51.1
EC005091,LEC_A,LectureHall,12,Monday,6,28.9,76.0,230,64.7,76.0
EC002739,RES_B,Residential,6,Friday,3,26.8,78.1,161,41.4,48.4
EC000788,BUS_A,Business,15,Thursday,3,31.2,72.3,139,61.8,69.4
EC002834,BUS_A,Business,15,Sunday,9,28.7,72.8,23,34.7,35.2
EC006116,RES_B,Residential,17,Friday,11,28.9,80.1,145,45.9,40.5
EC005656,BUS_B,Business,18,Saturday,10,28.7,72.6,0,31.6,30.6
EC001649,LIB_A,Library,7,Friday,10,26.0,88.4,29,27.8,29.5
EC006420,LEC_A,LectureHall,1,Friday,5,,75.0,0,32.2,29.5
EC006554,RES_A,Residential,5,Friday,2,25.1,87.6,234,54.2,51.7
EC005588,LEC_A,LectureHall,17,Sunday,1,30.1,76.5,6,29.4,32.3
EC003053,BUS_B,Business,5,Tuesday,1,26.8,87.8,22,39.6,39.1
EC003510,BUS_A,Business,23,Tuesday,10,26.2,77.6,3,26.2,25.2
EC003066,BUS_A,Business,3,Tuesday,7,27.2,82.1,0,31.5,27.6
EC002603,BUS_A,Business,20,Sunday,1,27.5,86.3,13,26.5,25.5
EC003962,SCI_B,Science,1,Thursday,8,26.1,80.5,11,52.5,59.6
EC003995,SCI_A,Science,18,Thursday,12,29.3,,51,66.8,74.1
EC004538,BUS_A,Business,23,Monday,4,28.1,82.7,0,35.9,34.1
EC004167,ENG_A,Engineering,17,Sunday,6,29.3,76.2,17,46.3,51.5
EC007084,RES_A,Residential,11,Saturday,12,28.4,83.1,166,45.1,41.8
EC004030,RES_B,Residential,18,Monday,7,29.0,76.6,126,39.9,43.3
EC007138,RES_B,Residential,19,Thursday,5,29.3,78.7,146,41.3,41.9
EC001987,BUS_B,Business,0,Saturday,8,27.1,79.1,0,30.7,32.1
EC003792,SCI_A,Science,23,Wednesday,5,27.6,77.4,5,52.1,67.0
EC005559,ENG_B,Engineering,21,Wednesday,9,29.1,71.2,25,50.1,44.2
EC001943,SCI_A,Science,3,Thursday,3,27.0,73.0,2,74.0,71.2
EC002668,BUS_A,Business,12,Sunday,11,30.6,74.8,38,42.9,39.8
EC007789,BUS_A,Business,8,Tuesday,10,27.9,82.3,33,40.3,37.8
EC001101,ENG_B,Engineering,0,Thursday,8,27.0,80.7,14,39.9,41.6
EC000014,ENG_A,Engineering,3,Tuesday,11,26.6,85.9,6,44.4,42.5
EC004698,ENG_A,Engineering,3,Friday,5,26.7,82.5,1,41.4,44.7
EC003231,BUS_B,Business,15,Wednesday,1,31.1,71.0,140,72.0,70.6
EC006227,SCI_A,Science,18,Tuesday,2,29.9,74.5,40,81.8,79.5
EC005952,BUS_A,Business,5,Thursday,11,26.3,83.7,6,28.9,33.0
EC003912,BUS_A,Business,17,Monday,6,31.1,74.0,68,44.4,53.5
EC000464,ENG_A,Engineering,0,Tuesday,6,27.2,82.3,27,45.1,47.5
EC004603,SCI_A,Science,7,Wednesday,3,27.6,81.3,0,67.5,73.1
EC006761,ENG_A,Engineering,0,Friday,2,26.6,85.4,0,38.9,38.8
EC003990,BUS_A,Business,12,Thursday,1,30.2,72.3,128,65.9,61.7
EC004293,BUS_B,Business,20,Friday,10,28.8,80.7,11,45.8,48.2
EC007746,SPT_A,Sports,13,Tuesday,1,29.5,74.5,22,48.3,46.8
EC004050,ENG_A,Engineering,10,Tuesday,12,29.7,73.0,132,74.3,75.1
EC004611,RES_A,Residential,6,Tuesday,6,26.5,75.6,246,62.0,58.4
EC002141,BUS_A,Business,2,Tuesday,5,27.5,84.0,0,37.8,37.2
EC001020,BUS_A,Business,3,Monday,11,26.0,81.1,0,27.0,25.1
EC005913,BUS_A,Business,14,Friday,6,29.2,75.8,140,57.5,59.0
EC005365,RES_B,Residential,8,Monday,1,27.0,84.4,172,41.3,42.3
EC000782,SCI_A,Science,10,Thursday,3,27.3,80.0,98,78.8,79.8
EC006151,ENG_A,Engineering,18,Saturday,3,30.8,71.7,23,60.2,56.4
EC005391,SCI_A,Science,10,Friday,9,28.8,77.0,82,99.1,95.6
EC006562,ADM_A,Administration,9,Sunday,5,27.3,79.7,13,24.6,23.7
EC001352,SCI_B,Science,5,Tuesday,10,26.0,82.2,0,53.2,53.2
EC002647,SCI_B,Science,7,Saturday,6,27.9,76.2,0,66.9,64.0
EC006928,LEC_A,LectureHall,6,Monday,5,26.7,78.4,18,31.5,33.4
EC004615,ADM_A,Administration,12,Friday,7,29.0,76.4,83,38.3,41.2
EC003480,BUS_B,Business,1,Sunday,12,26.9,77.9,0,32.5,34.6
EC004424,ENG_B,Engineering,13,Thursday,10,28.7,72.8,150,57.9,61.6
EC003542,RES_A,Residential,18,Friday,6,31.6,70.4,168,51.1,51.2
EC005665,ENG_A,Engineering,21,Thursday,1,28.7,73.7,43,40.6,48.9
EC006923,BUS_B,Business,21,Saturday,9,27.7,85.8,16,33.9,29.0
EC007133,ENG_A,Engineering,0,Friday,6,28.1,77.8,48,53.6,53.0
EC002541,RES_A,Residential,0,Sunday,9,27.0,79.8,94,42.9,41.3
EC000708,RES_B,Residential,16,Wednesday,5,34.8,83.6,286,45.3,56.5
EC001193,SCI_B,Science,9,Tuesday,4,29.1,79.6,86,76.3,79.7
EC002908,ENG_B,Engineering,17,Friday,2,30.9,74.5,207,89.7,90.6
EC004234,SCI_B,Science,0,Thursday,9,26.8,81.4,6,53.6,59.3
EC001325,BUS_A,Business,12,Monday,2,28.7,80.7,129,52.8,59.8
EC002998,BUS_B,Business,8,Thursday,8,28.0,75.9,40,44.9,47.2
EC004349,LIB_A,Library,4,Monday,5,27.6,79.8,0,27.9,30.5
EC004552,RES_B,Residential,12,Wednesday,7,30.8,77.1,83,39.1,44.9
EC007525,ENG_B,Engineering,22,Tuesday,8,27.8,79.3,0,39.7,42.4
EC001797,ENG_B,Engineering,12,Friday,9,28.5,73.4,168,68.9,70.2
EC002220,ENG_A,Engineering,15,Friday,4,32.0,72.5,156,86.1,87.6
EC003177,SCI_B,Science,14,Sunday,6,31.0,79.6,21,77.7,83.5
EC004438,SCI_B,Science,9,Saturday,5,28.1,81.8,37,67.2,67.1
EC005771,BUS_A,Business,14,Monday,7,30.6,75.4,123,52.3,55.9
EC001137,RES_B,Residential,20,Thursday,7,28.3,,201,46.2,45.8
EC001463,RES_B,Residential,0,Saturday,7,25.7,80.3,121,45.1,43.1
EC001402,ENG_B,Engineering,5,Monday,4,25.4,80.8,0,33.9,34.3
EC006070,RES_B,Residential,6,Saturday,5,28.2,78.1,221,57.7,56.5
EC004130,RES_A,Residential,1,Thursday,1,25.8,81.2,161,51.2,51.0
EC004012,BUS_A,Business,8,Thursday,2,28.1,77.7,52,40.5,38.5
EC002272,LEC_A,LectureHall,13,Thursday,10,29.4,75.9,203,60.6,69.7
EC002221,SPT_A,Sports,23,Saturday,12,26.1,76.9,12,34.5,34.2
EC002415,ENG_A,Engineering,22,Sunday,8,26.6,81.2,0,38.7,42.8
EC002035,LIB_A,Library,13,Saturday,6,31.2,72.7,142,53.7,56.4
EC006954,SPT_A,Sports,20,Wednesday,10,29.1,81.3,157,50.0,55.1
EC005452,LEC_A,LectureHall,16,Thursday,4,30.3,72.5,121,63.3,56.4
EC006067,SCI_B,Science,8,Thursday,10,26.5,79.9,48,59.3,61.6
EC000869,SCI_A,Science,2,Tuesday,9,25.6,84.9,21,63.4,71.5
EC007322,BUS_B,Business,5,Friday,12,25.7,84.4,0,30.4,30.7
EC004121,BUS_B,Business,1,Wednesday,5,27.5,74.2,5,40.2,39.2
EC002710,ENG_A,Engineering,2,Wednesday,6,25.5,80.0,27,41.4,43.0
EC000255,ENG_A,Engineering,2,Tuesday,3,25.6,83.5,26,37.0,44.8
EC001825,RES_B,Residential,15,Monday,4,29.3,74.6,85,41.4,43.8
EC004476,SCI_B,Science,16,Wednesday,7,30.8,74.0,81,94.3,95.7
EC006049,LIB_A,Library,11,Tuesday,8,30.4,71.4,64,49.9,47.8
EC005313,SCI_A,Science,5,Tuesday,12,24.5,84.0,12,52.1,61.5
EC000867,LEC_A,LectureHall,10,Monday,9,29.1,69.7,120,53.7,54.0
EC002236,ENG_B,Engineering,18,Saturday,11,28.7,74.0,16,41.4,42.6
EC006120,ENG_A,Engineering,20,Friday,10,27.9,68.2,38,52.3,48.1
EC000402,ENG_B,Engineering,1,Monday,4,25.7,84.0,21,28.9,36.5
EC003048,ENG_B,Engineering,0,Thursday,2,26.6,83.2,7,64.1,48.2
EC000116,LEC_A,LectureHall,8,Tuesday,6,29.0,76.5,206,26.2,56.6
EC005129,ENG_B,Engineering,18,Tuesday,3,30.9,78.0,69,63.5,64.3
EC003627,SCI_A,Science,8,Saturday,1,28.2,72.3,6,65.4,70.3
EC001852,ENG_B,Engineering,11,Thursday,1,28.2,74.7,114,52.5,60.7
EC005022,LEC_A,LectureHall,9,Sunday,5,29.7,77.7,31,35.7,39.0
EC004817,LEC_A,LectureHall,22,Friday,7,28.6,76.4,6,35.4,37.7
EC000492,LIB_A,Library,1,Sunday,1,27.4,83.2,24,33.4,35.2
EC007850,ENG_B,Engineering,19,Sunday,11,28.5,80.9,18,45.4,44.6
EC000412,ADM_A,Administration,19,Thursday,6,28.0,74.5,0,26.8,27.3
EC002237,LIB_A,Library,23,Friday,11,28.0,73.2,32,38.1,41.7
EC000213,BUS_A,Business,6,Tuesday,4,28.5,83.4,10,47.9,41.8
EC001006,RES_B,Residential,18,Wednesday,5,24.7,99.1,191,39.0,43.5
EC003206,RES_B,Residential,9,Tuesday,3,27.9,72.6,168,38.0,39.5
EC000942,LIB_A,Library,14,Saturday,1,29.6,70.3,143,57.3,55.8
EC001829,SCI_B,Science,0,Sunday,10,27.1,84.2,0,62.7,63.6
EC005471,ENG_B,Engineering,9,Wednesday,8,29.5,82.5,79,48.9,56.2
EC003886,RES_A,Residential,23,Monday,6,28.1,78.5,310,62.0,67.6
EC003298,SPT_A,Sports,6,Monday,10,26.7,80.8,98,52.0,52.1
EC006651,BUS_A,Business,18,Saturday,12,29.1,68.4,6,22.6,29.9
EC001418,SCI_B,Science,11,Friday,7,,71.8,82,92.8,95.3
EC005994,LIB_A,Library,7,Sunday,8,27.4,74.9,0,29.3,32.0
EC000304,BUS_B,Business,3,Friday,1,24.3,81.5,0,11.7,28.1
EC002696,ENG_A,Engineering,19,Thursday,11,29.2,77.8,39,54.4,54.4
EC006679,SCI_A,Science,23,Tuesday,7,28.0,80.7,5,77.1,74.6
EC003810,LEC_A,LectureHall,15,Monday,11,30.9,69.4,177,56.7,66.0
EC000516,SCI_A,Science,13,Saturday,11,30.7,76.9,57,89.9,87.3
EC005024,SCI_B,Science,6,Wednesday,1,24.4,81.9,2,44.7,56.2
EC007390,LIB_A,Library,4,Monday,11,26.8,85.7,,33.2,32.0
EC007500,LEC_A,LectureHall,18,Wednesday,2,30.0,71.3,140,56.4,60.9
EC001217,ENG_A,Engineering,13,Wednesday,1,29.5,82.7,219,82.6,87.7
EC005379,SCI_A,Science,13,Monday,1,27.1,85.5,121,78.4,88.1
EC003307,LEC_A,LectureHall,23,Tuesday,6,25.8,71.9,6,27.6,29.1
EC007127,ENG_A,Engineering,3,Wednesday,4,25.6,84.4,0,35.3,40.9
EC003481,ADM_A,Administration,7,Sunday,4,26.7,78.1,25,23.6,28.2
EC000734,SPT_A,Sports,11,Friday,8,28.9,75.7,33,45.9,40.5
EC003368,ENG_A,Engineering,20,Friday,4,24.5,96.9,41,44.8,40.3
EC001521,LIB_A,Library,0,Friday,6,26.9,78.1,5,26.2,21.1
EC005494,ENG_A,Engineering,5,Sunday,6,26.3,84.3,0,44.1,46.1
EC003321,RES_B,Residential,6,Monday,5,25.7,,185,48.8,49.7
EC000215,BUS_B,Business,15,Tuesday,3,34.3,83.5,190,94.8,90.5
EC002437,BUS_A,Business,4,Thursday,8,25.6,87.6,38,35.1,34.3
EC002796,SCI_A,Science,20,Tuesday,8,29.2,78.5,0,74.1,76.7
EC002041,SCI_B,Science,16,Sunday,3,30.4,74.7,5,73.2,71.7
EC001997,ENG_B,Engineering,7,Monday,7,27.3,91.2,18,42.5,45.6
EC001780,LIB_A,Library,8,Wednesday,7,27.2,76.8,94,47.7,43.0
EC006147,ENG_B,Engineering,6,Saturday,5,26.1,79.5,6,33.5,38.5
EC002171,ENG_A,Engineering,8,Wednesday,8,27.1,82.5,81,49.9,54.6
EC006766,BUS_B,Business,5,Thursday,11,25.6,92.5,0,32.6,32.2
EC001341,LIB_A,Library,18,Sunday,3,30.1,76.6,121,41.4,49.2
EC000122,LIB_A,Library,9,Saturday,12,27.1,84.0,17,25.4,27.1
EC003793,BUS_A,Business,21,Saturday,5,29.3,72.8,0,35.5,33.1
EC003506,LEC_A,LectureHall,11,Friday,8,30.3,70.3,186,61.8,68.4
EC001140,SCI_B,Science,0,Thursday,5,27.2,84.5,2,64.2,63.5
EC003788,LEC_A,LectureHall,6,Tuesday,3,27.7,71.9,0,26.1,28.3
EC005095,LIB_A,Library,22,Monday,6,28.5,76.6,47,107.9,62.9
EC003118,SCI_B,Science,0,Saturday,6,28.2,79.3,0,62.7,61.3
EC005651,SPT_A,Sports,22,Saturday,1,26.5,78.1,17,,61.7
EC001535,RES_A,Residential,17,Sunday,5,32.0,62.8,113,36.1,43.8
EC005602,BUS_B,Business,7,Wednesday,6,27.4,81.6,0,37.6,37.1
EC001331,LIB_A,Library,7,Saturday,4,27.0,83.3,0,28.1,35.8
EC005520,LEC_A,LectureHall,23,Friday,4,27.2,76.3,28,32.2,31.9
EC000597,BUS_A,Business,3,Saturday,5,27.1,83.0,0,27.3,32.8
EC007587,ENG_B,Engineering,10,Wednesday,9,,80.5,99,54.2,61.5
EC002877,SCI_A,Science,6,Friday,12,26.2,79.6,14,56.6,64.4
EC004798,LIB_A,Library,3,Saturday,8,26.3,87.2,38,31.6,29.3
EC004104,LIB_A,Library,0,Friday,12,26.7,74.7,33,31.5,30.4
EC005725,RES_A,Residential,6,Wednesday,5,28.5,73.4,180,59.4,59.8
EC001864,LIB_A,Library,6,Friday,6,26.7,78.2,3,31.9,32.2
EC001182,BUS_B,Business,20,Tuesday,10,29.1,76.3,,42.3,47.9
EC003646,RES_B,Residential,15,Sunday,5,31.5,74.9,90,42.4,42.3
EC000081,SPT_A,Sports,12,Sunday,5,30.4,78.1,26,52.1,52.5
EC002979,BUS_B,Business,11,Sunday,11,29.6,76.2,29,36.7,42.9
EC005309,RES_A,Residential,12,Friday,3,34.0,84.9,245,59.4,70.5
EC004033,LEC_A,LectureHall,7,Wednesday,10,25.8,78.3,52,29.7,39.6
EC002812,LIB_A,Library,16,Friday,1,29.5,79.1,183,56.4,58.4
EC000817,LIB_A,Library,18,Sunday,7,29.4,75.1,167,59.0,63.2
EC001746,ENG_B,Engineering,19,Friday,8,28.0,79.7,17,42.5,41.7
EC001303,SCI_B,Science,2,Friday,8,26.8,79.2,0,60.2,63.2
EC007721,ENG_B,Engineering,13,Monday,11,28.9,81.4,162,56.9,72.8
EC006597,RES_A,Residential,0,Monday,1,26.4,80.6,125,42.5,47.3
EC000965,ENG_B,Engineering,6,Monday,7,25.7,83.7,7,32.7,35.0
EC003904,ENG_B,Engineering,5,Wednesday,3,26.1,83.4,0,39.1,39.8
EC005948,SCI_B,Science,21,Sunday,12,28.1,75.2,2,52.8,58.7
EC006220,LIB_A,Library,15,Thursday,9,30.3,72.4,212,60.9,62.7
EC002687,BUS_A,Business,15,Saturday,3,31.8,69.5,27,39.9,43.7
EC004254,BUS_A,Business,0,Tuesday,11,24.7,85.3,4,29.1,27.4
EC006213,LIB_A,Library,5,Tuesday,1,26.5,85.1,2,25.0,28.8
EC004178,LIB_A,Library,4,Sunday,12,26.8,83.4,2,28.4,32.3
EC007291,LEC_A,LectureHall,6,Thursday,1,26.9,85.8,0,26.0,20.5
EC000090,ENG_B,Engineering,10,Friday,1,29.1,73.9,73,49.9,55.2
EC005306,ADM_A,Administration,2,Monday,2,25.2,86.1,7,22.8,26.5
EC001362,BUS_B,Business,6,Monday,2,26.4,83.1,12,35.4,39.0
EC007989,BUS_A,Business,11,Thursday,10,28.2,79.4,124,56.2,49.2
EC000185,SPT_A,Sports,11,Friday,4,30.8,72.8,9,41.9,50.5
EC000167,SPT_A,Sports,20,Saturday,8,28.0,76.4,164,65.1,60.2
EC003864,LIB_A,Library,21,Sunday,4,28.7,79.5,59,45.5,45.8
EC006776,SCI_B,Science,8,Sunday,7,28.9,79.2,8,74.9,72.4
EC006609,LIB_A,Library,2,Friday,4,26.3,82.1,0,26.1,31.0
EC000981,LIB_A,Library,12,Tuesday,9,29.7,72.8,141,47.1,43.9
EC004627,RES_A,Residential,7,Thursday,2,26.9,78.7,162,56.2,48.7
EC007520,SCI_A,Science,17,Tuesday,7,30.3,81.4,69,85.2,97.9
EC001919,LIB_A,Library,23,Wednesday,2,27.4,73.8,55,40.2,40.0
EC000829,RES_A,Residential,9,Friday,4,28.5,80.0,125,36.6,38.9
EC002767,RES_B,Residential,12,Wednesday,12,30.2,70.4,70,35.7,36.6
EC000496,SCI_B,Science,22,Friday,1,27.0,77.9,0,58.7,63.1
EC002349,ENG_A,Engineering,1,Tuesday,2,25.9,89.3,9,36.9,38.8
EC002118,ENG_A,Engineering,2,Wednesday,5,25.3,84.5,22,41.1,42.4
EC000941,SCI_B,Science,9,Monday,5,27.9,76.0,74,95.6,87.5
EC006794,BUS_A,Business,4,Wednesday,1,25.2,77.5,0,12.6,20.9
EC005773,BUS_A,Business,3,Monday,3,26.1,84.7,0,31.0,31.6
EC000985,ENG_A,Engineering,11,Thursday,4,30.6,81.4,162,94.0,91.5
EC001700,SPT_A,Sports,15,Sunday,10,29.7,71.7,31,46.4,47.5
EC005307,ENG_A,Engineering,7,Sunday,3,23.9,95.8,19,32.8,40.3
EC000552,SCI_A,Science,7,Saturday,11,25.6,89.9,2,70.7,69.6
EC007031,BUS_B,Business,3,Tuesday,6,26.5,83.1,0,35.7,37.2
EC001043,ADM_A,Administration,21,Wednesday,5,31.2,77.3,2,38.2,38.0
EC004486,BUS_B,Business,0,Tuesday,9,25.0,80.6,48,41.7,37.0
EC005462,ENG_B,Engineering,2,Tuesday,2,26.7,88.7,30,43.6,38.0
EC007878,RES_B,Residential,23,Sunday,11,,83.0,258,51.5,51.8
EC000387,LIB_A,Library,9,Saturday,3,26.1,81.0,72,37.2,37.2
EC002785,SCI_A,Science,20,Monday,8,29.2,77.9,21,75.8,75.9
EC000251,RES_B,Residential,21,Sunday,12,27.1,81.6,214,41.8,47.1
EC003238,RES_B,Residential,9,Monday,12,27.0,82.9,111,36.4,32.0
EC007000,SCI_A,Science,20,Friday,1,28.0,79.0,20,75.4,75.5
EC001845,ENG_A,Engineering,0,Thursday,7,26.0,75.1,10,34.1,34.3
EC002724,BUS_A,Business,20,Saturday,11,27.7,86.9,17,28.3,29.0
EC003040,LIB_A,Library,10,Saturday,7,29.2,78.7,58,43.0,40.2
EC006374,SCI_B,Science,17,Thursday,3,31.8,68.1,52,90.0,87.9
EC000357,RES_A,Residential,7,Monday,1,27.3,84.0,234,54.1,56.3
EC006775,SCI_B,Science,18,Tuesday,3,30.0,74.1,28,66.1,76.3
EC000262,RES_B,Residential,22,Tuesday,4,28.7,79.5,265,59.2,52.7
EC006166,RES_A,Residential,23,Sunday,1,28.5,73.0,289,62.8,63.2
EC000924,LIB_A,Library,23,Friday,8,25.9,88.9,58,39.4,41.1
EC007245,LIB_A,Library,9,Saturday,7,28.8,75.1,55,40.4,40.3
EC001626,LIB_A,Library,19,Saturday,10,29.1,65.7,117,48.3,50.7
EC004551,SCI_B,Science,20,Friday,1,,81.4,2,73.0,71.5
EC006642,ENG_A,Engineering,22,Tuesday,12,27.5,77.8,0,35.1,42.6
EC000877,ENG_A,Engineering,18,Sunday,8,31.2,70.7,51,63.3,68.8
EC003970,ENG_B,Engineering,21,Saturday,8,27.0,77.0,0,35.6,35.7
EC006384,RES_A,Residential,21,Wednesday,4,28.9,77.7,227,59.0,55.6
EC007798,SCI_B,Science,1,Thursday,5,26.5,84.0,0,69.9,59.4
EC002780,SCI_B,Science,13,Sunday,7,31.0,69.4,8,68.5,73.0
EC005693,RES_A,Residential,15,Saturday,10,29.2,73.3,123,41.8,43.2
EC002291,BUS_A,Business,16,Wednesday,10,31.5,70.1,108,62.7,58.7
EC007223,ENG_B,Engineering,9,Thursday,2,28.4,79.8,88,54.0,54.9
EC002426,ADM_A,Administration,18,Tuesday,9,29.4,73.9,35,28.3,31.3
EC000590,ENG_A,Engineering,3,Thursday,8,25.2,82.9,19,48.9,47.5
EC006747,SCI_B,Science,3,Monday,11,26.6,80.9,13,50.1,51.6
EC004518,LEC_A,LectureHall,20,Tuesday,9,27.3,83.7,0,29.0,27.5
EC001911,SCI_A,Science,7,Thursday,5,27.0,74.2,128,56.8,72.3
EC003334,ENG_B,Engineering,14,Thursday,10,30.1,68.1,141,72.6,71.2
EC002873,BUS_A,Business,4,Wednesday,9,25.6,85.1,0,18.0,26.0
EC005345,BUS_B,Business,9,Sunday,5,29.6,75.8,33,42.8,37.9
EC006353,SCI_A,Science,23,Thursday,2,28.4,78.8,0,70.6,75.3
EC003259,RES_A,Residential,12,Wednesday,6,28.6,83.4,95,42.6,39.8
EC007122,LIB_A,Library,6,Saturday,1,26.0,89.7,0,24.9,26.9
EC000310,ENG_A,Engineering,8,Friday,2,28.0,78.1,56,53.8,57.6
EC004723,SCI_A,Science,1,Monday,6,26.7,79.6,0,57.6,58.6
EC005517,SCI_A,Science,18,Friday,12,28.5,75.7,29,57.5,70.1
EC001818,SCI_B,Science,15,Friday,10,31.4,76.7,98,89.7,96.8
EC001528,BUS_B,Business,22,Sunday,11,,85.4,4,27.7,29.3
EC002823,BUS_B,Business,23,Saturday,6,26.2,81.9,11,29.5,34.7
EC006777,ENG_A,Engineering,7,Thursday,12,25.7,86.1,0,41.1,40.3
EC005162,RES_B,Residential,13,Sunday,5,30.9,72.4,69,43.4,42.3
EC000027,LIB_A,Library,2,Saturday,6,26.6,80.9,27,31.2,34.7
EC006396,SPT_A,Sports,15,Monday,7,31.0,71.5,18,48.8,48.5
EC001436,LEC_A,LectureHall,14,Sunday,2,30.2,72.0,54,42.5,42.5
EC003152,SPT_A,Sports,7,Tuesday,10,26.2,86.3,118,51.4,48.8
EC007998,LIB_A,Library,19,Wednesday,9,28.9,74.6,172,50.8,52.3
EC004429,ENG_A,Engineering,23,Friday,4,27.6,74.1,0,44.6,46.6
EC000764,ENG_B,Engineering,3,Sunday,2,25.0,86.9,8,32.7,36.0
EC006143,BUS_A,Business,4,Saturday,4,27.4,73.0,1,27.4,27.4
EC003721,RES_A,Residential,0,Thursday,12,24.9,85.7,101,35.5,43.3
EC005794,LEC_A,LectureHall,11,Saturday,11,29.2,84.1,50,34.0,33.8
EC006919,BUS_B,Business,7,Friday,1,26.9,80.8,0,32.7,37.8
EC005540,ADM_A,Administration,10,Saturday,5,29.7,78.1,32,29.7,32.2
EC007301,LEC_A,LectureHall,8,Monday,6,28.5,83.1,65,44.9,47.5
EC001089,ENG_B,Engineering,15,Wednesday,9,29.8,77.3,135,61.3,62.6
EC002346,RES_A,Residential,19,Sunday,9,27.6,89.9,180,44.1,50.2
EC002938,SCI_A,Science,8,Tuesday,2,27.1,80.3,96,52.2,77.0
EC006011,SCI_A,Science,12,Thursday,5,30.2,79.6,148,87.0,98.8
EC005219,SPT_A,Sports,1,Thursday,6,27.4,77.6,50,38.9,37.5
EC006392,ENG_B,Engineering,6,Friday,12,26.1,75.5,8,34.0,33.1
EC005644,SPT_A,Sports,1,Wednesday,3,25.9,79.9,5,32.4,39.7
EC001021,LEC_A,LectureHall,9,Friday,8,28.1,75.2,75,39.9,44.1
EC006864,RES_B,Residential,14,Friday,1,31.6,74.4,54,50.8,45.0
EC005596,LEC_A,LectureHall,21,Sunday,8,26.4,85.4,0,18.2,19.4
EC005144,LIB_A,Library,7,Tuesday,8,27.2,84.0,0,30.6,31.4
EC005905,LEC_A,LectureHall,2,Saturday,10,24.9,82.1,0,18.7,18.5
EC002448,LIB_A,Library,13,Sunday,10,31.3,69.3,289,78.9,73.7
EC000214,LIB_A,Library,4,Friday,6,27.3,80.0,0,32.8,30.4
EC003293,ENG_B,Engineering,10,Monday,7,29.9,75.1,89,58.9,59.0
EC006333,ENG_A,Engineering,23,Saturday,11,26.8,76.4,0,41.7,41.3
EC007400,ADM_A,Administration,4,Saturday,3,27.9,72.8,16,25.2,23.0
EC003223,ENG_A,Engineering,19,Sunday,4,30.4,71.3,41,51.2,56.0
EC002054,ENG_B,Engineering,22,Wednesday,7,28.4,76.1,24,41.4,46.7
EC004848,ENG_A,Engineering,4,Thursday,4,26.3,73.4,0,42.9,38.8
EC007338,ENG_A,Engineering,22,Monday,8,26.2,81.1,28,50.0,51.5
EC007632,ENG_B,Engineering,19,Saturday,1,28.7,73.5,4,37.9,45.7
EC001405,ADM_A,Administration,22,Friday,2,29.3,77.8,18,30.3,35.3
EC007209,ADM_A,Administration,6,Saturday,2,27.4,68.3,12,20.5,20.4
EC007492,ENG_A,Engineering,5,Thursday,12,25.3,73.8,21,38.8,44.0
EC001827,LEC_A,LectureHall,17,Thursday,10,29.3,79.4,116,55.1,55.5
EC006222,BUS_A,Business,14,Tuesday,2,29.1,75.7,143,62.3,63.9
EC003952,ENG_A,Engineering,7,Wednesday,3,26.9,82.8,0,44.1,43.0
EC005562,ENG_A,Engineering,5,Saturday,3,27.8,78.3,2,51.1,46.9
EC000673,ENG_B,Engineering,23,Sunday,2,27.5,80.7,6,38.0,40.1
EC004069,LEC_A,LectureHall,22,Sunday,3,28.4,78.6,0,24.9,30.3
EC002128,RES_A,Residential,14,Friday,6,30.8,66.7,109,43.5,44.9
EC007050,LIB_A,Library,13,Wednesday,11,28.9,69.8,288,62.2,64.3
EC006873,SCI_B,Science,13,Monday,1,34.2,86.2,118,89.2,96.6
EC007712,SCI_B,Science,19,Friday,5,30.0,74.6,,68.9,70.2
EC004018,RES_A,Residential,6,Thursday,8,27.2,79.1,229,54.3,54.6
EC001082,SCI_B,Science,6,Friday,3,26.4,82.0,2,54.1,62.0
EC006947,SCI_A,Science,5,Sunday,11,26.8,85.2,12,71.3,71.0
EC005336,ENG_A,Engineering,1,Monday,8,25.8,82.8,27,45.8,44.6
EC004976,LEC_A,LectureHall,21,Sunday,6,28.1,80.9,16,28.7,28.6
EC001631,ENG_B,Engineering,1,Thursday,1,25.5,79.7,7,66.4,45.7
EC002135,SCI_B,Science,2,Monday,7,27.3,77.4,6,,73.1
EC005849,SCI_B,Science,12,Saturday,4,31.8,73.5,42,87.6,90.5
EC000035,BUS_B,Business,22,Friday,11,26.9,80.6,9,34.2,34.4
EC005378,SPT_A,Sports,23,Tuesday,10,27.5,77.0,42,38.7,35.8
EC000120,SCI_B,Science,0,Thursday,1,27.2,79.7,16,71.0,64.3
EC004194,SCI_A,Science,18,Friday,4,31.3,67.2,77,88.6,98.7
EC003257,SCI_A,Science,1,Tuesday,6,27.9,82.8,0,70.6,69.7
EC003400,SCI_B,Science,17,Monday,8,29.4,73.3,70,72.0,84.8
EC001989,ENG_B,Engineering,1,Wednesday,5,26.5,85.0,18,43.3,46.6
EC005267,ENG_A,Engineering,11,Monday,3,28.9,79.5,194,86.0,86.7
EC006801,ADM_A,Administration,16,Friday,12,29.1,78.5,72,,40.0
EC005781,LIB_A,Library,11,Monday,10,28.4,73.8,109,48.8,46.1
EC007686,BUS_B,Business,0,Sunday,5,26.9,81.2,0,33.7,37.5
EC001124,SCI_A,Science,14,Thursday,8,31.0,68.3,136,107.1,103.2
EC007364,SCI_B,Science,23,Tuesday,3,27.7,85.2,21,65.6,65.8
EC002296,ENG_A,Engineering,13,Thursday,7,34.6,83.5,214,97.9,98.5
EC006705,LEC_A,LectureHall,6,Wednesday,2,26.9,87.1,10,29.7,32.0
EC002673,LEC_A,LectureHall,19,Saturday,7,28.7,73.2,5,28.3,26.3
EC001712,LIB_A,Library,3,Sunday,9,24.7,84.3,10,24.1,24.4
EC003822,SCI_B,Science,11,Monday,11,29.7,75.3,98,91.0,84.2
EC002513,LEC_A,LectureHall,21,Tuesday,2,29.8,73.9,0,36.6,31.4
EC006851,BUS_B,Business,20,Tuesday,4,29.1,78.2,7,40.1,45.6
EC006764,SCI_A,Science,0,Wednesday,7,27.4,77.0,3,67.0,70.4
EC000937,SCI_A,Science,12,Wednesday,4,29.9,73.5,129,100.4,109.7
EC004346,LIB_A,Library,23,Tuesday,7,27.0,77.2,49,41.0,47.4
EC000314,BUS_A,Business,10,Tuesday,1,28.2,77.3,122,55.5,59.8
EC002871,SCI_B,Science,1,Thursday,11,25.4,74.5,18,57.1,51.4
EC002633,SCI_A,Science,15,Saturday,11,29.4,73.0,58,84.4,88.2
EC001294,SCI_B,Science,0,Saturday,9,27.2,81.3,1,50.3,54.8
EC003042,RES_A,Residential,4,Monday,9,25.7,82.1,167,42.1,49.0
EC006398,BUS_B,Business,17,Wednesday,9,29.5,75.9,70,47.2,49.9
EC003650,ENG_A,Engineering,22,Sunday,8,29.1,69.8,9,52.2,55.8
EC007932,SCI_B,Science,1,Sunday,5,27.1,76.1,11,55.9,60.6
EC002210,RES_A,Residential,16,Friday,11,30.6,66.6,116,45.6,47.4
EC004600,LEC_A,LectureHall,23,Monday,9,27.5,80.4,16,79.4,45.5
EC004957,RES_A,Residential,0,Wednesday,7,27.4,79.1,171,49.9,53.0
EC000482,LEC_A,LectureHall,16,Sunday,2,29.9,78.4,11,32.0,30.4
EC005371,SPT_A,Sports,11,Wednesday,10,27.9,82.8,21,36.9,42.7
EC005281,RES_B,Residential,15,Thursday,7,30.0,71.5,99,41.1,37.3
EC005750,ENG_A,Engineering,18,Tuesday,3,30.3,72.3,83,68.6,77.8
EC001046,SCI_B,Science,1,Saturday,3,26.6,79.4,0,62.2,56.5
EC000818,RES_A,Residential,23,Tuesday,3,27.6,77.6,267,57.4,58.4
EC004115,RES_A,Residential,15,Monday,1,28.9,73.2,107,37.2,42.6
EC007858,BUS_A,Business,19,Saturday,3,27.7,75.1,10,34.4,30.3
EC005350,LIB_A,Library,9,Friday,10,27.0,83.8,40,28.4,36.4
EC007404,ADM_A,Administration,23,Saturday,3,28.3,75.3,13,27.7,22.1
EC000067,LEC_A,LectureHall,12,Friday,8,29.3,75.2,211,79.2,76.5
EC000508,SPT_A,Sports,14,Tuesday,12,29.9,80.3,32,48.6,50.2
EC006771,BUS_B,Business,12,Wednesday,10,,76.9,174,70.4,71.1
EC000577,BUS_B,Business,11,Saturday,1,29.9,70.4,58,47.9,55.2
EC001133,ADM_A,Administration,18,Saturday,6,30.0,74.7,8,30.9,29.3
EC003049,ENG_B,Engineering,23,Saturday,10,27.0,74.7,8,38.1,40.2
EC004048,LIB_A,Library,15,Saturday,9,29.5,71.6,174,55.9,48.8
EC004978,RES_A,Residential,18,Tuesday,1,30.0,73.4,186,51.0,49.6
EC003087,SCI_A,Science,13,Thursday,8,31.8,68.4,133,,108.6
EC002479,RES_B,Residential,18,Thursday,1,30.6,74.8,156,39.8,42.7
EC002565,RES_B,Residential,20,Monday,7,27.9,77.4,204,47.0,47.2
EC001953,BUS_A,Business,21,Sunday,7,28.8,77.6,4,29.4,27.5
EC004463,SCI_B,Science,19,Saturday,5,29.5,74.7,8,64.9,73.0
EC006346,ADM_A,Administration,12,Friday,12,28.5,77.9,106,33.9,40.0
EC003830,LIB_A,Library,9,Wednesday,10,28.5,81.0,52,38.7,38.7
EC003719,ENG_A,Engineering,1,Wednesday,12,25.5,79.3,13,40.2,37.7
EC004638,BUS_B,Business,3,Thursday,11,24.6,84.9,6,35.3,38.9
EC005036,LEC_A,LectureHall,8,Saturday,10,27.1,81.7,34,23.3,24.7
EC003909,BUS_A,Business,3,Saturday,8,26.1,84.3,0,10.4,19.4
EC002225,RES_A,Residential,16,Wednesday,8,30.1,72.6,122,41.1,43.9
EC005711,SCI_B,Science,19,Wednesday,4,28.5,,8,66.4,64.1
EC007481,LEC_A,LectureHall,5,Sunday,2,26.4,79.2,1,23.3,24.2
EC001195,ENG_B,Engineering,5,Tuesday,2,25.2,88.9,0,31.5,33.8
EC006136,ENG_A,Engineering,8,Monday,10,27.6,78.6,80,43.7,59.2
EC007851,SPT_A,Sports,16,Sunday,7,29.9,79.9,104,52.8,57.0
EC005491,SCI_A,Science,12,Monday,5,29.8,79.8,150,99.8,100.4
EC002713,ENG_A,Engineering,2,Thursday,2,25.2,80.0,4,35.3,39.2
EC001552,LIB_A,Library,13,Saturday,2,30.8,73.5,228,60.7,64.4
EC007476,SPT_A,Sports,14,Saturday,2,30.6,72.5,35,57.3,50.4
EC000561,SCI_B,Science,20,Thursday,12,27.7,81.7,0,59.6,58.6
EC007726,RES_B,Residential,7,Saturday,6,28.8,80.5,225,63.9,65.6
EC001421,BUS_B,Business,11,Monday,10,29.0,73.8,145,68.1,66.1
EC003339,BUS_B,Business,23,Thursday,8,27.9,77.8,13,36.2,44.4
EC004426,BUS_A,Business,12,Tuesday,9,30.9,78.8,141,61.4,62.3
EC000926,RES_A,Residential,5,Monday,8,26.6,82.5,219,52.3,51.0
EC006910,SCI_A,Science,22,Wednesday,7,26.8,72.5,0,66.3,65.3
EC005366,LEC_A,LectureHall,2,Saturday,10,26.1,76.6,0,23.3,23.2
EC004841,LEC_A,LectureHall,18,Tuesday,1,28.3,75.1,75,43.8,45.8
EC004131,RES_A,Residential,10,Saturday,9,28.8,66.8,171,37.3,40.0
EC004855,BUS_A,Business,11,Sunday,6,30.0,75.6,46,32.5,38.9
EC000414,SCI_B,Science,13,Tuesday,5,30.3,71.5,120,91.5,101.0
EC006046,SCI_B,Science,12,Monday,6,29.7,80.5,113,91.5,92.3
EC001733,RES_A,Residential,5,Sunday,11,25.9,80.5,259,50.8,53.1
EC004961,ENG_A,Engineering,4,Friday,7,26.5,83.6,41,42.3,48.2
EC006629,SCI_A,Science,8,Saturday,4,28.7,77.1,20,73.1,80.6
EC004321,RES_A,Residential,3,Thursday,10,26.2,87.3,197,40.3,47.0
EC006921,LEC_A,LectureHall,19,Saturday,11,27.9,81.4,0,18.6,20.8
EC003869,LIB_A,Library,0,Sunday,3,27.4,76.4,0,32.3,34.0
EC000418,LEC_A,LectureHall,10,Wednesday,11,28.3,69.5,177,64.3,60.2
EC007532,LEC_A,LectureHall,23,Friday,5,27.9,77.5,38,96.6,62.0
EC004295,SCI_B,Science,19,Saturday,12,30.2,73.5,2,62.2,76.9
EC005077,SPT_A,Sports,15,Monday,2,29.5,74.4,35,43.5,47.4
EC002384,LEC_A,LectureHall,12,Thursday,9,29.3,72.9,231,82.5,74.2
EC005961,LIB_A,Library,22,Thursday,3,27.2,79.3,135,53.5,48.1
EC004126,SPT_A,Sports,10,Saturday,9,27.5,82.0,243,58.4,64.1
EC000697,SCI_B,Science,5,Monday,5,27.1,85.0,0,62.5,64.8
EC004260,LEC_A,LectureHall,20,Sunday,1,28.8,65.2,5,34.6,23.8
EC007839,RES_B,Residential,10,Saturday,5,29.8,67.6,137,37.8,38.9
EC004705,SCI_B,Science,17,Tuesday,10,29.6,,57,81.5,85.0
EC006250,BUS_B,Business,19,Thursday,11,27.8,86.2,0,35.9,36.4
EC001248,ENG_A,Engineering,20,Sunday,3,29.8,78.2,43,58.0,64.3
EC006432,LIB_A,Library,22,Wednesday,8,27.5,77.5,42,39.9,39.1
EC002156,RES_A,Residential,11,Friday,5,29.2,67.9,89,43.2,37.9
EC005809,SPT_A,Sports,9,Sunday,12,28.9,77.2,54,51.2,51.6
EC000034,RES_B,Residential,13,Wednesday,10,29.0,76.9,97,37.3,35.1
EC000486,LEC_A,LectureHall,22,Saturday,1,27.4,78.2,0,26.3,26.3
EC002083,ENG_A,Engineering,22,Monday,2,27.4,80.6,15,47.8,51.1
EC003901,ENG_A,Engineering,13,Monday,6,29.5,74.2,183,98.2,85.2
EC005893,RES_A,Residential,13,Thursday,7,29.9,69.9,119,42.5,40.4
EC006906,BUS_B,Business,4,Friday,2,26.3,78.1,32,44.3,43.1
EC000410,SCI_A,Science,3,Monday,12,26.3,78.3,7,79.0,65.8
EC005246,SPT_A,Sports,23,Monday,3,27.1,81.4,26,85.5,52.0
EC007558,BUS_B,Business,20,Thursday,1,28.1,87.1,0,36.5,39.1
EC006081,SPT_A,Sports,22,Saturday,12,27.4,83.6,59,44.3,44.7
EC007243,LIB_A,Library,19,Sunday,1,29.5,78.3,131,55.1,62.2
EC002053,BUS_A,Business,4,Wednesday,2,25.4,87.2,0,15.0,20.9
EC002931,RES_A,Residential,19,Wednesday,2,28.8,80.9,171,47.9,43.0
EC003131,ADM_A,Administration,12,Tuesday,9,30.4,71.8,100,,47.4
EC005049,BUS_A,Business,11,Monday,3,29.7,75.9,126,47.4,54.6
EC003840,SCI_A,Science,19,Monday,7,29.6,73.2,15,76.1,79.4
EC004712,BUS_A,Business,22,Thursday,6,28.1,78.4,0,31.8,37.2
EC007713,LEC_A,LectureHall,16,Sunday,3,30.1,81.1,26,36.0,39.2
EC003228,SCI_A,Science,20,Friday,6,29.2,71.3,15,91.9,84.9
EC005503,SPT_A,Sports,8,Wednesday,12,28.0,73.9,83,49.6,52.8
EC003466,LEC_A,LectureHall,1,Sunday,10,26.0,83.1,3,21.3,17.7
EC000323,LIB_A,Library,2,Friday,10,25.8,85.4,6,26.1,26.9
EC007982,ADM_A,Administration,22,Sunday,3,29.2,75.6,1,22.9,27.7
EC000786,SCI_A,Science,1,Tuesday,2,24.5,78.1,0,58.8,63.9
EC002013,SCI_A,Science,7,Tuesday,7,28.2,81.4,17,70.9,72.8
EC006830,SCI_A,Science,14,Thursday,2,31.0,77.2,130,110.5,107.8
EC002377,SPT_A,Sports,14,Monday,12,30.0,74.1,12,37.6,38.3
EC004120,ENG_A,Engineering,14,Wednesday,1,30.0,78.4,161,62.5,76.0
EC006047,LEC_A,LectureHall,16,Tuesday,5,31.6,72.4,141,59.8,68.9
EC004810,SCI_A,Science,17,Tuesday,12,28.1,71.6,74,82.7,88.4
EC005772,RES_A,Residential,9,Friday,1,26.4,78.0,225,39.1,39.7
EC006670,LIB_A,Library,13,Wednesday,7,31.3,73.9,112,41.8,52.8
EC007522,RES_A,Residential,21,Tuesday,12,28.2,79.1,258,58.7,53.1
EC001776,LIB_A,Library,7,Monday,3,26.9,78.8,0,27.0,27.2
EC005548,RES_B,Residential,1,Sunday,4,28.0,76.4,118,52.1,48.6
EC005601,ENG_A,Engineering,19,Saturday,5,31.0,66.2,14,50.7,57.1
EC006507,ENG_B,Engineering,0,Tuesday,10,26.7,76.8,9,56.9,46.1
EC006312,ENG_B,Engineering,0,Saturday,11,26.2,91.5,5,68.5,45.6
EC002882,ADM_A,Administration,6,Friday,8,27.6,82.9,12,26.9,28.6
EC006303,BUS_B,Business,11,Sunday,3,30.7,73.5,34,48.4,43.6
EC004716,ENG_A,Engineering,0,Thursday,4,27.9,74.4,22,47.4,47.8
EC000655,SCI_B,Science,20,Friday,11,28.2,78.1,23,75.3,75.7
EC005475,BUS_A,Business,7,Tuesday,11,27.3,80.5,19,33.3,33.4
EC001216,BUS_B,Business,6,Tuesday,10,26.2,85.7,11,28.1,33.0
EC006710,LIB_A,Library,19,Tuesday,5,29.7,76.7,176,67.4,64.6
EC007711,ENG_A,Engineering,7,Tuesday,6,27.0,86.6,0,43.1,43.5
EC001079,ADM_A,Administration,15,Wednesday,4,30.0,65.8,102,45.6,45.1
EC007856,ENG_B,Engineering,1,Monday,3,28.3,79.3,20,46.8,45.0
EC001882,LEC_A,LectureHall,17,Tuesday,11,27.1,78.2,101,44.2,47.8
EC003594,SCI_B,Science,23,Monday,8,27.2,89.8,8,66.9,63.5
EC007130,BUS_A,Business,3,Saturday,9,24.9,74.1,0,23.3,21.7
EC002976,RES_A,Residential,19,Monday,1,27.7,77.6,199,54.7,47.9
EC001105,SCI_B,Science,4,Sunday,12,26.3,83.8,0,55.9,61.0
EC003230,ENG_A,Engineering,8,Sunday,6,26.6,90.0,11,47.3,46.6
EC005737,SCI_A,Science,8,Thursday,2,28.6,78.0,39,75.0,82.9
EC007019,SCI_A,Science,0,Sunday,4,27.2,82.2,15,81.5,75.6
EC002983,LIB_A,Library,20,Monday,8,29.1,82.7,128,50.5,53.1
EC002936,ENG_B,Engineering,6,Monday,2,26.0,83.5,0,40.7,36.5
EC001699,LEC_A,LectureHall,17,Saturday,8,29.3,69.2,33,30.9,36.9
EC005337,ENG_A,Engineering,1,Wednesday,7,27.5,79.4,25,49.1,52.9
EC003738,RES_B,Residential,13,Tuesday,8,31.5,77.1,80,44.7,41.8
EC003812,SCI_B,Science,8,Wednesday,1,26.2,77.4,66,64.2,66.1
EC001738,BUS_B,Business,13,Saturday,6,31.1,72.5,66,54.9,51.6
EC004168,ENG_B,Engineering,5,Wednesday,6,25.9,74.3,8,30.6,35.8
EC003859,BUS_B,Business,1,Wednesday,2,25.5,81.9,23,37.7,38.1
EC002868,BUS_A,Business,23,Saturday,10,26.7,84.3,0,26.9,25.8
EC000115,BUS_A,Business,10,Sunday,2,30.3,74.2,40,40.5,41.6
EC005263,BUS_B,Business,17,Sunday,9,30.9,78.7,24,47.8,45.9
EC003452,BUS_B,Business,10,Monday,10,28.8,81.5,126,53.2,57.3
EC005354,RES_B,Residential,21,Monday,5,28.5,75.3,221,55.1,57.3
EC006648,ENG_B,Engineering,2,Thursday,7,26.7,76.3,1,37.9,40.4
EC007380,SPT_A,Sports,5,Saturday,5,27.2,79.9,72,43.6,47.0
EC004206,BUS_A,Business,1,Monday,7,28.0,76.0,0,15.5,27.2
EC002480,BUS_A,Business,7,Tuesday,10,26.7,77.8,12,24.9,31.2
EC007552,LEC_A,LectureHall,1,Saturday,10,26.8,81.4,48,27.3,29.8
EC003491,SPT_A,Sports,4,Saturday,10,24.0,75.9,16,28.7,28.5
EC004747,SPT_A,Sports,8,Thursday,9,27.1,80.7,106,51.8,46.1
EC004164,LEC_A,LectureHall,8,Wednesday,1,27.5,77.9,65,33.0,43.8
EC003551,RES_A,Residential,20,Thursday,9,29.6,71.1,240,45.7,51.4
EC000371,LIB_A,Library,17,Wednesday,8,28.9,75.7,207,57.2,56.5
EC002641,LEC_A,LectureHall,14,Monday,11,29.9,72.7,171,61.8,65.3
EC004110,BUS_A,Business,4,Sunday,3,26.8,81.6,4,30.5,27.4
EC000148,ENG_A,Engineering,23,Thursday,2,27.7,70.9,0,45.5,49.0
EC007752,LEC_A,LectureHall,13,Wednesday,7,35.4,84.8,259,105.0,100.2
EC005619,ADM_A,Administration,10,Sunday,11,27.0,79.4,22,21.7,24.3
EC004409,LEC_A,LectureHall,4,Thursday,4,25.9,79.2,27,24.9,28.2
EC006932,LIB_A,Library,11,Sunday,2,29.4,73.4,225,65.7,68.3
EC005584,LIB_A,Library,19,Saturday,4,30.5,75.0,230,76.7,69.5
EC001802,LIB_A,Library,8,Monday,2,27.2,71.8,14,32.0,35.8
EC006716,BUS_A,Business,1,Saturday,1,26.3,91.9,4,25.7,24.9
EC003448,BUS_B,Business,15,Tuesday,10,29.6,70.7,166,64.2,66.8
EC002160,RES_B,Residential,7,Wednesday,2,27.1,77.6,195,49.7,47.5
EC000361,SPT_A,Sports,12,Friday,11,29.6,75.7,11,38.9,38.3
EC001979,RES_A,Residential,4,Sunday,3,28.7,80.6,184,65.7,57.0
EC004876,SPT_A,Sports,16,Saturday,3,,72.4,184,67.1,69.3
EC005243,BUS_A,Business,11,Tuesday,9,27.4,79.9,111,32.8,50.0
EC007418,SPT_A,Sports,6,Wednesday,1,25.5,82.5,119,41.6,46.0
EC002533,RES_B,Residential,15,Thursday,7,30.1,73.9,132,38.6,41.7
EC003295,RES_A,Residential,17,Saturday,5,30.8,64.4,158,51.9,50.3
EC006332,BUS_A,Business,23,Monday,1,27.2,87.7,0,30.4,33.8
EC005271,SCI_A,Science,10,Thursday,10,28.0,80.9,112,66.3,87.8
EC000896,RES_B,Residential,20,Saturday,4,29.9,70.2,203,43.9,45.1
EC001366,LIB_A,Library,19,Tuesday,5,30.2,79.4,152,46.0,56.2
EC001181,SCI_A,Science,19,Friday,8,28.9,78.9,30,75.0,78.7
EC004678,BUS_A,Business,3,Monday,1,28.1,83.8,0,12.3,25.9
EC000596,RES_B,Residential,15,Friday,2,30.4,72.3,135,35.2,42.3
EC002875,SCI_A,Science,9,Wednesday,8,27.5,80.3,72,82.0,80.0
EC000853,LIB_A,Library,14,Saturday,1,29.4,72.1,266,67.8,67.2
EC006578,ENG_B,Engineering,19,Monday,11,28.3,74.9,44,40.1,45.5
EC003654,RES_B,Residential,2,Saturday,2,26.1,82.0,151,50.1,47.4
EC003660,RES_B,Residential,1,Saturday,2,26.7,77.8,132,48.5,46.7
EC000365,ADM_A,Administration,1,Monday,7,25.9,80.3,9,26.5,27.0
EC003854,SCI_A,Science,14,Wednesday,10,29.6,71.7,132,104.0,101.6
EC000662,SPT_A,Sports,18,Friday,8,29.5,74.1,122,65.1,62.4
EC004304,RES_A,Residential,18,Friday,8,30.8,78.6,202,48.3,59.0
EC003092,LIB_A,Library,9,Friday,2,28.2,75.7,33,31.1,34.7
EC000267,SPT_A,Sports,12,Friday,11,28.5,78.4,0,39.6,41.9
EC004921,SCI_A,Science,7,Thursday,7,28.6,83.1,0,59.1,70.9
EC007499,LIB_A,Library,20,Tuesday,3,28.7,76.1,114,51.8,55.1
EC005064,ENG_A,Engineering,14,Friday,12,29.9,61.8,185,80.7,76.1
EC005304,ENG_A,Engineering,5,Monday,1,25.7,82.3,0,35.5,41.4
EC006285,ADM_A,Administration,20,Tuesday,1,29.5,79.9,5,30.2,36.1
EC000053,SCI_A,Science,21,Saturday,5,30.4,72.7,7,62.3,74.3
EC005701,SCI_B,Science,9,Monday,7,30.1,73.8,63,77.0,86.0
EC004364,LIB_A,Library,17,Friday,2,28.6,80.9,223,58.7,58.8
EC005499,SPT_A,Sports,20,Wednesday,6,29.6,72.6,152,79.5,64.8
EC001226,LEC_A,LectureHall,15,Friday,6,,76.2,171,59.9,68.0
EC003693,ENG_A,Engineering,10,Saturday,5,30.5,68.9,,59.5,66.3
EC000144,LEC_A,LectureHall,8,Wednesday,5,29.2,72.7,164,35.4,52.1
EC006712,SCI_A,Science,20,Wednesday,6,28.9,,11,81.4,76.9
EC002958,BUS_B,Business,4,Monday,2,25.4,84.8,4,34.1,36.7
EC002683,ADM_A,Administration,10,Tuesday,12,29.9,72.1,72,33.0,35.0
EC004867,BUS_B,Business,7,Friday,6,27.6,84.8,,41.5,64.5
EC007075,ENG_B,Engineering,0,Sunday,9,27.8,73.4,5,72.8,50.8
EC003044,SCI_A,Science,2,Tuesday,7,26.8,80.9,0,66.4,72.1
EC005034,ENG_A,Engineering,14,Monday,5,31.2,78.2,191,77.1,83.3
EC005376,RES_A,Residential,12,Tuesday,3,29.7,73.5,184,48.3,52.9
EC000246,BUS_B,Business,19,Saturday,7,29.9,72.1,12,36.8,41.5
EC001640,RES_B,Residential,13,Monday,1,30.9,76.1,96,38.1,40.6
EC004091,SCI_B,Science,14,Saturday,4,31.6,70.7,51,83.7,77.6
EC007820,BUS_B,Business,3,Friday,10,26.4,82.9,0,13.6,25.2
EC006182,BUS_A,Business,23,Monday,11,25.5,80.0,0,29.2,32.1
EC005738,BUS_A,Business,18,Monday,9,30.6,75.0,55,45.9,49.7
EC002496,RES_A,Residential,15,Monday,2,28.5,77.2,100,45.9,44.3
EC002213,SPT_A,Sports,5,Saturday,9,25.8,81.3,89,35.4,46.1
EC000339,ADM_A,Administration,5,Wednesday,5,26.2,84.3,6,26.7,27.9
EC007489,LIB_A,Library,7,Tuesday,4,29.0,74.4,0,30.8,35.3
EC005777,ENG_B,Engineering,12,Wednesday,5,31.1,69.7,145,68.3,72.7
EC002453,RES_A,Residential,1,Saturday,6,27.1,80.6,162,43.4,47.1
EC007790,SPT_A,Sports,10,Tuesday,8,28.9,76.8,31,46.6,48.1
EC002137,ENG_B,Engineering,9,Saturday,10,28.1,85.8,12,44.8,44.4
EC000847,SCI_A,Science,22,Wednesday,9,28.1,83.4,0,67.7,63.8
EC005686,ENG_B,Engineering,13,Friday,8,30.3,75.2,164,69.8,74.5
EC005003,ENG_A,Engineering,0,Saturday,3,27.4,76.8,10,43.7,48.1
EC000907,SPT_A,Sports,14,Sunday,9,30.8,72.1,17,50.8,44.7
EC006044,BUS_A,Business,1,Sunday,4,24.8,78.7,0,13.0,20.9
EC007482,ENG_A,Engineering,15,Thursday,3,31.1,75.9,143,78.8,79.2
EC000337,BUS_B,Business,12,Tuesday,3,30.2,65.7,189,71.1,79.2
EC004883,SCI_B,Science,19,Thursday,9,29.2,71.8,29,75.6,72.1
EC001269,LIB_A,Library,16,Wednesday,1,30.9,78.6,203,74.0,67.4
EC002447,RES_B,Residential,5,Sunday,4,27.9,77.8,203,50.2,52.1
EC003004,ENG_A,Engineering,2,Monday,5,25.0,87.9,1,59.4,42.3
EC006913,BUS_B,Business,8,Sunday,12,27.3,74.0,17,36.0,36.8
EC004074,ENG_A,Engineering,12,Saturday,8,29.9,72.3,55,49.2,60.9
EC004804,BUS_B,Business,4,Tuesday,2,25.5,86.7,0,13.6,28.0
EC004644,BUS_B,Business,13,Tuesday,8,28.5,76.8,151,63.8,64.6
EC000757,RES_B,Residential,0,Tuesday,4,27.2,80.5,111,43.9,38.6
EC004570,BUS_A,Business,15,Thursday,6,31.3,79.0,120,60.0,60.1
EC007829,RES_B,Residential,17,Sunday,8,29.5,69.7,130,46.8,42.2
EC000986,LIB_A,Library,20,Saturday,12,28.4,77.4,90,43.4,53.6
EC004273,RES_A,Residential,2,Thursday,12,25.0,90.3,119,49.1,45.6
EC005899,BUS_A,Business,11,Wednesday,1,29.3,78.4,128,60.3,60.0
EC004609,ENG_B,Engineering,5,Monday,3,27.8,77.5,13,36.5,41.3
EC006657,SCI_B,Science,8,Wednesday,2,27.4,,45,60.5,68.7
EC005554,BUS_B,Business,22,Wednesday,5,29.1,78.8,0,39.0,41.5
EC006977,SCI_B,Science,5,Saturday,3,26.9,82.1,0,55.7,55.5
EC005399,LIB_A,Library,10,Wednesday,2,29.1,83.2,33,40.9,41.4
EC004599,ADM_A,Administration,9,Monday,5,27.8,80.3,64,30.7,34.8
EC007278,SPT_A,Sports,0,Saturday,3,27.2,79.3,28,43.8,40.1
EC003276,RES_A,Residential,20,Wednesday,11,28.2,78.5,218,51.9,52.8
EC005814,BUS_A,Business,9,Wednesday,9,27.3,78.9,166,31.0,46.4
EC006886,ADM_A,Administration,10,Tuesday,8,28.5,74.6,77,34.2,38.5
EC003637,SCI_A,Science,21,Wednesday,7,28.3,74.6,4,69.7,69.9
EC000589,LEC_A,LectureHall,22,Monday,10,26.7,85.8,33,108.2,56.3
EC003258,ENG_B,Engineering,9,Saturday,3,27.7,75.3,10,38.3,38.5
EC002362,RES_A,Residential,8,Saturday,10,27.6,77.7,219,49.3,48.9
EC003147,LIB_A,Library,1,Monday,7,26.6,82.1,0,26.3,28.2
EC003095,BUS_B,Business,4,Thursday,6,25.1,86.8,20,34.9,39.9
EC004116,BUS_B,Business,3,Friday,5,27.3,82.5,22,43.2,48.5
EC003219,SCI_A,Science,3,Thursday,4,26.8,83.2,0,81.5,74.5
EC001354,SCI_A,Science,15,Tuesday,3,31.2,74.4,101,108.8,111.5
EC001450,LIB_A,Library,8,Monday,6,28.7,84.4,32,39.5,37.6
EC004495,LEC_A,LectureHall,15,Wednesday,8,35.7,83.9,250,97.8,105.8
EC000973,BUS_B,Business,1,Tuesday,12,25.4,80.5,0,30.3,31.0
EC000210,BUS_B,Business,17,Sunday,3,,78.0,0,32.3,39.7
EC006253,ENG_A,Engineering,15,Monday,8,30.3,68.5,166,70.6,79.0
EC004162,ADM_A,Administration,19,Sunday,7,28.8,76.9,3,26.4,25.3
EC007636,BUS_B,Business,19,Tuesday,10,28.8,76.9,0,37.4,41.0
EC004987,BUS_A,Business,20,Monday,2,28.3,83.4,9,32.7,38.0
EC001584,LIB_A,Library,22,Friday,2,27.8,79.2,33,87.1,58.1
EC003745,LIB_A,Library,15,Monday,5,30.6,73.8,282,67.8,69.6
EC006497,BUS_A,Business,13,Sunday,6,30.5,77.9,48,45.3,43.1
EC001857,ENG_B,Engineering,22,Sunday,2,28.0,80.3,1,32.0,41.9
EC004805,BUS_A,Business,3,Sunday,6,25.5,81.1,0,,17.6
EC004864,LEC_A,LectureHall,11,Sunday,6,30.4,71.1,18,39.1,35.6
EC006618,LIB_A,Library,10,Sunday,4,28.8,75.6,24,43.1,41.5
EC004990,LEC_A,LectureHall,16,Tuesday,11,30.1,69.2,94,50.1,52.6
EC003494,ADM_A,Administration,17,Friday,12,30.4,79.8,40,39.2,37.3
EC004458,SCI_A,Science,1,Tuesday,10,25.8,76.6,6,55.5,60.4
EC007698,RES_A,Residential,2,Thursday,5,,81.9,138,45.0,44.6
EC006781,RES_B,Residential,10,Friday,9,28.9,74.3,152,45.5,43.3
EC004197,SCI_A,Science,10,Monday,9,29.0,72.9,99,81.6,92.6
EC002179,ENG_B,Engineering,21,Tuesday,12,27.2,74.0,11,30.9,36.1
EC005259,ENG_B,Engineering,18,Tuesday,9,30.4,71.8,62,48.6,49.9
EC003163,LEC_A,LectureHall,17,Thursday,9,28.4,74.6,94,52.1,46.3
EC001377,BUS_B,Business,22,Wednesday,9,26.9,81.5,1,36.7,37.4
EC002206,ADM_A,Administration,3,Thursday,6,26.6,81.0,0,24.8,28.0
EC002915,BUS_B,Business,5,Monday,1,25.1,85.1,0,31.2,29.2
EC002978,ENG_A,Engineering,7,Sunday,4,28.0,78.7,16,45.2,51.6
EC007141,ADM_A,Administration,10,Monday,2,29.0,74.7,68,41.1,39.0
EC004995,ENG_A,Engineering,20,Sunday,2,28.6,71.1,0,51.5,49.9
EC004598,RES_B,Residential,23,Tuesday,11,26.5,83.5,254,46.2,55.0
EC006101,LIB_A,Library,22,Friday,5,28.1,72.4,124,52.3,47.8
EC000900,ADM_A,Administration,2,Monday,7,26.7,80.0,10,25.7,22.6
EC000425,ENG_A,Engineering,0,Friday,6,24.9,83.1,6,36.3,35.7
EC005816,ENG_B,Engineering,2,Friday,12,25.5,77.4,0,36.7,30.4
EC001893,SCI_A,Science,14,Sunday,12,30.5,72.2,35,89.4,89.8
EC000275,LEC_A,LectureHall,1,Monday,12,26.3,81.4,0,12.0,21.4
EC002861,BUS_A,Business,22,Sunday,3,28.7,78.7,0,29.0,32.1
EC004550,RES_A,Residential,1,Wednesday,8,26.2,77.2,143,44.4,45.1
EC001145,RES_B,Residential,20,Sunday,8,29.1,71.0,205,36.6,49.4
EC006071,LIB_A,Library,14,Monday,11,29.4,76.3,176,59.9,56.5
EC002481,BUS_A,Business,3,Friday,2,25.5,,0,26.9,31.7
EC006855,BUS_B,Business,21,Wednesday,5,27.7,84.0,4,36.8,44.2
EC001653,LEC_A,LectureHall,23,Sunday,5,27.2,84.0,20,25.8,25.8
EC000109,LEC_A,LectureHall,16,Saturday,8,29.7,75.8,44,33.8,37.8
EC003911,LEC_A,LectureHall,5,Sunday,9,26.5,82.7,0,21.5,20.9
EC007445,ENG_B,Engineering,19,Monday,12,28.7,72.4,24,44.5,47.2
EC007086,ENG_B,Engineering,13,Saturday,5,30.4,69.2,43,47.2,55.8
EC005205,SCI_B,Science,7,Saturday,10,25.1,81.5,6,53.0,56.1
EC005761,ADM_A,Administration,3,Saturday,12,26.4,80.2,0,19.0,17.5
EC004182,BUS_A,Business,4,Sunday,10,25.6,87.1,0,26.9,22.7
EC004231,ENG_B,Engineering,3,Saturday,12,25.2,,0,28.0,30.2
EC000376,ENG_A,Engineering,0,Sunday,7,27.0,77.8,12,45.3,46.9
EC006103,ENG_A,Engineering,17,Saturday,11,29.3,68.1,26,46.0,49.0
EC003168,RES_B,Residential,7,Tuesday,8,27.4,83.6,204,48.7,47.4
EC000157,LEC_A,LectureHall,22,Sunday,12,26.6,83.5,31,76.3,46.8
EC007189,ADM_A,Administration,6,Thursday,10,24.9,91.0,8,21.4,23.7
EC001983,RES_A,Residential,14,Wednesday,8,34.3,82.4,325,67.1,66.9
EC007382,LEC_A,LectureHall,11,Friday,3,30.9,71.3,171,67.5,66.3
EC001114,ADM_A,Administration,20,Friday,7,28.3,70.8,16,31.2,33.7
EC001123,BUS_B,Business,4,Wednesday,10,25.7,82.1,13,28.3,32.5
EC004989,RES_A,Residential,20,Saturday,5,28.3,,270,42.1,52.5
EC003185,BUS_A,Business,19,Monday,11,28.9,81.7,7,32.4,34.1
EC006090,ADM_A,Administration,4,Sunday,1,26.0,85.8,1,21.1,17.6
EC003639,ENG_B,Engineering,16,Monday,8,29.0,76.6,95,55.6,63.2
EC005742,ENG_A,Engineering,21,Saturday,8,28.8,74.6,19,43.4,46.3
EC005978,SPT_A,Sports,17,Wednesday,10,30.3,69.9,119,52.8,57.5
EC007950,RES_A,Residential,22,Wednesday,1,26.8,79.9,241,53.0,52.6
EC000883,RES_B,Residential,20,Wednesday,11,27.1,81.6,188,36.9,39.1
EC002509,BUS_B,Business,16,Monday,2,30.9,78.1,217,92.2,83.3
EC003540,RES_B,Residential,14,Wednesday,4,29.7,76.5,45,41.1,33.9
EC000906,LEC_A,LectureHall,23,Wednesday,6,,78.7,3,31.8,34.0
EC004624,BUS_A,Business,13,Sunday,4,30.8,78.3,55,49.0,48.1
EC002584,ENG_A,Engineering,17,Wednesday,9,29.0,76.5,111,67.2,63.4
EC007502,LEC_A,LectureHall,2,Tuesday,1,26.8,78.6,0,5.7,22.9
EC007745,ENG_B,Engineering,1,Saturday,7,26.6,79.7,0,39.2,34.8
EC006364,ADM_A,Administration,11,Thursday,7,29.8,75.8,99,41.9,45.6
EC000620,RES_A,Residential,20,Friday,8,28.8,,,47.2,54.2
EC001386,LIB_A,Library,8,Saturday,4,28.4,80.4,41,40.2,38.4
EC007826,RES_B,Residential,6,Wednesday,9,26.2,81.7,202,40.5,45.3
EC002723,ENG_A,Engineering,19,Monday,3,29.4,71.0,17,48.2,49.3
EC006668,LIB_A,Library,4,Sunday,5,26.9,85.2,36,35.4,39.1
EC001764,ENG_A,Engineering,4,Tuesday,3,26.7,79.2,9,62.1,53.5
EC001945,BUS_A,Business,6,Tuesday,5,27.1,85.2,10,30.7,34.8
EC005155,SCI_A,Science,21,Saturday,1,29.3,82.1,21,63.2,76.5
EC005092,RES_B,Residential,14,Wednesday,6,34.4,80.8,288,63.1,65.9
EC001615,BUS_A,Business,22,Tuesday,4,28.9,76.1,0,33.1,37.0
EC005469,ENG_B,Engineering,4,Thursday,6,25.9,89.3,18,39.9,36.2
EC002528,BUS_A,Business,18,Saturday,11,28.8,76.7,41,32.4,35.5
EC005516,LIB_A,Library,15,Monday,7,29.6,72.9,206,63.6,63.1
EC000849,BUS_A,Business,13,Wednesday,11,29.6,75.6,137,64.7,61.0
EC002828,ENG_A,Engineering,8,Monday,3,28.2,81.0,43,52.8,54.7
EC005484,ADM_A,Administration,14,Thursday,1,29.0,82.4,103,41.1,43.7
EC002177,LIB_A,Library,0,Tuesday,7,25.8,83.4,0,29.7,29.7
EC002124,ADM_A,Administration,13,Thursday,2,29.0,78.3,117,44.3,41.6
EC000370,LIB_A,Library,18,Tuesday,4,29.8,79.0,,84.4,85.2
EC004385,LIB_A,Library,10,Tuesday,10,28.2,81.3,21,27.9,33.2
EC002952,BUS_B,Business,21,Monday,11,28.1,72.0,4,34.8,37.8
EC001261,RES_A,Residential,12,Sunday,11,29.9,71.9,141,38.6,41.0
EC006365,RES_A,Residential,1,Saturday,7,27.1,75.8,173,47.9,46.5
EC000417,ENG_A,Engineering,20,Tuesday,12,27.3,86.7,7,43.3,45.3
EC003850,SCI_A,Science,13,Thursday,2,30.2,74.3,176,113.5,114.2
EC006080,RES_A,Residential,10,Monday,11,28.8,78.6,316,59.6,56.4
EC002932,ADM_A,Administration,2,Saturday,3,25.3,100.0,,17.0,19.5
EC002943,SCI_B,Science,18,Monday,7,29.1,74.9,54,74.9,75.4
EC001184,LEC_A,LectureHall,11,Tuesday,12,26.6,84.8,193,60.2,58.2
EC002271,BUS_B,Business,0,Thursday,12,25.7,80.7,27,33.8,34.4
EC000880,BUS_A,Business,12,Tuesday,12,29.2,73.4,128,54.3,58.0
EC000756,RES_A,Residential,10,Wednesday,2,27.5,83.4,136,39.8,44.6
EC000651,ENG_A,Engineering,17,Thursday,6,30.1,77.2,110,60.6,70.3
EC007294,BUS_B,Business,11,Thursday,2,28.4,81.7,151,73.0,70.1
EC000230,LIB_A,Library,13,Wednesday,10,27.5,70.2,136,47.4,45.5
EC004637,ENG_B,Engineering,12,Friday,8,,73.6,170,84.3,77.2
EC002649,SPT_A,Sports,11,Tuesday,12,28.8,75.5,24,39.5,40.5
EC007947,ENG_B,Engineering,16,Wednesday,2,28.5,77.3,110,58.5,63.7
EC005473,RES_A,Residential,13,Thursday,4,31.3,76.7,154,50.3,52.4
EC006401,ENG_B,Engineering,17,Saturday,5,30.1,74.9,33,46.8,48.9
EC007052,RES_A,Residential,18,Thursday,6,30.7,75.4,142,49.2,47.8
EC000544,ENG_A,Engineering,12,Sunday,9,27.8,76.4,94,59.3,60.1
EC000625,RES_B,Residential,9,Monday,8,27.0,80.0,148,40.7,41.7
EC000969,RES_B,Residential,3,Tuesday,3,27.1,77.5,163,56.2,50.9
EC003314,RES_A,Residential,1,Wednesday,10,25.7,79.3,162,44.3,43.7
EC000955,RES_A,Residential,1,Thursday,1,26.8,78.5,149,42.3,41.4
EC004505,LIB_A,Library,15,Sunday,12,28.8,76.6,195,47.1,54.5
EC007277,ENG_A,Engineering,0,Sunday,8,27.9,76.2,20,52.2,51.9
EC002970,SCI_B,Science,2,Friday,4,27.2,78.1,22,71.6,65.5
EC006654,BUS_A,Business,23,Sunday,8,26.1,82.2,13,23.1,23.2
EC000780,ADM_A,Administration,22,Friday,7,27.7,89.4,0,26.2,27.5
EC004873,LEC_A,LectureHall,9,Saturday,7,28.5,88.9,41,33.4,32.7
EC006102,ENG_A,Engineering,2,Tuesday,7,27.3,85.0,4,45.8,43.9
EC002676,BUS_A,Business,15,Saturday,2,31.2,66.0,42,38.5,38.5
EC002803,ADM_A,Administration,23,Sunday,4,27.3,81.9,0,26.6,27.9
EC007808,SCI_A,Science,23,Saturday,10,27.3,86.4,0,57.5,63.8
EC003688,BUS_B,Business,7,Thursday,8,27.4,75.3,0,38.4,41.4
EC002617,RES_B,Residential,8,Wednesday,1,27.5,80.5,168,36.3,42.3
EC002163,RES_B,Residential,15,Monday,7,29.4,70.7,103,37.4,41.9
EC005349,SCI_B,Science,21,Friday,8,28.2,74.4,29,63.1,69.4
EC001040,SCI_A,Science,3,Sunday,9,25.6,82.9,12,59.1,69.1
EC005116,RES_B,Residential,14,Wednesday,3,30.8,72.8,127,44.9,44.1
EC006415,LEC_A,LectureHall,17,Sunday,4,28.7,78.2,45,33.5,37.7
EC006931,RES_A,Residential,5,Thursday,6,26.8,82.7,227,49.9,49.8
EC006267,ENG_B,Engineering,18,Tuesday,6,30.0,76.7,82,60.0,60.4
EC001595,RES_A,Residential,18,Monday,8,29.3,72.9,125,33.2,42.8
EC004862,SCI_B,Science,20,Monday,12,29.0,77.8,20,74.7,76.0
EC001803,ADM_A,Administration,4,Thursday,10,25.5,80.8,5,23.8,23.8
EC005236,BUS_B,Business,12,Tuesday,12,27.9,74.0,183,56.6,69.6
EC006917,LEC_A,LectureHall,21,Saturday,4,28.2,79.4,0,25.7,25.2
EC002146,BUS_A,Business,8,Wednesday,11,27.5,77.4,43,32.6,39.0
EC002694,ADM_A,Administration,22,Wednesday,6,28.6,78.8,0,28.6,29.1
EC000680,ENG_A,Engineering,1,Tuesday,3,26.6,89.6,6,37.0,42.3
EC004357,ADM_A,Administration,17,Wednesday,12,30.6,64.9,61,38.9,36.5
EC003565,LEC_A,LectureHall,19,Thursday,5,29.9,75.1,31,41.3,39.4
EC001665,LEC_A,LectureHall,23,Saturday,6,27.6,72.5,13,24.4,24.7
EC000774,SCI_B,Science,6,Friday,2,26.0,77.4,0,54.1,57.3
EC007163,RES_B,Residential,10,Monday,1,26.2,85.2,145,40.1,37.1
EC004781,LIB_A,Library,15,Friday,7,30.1,70.4,259,66.2,65.2
EC000799,BUS_B,Business,18,Friday,8,29.3,75.5,77,46.0,49.6
EC005151,SCI_A,Science,9,Monday,8,28.0,79.3,71,83.8,76.2
EC006896,SCI_B,Science,14,Thursday,6,30.5,69.5,127,82.5,88.3
EC005927,ADM_A,Administration,22,Thursday,4,27.3,84.4,0,30.9,31.4
EC007848,SCI_A,Science,5,Thursday,8,26.7,72.5,3,68.4,59.3
EC004815,SCI_A,Science,23,Saturday,10,25.9,83.7,0,58.4,64.5
EC006360,ENG_B,Engineering,23,Thursday,7,27.0,75.6,7,30.5,33.9
EC006728,RES_B,Residential,7,Tuesday,1,26.8,81.3,185,50.2,47.2
EC005372,LEC_A,LectureHall,1,Wednesday,2,25.3,82.4,27,25.2,28.7
EC006040,BUS_B,Business,14,Tuesday,6,31.3,70.4,156,68.8,75.0
EC000291,ENG_B,Engineering,15,Wednesday,10,29.1,77.2,118,62.4,57.8
EC003567,ENG_A,Engineering,9,Saturday,8,28.8,69.9,4,51.2,51.3
EC000433,BUS_A,Business,8,Friday,11,26.4,75.5,76,40.4,43.8
EC005450,LIB_A,Library,12,Friday,2,30.7,77.7,97,52.4,51.3
EC001799,BUS_A,Business,11,Sunday,5,31.9,73.8,47,42.1,54.2
EC001684,ENG_A,Engineering,23,Monday,5,28.1,82.2,47,56.1,55.1
EC007566,SCI_B,Science,23,Saturday,8,27.1,83.7,0,,62.1
EC007002,ENG_A,Engineering,1,Thursday,12,25.7,82.8,0,37.5,42.8
EC001894,ENG_B,Engineering,22,Monday,12,28.0,77.9,22,39.9,39.6
EC007356,SPT_A,Sports,13,Sunday,5,29.5,78.6,2,43.7,43.3
EC006301,ENG_B,Engineering,10,Wednesday,8,27.7,77.4,118,50.0,57.0
EC000861,LIB_A,Library,17,Monday,11,29.0,78.4,236,,65.8
EC002441,LEC_A,LectureHall,22,Tuesday,1,27.1,80.9,9,83.1,44.3
EC007254,BUS_A,Business,2,Wednesday,10,26.3,79.3,5,29.0,28.6
EC000519,LIB_A,Library,22,Saturday,3,28.5,75.8,51,43.0,45.7
EC004250,ENG_B,Engineering,9,Tuesday,9,28.6,69.8,84,55.3,52.8
EC001896,BUS_A,Business,1,Wednesday,9,27.6,80.9,8,29.9,34.5
EC001709,LEC_A,LectureHall,2,Wednesday,9,24.8,85.0,0,19.9,21.3
EC005497,RES_B,Residential,5,Monday,6,27.7,76.3,188,56.7,54.1
EC003607,RES_A,Residential,10,Saturday,11,,75.2,187,38.7,42.0
EC004225,SCI_B,Science,12,Wednesday,4,30.2,73.4,122,101.7,96.6
EC002181,RES_B,Residential,11,Sunday,1,28.4,77.1,170,38.5,40.3
EC000701,LEC_A,LectureHall,5,Thursday,5,27.1,80.6,17,27.9,33.6
EC003093,BUS_B,Business,19,Saturday,11,28.8,76.4,0,39.1,37.3
EC007336,SCI_B,Science,20,Monday,4,29.6,74.3,27,81.2,82.6
EC007280,LIB_A,Library,12,Saturday,9,28.7,76.0,119,42.6,46.3
EC001150,BUS_A,Business,8,Tuesday,5,27.6,72.2,86,40.6,41.5
EC007083,LEC_A,LectureHall,18,Saturday,8,31.3,69.4,0,35.5,31.8
EC005682,SCI_A,Science,23,Saturday,9,26.6,82.8,2,51.9,62.4
EC000488,LEC_A,LectureHall,11,Saturday,12,28.5,75.0,31,26.6,31.0
EC000321,ENG_B,Engineering,13,Thursday,12,30.2,81.2,141,77.8,74.2
EC003849,RES_A,Residential,13,Tuesday,8,30.3,74.5,102,36.0,44.3
EC003243,BUS_A,Business,13,Sunday,12,29.2,68.2,54,37.5,37.7
EC001189,RES_A,Residential,8,Monday,1,26.2,81.1,166,40.0,40.1
EC005579,SCI_A,Science,12,Sunday,9,28.6,75.1,13,77.3,68.3
EC004503,LIB_A,Library,15,Monday,10,29.6,75.2,188,49.9,58.1
EC006700,SCI_B,Science,2,Wednesday,8,25.2,84.1,0,46.4,49.3
EC006335,SPT_A,Sports,21,Tuesday,8,26.8,71.1,113,49.5,48.9
EC002421,LEC_A,LectureHall,10,Wednesday,1,27.2,83.0,139,53.2,58.7
EC004039,BUS_A,Business,0,Thursday,3,26.5,81.8,0,37.4,41.1
EC005170,BUS_A,Business,1,Sunday,1,27.4,76.7,12,37.5,32.0
EC007288,SPT_A,Sports,14,Tuesday,5,30.7,66.1,17,46.8,49.4
EC003031,ENG_B,Engineering,23,Tuesday,4,27.4,75.9,26,53.1,48.9
EC005118,BUS_A,Business,4,Monday,2,26.4,93.3,5,35.7,35.0
EC000964,SPT_A,Sports,10,Thursday,1,29.8,77.3,245,63.2,72.4
EC000476,SPT_A,Sports,23,Sunday,2,26.6,82.9,28,37.4,42.6
EC004856,ADM_A,Administration,10,Sunday,12,27.7,83.2,16,22.4,24.9
EC003795,BUS_B,Business,18,Tuesday,12,27.1,83.1,74,47.4,48.3
EC005476,SCI_A,Science,21,Wednesday,6,27.5,76.5,6,,72.3
EC003253,BUS_A,Business,8,Saturday,1,27.3,82.7,24,35.8,32.5
EC006347,ENG_A,Engineering,12,Monday,5,31.1,69.6,205,77.5,80.4
EC004029,ADM_A,Administration,22,Monday,9,27.3,73.6,5,23.4,25.1
EC006989,RES_B,Residential,21,Monday,2,28.3,79.7,194,53.4,50.7
EC001770,BUS_B,Business,22,Monday,2,26.8,85.1,31,33.1,35.3
EC003938,RES_A,Residential,12,Wednesday,5,29.4,72.4,139,47.7,45.6
EC001509,BUS_B,Business,19,Thursday,6,29.2,65.5,5,47.7,46.0
EC002080,SPT_A,Sports,6,Wednesday,4,27.5,74.8,87,57.2,56.4
EC007583,LIB_A,Library,8,Tuesday,8,26.7,84.3,58,34.0,39.4
EC005943,LEC_A,LectureHall,8,Thursday,7,27.4,79.8,150,27.5,46.9
EC001154,SCI_B,Science,21,Sunday,11,24.7,99.0,2,48.1,49.1
EC004607,BUS_A,Business,4,Wednesday,11,26.1,81.8,3,27.7,28.5
EC007599,LIB_A,Library,11,Sunday,6,30.2,73.8,232,62.0,64.9
EC007507,RES_B,Residential,22,Thursday,10,28.2,81.4,242,56.4,51.5
EC004350,BUS_B,Business,17,Wednesday,2,29.6,,85,56.7,65.2
EC007908,SCI_B,Science,18,Thursday,7,30.2,74.0,48,87.7,78.3
EC002851,SCI_B,Science,20,Thursday,11,27.6,77.2,11,70.2,66.8
EC006953,ENG_A,Engineering,13,Monday,4,32.1,62.3,181,84.2,86.2
EC002205,LEC_A,LectureHall,17,Monday,10,30.2,75.0,120,52.0,52.2
EC001062,BUS_A,Business,21,Wednesday,4,28.5,73.0,10,32.1,36.5
EC007116,SCI_B,Science,1,Thursday,10,24.7,83.1,,53.9,51.8
EC005130,SCI_A,Science,20,Wednesday,5,29.1,75.8,32,66.7,72.7
EC004891,SCI_A,Science,23,Thursday,6,27.2,74.9,0,61.0,64.8
EC004036,BUS_A,Business,11,Thursday,1,29.5,76.0,187,58.4,63.2
EC006435,BUS_A,Business,3,Tuesday,8,26.4,77.1,33,32.7,34.0
EC002266,SCI_B,Science,15,Tuesday,8,35.2,91.8,105,97.9,108.2
EC005360,RES_A,Residential,17,Friday,4,31.9,73.1,119,46.3,52.4
EC007219,SCI_B,Science,3,Thursday,11,25.6,85.3,7,71.7,63.3
EC001936,SPT_A,Sports,23,Saturday,5,28.6,78.0,10,75.3,51.9
EC007168,RES_B,Residential,21,Wednesday,9,26.6,83.5,243,44.9,47.1
EC000306,BUS_B,Business,7,Wednesday,2,27.9,84.1,48,40.4,46.3
EC003601,SPT_A,Sports,16,Saturday,4,31.6,73.5,200,77.0,73.4
EC003939,LIB_A,Library,13,Monday,8,30.3,78.6,149,55.4,55.6
EC001229,BUS_B,Business,9,Thursday,12,27.3,84.0,58,38.7,45.0
EC006627,ADM_A,Administration,10,Saturday,1,28.1,75.0,21,25.8,27.7
EC000862,BUS_B,Business,13,Saturday,5,30.7,80.8,46,41.5,42.4
EC005182,RES_A,Residential,8,Saturday,11,23.8,96.3,269,46.7,49.3
EC006962,BUS_A,Business,22,Monday,2,28.0,74.9,12,40.8,35.9
EC007993,SCI_B,Science,22,Friday,3,28.2,80.8,5,61.1,60.2
EC000483,ENG_B,Engineering,16,Tuesday,12,29.9,77.6,113,72.9,65.4
EC007256,SCI_A,Science,5,Thursday,3,26.4,78.6,0,60.4,62.9
EC006697,RES_A,Residential,23,Thursday,2,27.3,84.7,283,63.1,57.0
EC002001,SCI_A,Science,14,Monday,10,27.9,78.1,123,81.0,87.6
EC003883,LEC_A,LectureHall,14,Thursday,12,30.3,78.1,212,71.2,76.1
EC000020,RES_A,Residential,16,Friday,10,28.6,73.9,159,39.3,40.4
EC006635,BUS_A,Business,17,Friday,7,29.5,68.1,61,47.0,49.1
EC003634,SCI_B,Science,21,Friday,7,23.8,95.9,9,44.4,52.4
EC005953,SCI_A,Science,6,Friday,5,26.7,80.6,8,58.1,69.8
EC001220,SCI_A,Science,11,Monday,11,29.2,79.5,132,88.8,93.6
EC000658,RES_B,Residential,23,Sunday,3,26.8,81.2,268,56.2,54.9
EC000743,ENG_A,Engineering,18,Friday,11,29.4,76.8,55,68.4,64.6
EC003271,SCI_A,Science,19,Thursday,9,28.0,79.6,32,69.7,76.4
EC003191,ENG_B,Engineering,1,Friday,12,25.0,87.4,0,32.5,33.8
EC004666,ADM_A,Administration,13,Friday,9,29.7,75.6,96,41.1,42.5
EC004664,SPT_A,Sports,5,Wednesday,8,26.9,82.3,45,44.2,47.5
EC007781,RES_B,Residential,23,Friday,8,27.4,88.2,243,54.3,58.7
EC006868,BUS_A,Business,4,Monday,12,27.1,76.0,16,31.1,34.4
EC006275,LIB_A,Library,4,Friday,9,26.1,82.1,14,30.7,29.7
EC000740,SCI_A,Science,13,Wednesday,6,31.1,69.9,174,105.0,110.7
EC003362,SCI_B,Science,9,Monday,9,27.7,87.0,58,63.9,69.2
EC005650,ENG_B,Engineering,4,Friday,11,25.8,75.9,0,30.5,34.8
EC002605,BUS_A,Business,9,Tuesday,12,27.3,85.5,109,57.4,51.5
EC006494,BUS_B,Business,19,Monday,5,30.4,67.3,14,48.5,52.5
EC002906,SPT_A,Sports,12,Friday,12,30.1,82.1,16,43.9,42.8
EC007470,LIB_A,Library,22,Sunday,1,26.5,81.9,65,44.9,45.0
EC005058,SCI_B,Science,7,Saturday,8,26.5,80.3,0,52.6,52.9
EC004792,SCI_B,Science,10,Monday,4,29.1,74.4,72,77.2,80.7
EC004343,SCI_B,Science,8,Thursday,9,28.6,83.3,49,70.8,75.6
EC002175,ADM_A,Administration,19,Monday,12,28.0,72.4,10,24.2,26.9
EC006184,LEC_A,LectureHall,4,Friday,8,26.6,82.2,0,24.2,24.5
EC001197,BUS_A,Business,13,Thursday,7,29.7,71.1,115,61.3,60.2
EC004141,ADM_A,Administration,18,Wednesday,10,29.9,75.4,43,37.4,35.4
EC001007,BUS_B,Business,5,Sunday,9,25.4,85.2,1,26.3,28.8
EC001353,SCI_B,Science,13,Monday,6,30.5,78.3,146,101.3,100.0
EC006131,RES_A,Residential,22,Saturday,9,28.9,79.3,298,54.0,65.0
EC006139,SCI_A,Science,7,Sunday,7,26.7,86.6,11,67.2,70.6
EC007722,RES_B,Residential,13,Wednesday,1,29.7,81.0,82,36.7,37.2
EC006412,SCI_A,Science,19,Monday,7,31.4,67.3,8,86.8,88.0
EC001317,SCI_A,Science,0,Tuesday,5,26.4,81.2,0,51.2,61.2
EC003088,LEC_A,LectureHall,17,Friday,11,29.6,71.1,94,50.3,49.5
EC006375,BUS_A,Business,14,Sunday,12,31.2,69.0,37,39.1,43.1
EC007753,BUS_B,Business,4,Sunday,11,25.3,74.4,7,22.3,32.3
EC003283,ENG_A,Engineering,18,Friday,3,29.8,69.3,89,78.6,74.4
EC000250,SPT_A,Sports,3,Friday,3,25.2,79.3,0,39.3,34.1
EC005901,ADM_A,Administration,8,Friday,6,28.9,78.5,48,36.6,30.8
EC004986,SPT_A,Sports,1,Thursday,6,27.8,79.4,14,38.4,40.5
EC002139,BUS_A,Business,13,Wednesday,1,29.6,74.8,148,56.7,58.2
EC003129,ENG_A,Engineering,6,Monday,9,25.7,90.6,0,36.1,32.8
EC005164,LEC_A,LectureHall,12,Sunday,6,30.9,71.1,51,48.5,44.4
EC001051,RES_A,Residential,21,Wednesday,3,28.1,86.4,234,55.4,58.3
EC001249,RES_A,Residential,2,Sunday,2,23.9,88.6,135,37.2,42.5
EC003845,RES_A,Residential,0,Thursday,5,,86.0,123,46.4,44.9
EC006927,BUS_B,Business,17,Sunday,7,31.5,74.0,17,50.6,46.7
EC000190,LIB_A,Library,19,Tuesday,6,30.2,75.2,150,69.0,66.0
EC002910,SCI_A,Science,7,Friday,11,27.7,82.8,0,63.1,64.2
EC004335,RES_B,Residential,14,Tuesday,2,29.7,69.0,104,39.6,47.5
EC007409,BUS_A,Business,0,Monday,4,28.9,75.4,3,34.5,40.5
EC001947,LIB_A,Library,10,Wednesday,1,27.8,84.5,45,33.2,35.3
EC004851,LIB_A,Library,11,Thursday,8,30.4,72.0,90,47.4,45.6
EC007473,SPT_A,Sports,22,Thursday,6,29.0,76.3,15,89.9,63.0
EC006809,BUS_B,Business,10,Saturday,11,27.6,75.0,45,39.5,40.0
EC000252,BUS_B,Business,7,Monday,4,27.5,81.5,0,37.6,37.9
EC003763,ENG_A,Engineering,6,Monday,12,25.8,80.9,15,40.6,41.7
EC006235,BUS_B,Business,1,Wednesday,7,26.1,88.1,0,31.1,33.2
EC005080,SPT_A,Sports,7,Friday,4,28.3,71.5,113,55.7,55.6
EC003032,SPT_A,Sports,3,Sunday,8,25.9,79.1,58,36.7,36.8
EC001070,LEC_A,LectureHall,16,Thursday,4,30.8,71.1,111,,60.8
EC003703,ADM_A,Administration,6,Sunday,9,27.1,83.1,0,19.0,20.3
EC001477,RES_B,Residential,6,Sunday,8,27.2,81.6,228,48.6,49.2
EC005956,SCI_B,Science,10,Saturday,8,28.5,74.1,15,55.8,64.9
EC005648,RES_B,Residential,3,Saturday,9,26.4,79.6,179,40.1,45.6
EC005397,BUS_A,Business,2,Friday,8,26.5,82.8,0,25.9,29.0
EC002498,BUS_B,Business,12,Monday,5,30.4,63.5,135,67.6,71.9
EC005509,BUS_B,Business,4,Saturday,10,24.6,77.5,0,19.9,26.9
EC000858,ENG_B,Engineering,0,Friday,7,26.7,80.0,2,36.3,35.8
EC007877,SCI_B,Science,23,Monday,3,25.5,81.1,0,55.5,55.0
EC004769,LIB_A,Library,22,Wednesday,7,27.2,83.1,12,81.4,52.6
EC007652,ENG_A,Engineering,19,Thursday,4,31.1,77.7,44,65.1,63.6
EC007008,RES_B,Residential,7,Tuesday,4,28.1,73.3,166,35.8,51.1
EC005432,SCI_B,Science,0,Wednesday,5,27.4,74.2,6,60.6,60.8
EC005664,SPT_A,Sports,14,Friday,12,29.4,81.8,24,41.6,45.0
EC006296,SCI_A,Science,20,Tuesday,11,27.3,83.7,33,60.5,64.4
EC002284,RES_A,Residential,14,Wednesday,2,29.7,79.1,135,46.7,48.7
EC007641,ENG_A,Engineering,23,Sunday,1,27.5,78.6,30,46.9,45.9
EC001620,RES_A,Residential,3,Tuesday,8,26.0,75.9,191,51.0,44.0
EC004301,SCI_B,Science,17,Monday,12,29.6,80.4,64,84.5,78.8
EC005400,LEC_A,LectureHall,22,Saturday,5,28.6,74.2,34,76.1,43.7
EC005289,SCI_A,Science,3,Monday,3,26.8,82.1,0,61.5,67.5
EC007633,SPT_A,Sports,6,Sunday,9,28.4,87.1,147,58.2,60.7
EC001347,LIB_A,Library,7,Sunday,10,27.8,73.3,5,27.8,29.1
EC007104,ENG_B,Engineering,9,Sunday,2,26.9,87.7,4,36.8,42.9
EC003365,SCI_A,Science,12,Saturday,8,31.2,68.4,34,78.4,80.7
EC001302,BUS_A,Business,16,Sunday,3,30.7,72.7,20,38.3,38.6
EC006488,ENG_A,Engineering,20,Monday,3,29.2,80.6,47,55.3,56.3
EC000355,ENG_A,Engineering,10,Monday,3,30.7,74.1,134,82.7,78.6
EC007814,SCI_B,Science,9,Friday,2,29.0,75.8,64,87.0,81.6
EC002162,LEC_A,LectureHall,5,Sunday,7,27.0,78.6,0,22.6,21.6
EC000342,SPT_A,Sports,7,Friday,7,26.5,79.0,124,54.0,50.1
EC003757,SPT_A,Sports,23,Friday,5,28.8,72.5,46,43.6,46.3
EC000132,SCI_B,Science,14,Thursday,5,30.4,77.2,113,83.9,93.7
EC000465,ENG_A,Engineering,1,Saturday,5,26.3,73.8,0,46.8,44.5
EC006240,LIB_A,Library,15,Saturday,10,27.7,80.9,180,48.3,50.8
EC003156,ADM_A,Administration,9,Wednesday,4,29.5,76.0,56,36.7,34.4
EC005051,SPT_A,Sports,19,Wednesday,12,29.6,81.8,160,67.4,67.1
EC000725,SCI_B,Science,8,Wednesday,8,26.0,74.0,52,58.6,66.7
EC003264,ENG_B,Engineering,6,Monday,4,27.9,81.6,24,57.0,53.0
EC003220,SCI_B,Science,14,Saturday,7,32.3,69.9,42,82.9,86.8
EC001553,RES_B,Residential,23,Sunday,6,27.1,79.7,238,56.2,49.9
EC001563,LEC_A,LectureHall,3,Friday,5,26.3,71.7,26,32.0,28.6
EC005519,LIB_A,Library,19,Saturday,8,29.5,72.5,,53.7,58.0
EC003240,ENG_A,Engineering,13,Wednesday,2,29.9,76.6,211,84.0,85.7
EC004631,BUS_B,Business,19,Friday,5,28.1,77.1,57,,56.1
EC003626,LIB_A,Library,20,Sunday,2,27.4,69.6,,59.2,61.5
EC003023,RES_B,Residential,15,Friday,2,30.2,66.4,85,34.5,39.4
EC007174,ADM_A,Administration,8,Friday,12,28.2,78.0,57,37.0,37.4
EC001884,SPT_A,Sports,7,Wednesday,8,26.6,79.4,141,47.9,50.3
EC005286,ENG_B,Engineering,9,Monday,9,28.7,76.0,,60.0,61.9
EC006769,ENG_B,Engineering,21,Wednesday,2,27.7,75.5,3,35.3,38.6
EC002320,SCI_B,Science,7,Saturday,12,25.4,78.5,1,63.2,63.8
EC007644,SCI_B,Science,16,Friday,10,29.9,74.1,104,79.4,84.4
EC007442,LEC_A,LectureHall,11,Monday,8,29.9,65.6,202,64.2,67.4
EC001862,RES_B,Residential,23,Saturday,10,26.7,78.3,260,42.5,51.9
EC001545,BUS_A,Business,6,Sunday,5,26.6,86.0,0,25.8,27.0
EC007315,ENG_A,Engineering,8,Monday,5,28.2,75.1,35,49.4,50.9
EC006172,RES_A,Residential,2,Thursday,9,27.0,71.5,141,33.2,39.0
EC005897,ENG_A,Engineering,15,Monday,2,30.4,74.5,163,97.9,84.4
EC002112,BUS_B,Business,19,Monday,8,28.3,73.1,38,44.7,48.6
EC003806,ADM_A,Administration,22,Monday,11,27.3,80.3,13,28.9,26.4
EC006826,SPT_A,Sports,15,Monday,4,29.5,76.8,9,47.9,47.1
EC001334,BUS_B,Business,0,Saturday,5,28.0,79.4,15,32.3,39.8
EC007453,ENG_B,Engineering,9,Monday,5,29.2,66.3,47,50.1,52.2
EC003694,ENG_A,Engineering,12,Tuesday,6,28.5,79.4,254,101.6,97.6
EC005713,LEC_A,LectureHall,21,Friday,10,28.4,78.6,21,33.3,31.7
EC006878,BUS_A,Business,4,Wednesday,7,25.4,85.6,0,30.6,25.0
EC000125,SCI_A,Science,17,Tuesday,9,28.3,70.6,77,81.0,82.2
EC002511,LEC_A,LectureHall,22,Friday,2,26.9,76.8,12,27.6,28.9
EC007951,ADM_A,Administration,11,Friday,6,29.5,,92,37.9,40.9
EC005568,ENG_B,Engineering,4,Tuesday,10,26.2,82.8,19,30.0,32.2
EC006171,ADM_A,Administration,12,Saturday,6,29.4,77.3,44,29.9,30.2
EC007247,BUS_A,Business,15,Monday,1,30.0,75.2,111,52.3,57.1
EC005537,LEC_A,LectureHall,14,Sunday,4,30.9,65.4,37,38.5,39.5
EC001065,ADM_A,Administration,1,Saturday,7,26.4,80.1,1,19.8,20.6
EC004310,ENG_A,Engineering,16,Thursday,8,29.6,78.5,117,80.5,73.3
EC001207,LEC_A,LectureHall,1,Tuesday,3,27.3,81.6,6,29.3,33.2
EC003862,ENG_A,Engineering,18,Wednesday,1,29.5,75.2,61,57.1,60.7
EC007537,BUS_B,Business,15,Sunday,4,31.0,68.9,45,47.0,48.0
EC004796,LEC_A,LectureHall,3,Wednesday,1,26.9,76.5,0,23.6,26.5
EC003432,ENG_B,Engineering,7,Saturday,2,28.2,79.9,12,44.3,44.7
EC004475,LIB_A,Library,4,Tuesday,1,25.9,82.8,1,27.0,24.9
EC004578,BUS_A,Business,0,Sunday,6,25.2,84.1,0,26.4,21.8
EC002964,ENG_A,Engineering,9,Wednesday,10,28.6,71.1,115,61.0,62.2
EC007577,LIB_A,Library,17,Monday,2,30.8,75.2,195,63.0,61.9
EC004663,SPT_A,Sports,3,Monday,8,25.7,84.8,0,35.8,37.0
EC000550,SPT_A,Sports,15,Monday,5,28.5,78.2,20,34.8,43.9
EC000358,SCI_B,Science,19,Sunday,9,29.3,74.6,9,62.4,66.1
EC000887,LEC_A,LectureHall,11,Thursday,12,28.5,78.7,168,57.6,62.9
EC005333,ENG_B,Engineering,16,Tuesday,11,28.4,77.1,109,56.7,59.4
EC002744,BUS_A,Business,8,Wednesday,10,28.1,80.8,51,44.6,42.5
EC006140,SCI_A,Science,6,Tuesday,2,26.0,77.5,0,56.8,61.8
EC001636,BUS_A,Business,11,Saturday,1,29.3,73.1,25,34.4,42.6
EC007707,BUS_A,Business,22,Saturday,2,27.3,81.6,35,31.6,30.0
EC002918,BUS_B,Business,11,Thursday,6,31.1,69.2,143,77.5,79.8
EC001100,ADM_A,Administration,17,Tuesday,4,30.4,66.1,65,43.3,43.4
EC000755,LIB_A,Library,8,Thursday,10,28.4,75.7,42,34.7,39.7
EC000474,SPT_A,Sports,11,Saturday,3,29.6,65.9,20,47.6,42.9
EC004467,LIB_A,Library,23,Monday,9,25.1,80.7,40,34.8,38.4
EC001702,BUS_A,Business,4,Tuesday,11,26.6,,0,32.0,29.7
EC000083,ENG_A,Engineering,13,Tuesday,11,29.4,75.0,190,76.1,81.6
EC001138,BUS_A,Business,8,Thursday,8,27.0,86.2,57,36.9,38.1
EC002209,ENG_A,Engineering,17,Friday,8,30.4,74.8,79,65.3,71.1
EC007100,ENG_B,Engineering,17,Thursday,8,30.7,71.0,63,51.3,54.9
EC002611,LIB_A,Library,4,Tuesday,2,25.7,,18,29.7,29.6
EC000781,SCI_A,Science,5,Sunday,4,28.6,76.8,8,71.6,74.3
EC002400,LEC_A,LectureHall,7,Monday,8,27.2,85.2,9,32.0,29.8
EC001730,RES_B,Residential,17,Tuesday,9,30.2,64.7,91,35.2,34.3
EC001832,LEC_A,LectureHall,17,Monday,4,30.6,71.4,96,53.8,52.2
EC002818,SCI_B,Science,12,Saturday,11,29.4,78.0,31,69.4,77.1
EC003005,BUS_A,Business,6,Thursday,6,26.5,84.1,0,34.4,37.4
EC006269,SPT_A,Sports,20,Saturday,12,28.8,74.6,189,63.7,67.5
EC006242,BUS_B,Business,17,Saturday,10,,79.7,31,44.8,46.9
EC006749,RES_A,Residential,22,Monday,4,28.2,73.4,304,62.7,67.6
EC007833,RES_A,Residential,22,Tuesday,2,28.6,79.5,257,55.9,59.5
EC002338,LIB_A,Library,6,Wednesday,3,26.9,81.0,0,34.0,33.8
EC000439,SCI_A,Science,7,Sunday,3,27.6,80.3,4,76.4,76.5
EC003980,SCI_A,Science,6,Monday,8,26.7,79.7,0,61.2,64.4
EC001583,BUS_B,Business,19,Sunday,2,29.2,77.1,3,36.1,39.7
EC001474,ADM_A,Administration,17,Thursday,3,28.3,79.9,66,33.4,37.8
EC003102,LIB_A,Library,14,Saturday,6,31.7,77.1,149,60.9,61.0
EC007533,LEC_A,LectureHall,23,Friday,10,26.7,82.0,43,104.9,55.5
EC002428,LEC_A,LectureHall,17,Saturday,3,30.8,81.2,49,42.9,44.6
EC006383,ENG_A,Engineering,1,Wednesday,8,26.3,83.5,0,45.8,43.6
EC004645,LIB_A,Library,19,Saturday,4,28.9,72.0,95,55.4,51.0
EC001531,LEC_A,LectureHall,9,Sunday,8,27.2,81.2,0,20.8,21.2
EC002961,SCI_B,Science,11,Wednesday,8,29.8,83.4,110,93.9,90.0
EC006961,ENG_B,Engineering,8,Tuesday,2,28.3,74.5,124,25.5,49.5
EC003659,SCI_B,Science,16,Friday,5,34.2,91.6,136,96.8,111.1
EC003566,SCI_B,Science,3,Wednesday,5,26.5,76.7,0,74.4,64.3
EC004640,BUS_B,Business,14,Thursday,3,30.7,75.9,155,65.5,72.7
EC000189,BUS_A,Business,19,Wednesday,8,29.4,71.4,,38.0,34.0
EC002567,LEC_A,LectureHall,23,Saturday,11,26.7,90.2,0,21.8,22.7
EC000574,LIB_A,Library,2,Wednesday,1,26.3,,0,31.8,30.6
EC007485,BUS_B,Business,13,Saturday,4,31.5,68.5,39,52.6,54.8
EC000860,ADM_A,Administration,4,Monday,11,25.1,86.2,0,8.5,15.1
EC004888,ADM_A,Administration,12,Friday,11,29.0,76.1,135,44.8,45.5
EC001607,SCI_B,Science,17,Sunday,9,30.8,71.0,0,58.5,67.5
EC001085,LIB_A,Library,23,Tuesday,9,28.4,78.3,10,93.7,55.8
EC006001,LIB_A,Library,10,Tuesday,8,29.1,77.6,34,28.9,36.4
EC007611,SCI_B,Science,16,Monday,4,30.5,81.6,77,90.7,88.1
EC007549,BUS_A,Business,9,Thursday,12,27.2,83.6,98,41.1,48.6
EC001218,LEC_A,LectureHall,9,Thursday,9,28.6,74.5,243,34.7,71.3
EC004483,LEC_A,LectureHall,2,Sunday,10,25.8,77.0,9,21.2,23.3
EC004354,BUS_B,Business,1,Sunday,2,25.8,79.7,23,31.0,31.0
EC002981,SCI_B,Science,7,Monday,7,27.4,78.0,9,56.8,68.4
EC003434,ENG_B,Engineering,9,Thursday,8,29.1,70.8,74,51.1,54.2
EC001414,SCI_A,Science,17,Monday,9,28.5,70.0,71,87.9,87.3
EC004095,RES_B,Residential,20,Friday,9,24.2,98.0,206,36.5,36.1
EC001156,ENG_A,Engineering,19,Friday,3,29.3,79.7,35,58.2,60.5
EC007543,ENG_B,Engineering,11,Wednesday,12,29.1,71.7,138,60.9,66.8
EC005887,BUS_A,Business,7,Tuesday,3,26.7,71.5,15,38.4,35.2
EC007300,SCI_B,Science,9,Monday,12,27.9,80.9,70,70.6,71.6
EC007354,BUS_B,Business,9,Monday,7,28.9,77.6,129,24.5,50.6
EC005533,ENG_A,Engineering,21,Sunday,6,28.6,82.2,24,51.5,55.9
EC005218,SPT_A,Sports,23,Thursday,6,29.5,80.5,46,91.9,65.2
EC004952,ENG_B,Engineering,3,Sunday,1,25.5,80.4,14,35.5,39.6
EC001779,SCI_A,Science,2,Wednesday,10,25.7,84.0,38,62.5,62.2
EC003926,SCI_A,Science,23,Thursday,7,27.7,72.4,10,57.2,66.1
EC004394,SPT_A,Sports,7,Sunday,5,26.8,76.2,148,58.9,63.2
EC002218,LEC_A,LectureHall,14,Sunday,6,31.4,69.2,59,42.2,46.5
EC005275,BUS_B,Business,12,Thursday,8,30.8,65.2,153,59.0,65.5
EC007042,LIB_A,Library,22,Thursday,10,27.9,77.2,49,70.6,52.8
EC006516,ENG_B,Engineering,1,Wednesday,5,26.7,72.6,14,35.4,43.4
EC003416,ENG_B,Engineering,18,Tuesday,4,29.3,71.0,51,52.2,55.7
EC002294,RES_A,Residential,8,Wednesday,12,26.0,87.9,195,42.1,43.0
EC000100,RES_B,Residential,23,Thursday,6,28.8,76.7,230,53.0,57.6
EC006970,SCI_B,Science,6,Tuesday,4,26.3,78.2,6,61.0,61.8
EC003069,SCI_A,Science,8,Tuesday,3,23.9,99.1,58,69.6,61.9
EC002427,LEC_A,LectureHall,11,Saturday,1,30.9,79.8,33,36.8,37.3
EC004384,LIB_A,Library,21,Wednesday,11,28.6,82.8,98,,47.7
EC003710,LIB_A,Library,6,Wednesday,9,27.3,79.2,0,29.0,37.6
EC007009,ENG_B,Engineering,11,Wednesday,3,29.9,76.4,129,82.3,68.1
EC001480,LIB_A,Library,6,Sunday,2,28.1,73.6,36,32.2,38.5
EC006449,BUS_A,Business,23,Tuesday,1,27.8,81.5,1,38.0,34.9
EC004387,BUS_A,Business,19,Thursday,3,30.5,73.7,22,49.7,46.8
EC003569,ADM_A,Administration,13,Sunday,8,30.5,79.4,37,29.9,34.0
EC002750,BUS_B,Business,15,Saturday,12,28.6,74.0,51,42.1,44.0
EC005054,ENG_B,Engineering,16,Wednesday,7,29.0,79.5,115,59.6,63.1
EC006773,ENG_B,Engineering,12,Saturday,6,29.8,69.5,49,52.2,55.9
EC007060,ENG_B,Engineering,19,Wednesday,10,29.3,68.1,37,47.8,42.0
EC001332,LEC_A,LectureHall,12,Saturday,7,28.7,70.8,37,37.2,38.2
EC004057,LIB_A,Library,10,Friday,11,28.8,72.4,43,36.8,40.0
EC004243,BUS_B,Business,8,Monday,3,29.7,70.8,202,30.6,54.4
EC001255,LEC_A,LectureHall,21,Monday,6,28.9,78.2,24,32.3,33.2
EC004944,SCI_A,Science,8,Wednesday,7,24.5,98.5,46,69.0,67.6
EC002988,ENG_B,Engineering,14,Saturday,4,31.5,72.8,48,62.3,63.3
EC006192,RES_A,Residential,17,Thursday,4,30.6,73.7,,52.9,52.9
EC000079,SCI_B,Science,13,Friday,11,28.7,77.8,110,98.0,93.7
EC007071,SPT_A,Sports,17,Friday,7,31.0,70.0,87,61.7,59.7
EC000909,BUS_B,Business,23,Monday,7,28.6,84.4,7,43.5,38.1
EC002465,LEC_A,LectureHall,12,Saturday,10,28.7,,67,43.3,34.8
EC004286,SCI_B,Science,10,Monday,2,29.2,,73,89.2,84.8
EC005780,ENG_B,Engineering,23,Tuesday,11,26.9,80.1,28,41.5,46.4
EC002788,BUS_A,Business,7,Wednesday,7,28.4,75.3,18,39.4,43.4
EC005422,ENG_A,Engineering,20,Saturday,8,28.6,73.4,11,49.9,48.7
EC006650,ENG_A,Engineering,15,Thursday,11,29.5,80.0,148,64.5,69.1
EC001191,RES_B,Residential,8,Wednesday,12,27.4,76.5,155,45.1,40.0
EC000846,LEC_A,LectureHall,4,Wednesday,12,24.1,84.1,32,23.6,28.6
EC000572,ENG_B,Engineering,1,Monday,3,27.0,86.8,20,41.2,42.8
EC003322,ADM_A,Administration,22,Sunday,2,27.8,83.6,0,22.6,26.1
EC002591,ENG_B,Engineering,19,Thursday,10,29.8,75.8,30,50.0,51.5
EC003227,RES_B,Residential,12,Tuesday,11,27.6,79.2,118,33.8,33.2
EC002678,LIB_A,Library,15,Monday,7,31.7,65.7,177,64.7,62.9
EC000972,ADM_A,Administration,22,Thursday,2,27.5,83.7,9,25.1,30.9
EC003921,ADM_A,Administration,13,Saturday,2,30.7,68.9,20,28.5,30.8
EC004446,LIB_A,Library,20,Friday,11,28.3,73.5,95,45.6,43.2
EC005647,SCI_A,Science,20,Thursday,6,29.4,77.8,6,71.0,71.4
EC002717,BUS_B,Business,11,Wednesday,9,28.6,76.9,136,56.1,64.0
EC002014,BUS_A,Business,9,Monday,5,28.9,76.2,79,37.1,44.5
EC004274,SCI_B,Science,13,Wednesday,10,29.9,64.0,112,94.2,87.9
EC004994,BUS_A,Business,8,Thursday,6,27.0,81.7,61,38.9,38.9
EC006722,SCI_A,Science,9,Monday,10,27.2,78.5,140,55.9,84.1
EC001859,ENG_A,Engineering,9,Sunday,2,28.8,74.5,28,49.6,58.0
EC005949,ENG_A,Engineering,12,Thursday,6,30.1,72.2,158,77.4,81.6
EC001235,ENG_B,Engineering,18,Wednesday,10,28.6,78.0,57,52.4,50.2
EC003986,LIB_A,Library,11,Thursday,12,27.5,82.4,94,39.6,38.1
EC006032,BUS_A,Business,9,Monday,9,28.2,84.6,64,44.3,43.0
EC007471,SCI_A,Science,22,Saturday,9,27.4,83.7,0,62.9,68.3
EC004218,SCI_B,Science,0,Monday,4,26.4,,3,82.0,72.7
EC005919,RES_B,Residential,14,Sunday,4,30.0,67.2,87,33.2,44.3
EC005597,SCI_A,Science,0,Friday,2,26.0,76.8,,66.6,64.6
EC002172,ADM_A,Administration,13,Tuesday,7,31.4,67.5,114,41.6,44.8
EC004140,ENG_A,Engineering,21,Sunday,3,26.6,81.2,7,48.8,44.7
EC005232,BUS_A,Business,19,Sunday,8,31.6,65.9,0,39.6,38.8
EC004662,LEC_A,LectureHall,11,Monday,12,29.0,78.2,158,49.9,61.5
EC006223,SPT_A,Sports,20,Sunday,6,29.4,81.7,227,75.7,73.6
EC005423,ENG_B,Engineering,4,Sunday,5,27.9,84.8,33,49.0,51.5
EC005362,RES_B,Residential,22,Monday,8,27.0,83.9,256,53.1,54.7
EC004788,BUS_A,Business,7,Wednesday,4,28.1,78.1,0,28.3,33.6
EC005793,BUS_A,Business,11,Thursday,10,28.9,76.4,117,54.6,55.9
EC001363,ADM_A,Administration,8,Monday,2,28.3,80.2,54,29.3,31.5
EC005454,SCI_B,Science,0,Monday,6,27.3,82.7,7,91.0,75.6
EC002049,ENG_A,Engineering,5,Monday,11,24.0,95.9,50,42.1,44.2
EC002797,LEC_A,LectureHall,19,Sunday,1,29.3,75.2,36,32.1,38.1
EC000690,LIB_A,Library,21,Friday,12,29.1,68.3,84,46.6,49.0
EC006733,LEC_A,LectureHall,4,Monday,3,26.5,83.3,21,33.3,30.2
EC004229,RES_A,Residential,17,Wednesday,8,30.8,71.7,122,41.3,44.7
EC002169,BUS_B,Business,5,Sunday,6,28.7,78.4,0,33.4,40.7
EC007772,LEC_A,LectureHall,9,Tuesday,6,28.2,84.1,85,45.6,44.4
EC005694,SCI_A,Science,10,Friday,2,27.7,83.4,96,76.8,82.1
EC001591,ENG_A,Engineering,6,Friday,12,26.6,82.8,30,43.2,45.4
EC004433,BUS_B,Business,7,Sunday,6,27.2,78.8,17,39.6,37.5
EC003460,ADM_A,Administration,7,Saturday,8,28.0,79.2,14,21.7,21.7
EC005103,SCI_B,Science,1,Sunday,11,25.1,89.7,0,50.9,51.6
EC000946,SCI_A,Science,13,Wednesday,12,30.4,71.6,138,100.2,106.0
EC002620,BUS_A,Business,16,Sunday,3,30.0,72.8,30,46.4,44.9
EC003734,SCI_B,Science,18,Sunday,5,28.7,74.3,22,66.3,74.5
EC003012,BUS_A,Business,4,Sunday,11,25.8,77.2,0,22.5,18.4
EC006974,LEC_A,LectureHall,14,Tuesday,9,30.8,70.5,202,78.5,77.2
EC000644,BUS_B,Business,7,Thursday,3,28.0,77.7,0,36.9,39.5
EC000935,SCI_B,Science,14,Thursday,2,28.9,78.6,101,81.6,89.9
EC004124,BUS_A,Business,9,Saturday,5,27.9,83.1,8,28.3,25.6
EC002242,SCI_A,Science,4,Sunday,3,26.2,76.7,5,63.7,64.3
EC005754,SCI_A,Science,23,Friday,5,29.4,79.1,9,65.4,76.8
EC005192,LIB_A,Library,4,Sunday,10,24.6,80.9,29,26.2,26.8
EC007171,ADM_A,Administration,2,Wednesday,2,25.8,84.7,0,27.9,29.0
EC004799,RES_A,Residential,13,Wednesday,10,28.4,80.4,87,33.6,40.6
EC007902,SCI_A,Science,23,Wednesday,2,28.3,78.6,4,62.3,75.1
EC007563,ENG_A,Engineering,21,Friday,7,29.2,73.5,31,48.8,57.2
EC006489,SPT_A,Sports,14,Wednesday,2,29.2,82.2,23,42.4,41.9
EC007193,BUS_B,Business,8,Monday,3,28.9,79.7,82,66.5,62.5
EC002412,LEC_A,LectureHall,7,Wednesday,4,29.3,73.3,17,36.5,39.1
EC002429,RES_A,Residential,14,Wednesday,9,28.9,79.6,133,37.3,46.2
EC001088,RES_B,Residential,14,Friday,1,30.7,75.6,100,40.6,39.0
EC002831,LIB_A,Library,12,Monday,9,28.9,71.9,154,54.2,54.2
EC002005,ENG_A,Engineering,14,Monday,9,30.7,67.8,210,65.6,88.8
EC002614,LEC_A,LectureHall,3,Monday,8,27.2,76.2,24,27.0,32.7
EC000329,BUS_A,Business,22,Saturday,9,29.2,76.6,1,28.2,27.8
EC001320,ADM_A,Administration,11,Wednesday,11,28.0,75.7,93,38.0,37.7
EC006074,SCI_A,Science,3,Monday,4,26.7,76.2,20,71.7,71.0
EC005691,RES_A,Residential,4,Monday,4,25.8,79.3,216,40.9,54.2
EC005303,RES_B,Residential,2,Saturday,3,25.7,85.6,163,,45.9
EC000447,SPT_A,Sports,3,Monday,10,25.2,92.5,14,32.6,33.8
EC001643,ENG_A,Engineering,7,Saturday,6,28.7,78.9,18,52.1,55.6
EC005402,ENG_A,Engineering,17,Monday,6,29.5,73.0,84,58.6,64.5
EC005904,SCI_B,Science,8,Wednesday,2,28.0,81.3,39,62.6,68.5
EC007501,BUS_B,Business,13,Monday,11,27.9,72.6,166,67.2,62.6
EC001594,ADM_A,Administration,8,Wednesday,8,28.1,75.0,61,32.5,38.0
EC004572,RES_B,Residential,15,Thursday,12,30.0,70.0,83,38.7,42.6
EC005429,SPT_A,Sports,0,Friday,6,27.7,73.8,0,39.8,39.8
EC005585,ENG_A,Engineering,16,Wednesday,3,29.7,77.5,131,74.9,82.3
EC002253,LEC_A,LectureHall,3,Friday,5,26.4,80.2,0,24.2,24.7
EC006087,ENG_B,Engineering,5,Monday,10,26.1,81.7,16,35.5,41.5
EC006217,RES_B,Residential,12,Sunday,4,32.5,62.9,130,43.1,50.3
EC000554,RES_A,Residential,9,Wednesday,11,27.7,84.8,177,40.1,47.4
EC002102,SCI_A,Science,0,Monday,5,29.6,75.2,0,72.7,81.3
EC004594,BUS_A,Business,10,Friday,6,29.1,81.9,74,54.2,46.5
EC006249,ENG_B,Engineering,9,Friday,10,27.2,77.6,65,44.6,45.2
EC001539,ENG_A,Engineering,17,Friday,6,30.0,79.6,86,70.9,72.4
EC000514,ENG_A,Engineering,15,Tuesday,11,30.2,78.2,155,67.2,70.6
EC006021,SCI_B,Science,7,Friday,3,28.6,74.5,0,65.9,70.5
EC007049,SCI_A,Science,6,Saturday,2,26.8,81.2,16,56.7,63.0
EC005840,ENG_A,Engineering,3,Sunday,1,25.3,87.7,1,30.4,37.0
EC006707,SCI_B,Science,6,Sunday,2,26.9,83.7,,60.3,61.8
EC002372,ENG_A,Engineering,11,Monday,1,28.7,79.1,149,73.1,70.4
EC002324,SCI_B,Science,14,Friday,8,31.0,65.0,105,84.6,91.1
EC005066,LEC_A,LectureHall,17,Tuesday,1,30.8,75.4,120,61.1,59.5
EC000347,SPT_A,Sports,3,Friday,12,26.5,77.0,18,40.1,40.1
EC006313,RES_B,Residential,6,Friday,5,25.8,82.2,202,46.2,50.6
EC003065,LIB_A,Library,19,Tuesday,1,28.1,83.7,129,56.9,51.5
EC000759,SPT_A,Sports,5,Saturday,2,25.6,81.7,63,39.5,47.1
EC002410,SCI_A,Science,13,Monday,7,31.2,68.8,9,83.4,86.2
EC004386,LEC_A,LectureHall,5,Friday,3,27.3,78.7,6,30.5,31.8
EC005047,LIB_A,Library,12,Saturday,3,31.1,70.3,126,62.8,59.7
EC004899,LEC_A,LectureHall,3,Wednesday,3,26.8,78.9,0,21.6,30.5
EC002345,SCI_B,Science,21,Friday,10,28.6,71.5,10,71.2,71.9
EC006361,SPT_A,Sports,9,Tuesday,9,27.9,82.2,92,53.1,55.8
EC005272,SCI_B,Science,20,Sunday,11,28.3,74.3,4,76.8,71.1
EC000856,BUS_B,Business,7,Friday,1,26.6,83.4,0,36.2,32.5
EC004707,RES_B,Residential,16,Tuesday,9,31.1,67.3,108,41.6,46.9
EC007657,LIB_A,Library,0,Friday,4,26.8,73.2,0,27.6,30.7
EC002123,ENG_B,Engineering,3,Friday,8,27.0,82.0,0,38.1,40.7
EC007484,SCI_B,Science,8,Tuesday,2,28.0,81.7,54,65.5,72.6
EC007660,ENG_B,Engineering,8,Thursday,3,29.0,72.9,42,55.9,50.1
EC004625,ADM_A,Administration,1,Monday,7,27.8,77.3,9,28.0,25.1
EC007784,ENG_B,Engineering,10,Thursday,10,28.9,79.5,100,51.9,50.9
EC002331,RES_A,Residential,16,Saturday,11,28.8,80.9,117,41.3,45.3
EC006020,ADM_A,Administration,19,Wednesday,6,29.4,72.6,3,30.2,30.0
EC004454,LIB_A,Library,23,Wednesday,4,28.5,82.1,53,54.3,40.8
EC007965,RES_B,Residential,20,Thursday,9,28.4,78.9,188,50.1,49.1
EC005468,SCI_A,Science,16,Sunday,12,29.4,69.9,,79.2,82.0
EC001183,BUS_A,Business,8,Saturday,8,27.0,77.7,12,23.7,31.8
EC004144,ADM_A,Administration,18,Saturday,6,28.3,79.2,0,29.8,30.2
EC003695,ENG_A,Engineering,3,Monday,9,26.8,83.8,0,42.7,40.9
EC002864,SCI_A,Science,17,Friday,10,28.7,72.8,82,83.4,85.1
EC003749,LEC_A,LectureHall,1,Thursday,8,26.3,75.3,0,19.6,20.0
EC007081,BUS_A,Business,5,Saturday,7,27.3,80.6,26,29.5,30.4
EC006055,LEC_A,LectureHall,16,Saturday,8,31.4,74.1,213,75.1,79.0
EC002069,SPT_A,Sports,22,Monday,2,28.4,75.1,31,52.9,53.5
EC007585,LIB_A,Library,1,Sunday,11,26.3,78.1,11,28.3,29.6
EC007347,ENG_B,Engineering,11,Monday,7,29.9,67.0,147,71.0,71.4
EC002809,SCI_B,Science,16,Friday,6,30.5,74.6,97,86.5,89.1
EC002627,LEC_A,LectureHall,6,Friday,1,26.8,79.4,0,26.7,25.7
EC005560,ENG_B,Engineering,7,Wednesday,6,27.2,78.2,145,35.2,56.9
EC005076,RES_B,Residential,2,Wednesday,2,26.6,78.0,154,44.2,45.6
EC001052,ENG_B,Engineering,7,Monday,8,28.3,80.5,12,41.5,47.3
EC001930,RES_A,Residential,5,Thursday,9,26.2,80.2,189,38.2,45.3
EC000154,BUS_B,Business,0,Sunday,2,26.4,82.0,0,32.9,32.3
EC006018,SCI_A,Science,14,Thursday,6,29.5,74.4,147,100.4,101.6
EC004942,SPT_A,Sports,0,Saturday,11,27.5,76.7,30,44.7,39.9
EC007460,ADM_A,Administration,18,Thursday,6,30.7,79.7,51,41.1,43.5
EC007158,ENG_B,Engineering,11,Thursday,7,29.8,74.5,112,64.2,66.4
EC003457,ADM_A,Administration,5,Saturday,9,25.4,86.5,,17.1,16.7
EC007011,SCI_B,Science,16,Sunday,1,30.5,66.9,18,82.1,82.4
EC007512,LIB_A,Library,16,Friday,2,29.7,71.2,211,51.4,60.9
EC001084,SCI_B,Science,19,Wednesday,4,31.4,67.7,28,78.8,89.0
EC003081,RES_B,Residential,13,Monday,3,29.7,73.3,119,39.9,41.7
EC002319,ADM_A,Administration,6,Monday,3,27.1,77.8,10,27.8,29.0
EC007260,RES_B,Residential,12,Wednesday,12,30.4,74.3,82,39.4,34.7
EC007022,LEC_A,LectureHall,0,Friday,9,26.2,83.7,21,27.8,24.8
EC002027,ENG_A,Engineering,1,Saturday,3,,79.1,13,64.3,54.0
EC007788,LIB_A,Library,21,Tuesday,2,28.8,75.2,72,41.3,41.9
EC005029,ADM_A,Administration,20,Monday,10,27.6,76.5,0,23.0,18.4
EC000432,ADM_A,Administration,4,Wednesday,5,28.2,78.9,0,7.7,20.5
EC003860,LIB_A,Library,7,Monday,5,27.5,79.2,0,30.9,25.8
EC007377,LEC_A,LectureHall,16,Tuesday,7,32.0,64.4,136,66.1,64.3
EC007930,ENG_A,Engineering,8,Monday,8,26.6,84.9,106,53.4,58.3
EC003750,ENG_B,Engineering,11,Thursday,3,28.4,74.0,133,58.2,66.8
EC002587,SPT_A,Sports,8,Wednesday,10,27.9,77.5,96,47.3,54.7
EC005886,ENG_A,Engineering,2,Tuesday,11,25.1,79.6,0,39.3,35.0
EC005906,LIB_A,Library,21,Tuesday,6,26.8,86.5,63,39.3,44.1
EC002593,SPT_A,Sports,6,Saturday,5,28.3,77.1,131,60.1,59.8
EC002096,SCI_A,Science,15,Friday,10,29.7,75.7,109,75.2,87.6
EC003731,BUS_A,Business,21,Tuesday,8,28.4,78.9,0,37.7,40.6
EC007207,LEC_A,LectureHall,11,Sunday,10,30.2,77.9,71,39.0,37.5
EC000138,ENG_A,Engineering,15,Monday,4,32.3,66.4,165,89.9,93.5
EC001329,ENG_A,Engineering,19,Monday,3,29.6,73.4,58,58.8,54.4
EC001817,LIB_A,Library,13,Monday,2,29.2,75.6,188,59.3,56.7
EC005851,ENG_A,Engineering,3,Monday,7,26.6,78.2,15,42.2,49.6
EC001895,ENG_B,Engineering,23,Friday,9,27.4,78.1,0,,34.4
EC007896,SPT_A,Sports,0,Monday,4,27.9,75.1,1,42.8,45.6
EC007539,RES_B,Residential,18,Wednesday,11,28.1,76.0,149,43.5,42.2
EC002721,BUS_A,Business,7,Monday,6,26.8,78.4,105,23.6,40.9
EC002795,BUS_B,Business,21,Tuesday,2,24.8,98.7,35,30.7,32.7
EC006191,RES_B,Residential,21,Saturday,7,27.6,77.4,252,55.2,47.6
EC007949,SCI_B,Science,16,Tuesday,11,29.4,78.9,100,81.1,88.1
EC002892,LEC_A,LectureHall,5,Wednesday,6,28.6,80.8,0,32.6,34.3
EC004657,ENG_A,Engineering,22,Saturday,10,25.8,74.7,23,35.0,36.1
EC005382,BUS_A,Business,9,Friday,12,26.8,75.1,68,43.6,40.9
EC002825,SPT_A,Sports,13,Friday,9,29.9,73.5,9,37.9,45.4
EC005818,ADM_A,Administration,11,Friday,11,28.4,79.6,87,37.4,36.1
EC001403,LIB_A,Library,0,Monday,12,25.1,81.1,0,22.4,22.7
EC000449,BUS_A,Business,10,Tuesday,10,27.5,76.4,132,52.1,53.3
EC006482,SPT_A,Sports,14,Saturday,3,30.5,69.8,38,47.3,50.6
EC003723,SCI_A,Science,1,Friday,12,26.3,78.9,15,66.5,67.8
EC002378,SCI_A,Science,11,Thursday,7,30.2,72.5,130,94.6,97.8
EC007028,BUS_A,Business,14,Thursday,6,30.0,75.5,131,42.2,51.1
EC004065,SCI_A,Science,4,Sunday,4,27.2,82.0,8,92.3,77.4
EC006399,ENG_A,Engineering,11,Thursday,8,30.0,82.0,151,82.1,81.2
EC000278,BUS_B,Business,22,Saturday,10,27.6,76.6,0,33.2,30.5
EC007795,BUS_A,Business,17,Sunday,12,29.3,83.8,19,32.8,36.3
EC006860,SPT_A,Sports,14,Monday,2,30.6,76.9,0,48.0,50.7
EC007162,BUS_B,Business,9,Wednesday,12,28.1,78.3,68,46.3,48.1
EC004235,ADM_A,Administration,2,Friday,6,25.2,79.5,0,15.3,21.7
EC003335,LIB_A,Library,6,Wednesday,8,28.3,76.3,0,31.1,34.5
EC003043,ADM_A,Administration,13,Friday,12,30.0,65.8,108,44.3,43.1
EC005610,LIB_A,Library,3,Saturday,8,26.5,81.0,12,,29.7
EC000236,LEC_A,LectureHall,1,Sunday,3,26.1,81.5,10,25.4,22.7
EC005181,ENG_A,Engineering,23,Monday,6,28.1,80.9,9,46.4,51.7
EC002781,SPT_A,Sports,11,Friday,2,27.4,80.9,0,42.1,40.4
EC004171,SCI_B,Science,4,Friday,12,,90.2,1,50.1,57.0
EC003523,RES_A,Residential,18,Tuesday,12,29.9,76.7,180,36.2,46.4
EC003142,SPT_A,Sports,16,Sunday,6,28.7,75.0,193,58.3,61.1
EC000594,ADM_A,Administration,9,Tuesday,9,28.5,83.0,63,33.9,33.9
EC002681,ENG_A,Engineering,22,Sunday,12,27.6,76.3,0,45.8,46.9
EC005776,SCI_A,Science,12,Monday,12,28.8,82.3,123,88.7,86.4
EC007709,ENG_A,Engineering,3,Tuesday,2,27.0,81.6,4,65.9,55.6
EC000854,RES_A,Residential,11,Wednesday,2,29.7,71.6,132,45.8,43.4
EC004802,SCI_A,Science,11,Tuesday,2,29.7,74.4,140,100.4,110.0
EC007061,BUS_B,Business,10,Sunday,8,28.3,91.0,51,44.2,42.5
EC007842,ENG_B,Engineering,17,Tuesday,12,29.5,74.1,84,62.3,63.4
EC007273,LIB_A,Library,5,Monday,9,25.0,79.7,54,33.5,30.4
EC002063,RES_B,Residential,3,Tuesday,9,25.6,82.5,126,34.7,39.5
EC000411,BUS_A,Business,5,Friday,1,25.6,83.0,0,23.7,28.7
EC000700,ENG_A,Engineering,0,Friday,11,25.9,80.2,2,77.3,54.1
EC007001,RES_A,Residential,14,Monday,6,29.0,78.0,97,36.4,42.8
EC001487,SCI_B,Science,17,Tuesday,11,30.0,74.8,89,89.5,83.7
EC004901,ADM_A,Administration,5,Monday,12,26.4,87.2,0,21.6,27.8
EC002766,RES_B,Residential,10,Friday,7,30.3,74.1,141,37.9,42.0
EC007740,BUS_A,Business,9,Friday,11,28.1,83.9,75,36.4,41.3
EC004939,SPT_A,Sports,5,Sunday,2,26.0,84.2,54,50.6,48.0
EC003440,ENG_B,Engineering,7,Tuesday,11,,76.8,5,35.5,39.9
EC001734,BUS_A,Business,1,Thursday,8,25.7,79.1,10,31.9,29.9
EC006137,LIB_A,Library,1,Wednesday,9,24.1,81.1,36,26.8,30.7
EC003592,RES_B,Residential,8,Thursday,6,27.8,,166,40.4,39.1
EC000345,ENG_B,Engineering,6,Sunday,5,26.7,80.8,0,30.4,35.5
EC007283,ENG_A,Engineering,15,Monday,11,29.7,78.9,153,68.0,76.4
EC006126,SCI_A,Science,1,Monday,9,25.2,87.5,0,56.7,61.5
EC000897,SPT_A,Sports,7,Friday,1,,80.2,111,45.6,50.8
EC007672,SCI_A,Science,17,Sunday,12,29.3,81.9,25,78.6,80.8
EC001064,BUS_B,Business,21,Monday,8,28.6,74.7,0,36.5,41.3
EC001821,RES_B,Residential,2,Wednesday,11,25.3,86.5,152,40.9,37.3
EC002048,BUS_A,Business,10,Saturday,9,28.6,75.1,22,25.4,31.8
EC005467,SCI_B,Science,21,Monday,4,30.1,78.4,4,64.5,71.7
EC001693,ENG_B,Engineering,13,Thursday,11,29.4,75.7,162,62.9,69.3
EC001121,ENG_A,Engineering,5,Monday,10,26.4,88.1,21,44.3,50.0
EC006929,BUS_A,Business,12,Sunday,5,30.8,70.9,49,38.6,42.2
EC005512,LEC_A,LectureHall,2,Friday,7,26.8,83.4,0,28.6,29.1
EC001807,RES_A,Residential,23,Tuesday,6,27.7,77.7,254,56.9,58.0
EC002168,BUS_B,Business,5,Friday,10,27.2,79.5,0,34.8,36.6
EC005594,LIB_A,Library,11,Sunday,9,28.4,79.9,58,39.7,42.8
EC004866,LIB_A,Library,13,Tuesday,1,35.4,85.3,290,75.4,79.3
EC004955,LEC_A,LectureHall,17,Saturday,1,29.1,78.5,0,27.2,27.6
EC004748,BUS_B,Business,3,Saturday,4,26.2,82.4,0,30.4,32.6
EC006180,ENG_B,Engineering,12,Sunday,9,29.7,68.3,40,48.2,53.2
EC002312,ADM_A,Administration,22,Sunday,9,26.0,88.0,8,20.2,22.7
EC002814,ENG_A,Engineering,8,Tuesday,3,29.2,78.3,100,66.7,71.0
EC004729,LEC_A,LectureHall,1,Sunday,6,27.4,69.9,0,16.0,23.1
EC006658,LIB_A,Library,19,Saturday,4,29.9,81.4,291,74.0,79.3
EC003692,RES_A,Residential,16,Wednesday,10,29.6,72.7,129,44.8,40.6
EC000801,BUS_A,Business,23,Saturday,3,28.3,77.4,10,30.5,29.4
EC000807,RES_A,Residential,1,Monday,9,25.3,84.7,142,42.1,41.4
EC004420,LEC_A,LectureHall,18,Saturday,2,24.5,95.7,19,,26.1
EC007469,RES_B,Residential,6,Thursday,10,25.4,80.2,209,36.1,40.5
EC007835,LIB_A,Library,11,Monday,12,29.6,78.9,109,45.1,52.5
EC004527,BUS_B,Business,22,Friday,3,27.9,77.9,20,44.7,51.8
EC006737,RES_A,Residential,12,Saturday,11,29.7,72.8,142,49.4,46.6
EC001149,RES_B,Residential,5,Thursday,11,26.6,83.8,210,54.3,50.6
EC002595,ENG_A,Engineering,17,Friday,8,29.2,72.6,92,76.6,67.2
EC007699,BUS_B,Business,16,Monday,8,30.1,71.8,144,60.4,59.5
EC002640,RES_A,Residential,8,Friday,7,28.2,78.7,171,50.8,50.1
EC006188,SCI_A,Science,12,Sunday,6,30.6,73.9,48,82.2,90.0
EC005611,SCI_B,Science,4,Saturday,2,24.9,91.7,21,50.4,59.8
EC007770,BUS_A,Business,6,Saturday,11,27.2,85.3,1,,26.8
EC004858,ENG_A,Engineering,14,Monday,6,29.9,75.4,174,75.2,76.9
EC002016,SPT_A,Sports,22,Friday,2,27.7,85.7,70,51.1,44.4
EC004412,RES_A,Residential,13,Sunday,2,29.2,72.2,90,38.9,39.6
EC005770,SCI_A,Science,20,Thursday,5,28.7,75.0,9,70.9,71.5
EC003443,LEC_A,LectureHall,17,Friday,6,32.1,68.9,136,,73.7
EC000674,SPT_A,Sports,23,Monday,6,28.3,80.5,40,45.7,42.4
EC000386,ENG_B,Engineering,5,Tuesday,3,26.8,83.9,5,40.5,40.9
EC004630,SCI_A,Science,0,Thursday,4,25.2,85.9,12,61.6,63.5
EC002621,BUS_B,Business,4,Tuesday,4,28.0,80.1,0,41.5,41.7
EC001590,SPT_A,Sports,8,Thursday,7,28.6,73.6,128,49.9,58.2
EC006442,BUS_B,Business,6,Monday,3,27.5,82.7,0,39.2,42.4
EC006779,ENG_A,Engineering,3,Sunday,1,,82.5,14,41.5,42.4
EC003701,LEC_A,LectureHall,3,Monday,10,26.1,76.4,32,28.8,29.0
EC007983,ENG_A,Engineering,15,Tuesday,11,,75.4,157,66.8,74.7
EC000348,ENG_B,Engineering,11,Friday,5,29.0,77.8,122,61.8,61.1
EC002607,ADM_A,Administration,3,Friday,1,26.1,84.6,8,23.6,26.1
EC007386,LIB_A,Library,23,Thursday,4,28.3,77.9,42,31.2,37.0
EC001885,ADM_A,Administration,9,Sunday,6,28.6,77.9,15,24.6,24.3
EC000297,SCI_A,Science,15,Friday,12,30.5,73.0,128,85.6,95.7
EC001892,RES_A,Residential,19,Tuesday,3,29.1,74.0,182,63.0,48.5
EC005521,ADM_A,Administration,23,Thursday,3,27.3,71.5,4,26.2,26.9
EC005821,ENG_B,Engineering,10,Sunday,1,28.8,78.6,24,48.6,48.9
EC007371,BUS_A,Business,10,Wednesday,10,30.4,68.9,105,57.9,54.0
EC002945,SCI_A,Science,4,Thursday,2,25.9,83.8,13,69.7,67.6
EC003727,RES_B,Residential,3,Wednesday,7,27.4,78.9,194,52.4,48.6
EC003786,ENG_A,Engineering,0,Saturday,5,26.3,,11,64.0,58.5
EC007251,BUS_A,Business,15,Tuesday,7,30.0,75.6,183,62.9,65.4
EC005027,SCI_A,Science,8,Friday,1,26.9,,58,79.9,75.7
EC003358,ENG_B,Engineering,17,Thursday,9,30.0,70.4,82,54.0,61.6
EC003653,LEC_A,LectureHall,11,Thursday,2,29.4,74.7,149,59.4,63.2
EC006065,SCI_B,Science,5,Wednesday,2,26.3,85.6,0,65.8,63.6
EC001955,ENG_A,Engineering,14,Sunday,5,30.4,74.8,35,59.9,59.3
EC000848,ADM_A,Administration,19,Saturday,1,28.2,81.2,4,24.6,21.9
EC002807,BUS_A,Business,22,Tuesday,8,27.0,78.5,12,26.7,33.9
EC005324,LEC_A,LectureHall,5,Thursday,2,25.8,84.4,29,28.6,32.4
EC007683,BUS_A,Business,4,Saturday,12,25.0,77.1,27,27.9,27.0
EC002517,RES_B,Residential,11,Tuesday,7,29.8,74.2,128,42.1,42.1
EC004477,RES_B,Residential,9,Sunday,4,29.2,71.4,152,,38.5
EC007763,LIB_A,Library,21,Saturday,8,28.8,74.3,74,41.3,36.8
EC002086,ADM_A,Administration,16,Monday,4,30.6,77.6,72,44.9,46.6
EC005983,RES_A,Residential,9,Saturday,4,28.4,80.6,184,58.9,48.8
EC004734,LIB_A,Library,22,Monday,12,,77.6,44,35.9,39.8
EC006573,SPT_A,Sports,9,Monday,7,28.1,77.3,81,57.1,56.0
EC002012,SCI_A,Science,12,Friday,12,29.6,78.0,166,99.3,101.3
EC005698,BUS_A,Business,12,Sunday,10,28.3,68.3,30,33.5,33.7
EC002691,ENG_B,Engineering,16,Monday,10,30.4,67.2,119,65.7,69.2
EC007483,SCI_A,Science,14,Wednesday,5,30.8,71.4,137,104.9,103.2
EC007963,SCI_B,Science,6,Thursday,9,,75.3,12,55.0,60.7
EC002148,SCI_B,Science,5,Wednesday,2,26.9,79.8,0,60.2,56.8
EC005923,BUS_B,Business,15,Friday,8,,70.9,119,72.8,67.0
EC001592,BUS_A,Business,21,Sunday,10,26.3,78.1,12,27.4,31.3
EC002856,ENG_A,Engineering,13,Wednesday,1,29.6,81.9,193,77.9,86.9
EC003590,BUS_A,Business,10,Sunday,11,27.0,79.9,15,28.7,33.4
EC000810,ENG_A,Engineering,6,Wednesday,1,26.8,81.9,17,35.2,45.2
EC006189,ENG_B,Engineering,16,Monday,9,30.3,76.3,89,66.5,63.9
EC004945,BUS_A,Business,23,Thursday,9,26.7,82.8,21,34.5,34.6
EC002031,ENG_B,Engineering,1,Thursday,3,25.4,84.0,16,36.9,40.1
EC001304,ENG_A,Engineering,21,Sunday,11,26.7,78.2,21,45.3,44.0
EC006599,BUS_A,Business,16,Sunday,6,29.8,76.9,52,39.2,46.8
EC004504,BUS_B,Business,7,Saturday,4,28.5,81.4,1,33.4,37.8
EC006857,SCI_A,Science,6,Wednesday,8,25.9,79.2,23,54.2,71.4
EC005934,ENG_B,Engineering,9,Tuesday,5,29.1,74.8,59,56.2,57.1
EC004353,ENG_B,Engineering,20,Wednesday,12,27.9,76.6,,29.6,42.3
EC004403,SCI_B,Science,18,Saturday,9,28.6,80.7,19,68.1,65.9
EC007666,BUS_A,Business,14,Sunday,7,32.9,67.4,31,42.7,44.3
EC004679,RES_B,Residential,5,Friday,2,26.8,81.0,174,46.5,46.3
EC001122,LEC_A,LectureHall,6,Sunday,12,25.2,83.5,0,19.4,19.4
EC007041,LEC_A,LectureHall,12,Thursday,8,30.3,75.6,208,84.2,85.4
EC001492,SCI_B,Science,1,Saturday,6,27.4,78.3,1,62.2,63.4
EC005606,ENG_A,Engineering,17,Saturday,4,30.1,81.3,35,63.6,60.0
EC003124,SCI_A,Science,22,Saturday,9,27.4,82.7,0,63.3,64.8
EC000645,BUS_A,Business,16,Thursday,8,30.3,71.7,123,48.4,54.4
EC001466,BUS_B,Business,22,Tuesday,10,27.7,74.8,29,43.0,42.1
EC007906,ENG_A,Engineering,7,Tuesday,1,25.8,85.5,31,43.2,44.4
EC006068,LEC_A,LectureHall,6,Friday,12,25.6,85.8,29,26.9,28.0
EC006417,RES_A,Residential,4,Friday,3,25.9,79.6,168,42.4,42.8
EC002216,BUS_A,Business,18,Thursday,11,30.0,74.3,76,44.0,46.0
EC006502,SCI_B,Science,1,Tuesday,4,26.3,73.7,0,53.1,62.0
EC007425,RES_B,Residential,9,Thursday,1,26.9,83.7,141,36.2,34.4
EC001710,SPT_A,Sports,8,Saturday,7,28.3,70.0,139,46.6,59.9
EC005187,SCI_A,Science,6,Thursday,11,29.4,70.9,0,66.1,69.3
EC005800,SPT_A,Sports,5,Monday,4,26.3,85.8,50,45.4,46.8
EC001682,BUS_B,Business,15,Saturday,8,30.5,80.0,61,49.3,52.3
EC003173,ENG_A,Engineering,13,Saturday,6,30.6,77.4,79,78.3,71.0
EC003371,SCI_B,Science,7,Wednesday,8,25.7,85.4,6,53.6,57.1
EC007448,ADM_A,Administration,10,Saturday,8,29.3,79.6,33,28.7,29.1
EC003973,BUS_A,Business,21,Saturday,5,29.8,76.8,21,38.5,40.1
EC007705,BUS_A,Business,17,Wednesday,10,27.8,80.6,67,44.4,44.3
EC002430,ENG_A,Engineering,19,Tuesday,1,28.2,78.2,39,49.2,58.1
EC005069,ENG_B,Engineering,19,Friday,1,29.3,78.8,12,46.9,48.6
EC001424,ENG_A,Engineering,23,Thursday,9,27.7,74.5,25,45.5,50.0
EC002969,RES_B,Residential,17,Sunday,1,27.7,76.9,133,39.4,40.0
EC001816,ENG_A,Engineering,22,Friday,6,28.5,78.3,8,52.0,53.0
EC005395,ENG_A,Engineering,3,Saturday,4,26.0,73.4,29,36.2,43.9
EC005096,ENG_A,Engineering,0,Tuesday,2,26.7,85.4,8,43.3,44.2
EC001179,BUS_A,Business,8,Tuesday,12,27.5,72.5,71,44.3,46.2
EC004904,SPT_A,Sports,20,Monday,4,29.4,75.4,166,66.4,61.9
EC002287,RES_A,Residential,6,Tuesday,3,26.5,82.9,243,54.4,57.8
EC007714,RES_A,Residential,15,Thursday,6,31.0,72.5,109,41.5,45.2
EC004248,RES_B,Residential,7,Saturday,10,25.0,87.8,226,42.9,44.6
EC003955,RES_A,Residential,7,Sunday,11,27.5,73.2,250,53.9,53.2
EC003089,BUS_A,Business,23,Saturday,2,27.2,73.6,12,30.5,35.7
EC006750,SCI_A,Science,22,Monday,11,26.5,80.9,0,65.3,60.1
EC002712,SCI_A,Science,16,Wednesday,7,29.9,69.6,101,87.3,88.4
EC007325,LEC_A,LectureHall,3,Wednesday,2,27.4,82.9,14,26.6,31.7
EC006558,SCI_B,Science,0,Tuesday,11,26.3,84.1,10,53.5,57.6
EC000742,BUS_A,Business,10,Tuesday,11,27.3,78.7,111,49.1,47.0
EC004875,ENG_B,Engineering,12,Thursday,9,30.7,69.5,164,75.8,80.6
EC000628,ENG_A,Engineering,6,Thursday,8,27.5,75.1,23,46.7,47.1
EC003488,ENG_A,Engineering,13,Thursday,2,30.6,75.5,207,81.2,83.5
EC002174,SCI_A,Science,22,Monday,4,28.4,80.3,4,74.5,74.4
EC006688,ENG_B,Engineering,16,Wednesday,2,28.7,72.3,128,70.5,69.7
EC000983,SCI_A,Science,2,Sunday,1,24.7,76.3,15,48.2,61.6
EC006381,SPT_A,Sports,4,Monday,8,26.6,83.8,92,43.2,44.5
EC005014,LIB_A,Library,17,Thursday,2,31.0,78.9,161,64.4,63.5
EC000326,ADM_A,Administration,19,Wednesday,3,,78.3,7,33.5,26.8
EC007821,ADM_A,Administration,10,Wednesday,11,28.4,83.8,67,34.1,37.6
EC005176,BUS_A,Business,10,Thursday,3,29.7,70.4,103,55.8,54.0
EC000767,RES_A,Residential,2,Friday,6,27.1,81.5,178,41.4,49.5
EC001980,ENG_A,Engineering,14,Saturday,8,31.0,71.7,54,69.3,64.4
EC005530,LIB_A,Library,4,Monday,9,26.2,85.9,0,27.7,27.8
EC003622,LIB_A,Library,1,Friday,5,27.1,86.5,7,31.0,31.6
EC003390,RES_B,Residential,3,Saturday,9,26.8,82.5,179,40.3,44.6
EC000881,LEC_A,LectureHall,4,Thursday,11,24.8,80.8,0,24.2,21.4
EC003138,BUS_A,Business,5,Saturday,11,25.2,86.4,0,21.7,24.3
EC003308,ENG_B,Engineering,3,Thursday,6,25.2,82.1,5,34.3,36.3
EC004759,SCI_A,Science,3,Monday,10,26.3,89.3,39,68.3,65.0
