id,building_id,building_type,hour,day_of_week,month,temperature,humidity,occupancy,previous_usage,energy_usage,dow,w
EC000685,LEC_A,LectureHall,2,Monday,9,25.2,81.9,31.0,28.0,27.2,0,0.34318403624839716
EC003261,SCI_A,Science,1,Wednesday,11,25.7,83.7,14.0,72.6,67.2,2,2.9783030157206904
EC005451,RES_A,Residential,5,Sunday,1,26.3,84.7,199.0,51.6,54.2,6,0.7147132317745035
EC000188,ENG_A,Engineering,21,Wednesday,5,29.1,77.4,68.0,68.3,63.6,2,0.6715652387990885
EC001001,SPT_A,Sports,16,Wednesday,5,30.9,68.2,65.0,49.1,53.9,2,0.5396123830945689
EC005310,SCI_B,Science,16,Sunday,2,30.1,70.7,17.0,79.3,81.3,6,0.8865188414012614
EC004559,SCI_B,Science,0,Tuesday,9,26.0,82.0,7.0,56.1,53.1,1,0.9929640695801573
EC000406,BUS_B,Business,0,Tuesday,2,,87.2,30.0,42.3,40.7,1,0.8881504909917147
EC007680,SPT_A,Sports,13,Sunday,1,29.2,79.4,52.0,46.1,52.8,6,0.48028944882017227
EC007970,ADM_A,Administration,11,Sunday,3,,63.8,27.0,27.3,29.7,6,2.027057541845297
EC001395,ADM_A,Administration,16,Thursday,2,29.8,73.0,78.0,41.6,42.1,3,0.5371542487369357
EC002247,SCI_B,Science,12,Sunday,5,29.1,80.2,37.0,78.7,81.1,6,0.9632346384499841
EC003490,RES_A,Residential,2,Thursday,11,24.6,87.1,148.0,38.0,44.0,3,0.4989849903603951
EC002971,BUS_B,Business,21,Wednesday,11,29.3,80.0,0.0,38.9,41.3,2,0.5221190978397222
EC003073,LIB_A,Library,7,Thursday,6,27.3,80.0,0.0,32.4,27.9,3,0.5653657895557626
EC003028,ENG_B,Engineering,2,Sunday,11,25.3,79.8,0.0,33.4,31.3,6,0.5495574775707271
EC007097,ENG_A,Engineering,15,Thursday,3,35.2,89.2,189.0,103.8,104.7,3,2.0716464432684907
EC002862,BUS_A,Business,1,Thursday,6,,82.8,0.0,26.0,28.1,3,2.0456059655176624
EC004938,ENG_B,Engineering,18,Monday,11,28.1,71.3,89.0,48.8,54.3,0,0.4679946144449764
EC002065,ENG_B,Engineering,18,Thursday,10,28.9,81.5,77.0,57.4,56.2,3,0.6300812953383715
EC003214,BUS_A,Business,12,Tuesday,2,27.8,76.7,146.0,57.4,57.9,1,0.6770849625251375
EC007205,SPT_A,Sports,17,Tuesday,11,30.0,70.0,99.0,50.8,55.7,1,0.4123140669218909
EC003215,RES_A,Residential,17,Friday,9,29.1,83.0,127.0,45.8,45.3,4,0.550811689648272
EC007834,ENG_B,Engineering,14,Sunday,9,29.4,77.6,22.0,,48.3,6,1.0458184274513256
EC000298,LEC_A,LectureHall,4,Sunday,2,26.5,73.3,0.0,22.9,21.9,6,0.6465643901167477
EC006955,LEC_A,LectureHall,8,Wednesday,3,28.1,74.1,75.0,43.7,49.6,2,0.5090550149131198
EC006367,ENG_A,Engineering,2,Saturday,4,25.7,83.3,0.0,38.4,38.0,5,0.48052813508235614
EC000063,LEC_A,LectureHall,17,Sunday,12,31.3,73.1,238.0,75.5,82.8,6,6.79882596287662
EC004192,SCI_A,Science,21,Monday,1,28.6,,16.0,72.6,77.0,0,3.241790101362228
EC004654,ENG_A,Engineering,14,Sunday,3,30.5,73.5,31.0,55.6,56.4,6,0.5075483528009661
EC006885,LIB_A,Library,18,Sunday,3,29.0,79.5,276.0,62.8,71.4,6,3.518658238475083
EC000959,ENG_B,Engineering,1,Sunday,3,27.1,83.0,0.0,35.7,39.6,6,0.693426997718969
EC000558,BUS_A,Business,4,Tuesday,12,25.5,78.0,0.0,28.1,28.6,1,0.42733985404521774
EC004264,SCI_B,Science,17,Monday,5,30.2,77.4,65.0,82.8,87.7,0,0.6557550093496393
EC005257,RES_A,Residential,21,Tuesday,11,27.0,82.1,247.0,59.6,53.5,1,0.6940272292891588
EC006443,RES_A,Residential,23,Tuesday,5,27.8,79.0,217.0,50.2,55.4,1,0.46410221809305574
EC000016,BUS_B,Business,13,Wednesday,2,30.4,72.3,163.0,72.5,67.1,2,0.821966571283347
EC004715,SPT_A,Sports,1,Tuesday,6,27.4,78.5,10.0,36.6,34.3,1,0.9915274444505708
EC007077,RES_A,Residential,15,Friday,1,30.0,70.1,139.0,51.7,45.7,4,0.6515705429040438
EC007703,RES_A,Residential,8,Tuesday,6,28.8,75.7,196.0,43.5,51.7,1,0.654539636928352
EC001877,SPT_A,Sports,1,Tuesday,9,26.7,76.1,6.0,36.9,33.2,1,1.2685736608605
EC003208,SCI_A,Science,19,Monday,1,29.3,71.7,23.0,78.9,77.9,0,1.2125682882844828
EC005813,RES_A,Residential,14,Sunday,6,31.4,64.9,112.0,49.6,48.8,6,0.47547112544508785
EC000911,ENG_A,Engineering,15,Wednesday,8,30.0,67.0,131.0,80.3,81.8,2,0.47490547635741903
EC006341,LIB_A,Library,13,Saturday,11,28.3,79.6,151.0,45.6,46.8,5,0.6797268211573124
EC003706,RES_B,Residential,23,Saturday,12,25.9,78.1,220.0,50.1,44.9,5,0.3642475004428019
EC004132,LEC_A,LectureHall,13,Tuesday,8,29.3,73.6,268.0,74.7,84.8,1,3.695649646990561
EC006441,SPT_A,Sports,20,Tuesday,1,29.1,79.3,132.0,52.2,60.0,1,0.6786566097459982
EC007749,SCI_A,Science,22,Saturday,3,27.6,78.9,7.0,65.7,71.8,5,0.9672398567372716
EC005667,SCI_A,Science,18,Sunday,4,,76.2,13.0,86.0,78.8,6,7.238937129295515
EC001960,RES_B,Residential,18,Friday,2,30.1,71.5,112.0,41.7,46.6,4,0.601432022108429
EC007340,RES_A,Residential,19,Wednesday,2,30.2,74.6,176.0,56.4,62.3,2,0.7751020123384751
EC002130,SCI_B,Science,17,Monday,1,30.5,78.3,63.0,82.9,90.3,0,0.41725763218961903
EC003771,ADM_A,Administration,15,Monday,8,30.0,71.6,85.0,38.8,37.6,0,0.45081522044133904
EC004183,LEC_A,LectureHall,12,Saturday,12,28.7,83.7,219.0,66.6,66.8,5,1.9376040747191123
EC003933,BUS_A,Business,4,Sunday,6,26.5,82.4,1.0,25.2,27.8,6,0.48590957724827255
EC001669,SPT_A,Sports,21,Sunday,1,28.9,74.6,105.0,64.4,60.1,6,0.5610057248135594
EC003999,BUS_A,Business,22,Thursday,5,28.7,72.1,14.0,39.1,35.6,3,0.6894353349672043
EC006625,BUS_B,Business,1,Thursday,2,25.5,75.7,12.0,34.1,33.1,3,0.5876042611506287
EC004265,LEC_A,LectureHall,0,Friday,10,25.1,82.3,0.0,20.8,22.5,4,0.6511469711344186
EC004911,LIB_A,Library,20,Friday,1,29.1,77.8,106.0,,60.2,4,1.4812185445380468
EC005179,ADM_A,Administration,19,Wednesday,7,29.8,68.9,0.0,29.5,31.5,2,0.561534461996503
EC003063,BUS_B,Business,9,Wednesday,6,28.6,78.2,118.0,52.8,53.9,2,0.8598406817534316
EC006550,SCI_B,Science,18,Tuesday,9,30.7,74.5,43.0,70.4,79.7,1,0.8956183789289451
EC000681,ENG_A,Engineering,10,Saturday,4,28.4,77.3,31.0,53.7,56.3,5,0.508174668418139
EC000244,SPT_A,Sports,11,Saturday,7,31.1,73.0,4.0,44.6,50.3,5,0.7975069674519264
EC004722,ENG_A,Engineering,20,Tuesday,11,,81.0,33.0,41.2,43.5,1,1.6445740875173926
EC007123,BUS_A,Business,4,Monday,10,26.3,84.3,10.0,26.8,27.2,0,0.4407866103824008
EC005880,ENG_A,Engineering,18,Wednesday,12,28.8,79.8,101.0,64.5,62.8,2,0.6252006714383924
EC007360,ENG_A,Engineering,15,Monday,5,30.0,67.4,187.0,81.1,82.2,0,0.29441422571636633
EC001309,ENG_A,Engineering,5,Monday,4,26.9,83.6,12.0,44.5,46.7,0,0.5876957104182425
EC006623,LEC_A,LectureHall,0,Sunday,1,27.6,76.2,9.0,28.7,23.8,6,0.6862565092434237
EC005316,SCI_B,Science,2,Tuesday,12,25.3,87.9,0.0,44.2,53.7,1,0.5487482942113598
EC001391,SCI_A,Science,8,Wednesday,9,27.5,82.5,63.0,79.9,82.3,2,0.5499962415158068
EC001264,SCI_B,Science,5,Saturday,5,28.6,74.9,0.0,59.3,64.5,5,0.6209542305290668
EC003209,LIB_A,Library,19,Friday,5,29.3,70.6,133.0,50.7,59.2,4,0.7153984414493049
EC003277,LEC_A,LectureHall,10,Wednesday,12,30.0,72.4,157.0,62.3,57.5,2,0.6793252931673508
EC002572,RES_A,Residential,2,Sunday,3,24.5,86.8,158.0,46.3,49.8,6,0.6093189293997496
EC002105,ADM_A,Administration,19,Saturday,1,29.1,67.2,0.0,24.9,27.8,5,0.9101107888715712
EC002995,SCI_A,Science,0,Thursday,10,25.8,79.8,12.0,50.2,59.5,3,0.5871215828760207
EC005173,ENG_A,Engineering,2,Wednesday,10,26.6,77.3,29.0,40.9,44.6,2,0.4893349061729437
EC005217,SCI_A,Science,16,Monday,6,32.1,66.4,94.0,96.8,101.2,0,0.3764376429066284
EC006904,RES_A,Residential,11,Thursday,4,29.4,71.0,116.0,40.3,43.5,3,0.6634953465343149
EC001242,BUS_A,Business,7,Thursday,7,26.3,75.6,0.0,30.0,30.5,3,0.46969639554127957
EC007217,RES_A,Residential,9,Saturday,12,28.1,77.7,229.0,55.5,53.7,5,0.5961994522679491
EC005188,ENG_A,Engineering,10,Sunday,2,28.5,73.3,46.0,53.4,57.1,6,0.5269379440333831
EC004933,BUS_B,Business,8,Wednesday,11,27.1,72.2,77.0,38.4,42.8,2,0.4589492015223603
EC002557,SCI_B,Science,17,Wednesday,4,30.9,75.0,49.0,77.0,77.1,2,0.9038631743601558
EC004954,RES_B,Residential,4,Tuesday,12,25.9,80.6,140.0,43.3,44.5,1,0.46895337004674353
EC000093,RES_B,Residential,19,Thursday,11,28.5,78.8,158.0,,38.9,3,1.138052618081249
EC003267,SCI_B,Science,14,Wednesday,4,30.9,65.9,109.0,98.6,88.8,2,0.5414594172121904
EC004673,SPT_A,Sports,0,Wednesday,2,26.2,86.0,0.0,30.2,33.0,2,0.526663322890219
EC001422,LIB_A,Library,22,Saturday,2,27.8,74.1,60.0,40.4,44.6,5,0.5955945585687145
EC007143,LIB_A,Library,1,Wednesday,1,26.0,79.3,0.0,27.1,28.3,2,0.5191748106834849
EC000579,BUS_B,Business,7,Sunday,7,25.9,79.6,0.0,29.2,29.7,6,0.5182825718623096
EC002060,LEC_A,LectureHall,12,Saturday,10,30.8,67.1,25.0,36.9,37.0,5,0.3051886059716583
EC006713,LEC_A,LectureHall,1,Friday,9,26.5,79.3,0.0,24.4,24.8,4,0.4515245029009081
EC000430,BUS_A,Business,22,Wednesday,8,27.8,83.6,15.0,33.8,39.4,2,0.49851655912871434
EC002535,BUS_B,Business,20,Wednesday,2,30.6,74.9,5.0,42.3,44.0,2,0.5856576388376639
EC005332,RES_B,Residential,0,Sunday,10,27.0,82.3,135.0,40.3,43.6,6,0.5117106294874991
EC004558,SPT_A,Sports,13,Monday,5,31.2,69.4,0.0,49.4,50.1,0,0.42344194490924464
EC001571,ENG_B,Engineering,13,Wednesday,10,30.1,77.2,172.0,61.4,67.1,2,0.8270405234403012
EC005662,ENG_A,Engineering,10,Sunday,4,30.5,65.2,43.0,68.2,64.3,6,0.6700214430219142
EC005689,ENG_B,Engineering,13,Tuesday,9,30.2,77.7,153.0,65.9,71.3,1,0.7791925776843944
EC004801,RES_A,Residential,12,Saturday,12,27.2,80.4,167.0,43.0,44.0,5,0.5200294055137261
EC002015,SCI_A,Science,8,Monday,5,,78.8,49.0,70.1,75.5,0,1.95887856753951
EC002194,ENG_B,Engineering,7,Tuesday,1,26.5,87.7,20.0,35.8,37.3,1,0.7829993444359359
EC006553,LEC_A,LectureHall,6,Monday,7,28.1,82.2,18.0,29.1,32.1,0,0.37461444683907125
EC000835,RES_A,Residential,17,Saturday,12,28.7,73.2,142.0,37.4,40.9,5,0.6803892541623656
EC003547,SCI_A,Science,18,Wednesday,3,31.2,71.9,56.0,107.0,98.7,2,1.034552508721235
EC005522,LEC_A,LectureHall,3,Thursday,3,26.5,80.2,11.0,28.4,31.1,3,0.6269548288379767
EC005945,SCI_A,Science,15,Thursday,5,30.0,67.7,142.0,97.7,104.0,3,0.6994834208990978
EC006993,LIB_A,Library,5,Wednesday,7,27.7,75.1,28.0,37.1,36.4,2,0.5119015639612137
EC005790,RES_A,Residential,10,Thursday,2,29.5,75.0,160.0,44.1,50.0,3,0.7176023964321636
EC000814,SCI_B,Science,6,Wednesday,11,27.3,77.4,7.0,50.0,59.6,2,0.6460765827513204
EC003117,BUS_A,Business,17,Saturday,6,28.9,72.8,2.0,36.4,35.4,5,0.6482370628781897
EC006045,ENG_B,Engineering,15,Wednesday,1,35.3,90.9,204.0,105.1,102.5,2,4.2620718176903285
EC004496,BUS_B,Business,10,Tuesday,2,28.0,78.7,140.0,52.9,61.7,1,0.7235887721776301
EC001706,LIB_A,Library,13,Friday,12,29.7,78.9,160.0,53.5,53.8,4,0.588257740605151
EC000647,SPT_A,Sports,22,Saturday,3,28.1,81.1,83.0,60.5,53.5,5,0.5578628623707141
EC005440,LIB_A,Library,12,Thursday,4,31.0,65.2,298.0,84.0,77.7,3,18.83173830193046
EC006416,SCI_B,Science,22,Monday,11,26.5,75.7,17.0,59.0,64.1,0,0.6894698002402387
EC000117,SPT_A,Sports,19,Sunday,10,29.4,69.5,240.0,71.5,70.4,6,8.63780930568717
EC004493,SCI_A,Science,23,Sunday,12,27.9,77.9,3.0,75.5,73.7,6,1.6137841367283037
EC006198,LIB_A,Library,1,Saturday,2,26.4,74.4,18.0,27.0,27.1,5,0.762870096406368
EC003790,ENG_A,Engineering,23,Wednesday,1,26.8,86.2,41.0,46.6,44.7,2,0.7487706978939949
EC002055,SCI_B,Science,6,Thursday,6,27.9,81.0,0.0,67.1,67.3,3,0.7053658752818635
EC000335,ENG_B,Engineering,12,Monday,11,29.7,76.5,136.0,67.0,68.7,0,0.5679643738867542
EC003001,SPT_A,Sports,21,Wednesday,11,27.0,74.9,105.0,49.3,49.3,2,0.7062015388862037
EC002268,SCI_A,Science,23,Wednesday,11,25.3,87.4,3.0,50.5,65.9,2,0.5682464369971847
EC007108,LEC_A,LectureHall,15,Friday,3,29.9,76.1,170.0,69.0,71.4,4,0.8188225105076447
EC007702,SPT_A,Sports,13,Tuesday,3,30.1,75.8,6.0,48.1,50.7,1,1.0589058084980647
EC005806,BUS_A,Business,22,Wednesday,11,27.1,76.1,0.0,30.2,29.0,2,0.5033361275657323
EC004358,SCI_A,Science,16,Monday,9,30.1,66.5,88.0,108.1,98.7,0,0.6553946999917815
EC006310,BUS_A,Business,7,Wednesday,6,28.4,80.5,154.0,30.8,49.5,2,5.426954879976727
EC001253,ENG_A,Engineering,9,Thursday,6,27.3,74.7,99.0,60.5,61.0,3,0.557528691810339
EC000540,BUS_A,Business,18,Tuesday,5,29.7,71.2,56.0,48.1,46.9,1,1.0085523386504907
EC004085,SCI_A,Science,2,Thursday,3,26.2,88.2,6.0,100.0,81.8,3,8.283227993758425
EC001949,SPT_A,Sports,2,Tuesday,3,25.6,85.2,11.0,36.6,36.5,1,0.4922400885566108
EC004289,ADM_A,Administration,3,Thursday,6,27.0,74.6,0.0,6.3,23.1,3,5.507745242895806
EC000863,SCI_B,Science,7,Thursday,9,27.8,79.5,6.0,61.7,69.7,3,0.9721192114920975
EC007803,BUS_A,Business,13,Saturday,10,32.4,72.0,43.0,46.3,49.7,5,0.5724437251320905
EC003648,SCI_B,Science,2,Tuesday,11,24.9,87.2,5.0,,57.1,1,2.4971009149248853
EC002450,SCI_B,Science,13,Tuesday,10,29.3,75.9,126.0,92.7,94.2,1,0.941960780136735
EC002947,SPT_A,Sports,3,Saturday,11,25.4,87.5,20.0,32.9,32.8,5,0.5525291373694509
EC005065,LIB_A,Library,23,Tuesday,11,26.3,81.4,26.0,35.7,37.1,1,0.7012411590081731
EC005149,LIB_A,Library,17,Sunday,1,28.3,77.5,178.0,56.4,58.4,6,0.8611935094522424
EC003713,LIB_A,Library,20,Friday,2,29.5,74.8,135.0,55.6,57.3,4,0.6170971250111316
EC007026,LIB_A,Library,10,Friday,3,28.5,79.3,64.0,45.2,41.5,4,0.49919717332424896
EC004860,LEC_A,LectureHall,15,Saturday,5,32.1,70.8,41.0,41.0,51.8,5,0.8225101326007015
EC004288,ENG_B,Engineering,18,Friday,12,27.4,78.5,68.0,53.5,51.4,4,0.5416238539260967
EC007402,LEC_A,LectureHall,17,Monday,7,30.1,71.0,112.0,60.2,56.3,0,0.671260209803341
EC001952,RES_B,Residential,12,Thursday,5,30.7,76.8,107.0,40.0,44.7,3,0.5586873887553983
EC006926,RES_A,Residential,2,Saturday,7,26.6,75.5,184.0,45.3,50.8,5,0.48738927665584547
EC004583,ENG_A,Engineering,20,Friday,2,30.4,77.6,6.0,58.5,56.2,4,1.0986392783952845
EC001187,BUS_B,Business,19,Tuesday,10,29.5,71.0,0.0,34.5,40.2,1,0.5412091700267745
EC003584,RES_A,Residential,17,Monday,11,28.4,79.3,125.0,36.9,40.6,0,0.5019137376617505
EC003424,ENG_A,Engineering,23,Monday,2,26.4,81.5,32.0,41.7,41.8,0,0.5639096011839739
EC004042,BUS_A,Business,11,Monday,12,27.6,79.8,116.0,51.6,46.6,0,0.5441233395215889
EC007510,BUS_B,Business,19,Saturday,4,24.8,97.1,12.0,32.5,33.7,5,6.820527134618028
EC002850,LEC_A,LectureHall,14,Friday,11,30.2,77.6,215.0,78.8,77.5,4,1.2780200529232157
EC000089,ENG_A,Engineering,20,Sunday,1,26.1,71.4,34.0,32.1,43.4,6,1.4583352091515198
EC003825,LIB_A,Library,6,Monday,6,25.7,86.2,0.0,29.8,27.5,0,0.48845747439641657
EC006193,BUS_B,Business,1,Saturday,6,27.3,87.9,2.0,28.5,32.0,5,0.9198621434600373
EC000237,ENG_B,Engineering,18,Sunday,4,30.1,76.0,21.0,50.4,53.5,6,0.5801097663424558
EC002743,SCI_A,Science,18,Thursday,1,29.3,71.9,169.0,114.7,109.6,3,2.973118624005833
EC007455,LEC_A,LectureHall,14,Monday,4,31.6,70.8,183.0,67.8,79.9,0,0.9690196225907297
EC005924,ENG_A,Engineering,15,Sunday,4,29.9,79.8,58.0,71.5,66.8,6,0.4899115683971947
EC007661,ENG_B,Engineering,21,Sunday,4,28.6,75.6,4.0,47.7,46.6,6,0.6647112764457941
EC001453,LIB_A,Library,12,Tuesday,3,29.5,74.5,88.0,46.2,44.8,1,0.42258037772490226
EC002328,BUS_B,Business,8,Thursday,12,27.8,78.7,166.0,30.2,56.5,3,5.730293243164993
EC006735,SCI_A,Science,0,Monday,5,27.1,77.4,0.0,70.7,72.2,0,1.5730866548392763
EC000748,LEC_A,LectureHall,12,Tuesday,2,28.0,,202.0,71.3,72.0,1,1.6788683461487086
EC000824,SCI_B,Science,2,Thursday,1,25.8,79.9,6.0,56.5,60.5,3,1.8087996367505483
EC000521,SCI_A,Science,21,Sunday,12,27.2,83.8,21.0,69.4,68.6,6,0.6647008038236013
EC004618,LEC_A,LectureHall,15,Friday,7,30.3,73.6,200.0,64.9,69.8,4,1.049318485435703
EC007929,ENG_A,Engineering,3,Saturday,3,26.8,75.2,11.0,44.9,48.8,5,0.640478046108721
EC002519,RES_B,Residential,12,Monday,5,31.6,75.3,129.0,44.3,46.7,0,0.8103367073638189
EC000770,RES_B,Residential,10,Wednesday,12,26.7,78.9,140.0,39.7,36.3,2,0.49076917665063907
EC003515,SCI_A,Science,14,Friday,8,30.1,68.0,142.0,105.4,104.2,4,0.5433100435040418
EC004908,BUS_A,Business,9,Monday,12,28.7,77.6,88.0,52.3,47.3,0,0.5126830620163733
EC006295,BUS_A,Business,10,Sunday,5,27.9,81.4,21.0,33.7,32.2,6,0.45599111330755554
EC006774,RES_A,Residential,19,Wednesday,6,29.2,71.2,172.0,49.0,53.7,2,0.8421559183883961
EC001222,LEC_A,LectureHall,7,Monday,9,27.1,71.9,0.0,29.0,30.0,0,0.5943987992492237
EC007316,SCI_A,Science,14,Saturday,7,30.2,70.5,39.0,84.4,78.4,5,0.8326166317781667
EC004659,BUS_A,Business,6,Thursday,2,24.7,96.0,14.0,32.1,32.5,3,2.6805432908487954
EC000382,ADM_A,Administration,10,Thursday,2,27.3,81.9,79.0,33.1,36.7,3,0.4659474266071888
EC002022,RES_A,Residential,8,Sunday,10,27.0,80.2,199.0,45.2,43.0,6,0.6779398643834826
EC002899,ENG_A,Engineering,1,Wednesday,8,27.5,71.0,30.0,50.5,52.2,2,0.6271363763541297
EC001034,RES_A,Residential,8,Monday,6,27.4,80.7,206.0,40.3,47.9,0,0.4025065052465486
EC005607,ENG_A,Engineering,6,Thursday,11,26.4,82.9,0.0,43.9,42.8,3,0.5313477945363161
EC001496,BUS_B,Business,22,Sunday,10,26.6,78.1,23.0,30.1,35.2,6,0.45638644325523153
EC000976,RES_A,Residential,0,Saturday,5,27.4,85.6,130.0,47.5,45.4,5,0.3462831470074565
EC005501,RES_A,Residential,3,Monday,8,26.0,83.3,171.0,37.4,46.0,0,0.6289014730221273
EC005455,SCI_B,Science,3,Saturday,10,25.6,74.8,9.0,59.2,58.8,5,1.319021498451299
EC006577,LIB_A,Library,22,Friday,9,27.8,73.4,56.0,34.3,40.2,4,0.685446408663026
EC001977,SCI_B,Science,3,Friday,7,27.8,72.7,0.0,67.4,67.2,4,1.0443311561927138
EC005835,SCI_A,Science,15,Wednesday,1,30.1,73.2,121.0,91.4,92.6,2,0.9704295331094596
EC002444,ADM_A,Administration,4,Friday,2,26.7,77.9,1.0,25.3,25.1,4,0.54954456130925
EC006973,SPT_A,Sports,2,Tuesday,1,26.1,83.3,16.0,37.8,35.1,1,0.452722042422654
EC007440,SCI_A,Science,8,Wednesday,1,27.6,78.7,73.0,75.4,78.1,2,0.43921671539472645
EC002007,SPT_A,Sports,5,Monday,4,26.5,74.7,79.0,36.8,42.4,0,0.5022364440475457
EC002727,ENG_A,Engineering,14,Friday,4,31.4,73.3,190.0,92.0,92.1,4,1.0553595728094218
EC003471,ENG_A,Engineering,2,Monday,9,25.6,86.8,3.0,35.2,40.2,0,0.6237201603819721
EC006610,ENG_A,Engineering,0,Wednesday,4,28.2,84.1,0.0,48.1,51.4,2,0.5737158110110614
EC000401,BUS_A,Business,9,Saturday,10,26.9,78.0,13.0,23.2,27.5,5,0.46194253711528627
EC005459,ENG_B,Engineering,19,Wednesday,7,29.4,80.7,24.0,40.7,50.9,2,0.5739715981045818
EC005482,RES_A,Residential,13,Wednesday,2,30.4,73.6,142.0,49.1,50.8,2,0.7838739600536494
EC000710,ENG_B,Engineering,9,Monday,2,29.0,79.5,85.0,57.1,59.3,0,0.44697843190384356
EC004735,LEC_A,LectureHall,2,Thursday,1,26.6,81.6,8.0,24.8,25.9,3,0.6877219732298194
EC003074,ENG_B,Engineering,20,Friday,10,28.1,77.2,15.0,40.3,44.8,4,0.5393361595261775
EC006029,BUS_B,Business,7,Wednesday,1,27.2,70.7,0.0,35.7,35.8,2,0.8859189526759649
EC006195,RES_B,Residential,8,Sunday,6,28.3,80.5,209.0,38.6,46.3,6,0.6790447816832482
EC007175,ENG_B,Engineering,1,Tuesday,7,25.7,80.1,0.0,30.0,38.7,1,0.4743355679157569
EC000872,LIB_A,Library,14,Wednesday,4,31.2,72.1,169.0,,66.7,2,2.2224425449680374
EC003249,LEC_A,LectureHall,10,Sunday,7,29.2,74.3,45.0,33.8,36.3,6,0.38684401221275266
EC002768,BUS_A,Business,12,Monday,12,28.4,77.5,147.0,57.1,58.3,0,1.4543097753816245
EC005844,ADM_A,Administration,18,Monday,5,30.0,62.3,32.0,33.5,31.9,0,0.23095348155429157
EC006828,RES_B,Residential,23,Saturday,9,26.9,80.9,286.0,51.0,56.9,5,0.3594688452516591
EC001526,SCI_B,Science,23,Tuesday,8,26.6,80.3,4.0,53.7,57.1,1,0.8772002067859561
EC000910,LIB_A,Library,0,Friday,7,27.6,75.5,0.0,27.0,33.3,4,0.5311522904341435
EC007025,ENG_B,Engineering,15,Sunday,10,29.0,80.2,56.0,48.8,52.3,6,0.5893957566236789
EC003187,RES_A,Residential,0,Sunday,10,25.3,76.9,102.0,37.1,39.0,6,0.308482217136374
EC004584,BUS_B,Business,14,Tuesday,4,31.4,71.1,153.0,75.4,71.3,1,0.9448669341395535
EC005635,LEC_A,LectureHall,13,Wednesday,6,29.5,74.6,225.0,71.0,79.8,2,1.2357896276887326
EC001502,LEC_A,LectureHall,3,Thursday,4,26.3,77.3,0.0,30.2,30.4,3,0.5224838612854646
EC005575,BUS_B,Business,17,Wednesday,4,30.1,62.8,91.0,75.2,64.8,2,0.7086784663848783
EC006485,SCI_B,Science,12,Saturday,4,29.2,76.4,27.0,63.8,77.1,5,0.6744618317750388
EC005296,RES_B,Residential,17,Thursday,1,30.1,75.3,109.0,45.9,42.1,3,0.6351889642512707
EC000218,LEC_A,LectureHall,19,Sunday,3,29.7,69.8,0.0,29.3,28.0,6,0.5127893863477646
EC003402,SPT_A,Sports,22,Thursday,6,27.3,71.5,12.0,93.5,65.3,3,3.551063297533312
EC007565,BUS_A,Business,6,Tuesday,8,26.2,79.0,32.0,27.9,32.5,1,0.4581278008436366
EC006810,ENG_A,Engineering,3,Sunday,3,25.7,85.7,16.0,37.8,42.7,6,0.46584811743247245
EC003535,ENG_A,Engineering,4,Thursday,7,26.0,86.3,3.0,38.6,36.8,3,0.6146684873752895
EC000548,LIB_A,Library,5,Friday,5,24.9,83.1,49.0,,34.3,4,2.8706393182218943
EC006653,ENG_A,Engineering,23,Sunday,5,28.6,78.9,0.0,46.2,47.4,6,0.5315012332963008
EC007804,RES_A,Residential,14,Sunday,11,28.8,77.7,164.0,47.0,46.1,6,0.5364899433721205
EC006957,LEC_A,LectureHall,16,Monday,4,30.2,69.5,130.0,59.7,63.2,0,0.5624857070504304
EC002248,ENG_A,Engineering,16,Friday,7,31.1,75.4,242.0,91.0,101.2,4,2.9299045910280963
EC005719,ENG_A,Engineering,11,Tuesday,9,29.2,80.6,172.0,77.5,73.7,1,0.7017106135601796
EC007874,LIB_A,Library,2,Sunday,4,25.3,80.8,0.0,23.5,31.1,6,0.5800985202929535
EC002113,SPT_A,Sports,8,Wednesday,1,29.0,74.4,88.0,60.7,59.5,2,0.713983217677377
EC005340,BUS_A,Business,11,Tuesday,12,27.4,77.8,81.0,34.3,36.2,1,0.4510474414399165
EC005690,LEC_A,LectureHall,8,Saturday,6,28.2,79.5,26.0,31.9,30.5,5,0.5068886887596703
EC002804,BUS_A,Business,6,Sunday,12,27.8,78.5,2.0,27.4,32.7,6,0.5005274793110611
EC000531,RES_A,Residential,22,Saturday,8,27.6,78.9,273.0,51.2,58.3,5,0.43581117242897827
EC006290,RES_A,Residential,18,Wednesday,3,31.9,74.3,192.0,50.9,54.3,2,0.7756613321518364
EC000646,SPT_A,Sports,9,Saturday,2,27.0,73.7,92.0,43.9,45.3,5,0.4852254080026559
EC004653,LIB_A,Library,5,Wednesday,3,28.2,79.2,24.0,35.5,36.3,2,0.5119015639612137
EC003743,SPT_A,Sports,5,Sunday,7,26.1,83.9,72.0,41.1,50.4,6,0.46117503388246206
EC007252,SCI_A,Science,21,Friday,1,27.7,79.4,28.0,65.2,70.8,4,0.50991523923476
EC006345,LIB_A,Library,22,Monday,11,26.5,75.3,48.0,98.8,60.8,0,3.275395990820948
EC004760,RES_A,Residential,9,Thursday,3,26.9,78.7,171.0,37.2,42.9,3,0.6209554167458622
EC006866,ADM_A,Administration,9,Saturday,12,27.9,77.7,19.0,22.8,25.2,5,0.5099909207593718
EC002942,BUS_A,Business,1,Wednesday,12,25.9,80.6,0.0,13.1,24.3,2,4.043592826568388
EC000766,ENG_A,Engineering,15,Monday,12,29.8,69.9,169.0,75.1,81.4,0,0.549293345684085
EC007351,SCI_B,Science,21,Thursday,6,28.0,70.7,0.0,57.2,65.8,3,0.8036536857063825
EC003025,BUS_A,Business,2,Thursday,7,27.8,80.8,16.0,29.3,28.8,3,0.5508298573421181
EC000354,RES_A,Residential,2,Thursday,12,25.0,86.3,,51.0,47.4,3,0.5584071516027718
EC006202,SPT_A,Sports,2,Saturday,4,27.1,79.4,10.0,28.7,43.6,5,0.8451647117460446
EC006916,ENG_B,Engineering,15,Saturday,10,29.8,75.2,48.0,49.1,50.9,5,0.6021222338838286
EC006546,RES_B,Residential,6,Thursday,11,,99.2,207.0,43.9,44.1,3,7.172271068623471
EC003856,BUS_A,Business,9,Monday,7,28.6,68.8,78.0,48.2,49.6,0,0.4373789317739921
EC005255,ENG_A,Engineering,15,Thursday,6,30.2,74.6,246.0,100.5,96.1,3,2.6909864318424126
EC007859,LEC_A,LectureHall,18,Saturday,6,30.3,64.6,258.0,79.3,76.2,5,5.782667352376745
EC006960,BUS_A,Business,16,Monday,8,31.3,77.2,92.0,56.2,60.0,0,1.166204632257713
EC000982,BUS_A,Business,15,Saturday,2,30.6,76.6,47.0,42.8,43.3,5,0.5299118018715564
EC002370,ENG_B,Engineering,0,Monday,12,24.6,87.7,0.0,34.4,32.3,0,0.5779341906129805
EC006092,SCI_B,Science,7,Sunday,9,27.6,74.0,10.0,59.2,66.1,6,1.1418261467903725
EC003140,BUS_A,Business,4,Sunday,3,25.3,81.8,0.0,22.1,24.5,6,0.4581344701375688
EC006185,BUS_B,Business,7,Monday,8,29.1,74.8,165.0,36.0,57.4,0,2.0300249659467884
EC000732,RES_B,Residential,18,Friday,4,30.3,75.1,201.0,48.9,45.8,4,0.8076438740134643
EC001965,SCI_A,Science,16,Monday,8,30.6,62.2,100.0,99.8,88.6,0,0.4106108801088148
EC007395,SCI_A,Science,4,Tuesday,1,24.6,81.3,0.0,58.4,60.2,1,0.992779715477566
EC006164,RES_A,Residential,3,Sunday,10,25.5,83.8,214.0,37.5,44.7,6,0.8408306308320297
EC006113,BUS_B,Business,23,Monday,3,26.9,78.6,6.0,34.9,39.3,0,0.5330407149418283
EC004775,LIB_A,Library,3,Friday,6,26.7,80.7,0.0,,24.0,4,2.1726559218083037
EC000587,LIB_A,Library,12,Wednesday,1,28.8,75.2,172.0,,52.8,2,1.811946298281921
EC007063,LIB_A,Library,13,Saturday,8,30.2,73.0,145.0,50.1,48.6,5,0.5307135280616949
EC002077,ENG_A,Engineering,18,Wednesday,1,28.4,78.0,102.0,69.2,64.0,2,0.8859894467470184
EC001928,RES_B,Residential,0,Sunday,12,24.2,87.9,119.0,33.7,38.4,6,0.5607441068188406
EC007928,RES_B,Residential,11,Tuesday,9,27.7,79.7,135.0,37.7,33.4,1,0.5539840548939686
EC006395,SCI_A,Science,16,Monday,7,30.5,74.1,84.0,94.5,91.7,0,0.4921807514347365
EC001257,ENG_A,Engineering,19,Tuesday,8,27.7,68.3,60.0,59.3,52.2,1,0.9660021389105019
EC006537,BUS_A,Business,7,Tuesday,2,26.8,87.2,1.0,31.5,32.6,1,0.5056336667156284
EC005158,SCI_B,Science,9,Wednesday,8,26.9,77.7,60.0,57.4,62.2,2,0.529396945599593
EC001687,SCI_A,Science,18,Saturday,8,30.1,74.5,16.0,73.8,79.2,5,0.9257320985049338
EC005364,LEC_A,LectureHall,16,Sunday,11,28.8,78.3,62.0,37.5,42.8,6,0.4437163814872735
EC006570,ENG_A,Engineering,18,Saturday,10,29.1,70.8,0.0,48.9,51.3,5,0.555966112430479
EC004375,RES_B,Residential,13,Saturday,1,29.4,78.7,111.0,40.5,37.2,5,0.48562227400199015
EC005082,LEC_A,LectureHall,17,Saturday,7,29.5,72.2,44.0,32.1,36.9,5,0.3912898266160939
EC005589,BUS_B,Business,9,Sunday,8,28.7,69.1,18.0,35.7,36.3,6,0.7585916389546629
EC000738,SCI_A,Science,18,Wednesday,9,29.6,73.9,71.0,91.4,85.9,2,0.8368961483078233
EC006621,SPT_A,Sports,16,Thursday,2,30.3,75.1,75.0,49.1,55.2,3,0.5374658054618672
EC000564,RES_A,Residential,13,Friday,4,30.7,73.5,112.0,52.0,46.9,4,0.6510532065945414
EC002301,SCI_B,Science,4,Thursday,1,24.6,81.2,16.0,50.8,49.5,3,0.399493971209258
EC005489,BUS_A,Business,7,Saturday,10,26.8,80.5,0.0,26.8,28.2,5,0.4617286850966805
EC006566,ENG_A,Engineering,9,Thursday,10,28.2,82.6,99.0,58.2,66.2,3,0.5190633356171984
EC004484,SCI_B,Science,10,Friday,9,28.5,74.7,94.0,77.5,79.4,4,0.6048046364763345
EC003877,ENG_A,Engineering,13,Tuesday,5,29.3,77.9,219.0,98.5,97.5,1,1.8965885196934633
EC000971,ENG_A,Engineering,8,Thursday,12,24.6,99.0,112.0,54.5,59.8,3,1.294443257324157
EC000567,ENG_B,Engineering,23,Saturday,1,25.6,87.1,0.0,31.8,34.8,5,0.9665983503111547
EC005050,ADM_A,Administration,9,Thursday,8,28.5,69.7,68.0,31.1,35.7,3,0.5734843150259863
EC003468,SCI_A,Science,12,Friday,2,29.4,76.9,123.0,102.5,96.4,4,0.6390811788585715
EC003239,BUS_B,Business,19,Thursday,3,31.1,75.9,1.0,48.6,46.0,3,0.48999922321150924
EC006063,BUS_B,Business,6,Monday,9,27.3,80.6,32.0,39.2,39.1,0,0.3564879049066617
EC005314,ENG_A,Engineering,2,Wednesday,11,26.3,79.4,0.0,32.1,41.1,2,0.44475340282393816
EC001588,LIB_A,Library,8,Monday,3,29.8,80.0,80.0,44.8,46.5,0,0.4239056352491824
EC001426,BUS_A,Business,22,Sunday,5,28.3,71.6,10.0,30.7,32.1,6,0.7036475360264279
EC002582,SPT_A,Sports,17,Sunday,9,28.2,74.0,91.0,55.4,50.3,6,0.5095019640657767
EC002839,RES_B,Residential,11,Thursday,11,29.0,75.8,107.0,31.9,39.7,3,0.9107421380703106
EC001660,BUS_A,Business,5,Monday,9,27.9,81.6,2.0,31.4,34.7,0,0.4481481019746376
EC005749,RES_B,Residential,7,Friday,2,26.9,81.4,195.0,48.0,48.1,4,0.46752628037193084
EC003533,ADM_A,Administration,10,Sunday,7,28.7,69.1,11.0,24.1,28.6,6,1.3585108959776104
EC002564,SPT_A,Sports,2,Sunday,8,27.0,81.3,12.0,41.6,38.3,6,0.8445622136076602
EC006387,BUS_B,Business,12,Thursday,6,31.1,72.2,160.0,71.0,76.3,3,0.6565677769725214
EC006017,RES_A,Residential,10,Tuesday,10,29.5,69.0,139.0,46.3,47.8,1,0.492955265307165
EC007860,LEC_A,LectureHall,9,Friday,10,27.5,85.7,95.0,46.4,50.8,4,0.4987362191958316
EC000999,ENG_A,Engineering,7,Wednesday,9,26.4,,12.0,35.5,40.4,2,2.2390868747562966
EC000963,SCI_A,Science,22,Monday,5,29.5,71.7,9.0,80.6,81.4,0,1.239469435757163
EC000422,ADM_A,Administration,10,Tuesday,5,27.8,74.9,57.0,32.9,34.2,1,0.5879956148461329
EC004727,ENG_A,Engineering,10,Tuesday,2,28.2,81.4,155.0,71.2,74.7,1,0.721328345699462
EC002669,SCI_A,Science,9,Wednesday,11,27.3,87.3,82.0,77.2,82.7,2,0.7619259504970273
EC004139,ENG_A,Engineering,21,Wednesday,5,28.5,75.3,28.0,51.3,53.6,2,0.6595603419069008
EC006237,RES_B,Residential,20,Monday,10,28.3,72.1,222.0,43.2,38.0,0,0.5365917698186614
EC000524,BUS_B,Business,8,Monday,6,29.6,74.7,83.0,55.6,60.1,0,0.4888102420728417
EC005338,SCI_A,Science,19,Friday,12,29.1,77.5,3.0,76.0,75.0,4,1.262065969008367
EC004494,RES_A,Residential,23,Thursday,3,27.3,83.6,290.0,60.3,53.9,3,0.5894424525806985
EC004838,LIB_A,Library,14,Tuesday,9,28.9,82.4,155.0,52.7,50.8,1,0.5638619749360037
EC005965,BUS_A,Business,13,Sunday,6,31.4,70.7,53.0,47.4,48.5,6,0.9166395427576994
EC007974,RES_A,Residential,19,Tuesday,9,28.6,74.1,190.0,45.4,44.8,1,0.5934245460757197
EC000582,LEC_A,LectureHall,22,Monday,10,27.4,75.1,8.0,31.6,28.0,0,0.4903264771407199
EC002347,RES_B,Residential,21,Saturday,5,28.0,71.8,221.0,62.0,65.4,5,0.6600027294915702
EC000451,BUS_A,Business,15,Tuesday,7,30.4,75.1,137.0,54.3,64.2,1,0.8910048627034952
EC006422,LEC_A,LectureHall,15,Sunday,5,30.9,71.3,43.0,41.4,45.4,6,0.46936699837414164
EC005697,ENG_B,Engineering,2,Thursday,7,24.9,88.8,23.0,35.9,33.9,3,0.4238751751326018
EC004697,LIB_A,Library,17,Friday,4,30.3,72.9,217.0,61.9,62.7,4,0.8771141873813141
EC005341,SCI_A,Science,17,Sunday,5,31.1,71.3,32.0,94.8,93.4,6,0.9880564736757561
EC004129,LEC_A,LectureHall,17,Sunday,9,30.1,76.6,255.0,81.1,84.9,6,6.756058480210423
EC004492,ENG_B,Engineering,2,Monday,9,24.5,85.5,7.0,62.3,46.9,0,1.4126433401214027
EC006638,SCI_B,Science,0,Thursday,12,26.9,80.5,7.0,55.3,69.6,3,0.6575689106565815
EC002784,SCI_A,Science,18,Saturday,12,28.8,78.9,30.0,75.3,79.4,5,0.8230334344457777
EC002761,SCI_A,Science,22,Thursday,12,27.6,81.7,15.0,73.7,67.1,3,1.2017196513345374
EC003341,BUS_B,Business,2,Friday,4,26.6,77.7,0.0,15.3,33.7,4,4.124741456735198
EC002592,BUS_B,Business,10,Wednesday,1,29.6,79.8,103.0,51.9,54.8,2,0.48646079605109105
EC002195,SPT_A,Sports,14,Sunday,12,31.1,71.9,13.0,40.6,46.0,6,0.6000179384875021
EC007201,ENG_A,Engineering,18,Friday,7,30.7,73.9,68.0,82.8,71.9,4,0.6621823130426602
EC002028,SCI_A,Science,0,Tuesday,12,26.7,82.7,,62.2,63.4,1,1.055331123927862
EC005810,ENG_A,Engineering,0,Friday,9,26.5,78.8,0.0,31.4,36.9,4,0.42430864754750913
EC002009,SCI_B,Science,22,Tuesday,12,25.5,81.9,8.0,55.8,56.9,1,0.9489891438466255
EC002894,SCI_A,Science,4,Monday,12,25.8,82.5,0.0,59.7,64.0,0,0.5670664969825003
EC005534,BUS_B,Business,16,Tuesday,9,29.6,82.6,114.0,59.7,55.7,1,0.599093533004312
EC004480,LIB_A,Library,18,Saturday,1,29.4,70.3,162.0,57.0,55.5,5,1.3676263016863672
EC004885,ENG_B,Engineering,16,Saturday,7,30.1,79.4,43.0,55.9,51.9,5,0.5754670547078721
EC000319,SCI_B,Science,20,Sunday,6,29.6,66.9,0.0,69.1,72.5,6,0.9251625800208144
EC007924,RES_A,Residential,21,Thursday,7,28.3,73.3,248.0,62.7,60.5,3,0.8002327555738401
EC007013,SCI_B,Science,11,Saturday,7,,63.3,35.0,73.6,73.3,5,3.617525938219346
EC001819,LIB_A,Library,12,Monday,1,27.2,72.9,80.0,34.8,39.2,0,0.9538684681857842
EC002772,BUS_B,Business,20,Tuesday,8,29.6,76.7,7.0,37.7,42.9,1,0.6915244625362698
EC004392,BUS_A,Business,20,Saturday,4,29.5,,6.0,35.4,35.9,5,1.4696546110247573
EC002798,ADM_A,Administration,0,Monday,1,27.1,75.0,13.0,27.1,24.8,0,0.44115201855289576
EC004894,SPT_A,Sports,18,Sunday,8,30.7,77.8,196.0,64.3,64.9,6,3.6847545517006655
EC005876,BUS_A,Business,7,Tuesday,4,28.1,77.1,20.0,37.8,39.7,1,0.45926137996663813
EC007450,ENG_B,Engineering,14,Thursday,2,29.5,75.2,143.0,63.9,66.7,3,0.7094882738238047
EC006525,SCI_B,Science,3,Monday,6,26.0,81.7,6.0,58.0,65.6,0,1.24073603106691
EC007695,RES_A,Residential,2,Thursday,10,26.5,87.8,151.0,45.7,43.8,3,0.3453841441651404
EC006557,LIB_A,Library,2,Sunday,5,28.6,73.1,0.0,33.8,32.2,6,1.0293585602316175
EC003919,SCI_B,Science,6,Wednesday,10,25.8,84.2,27.0,59.9,60.9,2,0.6545557179189491
EC001345,BUS_B,Business,23,Sunday,6,29.8,78.9,0.0,37.5,41.8,6,0.4154947054592217
EC004170,BUS_B,Business,11,Thursday,6,27.6,74.1,219.0,72.5,80.7,3,2.67537903059706
EC000855,ENG_B,Engineering,14,Sunday,6,31.8,69.8,55.0,61.5,64.1,6,0.487480742161301
EC006230,RES_B,Residential,13,Thursday,6,31.6,70.4,93.0,41.9,44.0,3,0.9378026366042492
EC004077,ENG_B,Engineering,17,Tuesday,2,29.8,,207.0,76.1,85.7,1,3.5541651028485894
EC004270,ENG_B,Engineering,16,Saturday,12,31.5,72.8,23.0,56.0,54.3,5,0.4863262708510184
EC001119,ENG_A,Engineering,18,Saturday,12,29.4,73.9,0.0,45.7,52.6,5,0.5204401891885939
EC006846,SCI_A,Science,11,Tuesday,11,27.7,73.7,123.0,86.0,93.1,1,0.7491445120200236
EC001392,BUS_A,Business,19,Saturday,11,,81.5,24.0,30.8,35.2,5,1.7166406565655175
EC002416,BUS_A,Business,19,Saturday,10,29.2,82.1,20.0,37.0,37.2,5,0.5652398437368101
EC001600,LEC_A,LectureHall,18,Monday,10,27.9,75.2,79.0,35.5,38.0,0,0.5189108895993244
EC003130,RES_A,Residential,2,Saturday,8,26.2,81.5,137.0,48.5,52.2,5,0.41186459925429514
EC003018,SCI_A,Science,23,Tuesday,3,27.3,79.8,24.0,63.1,70.4,1,0.864754924239075
EC001609,LIB_A,Library,18,Thursday,7,31.3,74.1,162.0,60.8,62.9,3,0.5074861325473331
EC006675,BUS_A,Business,4,Monday,11,,78.7,0.0,33.1,32.2,0,1.5105761159339335
EC003887,SCI_B,Science,8,Sunday,7,26.6,74.6,6.0,62.3,61.1,6,0.9798834163738945
EC000586,ENG_A,Engineering,6,Sunday,9,26.3,82.7,0.0,34.7,34.9,6,0.511048150297927
EC000461,SCI_B,Science,21,Wednesday,5,29.0,71.5,,76.6,78.2,2,2.8107097995228103
EC002843,ENG_B,Engineering,22,Tuesday,1,27.0,79.3,0.0,31.0,34.3,1,0.6781697351287626
EC007732,SCI_A,Science,2,Friday,6,26.7,80.3,5.0,80.0,72.9,4,4.627650932270122
EC006715,SPT_A,Sports,8,Saturday,11,26.8,90.5,115.0,56.0,53.8,5,0.8679868310088632
EC005526,BUS_B,Business,11,Sunday,11,29.7,77.8,31.0,35.0,43.4,6,0.34531268589368025
EC003777,ENG_A,Engineering,0,Monday,1,27.2,80.3,9.0,72.9,57.0,0,2.7460983658641136
EC002542,BUS_B,Business,19,Sunday,1,29.5,76.9,0.0,38.9,46.3,6,0.6734189814928497
EC006352,LIB_A,Library,4,Monday,3,25.6,89.6,0.0,26.9,31.6,0,0.47192128180876275
EC007286,LEC_A,LectureHall,16,Saturday,10,30.4,75.4,16.0,35.9,31.3,5,0.4076665193473375
EC002725,RES_A,Residential,8,Tuesday,5,29.4,64.8,209.0,48.8,53.8,1,0.5619122793413214
EC006320,ENG_B,Engineering,17,Friday,6,31.9,67.5,53.0,55.4,59.0,4,0.46278248377786124
EC002436,ENG_B,Engineering,18,Monday,1,29.6,77.7,87.0,55.3,65.3,0,0.6898835925112049
EC005381,ADM_A,Administration,7,Tuesday,7,27.3,85.3,10.0,20.3,22.0,1,0.8112604026417184
EC000171,SPT_A,Sports,13,Tuesday,11,34.6,82.1,179.0,71.1,76.6,1,4.276695141432257
EC005941,SCI_A,Science,20,Monday,10,27.5,83.0,37.0,65.7,77.5,0,0.5299482147249395
EC005166,SCI_B,Science,6,Wednesday,7,26.3,83.1,0.0,58.4,61.7,2,0.588849742911752
EC007106,LEC_A,LectureHall,4,Friday,11,25.3,84.8,10.0,22.4,27.3,4,0.6250406632281817
EC005847,RES_B,Residential,7,Friday,5,27.1,83.5,192.0,50.9,58.0,4,0.4791435103772855
EC001994,ENG_A,Engineering,19,Tuesday,12,28.7,73.8,11.0,57.1,51.9,1,1.0648475681270193
EC003487,SCI_B,Science,11,Friday,4,29.2,73.1,104.0,85.7,88.1,4,0.8217918112393111
EC005088,RES_A,Residential,17,Saturday,3,29.7,80.2,161.0,40.5,47.9,5,0.7068773014469102
EC000467,ENG_B,Engineering,14,Friday,5,29.9,71.4,170.0,82.0,82.1,4,1.2863021903061695
EC004227,BUS_A,Business,16,Tuesday,9,30.1,70.2,93.0,50.0,51.4,1,0.5336911545059991
EC002494,ENG_B,Engineering,12,Saturday,4,28.0,71.8,,50.8,51.5,5,4.625168285887466
EC007180,SCI_A,Science,16,Monday,10,29.8,69.6,83.0,93.7,91.5,0,0.5361410451721491
EC007475,RES_B,Residential,7,Saturday,8,27.4,82.2,223.0,47.6,49.3,5,0.42775851603812876
EC005954,SCI_A,Science,0,Thursday,7,25.9,,,59.0,54.0,3,17.64964613772319
EC000500,ADM_A,Administration,8,Friday,8,27.6,78.9,28.0,32.5,28.1,4,0.47020099543851823
EC007367,ENG_A,Engineering,11,Thursday,4,30.4,74.7,161.0,75.9,83.4,3,0.6902875164553557
EC006078,RES_A,Residential,19,Friday,6,30.4,74.7,230.0,56.1,54.2,4,0.8025586180593228
EC006727,BUS_B,Business,19,Wednesday,1,29.7,79.0,11.0,46.7,48.1,2,0.7387854348521362
EC003765,SCI_A,Science,0,Friday,1,25.2,79.2,33.0,62.7,67.1,4,0.6459578255918144
EC004342,RES_A,Residential,9,Monday,10,28.1,83.6,198.0,43.3,49.7,0,0.6380956256374664
EC001327,ENG_A,Engineering,15,Tuesday,6,29.9,73.3,167.0,76.1,80.3,1,0.7179496051945343
EC006304,ENG_A,Engineering,13,Wednesday,8,31.5,69.5,214.0,78.0,90.6,2,0.7069627938621009
EC004560,LIB_A,Library,9,Thursday,5,27.9,77.6,41.0,40.3,37.0,3,0.5119015639612137
EC002884,LIB_A,Library,16,Saturday,11,29.2,81.0,181.0,51.1,50.6,5,0.6132088312051529
EC005702,SCI_A,Science,1,Saturday,12,25.8,83.9,7.0,60.9,64.8,5,0.9300858189351664
EC000498,SCI_A,Science,3,Friday,2,26.4,87.6,0.0,64.1,63.5,4,0.6682531292781018
EC000098,RES_A,Residential,18,Wednesday,4,29.7,73.5,154.0,44.8,50.6,2,0.876057028566309
EC007038,LEC_A,LectureHall,14,Sunday,12,29.3,76.1,216.0,69.7,68.1,6,2.5033944669843073
EC002787,BUS_B,Business,18,Monday,8,30.9,76.0,65.0,51.7,54.0,0,0.4706085377026102
EC005504,LEC_A,LectureHall,17,Saturday,5,28.0,85.2,54.0,34.4,37.4,5,0.6595539624714098
EC002783,BUS_B,Business,2,Wednesday,1,25.9,78.8,5.0,36.2,40.0,2,1.114429598669617
EC000491,ENG_B,Engineering,23,Sunday,12,27.9,81.8,6.0,43.2,40.9,6,0.6072423463870156
EC005600,ENG_A,Engineering,10,Friday,10,29.2,71.3,120.0,71.4,73.3,4,0.5333300973133724
EC006141,RES_A,Residential,18,Thursday,4,29.7,78.0,180.0,55.6,53.1,3,0.6144805863237106
EC004447,SPT_A,Sports,20,Saturday,8,30.2,71.2,138.0,59.6,62.8,5,0.698318953961958
EC006181,BUS_A,Business,23,Wednesday,1,27.9,84.7,0.0,33.2,33.8,2,0.4081266302942689
EC004569,LEC_A,LectureHall,5,Tuesday,10,25.9,84.3,34.0,28.5,30.9,1,0.5143003362345543
EC000840,SCI_B,Science,3,Friday,9,27.0,79.7,0.0,54.9,56.3,4,0.5255480795333909
EC002838,BUS_A,Business,10,Tuesday,10,29.0,76.0,99.0,41.2,44.1,1,0.3628139724943368
EC000394,BUS_B,Business,20,Thursday,3,28.9,78.3,8.0,52.4,47.3,3,0.5635728858155691
EC007478,ENG_B,Engineering,8,Friday,9,25.9,75.6,116.0,29.3,46.5,4,2.4462458037359203
EC007895,SCI_B,Science,4,Tuesday,8,26.0,86.3,17.0,48.1,62.9,1,0.5998975301573555
EC001537,LIB_A,Library,18,Wednesday,4,30.6,79.3,288.0,88.9,82.0,2,5.313751234968611
EC004209,LIB_A,Library,22,Thursday,8,28.1,74.0,87.0,42.8,44.1,3,0.6665912127037733
EC000211,RES_A,Residential,6,Wednesday,10,26.9,81.6,183.0,48.0,47.4,2,0.523315312265818
EC003870,SCI_A,Science,1,Monday,4,27.5,83.5,20.0,73.9,72.1,0,1.2644919632015674
EC000022,RES_A,Residential,23,Sunday,2,28.5,80.1,293.0,56.4,61.2,6,0.7713672912636286
EC004701,ADM_A,Administration,23,Friday,4,27.2,82.7,20.0,30.8,32.1,4,0.5131912245431385
EC000097,BUS_A,Business,12,Tuesday,3,30.4,75.4,143.0,50.2,58.2,1,0.8573218885890612
EC004820,SPT_A,Sports,19,Thursday,1,28.9,76.0,176.0,63.3,64.7,3,0.898646855506836
EC000735,RES_A,Residential,15,Friday,3,30.9,67.6,120.0,49.8,51.1,4,0.4577192104369811
EC006693,BUS_B,Business,12,Monday,10,29.2,83.6,132.0,60.9,60.4,0,0.4099895826844494
EC001833,SCI_A,Science,6,Tuesday,5,27.8,77.6,15.0,68.1,73.9,1,0.7787347133908474
EC001287,ADM_A,Administration,21,Friday,7,28.7,77.2,,27.0,29.5,4,1.3902741049722487
EC001728,RES_B,Residential,17,Friday,1,28.9,72.5,159.0,46.8,42.0,4,0.5742826567570932
EC007033,ADM_A,Administration,13,Saturday,8,29.6,78.9,22.0,27.0,27.0,5,0.3949736173941083
EC006100,SCI_B,Science,0,Thursday,7,26.7,80.6,0.0,55.7,62.1,3,0.4351950104895131
EC006812,SCI_A,Science,10,Friday,4,29.2,70.2,104.0,85.0,88.5,4,0.5145081780545292
EC004573,SPT_A,Sports,0,Tuesday,8,25.5,83.4,0.0,38.5,31.9,1,0.64172285131489
EC001543,ADM_A,Administration,14,Thursday,3,29.7,73.7,99.0,35.0,41.4,3,0.32143127966925
EC003571,SCI_A,Science,23,Wednesday,8,25.9,82.9,0.0,54.5,58.1,2,0.5065403658659049
EC006972,SCI_A,Science,19,Monday,8,28.3,75.5,,63.4,77.6,0,0.8705161215380243
EC004046,SCI_B,Science,6,Sunday,7,27.9,79.1,10.0,59.1,59.3,6,1.1570963142573163
EC005157,ENG_B,Engineering,21,Sunday,1,28.1,75.9,13.0,42.1,45.3,6,0.7400489698681214
EC003421,SPT_A,Sports,23,Saturday,2,27.2,78.6,19.0,37.9,38.3,5,0.4710113556020439
EC007249,RES_A,Residential,20,Saturday,8,29.2,72.8,202.0,46.0,49.7,5,0.5367286164392061
EC006209,BUS_B,Business,8,Saturday,5,29.7,77.2,25.0,42.5,41.2,5,0.380121491870651
EC004936,BUS_B,Business,14,Monday,4,30.0,72.4,145.0,58.0,62.6,0,0.5867177618107264
EC003941,BUS_A,Business,17,Saturday,11,30.1,73.4,22.0,30.3,35.1,5,0.43502228122241265
EC001883,ENG_B,Engineering,6,Monday,7,28.1,70.3,0.0,43.5,39.4,0,0.9465544099212458
EC005959,LEC_A,LectureHall,13,Thursday,8,30.8,73.1,215.0,81.1,80.8,3,1.3178114758826147
EC000819,LEC_A,LectureHall,18,Friday,10,28.3,72.6,100.0,50.5,49.5,4,0.5326760513214286
EC001507,ADM_A,Administration,6,Thursday,10,25.0,76.0,0.0,20.6,19.8,3,1.067499430345189
EC005035,ENG_B,Engineering,20,Saturday,1,28.2,76.6,0.0,42.9,44.1,5,0.7229954582757488
EC006567,LEC_A,LectureHall,16,Sunday,2,29.3,76.4,40.0,35.2,40.4,6,0.41455544841970643
EC005692,BUS_A,Business,10,Thursday,12,27.7,81.3,90.0,40.3,48.3,3,0.45504201333193883
EC004756,ENG_B,Engineering,14,Monday,4,30.1,78.2,154.0,79.4,80.0,0,0.6846015014143187
EC004793,SPT_A,Sports,0,Saturday,12,26.4,88.8,26.0,33.0,33.0,5,0.4348851093769446
EC007335,SCI_A,Science,0,Wednesday,9,25.8,81.0,6.0,67.8,61.8,2,1.3341750913763828
EC004291,ADM_A,Administration,6,Wednesday,5,27.9,80.7,14.0,28.8,27.5,2,0.5646287102478609
EC003879,SPT_A,Sports,9,Wednesday,6,28.2,76.7,43.0,52.9,49.8,2,0.4939912703515222
EC004204,SPT_A,Sports,18,Thursday,7,29.8,73.8,164.0,53.8,60.2,3,0.9246132401538015
EC003484,SPT_A,Sports,5,Tuesday,11,26.1,82.6,54.0,37.9,44.8,1,0.5929201016302247
EC000366,SPT_A,Sports,15,Wednesday,11,29.3,72.1,47.0,46.4,44.7,2,0.5029918321773978
EC002758,BUS_A,Business,4,Monday,3,27.1,72.8,33.0,36.3,37.5,0,0.6331219455255641
EC000344,SPT_A,Sports,7,Monday,11,27.1,83.2,132.0,57.0,62.9,0,0.4816636616582319
EC006206,BUS_A,Business,3,Saturday,9,26.5,78.8,9.0,24.6,28.7,5,0.5155413309596429
EC001713,RES_B,Residential,3,Friday,7,25.7,75.7,137.0,42.3,48.0,4,0.49969423535867413
EC004676,LIB_A,Library,4,Friday,9,27.4,79.8,19.0,29.5,34.5,4,0.5037542744388558
EC007464,BUS_B,Business,8,Friday,6,28.1,78.8,86.0,48.3,52.8,4,0.4481988685917423
EC006334,SCI_B,Science,4,Monday,11,24.7,86.5,0.0,50.1,49.0,0,0.3958541848105304
EC003979,ENG_B,Engineering,3,Wednesday,4,25.5,84.8,6.0,60.4,46.9,2,1.847473617397349
EC007043,SCI_A,Science,21,Monday,4,29.0,76.4,24.0,65.3,80.2,0,0.41186957403066765
EC005843,BUS_B,Business,13,Tuesday,6,30.5,69.9,179.0,69.7,69.5,1,0.7390365444351921
EC004332,BUS_B,Business,23,Wednesday,9,28.3,79.3,0.0,39.1,40.3,2,0.5604742244990571
EC005609,SCI_B,Science,12,Wednesday,9,29.9,81.4,1.0,62.4,72.6,2,0.8175310264288632
EC005868,BUS_B,Business,0,Wednesday,6,26.4,84.8,0.0,34.3,35.1,2,0.3569626240249963
EC000711,LEC_A,LectureHall,2,Wednesday,10,26.7,81.8,15.0,23.2,28.5,2,0.42923455180345776
EC000526,SPT_A,Sports,15,Saturday,9,29.5,75.8,38.0,40.6,45.1,5,0.5269139604854806
EC005413,SPT_A,Sports,11,Saturday,4,30.5,74.7,23.0,46.8,46.8,5,0.5347374610732035
EC004455,RES_B,Residential,9,Wednesday,5,28.6,81.2,195.0,45.4,46.0,2,0.48487127186019996
EC000431,ADM_A,Administration,9,Thursday,12,29.5,74.0,62.0,35.5,36.4,3,0.3281235168717146
EC006987,ENG_B,Engineering,1,Monday,8,26.5,74.7,13.0,34.7,39.4,0,0.6390836227899739
EC002999,SCI_B,Science,19,Tuesday,7,30.0,70.0,20.0,73.2,78.6,1,1.2908144189063842
EC004535,ENG_B,Engineering,9,Monday,10,27.0,74.9,75.0,48.5,46.4,0,0.4170574977152129
EC001809,ENG_A,Engineering,9,Sunday,4,29.2,77.5,21.0,52.6,62.4,6,0.4139619833806065
EC000405,SCI_B,Science,5,Thursday,12,25.2,80.1,0.0,59.0,51.5,3,0.5850950648657408
EC003165,SCI_A,Science,14,Monday,9,31.2,75.4,133.0,105.4,108.1,0,1.0617898595089241
EC002800,LEC_A,LectureHall,7,Wednesday,4,27.3,78.2,32.0,34.9,31.3,2,0.5119015639612137
EC007432,SCI_B,Science,14,Monday,4,31.0,78.5,155.0,79.5,94.0,0,0.6943752789426966
EC001921,BUS_A,Business,0,Tuesday,7,27.2,75.3,0.0,28.6,32.6,1,0.2950535968095479
EC000265,ADM_A,Administration,19,Wednesday,3,30.3,72.5,0.0,30.0,33.2,2,0.6273602464462226
EC002037,BUS_A,Business,17,Monday,6,31.2,71.5,68.0,48.1,51.7,0,1.3419809420128763
EC004111,ENG_A,Engineering,10,Sunday,6,30.6,78.4,31.0,54.4,55.5,6,0.480695984456018
EC005803,ENG_B,Engineering,17,Friday,6,32.1,74.3,81.0,60.7,64.4,4,0.5381769277951777
EC007882,RES_A,Residential,5,Tuesday,12,25.7,87.8,243.0,51.9,52.8,1,0.4837750009825389
EC001515,ENG_A,Engineering,18,Sunday,9,28.5,79.7,1.0,47.7,44.4,6,0.546192074054069
EC003839,BUS_B,Business,16,Wednesday,1,30.9,63.7,105.0,57.8,63.6,2,0.9629733206142091
EC004499,LIB_A,Library,0,Wednesday,2,26.7,81.9,0.0,28.9,33.4,2,0.4330351421418482
EC005500,RES_A,Residential,17,Wednesday,10,29.4,76.7,92.0,49.0,40.6,2,0.5168195788526148
EC003940,ADM_A,Administration,20,Saturday,8,28.5,79.4,4.0,22.2,17.2,5,0.5628319352351728
EC004502,BUS_B,Business,0,Sunday,3,26.5,80.8,10.0,37.9,34.5,6,0.5504299184105129
EC004593,SPT_A,Sports,3,Wednesday,3,27.0,72.7,16.0,40.2,43.2,2,0.47129074303530566
EC006331,SPT_A,Sports,5,Sunday,11,25.7,87.9,69.0,49.2,46.0,6,0.4346316545211568
EC007036,SPT_A,Sports,17,Sunday,3,30.1,79.2,131.0,55.9,58.0,6,0.6232660065231913
EC000274,SCI_A,Science,22,Thursday,9,27.6,77.1,11.0,66.5,69.4,3,1.0492469552559478
EC004949,SCI_B,Science,2,Wednesday,12,26.5,87.2,2.0,81.2,69.1,2,5.523527507943684
EC004431,LIB_A,Library,23,Monday,5,,80.2,52.0,37.5,40.2,0,1.707974725536527
EC005612,LEC_A,LectureHall,2,Thursday,2,27.4,84.5,6.0,23.8,29.5,3,0.6056457917971748
EC004721,LEC_A,LectureHall,12,Thursday,11,28.7,75.7,221.0,79.9,74.4,3,2.04272864413539
EC004532,ENG_B,Engineering,3,Wednesday,3,26.7,83.5,0.0,33.4,38.0,2,0.5577630207221492
EC005320,SCI_B,Science,0,Thursday,2,26.5,83.5,2.0,84.6,73.2,3,2.0353251485362525
EC007015,LIB_A,Library,5,Sunday,10,25.3,93.0,6.0,23.6,30.2,6,0.8003520357695346
EC007980,ENG_A,Engineering,19,Saturday,4,30.9,75.1,50.0,60.9,69.6,5,0.7526486268754814
EC002211,ENG_B,Engineering,21,Friday,7,27.4,79.4,23.0,45.1,43.0,4,0.566517948134509
EC005836,SCI_A,Science,22,Thursday,1,27.9,75.3,0.0,68.5,66.4,3,0.6837000991057303
EC006568,SCI_A,Science,12,Saturday,3,30.3,74.2,38.0,80.5,90.8,5,0.8641876560197463
EC003472,RES_B,Residential,20,Sunday,9,26.9,81.5,195.0,37.4,40.5,6,0.6073258649775927
EC005322,LEC_A,LectureHall,20,Monday,9,27.2,84.3,67.0,34.3,32.2,0,0.4456088082119293
EC007535,ADM_A,Administration,17,Thursday,5,30.0,70.4,65.0,36.0,36.3,3,0.4709391572423813
EC006234,RES_B,Residential,21,Sunday,8,29.1,73.9,248.0,51.9,55.3,6,0.5210112270331415
EC001605,ADM_A,Administration,12,Thursday,9,30.1,76.7,93.0,38.5,43.0,3,0.4468916355999204
EC002730,RES_A,Residential,16,Sunday,1,29.2,80.6,125.0,41.1,42.0,6,0.5190742096489267
EC007257,ENG_B,Engineering,10,Monday,11,28.1,80.5,114.0,53.5,53.5,0,0.5332072204514113
EC000821,LEC_A,LectureHall,12,Monday,2,34.7,88.0,265.0,88.8,91.6,0,5.982509236099095
EC000760,ENG_A,Engineering,0,Friday,10,25.2,86.3,0.0,,32.7,4,2.282574818998573
EC001292,BUS_B,Business,7,Sunday,7,27.4,83.9,0.0,27.0,30.6,6,0.5251124882006811
EC002847,RES_B,Residential,13,Tuesday,8,34.8,84.0,264.0,61.9,67.5,1,2.7012542484491484
EC001014,LEC_A,LectureHall,3,Sunday,7,26.1,82.2,0.0,21.4,17.6,6,0.6729729250819246
EC004962,RES_B,Residential,1,Sunday,6,26.5,79.6,131.0,46.6,46.3,6,0.5265078167920216
EC001213,BUS_A,Business,2,Tuesday,8,25.7,85.6,0.0,15.8,26.0,1,3.2814938728875376
EC002092,ENG_A,Engineering,0,Sunday,6,27.6,82.6,7.0,42.0,44.1,6,0.6132292648291514
EC006617,ADM_A,Administration,9,Monday,6,26.5,81.2,53.0,31.3,30.4,0,0.36109610218097654
EC002940,SCI_B,Science,17,Friday,9,29.3,75.7,0.0,69.9,70.7,4,1.006757263325982
EC003798,ENG_B,Engineering,0,Monday,9,26.9,79.5,0.0,39.5,38.2,0,0.5237765779874958
EC003657,BUS_B,Business,6,Wednesday,7,25.8,79.9,0.0,28.7,35.3,2,0.5183830638413662
EC003575,BUS_A,Business,10,Monday,7,30.8,77.7,100.0,,61.7,0,1.074088138100179
EC003407,ENG_B,Engineering,10,Saturday,8,30.3,72.5,41.0,57.6,56.3,5,0.8751744887738181
EC000203,RES_B,Residential,16,Friday,12,30.5,65.3,107.0,41.0,46.5,4,0.3744687800508126
EC000830,BUS_B,Business,21,Thursday,12,27.1,80.7,32.0,44.8,42.2,3,0.6003922701870631
EC005563,BUS_B,Business,0,Friday,4,26.1,81.2,0.0,41.3,39.8,4,0.4420211220566016
EC002369,SPT_A,Sports,18,Saturday,12,28.5,75.5,167.0,68.4,65.7,5,0.9073787808370591
EC006934,SPT_A,Sports,22,Tuesday,5,28.3,80.5,23.0,81.3,65.5,1,2.140463093008101
EC003120,SCI_B,Science,22,Tuesday,4,28.1,72.9,0.0,59.1,68.6,1,1.0240408109666497
EC002214,BUS_B,Business,16,Tuesday,10,29.7,72.6,120.0,69.0,63.1,1,0.631151688886098
EC002446,BUS_A,Business,23,Wednesday,2,27.6,86.5,15.0,35.6,36.4,2,0.6385754085054761
EC002222,ADM_A,Administration,1,Sunday,1,25.9,77.7,11.0,21.7,18.9,6,0.654394363324091
EC002478,RES_A,Residential,4,Wednesday,12,23.2,93.3,199.0,50.6,49.3,2,0.6853777137910532
EC001787,ENG_B,Engineering,13,Wednesday,4,31.0,69.3,147.0,75.5,74.4,2,0.6843144251779589
EC004470,SPT_A,Sports,21,Tuesday,4,28.9,74.1,103.0,54.6,51.0,1,0.5166357143857527
EC003635,BUS_B,Business,2,Wednesday,9,25.3,84.6,14.0,35.1,35.0,2,0.4217474953615815
EC000118,LIB_A,Library,11,Thursday,7,29.4,79.2,76.0,38.5,42.6,3,0.472501058165259
EC001152,SCI_B,Science,8,Tuesday,7,28.1,78.7,49.0,69.4,72.2,1,0.8532730006965104
EC004230,BUS_B,Business,18,Thursday,2,31.1,69.5,84.0,50.4,58.6,3,0.5710091813835029
EC005634,LIB_A,Library,22,Wednesday,8,29.3,73.6,84.0,46.7,46.2,2,0.6309431827684117
EC002185,ENG_A,Engineering,1,Monday,10,26.6,83.8,0.0,40.6,43.1,0,0.36677269505914056
EC002790,BUS_B,Business,8,Wednesday,7,28.6,86.6,51.0,53.2,51.6,2,0.46784731808954655
EC004999,SCI_A,Science,18,Thursday,7,30.1,81.9,173.0,107.5,108.9,3,1.0134357531369425
EC006611,RES_A,Residential,13,Monday,9,30.6,74.3,125.0,45.1,46.0,0,0.766073372205525
EC005882,SCI_A,Science,20,Thursday,2,28.3,83.3,27.0,82.6,76.0,3,0.8619332509335174
EC004440,LEC_A,LectureHall,2,Thursday,10,25.1,82.9,0.0,14.4,20.4,3,2.5738966728344375
EC001076,LEC_A,LectureHall,0,Saturday,8,26.5,84.4,0.0,24.2,22.8,5,0.48225063672849094
EC003367,ENG_A,Engineering,6,Thursday,12,27.6,,13.0,,49.2,3,17.97121963422821
EC001449,ENG_B,Engineering,10,Thursday,1,29.5,72.8,97.0,57.1,63.3,3,0.7126665703165147
EC002547,BUS_B,Business,12,Wednesday,2,30.0,77.0,192.0,71.3,69.6,2,0.8784431722827833
EC004427,RES_B,Residential,5,Wednesday,4,26.9,81.9,176.0,39.3,49.5,2,0.5097427051662737
EC006288,ENG_A,Engineering,0,Wednesday,1,25.1,86.8,0.0,44.6,40.5,2,0.7603798655234426
EC003465,BUS_A,Business,6,Wednesday,7,28.3,75.7,6.0,38.3,39.4,2,0.6141151022177171
EC001771,SCI_B,Science,15,Wednesday,4,32.5,76.4,109.0,93.3,103.0,2,0.73444456872958
EC002040,SCI_B,Science,20,Friday,1,28.3,78.4,18.0,70.9,74.2,4,1.0654628553873229
EC004369,LEC_A,LectureHall,8,Tuesday,10,26.6,81.0,123.0,52.0,51.5,1,0.8550353913769037
EC003928,ENG_A,Engineering,12,Tuesday,11,29.4,65.8,200.0,74.4,86.3,1,0.6379414172287339
EC004733,SPT_A,Sports,22,Tuesday,10,27.3,72.8,90.0,41.3,46.0,1,0.5105329615981671
EC003987,BUS_A,Business,14,Saturday,2,30.2,75.5,31.0,37.0,42.5,5,0.48701683768652226
EC003662,LEC_A,LectureHall,20,Wednesday,7,29.8,76.4,12.0,30.8,36.7,2,0.5313294111127735
EC007428,RES_B,Residential,19,Sunday,5,30.8,74.5,163.0,39.5,47.3,6,1.0617156001754873
EC005277,ENG_A,Engineering,8,Wednesday,1,27.8,76.5,86.0,57.8,50.1,2,0.6972155546982871
EC007452,BUS_B,Business,2,Friday,1,25.4,80.1,0.0,9.1,25.2,4,2.9822216806936823
EC005848,SCI_B,Science,6,Wednesday,8,25.6,81.7,0.0,58.0,56.4,2,0.5794777665818817
EC000124,LIB_A,Library,8,Thursday,2,27.9,70.9,13.0,30.6,30.5,3,0.7551310823837277
EC000676,ENG_A,Engineering,12,Sunday,3,30.7,74.9,23.0,48.2,58.0,6,0.41909663837607625
EC005671,SCI_A,Science,23,Tuesday,2,26.8,88.6,3.0,67.3,71.5,1,1.161648492963741
EC002089,LIB_A,Library,5,Saturday,12,25.5,80.1,0.0,19.1,24.4,5,0.6967771160762849
EC003579,ENG_A,Engineering,7,Wednesday,11,26.7,86.4,149.0,35.3,54.7,2,1.9199625632807291
EC007222,RES_A,Residential,21,Sunday,8,27.6,81.0,262.0,57.9,57.6,6,0.9999640591084183
EC002848,ENG_A,Engineering,14,Wednesday,4,30.2,77.4,206.0,81.1,84.5,2,0.8682866186177457
EC003764,RES_B,Residential,4,Friday,10,24.7,88.9,165.0,40.3,40.8,4,0.30251240203393
EC004152,SCI_B,Science,13,Tuesday,12,29.7,63.9,110.0,89.5,88.1,1,0.5360504858635662
EC005021,BUS_A,Business,14,Tuesday,6,30.9,78.4,160.0,74.8,69.3,1,1.0375875535127002
EC000666,SPT_A,Sports,16,Friday,9,28.3,71.9,77.0,44.0,48.2,4,0.48681008452999364
EC007973,ADM_A,Administration,23,Tuesday,12,25.2,81.1,7.0,23.7,20.3,1,0.625732310188866
EC005331,ADM_A,Administration,20,Thursday,12,28.9,78.2,7.0,27.6,34.6,3,0.535924228767591
EC007468,RES_A,Residential,6,Monday,7,27.5,81.8,220.0,48.9,54.2,0,0.41537123003614485
EC006376,ENG_A,Engineering,23,Sunday,8,27.9,81.2,0.0,50.5,50.1,6,0.514194062446531
EC000777,SCI_B,Science,1,Tuesday,8,27.0,78.5,5.0,53.8,63.4,1,1.1610933874549374
EC004246,SPT_A,Sports,9,Tuesday,5,28.7,71.4,28.0,53.2,47.3,1,0.6514510038789267
EC005757,RES_B,Residential,11,Friday,12,27.6,78.6,151.0,32.7,35.2,4,1.0928677802856195
EC004757,BUS_A,Business,20,Tuesday,12,27.7,77.5,5.0,31.8,32.9,1,0.5889354937039443
EC005282,BUS_B,Business,0,Saturday,8,28.1,82.8,10.0,30.5,36.6,5,0.4893913325151178
EC004591,LIB_A,Library,21,Thursday,7,28.4,,101.0,48.0,47.2,3,1.1776536973813272
EC007775,ENG_B,Engineering,0,Tuesday,12,26.9,79.0,8.0,36.5,38.1,1,0.699421942943139
EC005427,SCI_B,Science,23,Thursday,5,26.7,81.6,10.0,64.9,61.7,3,1.0244934758065503
EC004143,RES_A,Residential,12,Monday,5,31.2,78.6,337.0,64.8,66.4,0,5.180976106005346
EC001147,SCI_B,Science,19,Sunday,9,29.5,76.6,17.0,57.5,68.4,6,0.7835714010275181
EC007792,BUS_A,Business,4,Sunday,3,26.5,85.8,14.0,32.5,29.5,6,0.5207283975051639
EC007528,RES_B,Residential,18,Thursday,5,31.8,67.0,141.0,52.3,51.6,3,0.5197223386440442
EC006481,LEC_A,LectureHall,12,Wednesday,3,29.8,70.0,202.0,77.0,81.0,2,1.2366443443435333
EC003552,ADM_A,Administration,4,Wednesday,4,25.9,85.0,0.0,17.5,20.3,2,3.35513287668151
EC002661,BUS_B,Business,4,Tuesday,11,25.8,81.0,0.0,31.5,33.5,1,0.44619448795999095
EC004119,SCI_B,Science,21,Thursday,9,27.2,80.7,10.0,62.9,63.5,3,0.9706766242415457
EC000639,BUS_B,Business,10,Monday,2,29.6,77.6,135.0,74.6,76.2,0,0.4067516524534773
EC004351,SCI_B,Science,13,Wednesday,6,28.9,76.3,117.0,104.8,90.6,2,0.71650832676787
EC002628,LIB_A,Library,15,Thursday,10,31.4,74.1,220.0,56.6,65.0,3,0.7579973727122356
EC002830,ENG_B,Engineering,16,Saturday,7,31.1,76.5,50.0,58.1,60.2,5,0.9254329814937529
EC007649,SCI_B,Science,20,Sunday,9,29.1,79.7,22.0,66.9,73.7,6,0.7253596778549121
EC005960,BUS_B,Business,19,Thursday,2,29.0,81.8,4.0,41.7,38.8,3,0.5969888120682452
EC001908,SCI_B,Science,6,Wednesday,2,25.7,87.0,0.0,58.7,58.8,2,1.0466433280608354
EC001115,ADM_A,Administration,1,Monday,11,24.8,76.7,0.0,19.4,20.0,0,0.7004472623692881
EC002658,ENG_B,Engineering,14,Friday,4,31.1,74.1,170.0,68.5,75.8,4,0.8893730105953009
EC004782,BUS_B,Business,16,Sunday,1,30.0,75.1,20.0,37.3,45.4,6,0.46810143487321504
EC007396,LIB_A,Library,4,Monday,6,25.7,80.1,,26.9,25.4,0,1.1074541349933404
EC005067,RES_A,Residential,8,Thursday,1,27.4,74.1,190.0,45.1,50.6,3,0.7864170645592392
EC001986,RES_B,Residential,4,Wednesday,4,26.6,77.9,178.0,48.6,53.2,2,0.42442436011677837
EC002207,BUS_A,Business,23,Wednesday,11,26.9,72.8,20.0,33.5,35.1,2,0.5618470190284742
EC001696,RES_A,Residential,5,Friday,5,23.8,95.7,163.0,50.0,46.0,4,3.237301437477607
EC005997,ADM_A,Administration,7,Thursday,4,26.0,75.5,0.0,21.8,23.5,3,0.5276782319003752
EC006179,SCI_B,Science,20,Monday,5,28.7,74.5,0.0,55.2,72.8,0,0.6177530533764798
EC004579,RES_B,Residential,11,Wednesday,10,28.7,72.4,122.0,36.4,38.7,2,0.5199678355891693
EC006340,RES_B,Residential,23,Saturday,1,27.1,93.1,273.0,50.7,50.9,5,0.18799732459161722
EC001610,SPT_A,Sports,4,Thursday,7,27.0,77.1,48.0,43.7,38.4,3,0.47923811005927147
EC000302,SCI_B,Science,18,Wednesday,12,29.0,75.6,49.0,60.7,69.6,2,0.7662734113115495
EC007986,LIB_A,Library,3,Tuesday,8,24.7,90.0,3.0,27.2,32.4,1,0.7308786465635329
EC006372,SCI_A,Science,9,Monday,1,28.2,73.5,144.0,36.3,79.0,0,3.6190833304217964
EC006094,ENG_A,Engineering,13,Monday,6,31.0,71.4,251.0,88.6,100.0,0,2.581439073562648
EC002487,LIB_A,Library,8,Monday,10,28.0,75.2,12.0,30.9,33.8,0,0.663200606033875
EC003686,BUS_B,Business,12,Tuesday,8,30.5,69.3,134.0,52.1,65.7,1,0.6850682649550871
EC006022,SCI_A,Science,7,Wednesday,7,28.0,78.2,0.0,58.5,67.3,2,0.6143098339934121
EC003730,ENG_B,Engineering,21,Wednesday,2,28.5,82.7,21.0,50.7,47.5,2,0.6096629768632548
EC000741,RES_A,Residential,12,Sunday,4,31.3,73.2,105.0,48.5,50.2,6,0.6451223818022095
EC002300,LIB_A,Library,8,Saturday,9,27.9,79.0,0.0,31.1,31.3,5,0.5602327283381252
EC003412,RES_B,Residential,2,Sunday,3,26.1,85.1,139.0,35.2,44.9,6,0.4454700248374965
EC000497,SCI_B,Science,19,Friday,8,28.6,72.6,27.0,62.9,63.1,4,0.7187369572601409
EC000623,LEC_A,LectureHall,13,Wednesday,6,30.5,73.0,225.0,75.7,77.2,2,1.6766625267371187
EC005931,RES_B,Residential,11,Friday,12,28.9,80.6,97.0,35.7,41.7,4,0.49514387974751073
EC002581,LIB_A,Library,6,Wednesday,11,26.0,79.4,0.0,27.7,26.9,2,0.5092317936068428
EC004575,BUS_A,Business,4,Monday,1,26.7,85.7,17.0,26.1,36.5,0,0.3310463768944825
EC002879,BUS_B,Business,2,Saturday,12,25.4,89.0,7.0,28.9,22.0,5,0.4946188458654582
EC005258,SPT_A,Sports,4,Thursday,10,25.4,88.4,27.0,37.7,31.7,3,0.5324561258003312
EC001785,LEC_A,LectureHall,22,Monday,5,30.1,73.0,21.0,88.0,52.4,0,2.161602676302715
EC000187,ENG_A,Engineering,1,Wednesday,1,26.2,78.4,0.0,39.6,45.4,2,0.745724830670246
EC002543,BUS_A,Business,11,Sunday,1,29.2,69.5,33.0,34.4,38.0,6,0.47335617621297293
EC005266,SCI_A,Science,1,Saturday,11,26.6,79.3,14.0,59.3,68.8,5,1.4864367829581808
EC005409,ADM_A,Administration,23,Saturday,5,28.6,75.4,11.0,29.2,27.1,5,0.6224386155590884
EC000534,BUS_A,Business,15,Saturday,9,30.4,72.1,21.0,35.7,37.8,5,0.47374652401571227
EC001598,LIB_A,Library,15,Tuesday,5,31.5,73.2,199.0,45.8,57.6,1,0.6853981618882923
EC006708,SCI_B,Science,13,Friday,3,29.3,80.9,118.0,97.3,93.7,4,0.8274478695716662
EC002149,RES_B,Residential,14,Thursday,5,30.9,74.1,70.0,45.1,39.9,3,0.5589754533702602
EC006959,ADM_A,Administration,21,Sunday,2,27.9,87.5,7.0,25.6,25.9,6,0.5295571625947266
EC002420,SCI_B,Science,20,Friday,4,29.0,69.9,0.0,61.8,69.4,4,0.8007751823739073
EC000352,RES_B,Residential,7,Monday,12,26.2,80.1,173.0,40.3,45.2,0,0.35715377486266725
EC003127,SCI_A,Science,12,Tuesday,10,30.3,75.9,13.0,82.2,82.2,1,1.9550544302936939
EC000023,LIB_A,Library,1,Tuesday,3,27.0,82.1,22.0,38.2,35.0,1,0.6691981661000191
EC005973,BUS_A,Business,9,Sunday,3,28.5,72.6,15.0,32.5,32.0,6,0.41926802023039517
EC001430,SCI_A,Science,22,Friday,7,27.9,82.0,22.0,61.7,71.7,4,0.7023439354061052
EC000456,BUS_A,Business,7,Tuesday,12,26.3,85.2,148.0,29.6,41.4,1,4.131525735692901
EC004975,LIB_A,Library,6,Tuesday,11,24.2,87.0,16.0,29.1,29.8,1,0.9075475905131558
EC000696,ADM_A,Administration,2,Monday,6,25.8,79.5,0.0,14.7,17.6,0,2.6066649444190744
EC006124,SCI_B,Science,21,Friday,4,26.5,80.5,11.0,60.1,65.2,4,1.233892295356502
EC001194,ENG_A,Engineering,13,Wednesday,7,29.1,74.8,214.0,64.3,76.3,2,0.7704899894854688
EC004318,RES_B,Residential,16,Wednesday,8,30.3,73.5,107.0,39.1,43.9,2,0.7562322773152921
EC003260,ADM_A,Administration,16,Tuesday,2,29.8,,61.0,43.2,41.2,1,1.1952385624910677
EC001512,ADM_A,Administration,5,Monday,1,25.3,86.8,0.0,21.2,23.2,0,0.5713408258473089
EC005783,RES_B,Residential,15,Friday,3,34.8,85.4,240.0,51.0,54.2,4,1.9809974421952021
EC004275,ENG_B,Engineering,21,Friday,2,26.7,84.2,26.0,36.6,42.5,4,0.5809391928525649
EC006901,RES_B,Residential,2,Friday,5,27.2,85.2,146.0,46.6,50.4,4,0.5440220711868391
EC004450,RES_B,Residential,19,Saturday,7,29.0,76.4,203.0,49.6,48.6,5,0.4887414804288938
EC004221,LEC_A,LectureHall,11,Monday,10,29.1,72.8,171.0,53.5,58.5,0,0.7998227171905803
EC007284,BUS_B,Business,3,Saturday,11,26.3,69.8,6.0,28.9,29.3,5,0.9031029178627514
EC000771,BUS_A,Business,1,Monday,1,27.4,85.8,42.0,37.8,37.6,0,0.5707483447275283
EC000494,ADM_A,Administration,8,Thursday,8,27.6,80.6,64.0,35.7,34.2,3,0.4585315309467215
EC004590,SPT_A,Sports,13,Thursday,6,31.2,70.5,0.0,48.4,50.6,3,1.1237548930451071
EC006445,BUS_A,Business,14,Sunday,4,28.1,76.6,42.0,36.4,37.8,6,0.45888205907087476
EC005123,BUS_B,Business,9,Monday,4,28.3,79.2,98.0,53.2,57.9,0,0.40970264382895394
EC001560,LEC_A,LectureHall,11,Tuesday,2,29.8,69.8,181.0,82.7,70.2,1,1.0923307359764984
EC005442,BUS_B,Business,23,Monday,1,26.6,77.9,9.0,41.3,39.6,0,0.610971087714197
EC000815,LIB_A,Library,7,Wednesday,8,27.8,78.0,1.0,29.1,32.4,2,0.5558818958134096
EC001409,ENG_A,Engineering,16,Monday,8,30.1,81.7,152.0,72.1,78.9,0,0.4938295769230648
EC007196,ENG_A,Engineering,20,Sunday,7,28.4,79.2,31.0,51.0,52.9,6,0.5387923538756528
EC005212,ENG_A,Engineering,5,Thursday,11,26.7,77.2,0.0,37.1,35.4,3,0.5352586216224532
EC001878,ENG_A,Engineering,14,Tuesday,2,30.3,71.9,175.0,85.6,86.2,1,0.7234880208075938
EC005506,SCI_A,Science,4,Thursday,8,27.2,82.0,3.0,72.7,66.1,3,2.1923549974091485
EC000779,LIB_A,Library,19,Thursday,3,29.2,75.7,149.0,56.5,64.5,3,0.667996326461675
EC005586,BUS_A,Business,16,Monday,9,29.4,74.3,83.0,40.8,44.0,0,0.5461048454851661
EC002078,ENG_B,Engineering,18,Thursday,1,30.3,75.2,44.0,65.4,60.5,3,1.265702293674399
EC007823,ENG_A,Engineering,6,Sunday,7,26.7,81.7,0.0,42.9,39.6,6,0.5363755075325437
EC006920,BUS_A,Business,16,Wednesday,12,28.2,79.7,111.0,48.7,51.6,2,0.5881093111823222
EC007208,ENG_A,Engineering,21,Thursday,2,28.1,82.8,58.0,58.2,57.5,3,0.6899133790041261
EC003829,ENG_A,Engineering,1,Tuesday,4,26.0,82.6,31.0,33.1,44.7,1,0.4669678466441647
EC003675,ADM_A,Administration,1,Wednesday,9,25.9,88.1,0.0,17.7,20.1,2,2.9635642855312994
EC003114,SCI_A,Science,12,Saturday,8,28.8,72.8,41.0,89.6,80.3,5,1.3270079321489652
EC005004,ENG_B,Engineering,14,Saturday,6,30.4,69.0,21.0,45.3,46.7,5,0.4477568138199889
EC000833,SPT_A,Sports,16,Monday,4,29.8,74.6,,57.7,56.1,0,2.6898692572400917
EC007794,ADM_A,Administration,20,Sunday,2,29.7,65.6,0.0,23.8,28.6,6,0.4095732448482234
EC006996,SPT_A,Sports,22,Tuesday,8,27.6,75.5,16.0,82.2,56.9,1,2.7542101727692323
EC005044,BUS_B,Business,12,Wednesday,12,,80.2,174.0,74.0,75.2,2,2.731462360034522
EC001725,RES_A,Residential,7,Saturday,3,28.2,78.9,247.0,61.0,59.9,5,0.9178409005080038
EC001719,LIB_A,Library,3,Monday,4,,84.6,0.0,28.5,31.3,0,1.17927387769123
EC002540,ENG_A,Engineering,4,Sunday,10,25.8,91.5,3.0,31.7,34.5,6,0.5974101345364536
EC005113,BUS_B,Business,21,Tuesday,8,27.9,76.2,13.0,41.9,45.5,1,0.6910359718803252
EC001413,SCI_A,Science,17,Saturday,9,29.9,76.4,37.0,72.1,88.4,5,0.7748546222234913
EC004846,ENG_B,Engineering,7,Wednesday,7,27.5,80.9,120.0,26.3,54.8,2,2.7443611410659488
EC004565,SPT_A,Sports,10,Wednesday,8,29.4,76.2,45.0,45.9,47.6,2,0.516477871207203
EC007511,LEC_A,LectureHall,8,Sunday,1,27.9,74.0,20.0,23.4,24.9,6,0.6184150786678511
EC005679,LIB_A,Library,14,Tuesday,11,30.4,74.7,213.0,56.8,65.9,1,0.8037137808233482
EC004997,LEC_A,LectureHall,22,Wednesday,12,28.5,80.4,2.0,29.1,32.4,2,0.6145786827615781
EC005461,LEC_A,LectureHall,22,Tuesday,11,27.6,74.4,24.0,99.6,58.7,1,5.226007537251089
EC005215,SCI_A,Science,9,Friday,8,29.1,76.2,81.0,83.0,88.0,4,0.4786929491186919
EC005715,ENG_A,Engineering,11,Saturday,5,29.3,76.4,30.0,61.8,55.1,5,0.7610500551660654
EC003770,LIB_A,Library,11,Saturday,9,27.3,83.3,36.0,35.2,36.0,5,0.4903312198754165
EC007253,RES_A,Residential,19,Friday,7,28.9,73.8,186.0,44.6,45.7,4,0.7102445055777847
EC000340,ADM_A,Administration,18,Sunday,11,27.6,86.2,29.0,26.1,24.9,6,0.4697715717604936
EC001532,LEC_A,LectureHall,4,Thursday,2,27.3,70.5,20.0,30.2,34.0,3,0.5220102841148574
EC005072,ENG_B,Engineering,10,Thursday,1,27.5,73.0,87.0,48.4,53.3,3,0.5619686431417297
EC001010,ENG_B,Engineering,22,Monday,3,28.0,81.2,0.0,41.4,42.7,0,0.42092686694785386
EC005909,SCI_A,Science,3,Friday,5,26.6,80.5,23.0,56.9,65.4,4,0.48331458529441557
EC005669,ADM_A,Administration,8,Sunday,1,26.8,75.0,4.0,20.2,22.6,6,0.7560908773641287
EC004585,ENG_B,Engineering,7,Saturday,8,27.0,72.3,0.0,37.7,40.1,5,0.7101825278270513
EC004416,SCI_B,Science,19,Tuesday,5,30.0,76.1,17.0,72.1,75.7,1,1.3516124261266977
EC003354,SCI_B,Science,10,Wednesday,11,28.2,71.1,85.0,73.1,78.4,2,0.6136052170056411
EC007169,ADM_A,Administration,19,Monday,2,30.5,79.9,8.0,30.6,35.6,0,0.6251232566999934
EC006221,SCI_B,Science,7,Sunday,6,27.7,70.9,8.0,58.9,64.9,6,1.4696935494970995
EC006980,SCI_A,Science,22,Friday,9,28.7,74.1,3.0,62.0,67.2,4,1.031488406107868
EC007187,LEC_A,LectureHall,16,Saturday,4,30.2,74.1,19.0,33.7,35.1,5,0.37761896255908833
EC005614,LIB_A,Library,5,Wednesday,4,27.5,79.2,0.0,26.5,32.6,2,0.5653657895557626
EC005878,ADM_A,Administration,17,Sunday,3,30.3,72.6,24.0,28.2,30.4,6,0.4355923509197942
EC005915,SCI_A,Science,18,Tuesday,5,29.3,73.9,55.0,88.6,82.8,1,0.7850819514108747
EC006328,SCI_A,Science,18,Saturday,3,30.3,69.6,23.0,91.8,93.8,5,0.8872774196319739
EC000691,ENG_A,Engineering,14,Tuesday,6,34.3,83.4,169.0,79.3,83.9,1,3.6946819447814176
EC001505,RES_A,Residential,19,Sunday,11,29.0,80.9,256.0,55.1,48.8,6,0.8553831015624929
EC001540,SCI_B,Science,8,Wednesday,7,27.4,76.8,63.0,72.0,78.2,2,0.6311772234143704
EC006459,ENG_B,Engineering,17,Saturday,5,31.7,67.4,20.0,47.5,55.0,5,0.39713149517246155
EC007397,BUS_A,Business,12,Saturday,1,29.2,77.7,44.0,43.5,41.4,5,0.5265692688290536
EC001380,ENG_B,Engineering,7,Wednesday,4,27.7,83.5,163.0,41.8,61.0,2,6.602618722869319
EC007341,ADM_A,Administration,5,Sunday,10,24.9,82.2,0.0,16.6,14.0,6,4.688256627437464
EC007454,ENG_B,Engineering,10,Monday,11,28.7,75.4,119.0,53.4,61.2,0,0.6284742772853221
EC006619,RES_A,Residential,2,Monday,2,25.3,80.6,150.0,39.2,45.1,0,0.36560638563551634
EC005487,SCI_B,Science,10,Wednesday,7,28.8,77.8,85.0,81.5,84.4,2,0.6253085281830162
EC001270,ENG_A,Engineering,22,Wednesday,12,26.6,84.8,4.0,37.3,44.1,2,0.6491145358853743
EC001800,RES_B,Residential,9,Monday,12,28.3,86.6,177.0,46.5,48.3,0,0.3809300654889102
EC005398,RES_B,Residential,6,Tuesday,4,26.7,83.9,198.0,56.7,55.8,1,0.4551260251573609
EC005288,SCI_B,Science,8,Sunday,9,27.6,73.5,5.0,66.8,65.4,6,1.0976525921582787
EC004973,ENG_A,Engineering,6,Monday,6,26.6,78.8,0.0,43.6,44.5,0,0.48994635265637343
EC007176,SCI_A,Science,18,Sunday,2,29.8,77.9,27.0,85.6,84.7,6,0.8509785091232934
EC001556,LIB_A,Library,16,Wednesday,12,30.3,73.8,210.0,54.3,60.1,2,0.7087461554473631
EC006157,SPT_A,Sports,23,Tuesday,5,28.4,78.5,20.0,75.4,60.8,1,2.360567714472863
EC001012,SCI_B,Science,19,Monday,11,28.4,80.1,19.0,68.1,71.8,0,0.6251184768063632
EC001951,SCI_A,Science,6,Tuesday,10,27.5,80.1,8.0,62.0,69.6,1,1.2655810980582198
EC005543,ENG_B,Engineering,11,Sunday,5,29.1,86.2,39.0,50.8,51.9,6,0.5164621601727956
EC000362,ADM_A,Administration,15,Friday,7,29.5,72.3,103.0,44.3,40.9,4,0.4437472264198815
EC003761,LEC_A,LectureHall,7,Tuesday,6,26.9,82.6,0.0,27.2,24.9,1,0.5387199377645437
EC003593,ADM_A,Administration,9,Tuesday,6,28.8,81.7,65.0,38.3,34.9,1,0.5510629999647529
EC005234,SCI_B,Science,7,Thursday,1,27.2,78.9,0.0,65.9,59.1,3,1.0102248025248142
EC003478,LEC_A,LectureHall,8,Thursday,4,28.7,79.1,174.0,25.7,58.0,3,5.81555026234609
EC007422,RES_B,Residential,7,Monday,2,27.1,80.6,160.0,47.1,48.0,0,0.3439909850149923
EC003055,ENG_B,Engineering,3,Wednesday,10,25.6,81.8,9.0,32.7,32.5,2,0.607546816302206
EC001681,RES_A,Residential,16,Monday,6,29.6,75.9,84.0,42.2,42.2,0,0.4069045000370291
EC005278,ENG_B,Engineering,8,Sunday,8,28.2,83.0,7.0,42.6,40.6,6,0.6012374637719685
EC001280,LEC_A,LectureHall,19,Tuesday,12,28.9,72.6,8.0,27.6,29.5,1,0.7170883155897393
EC007927,SCI_B,Science,16,Tuesday,6,30.1,71.3,74.0,88.5,88.5,1,0.9573501596601539
EC007362,ENG_B,Engineering,17,Monday,2,31.6,68.4,78.0,67.8,67.5,0,0.38727632584811117
EC006576,RES_A,Residential,20,Friday,5,29.2,70.9,211.0,42.5,51.2,4,0.7740991288721707
EC007271,SPT_A,Sports,16,Sunday,7,31.0,68.2,84.0,52.8,48.6,6,0.3398691428686979
EC004526,BUS_A,Business,6,Saturday,9,25.2,86.2,18.0,26.8,26.2,5,0.44867119355137414
EC003116,BUS_A,Business,3,Sunday,11,24.5,,6.0,20.9,21.5,6,3.2670946652226434
EC003361,LEC_A,LectureHall,18,Monday,11,29.0,75.1,106.0,47.8,51.2,0,0.5092420422877036
EC001146,ENG_A,Engineering,20,Saturday,11,28.6,74.0,13.0,49.6,47.3,5,0.6273912504244558
EC005552,LIB_A,Library,20,Friday,7,30.2,76.4,134.0,62.4,62.3,4,0.6247894585929435
EC001094,SCI_B,Science,13,Monday,3,28.4,82.5,113.0,75.6,86.8,0,0.5036965970529549
EC006888,LIB_A,Library,0,Saturday,7,27.0,,12.0,25.8,30.2,5,3.0184825189321036
EC003000,RES_B,Residential,10,Thursday,2,30.4,80.7,160.0,48.1,49.6,3,0.5595603750240693
EC004179,SPT_A,Sports,8,Thursday,9,26.4,80.5,100.0,45.1,52.8,3,0.43731101324547766
EC001346,RES_A,Residential,22,Monday,6,29.4,77.0,290.0,66.5,69.4,0,0.8763147727329048
EC006169,ENG_A,Engineering,11,Saturday,7,30.1,68.4,54.0,,65.1,5,1.1744499656245984
EC002463,LIB_A,Library,9,Monday,10,27.3,82.0,40.0,37.1,35.5,0,0.42500963012759385
EC002250,ADM_A,Administration,18,Sunday,5,30.2,73.2,9.0,29.3,29.9,6,0.6434641014851826
EC004009,RES_A,Residential,4,Monday,8,26.3,89.6,179.0,47.1,51.7,0,0.44847064415048854
EC005343,SCI_B,Science,16,Monday,4,31.5,64.7,61.0,89.5,94.0,0,0.41424111936330354
EC001290,SCI_A,Science,0,Friday,8,26.5,75.1,11.0,70.5,69.6,4,1.5384104931577125
EC000060,RES_B,Residential,6,Wednesday,12,26.3,84.7,185.0,49.2,45.1,2,0.4846590018548993
EC001663,ENG_B,Engineering,11,Saturday,12,28.5,82.3,48.0,43.8,44.6,5,0.48273108071176873
EC002992,LEC_A,LectureHall,20,Tuesday,2,27.5,82.8,15.0,32.2,35.6,1,0.6311117055753201
EC007112,RES_A,Residential,9,Thursday,2,26.4,79.9,94.0,37.9,38.2,3,0.4387038898979202
EC006241,LIB_A,Library,10,Tuesday,2,29.4,66.6,67.0,41.0,41.1,1,0.538427590122395
EC001705,ENG_A,Engineering,16,Monday,10,29.0,81.3,124.0,62.6,70.2,0,0.47703458698871865
EC000768,ENG_A,Engineering,1,Thursday,5,27.4,85.7,,47.6,51.9,3,1.6309265819736023
EC007693,RES_B,Residential,10,Saturday,6,28.8,77.1,167.0,35.6,44.9,5,0.45691488977677214
EC007261,LEC_A,LectureHall,20,Saturday,9,27.9,76.0,12.0,25.9,29.1,5,0.6092959863861144
EC007496,LEC_A,LectureHall,17,Monday,9,30.2,74.2,121.0,62.4,61.0,0,0.5350046129157483
EC000186,SCI_A,Science,12,Saturday,9,30.1,75.4,28.0,67.3,81.5,5,0.6790735095769181
EC003744,BUS_A,Business,6,Monday,3,27.3,76.7,18.0,37.7,35.5,0,0.4220325405008133
EC000242,BUS_A,Business,15,Wednesday,1,29.9,77.9,130.0,59.0,61.4,2,0.724424225267751
EC000072,LEC_A,LectureHall,15,Saturday,4,30.7,70.5,251.0,82.4,84.3,5,4.129449104363593
EC005707,LIB_A,Library,3,Friday,3,27.0,76.9,1.0,30.0,29.0,4,0.5495033262820068
EC007198,BUS_B,Business,3,Sunday,5,26.4,83.1,19.0,38.6,35.9,6,0.45675257021994947
EC007706,SCI_A,Science,4,Friday,6,27.6,72.0,6.0,98.5,83.2,4,4.589890880544781
EC004307,BUS_A,Business,22,Tuesday,1,26.9,73.8,0.0,31.6,29.8,1,0.40120586288507604
EC003685,BUS_A,Business,17,Sunday,7,30.9,70.1,11.0,40.9,41.9,6,0.9089503720913601
EC000660,SCI_A,Science,17,Saturday,12,29.4,,37.0,93.7,85.7,5,2.5963248440801237
EC003871,ENG_B,Engineering,5,Thursday,2,27.0,74.1,23.0,42.5,46.8,3,0.518770032626918
EC002383,ADM_A,Administration,20,Wednesday,10,28.7,76.8,9.0,21.8,26.3,2,0.5798778330562724
EC005408,ENG_B,Engineering,5,Thursday,4,26.6,71.9,0.0,40.5,44.9,3,0.7283294078945509
EC006201,BUS_B,Business,2,Saturday,9,25.6,81.9,29.0,25.2,29.4,5,0.5414233883611019
EC007387,LEC_A,LectureHall,7,Saturday,6,27.3,86.1,36.0,28.4,34.5,5,0.5068886887596703
EC001491,SCI_A,Science,9,Monday,6,29.2,82.6,67.0,97.0,94.3,0,0.39116585878656374
EC007901,ENG_B,Engineering,7,Monday,9,26.3,79.4,138.0,23.0,45.1,0,2.8242689636486755
EC005652,ADM_A,Administration,7,Saturday,10,28.0,79.6,0.0,17.2,20.9,5,3.0307884543878365
EC004884,LIB_A,Library,20,Sunday,11,28.1,81.6,108.0,47.1,52.8,6,0.6887416434108081
EC001924,LEC_A,LectureHall,13,Sunday,5,30.3,65.9,32.0,42.0,39.2,6,0.38407890054029836
EC007412,RES_B,Residential,11,Friday,8,29.0,73.2,99.0,41.6,40.0,4,0.48215225806614365
EC006315,ENG_A,Engineering,9,Saturday,6,29.1,80.6,42.0,53.4,55.9,5,0.455738601932493
EC004692,BUS_A,Business,17,Thursday,12,30.6,79.6,74.0,52.7,52.7,3,0.5890749604240161
EC005760,ADM_A,Administration,8,Tuesday,10,27.0,85.2,43.0,26.3,31.2,1,0.5322179450629311
EC005815,SCI_B,Science,5,Wednesday,3,27.7,73.6,0.0,57.6,64.5,2,0.6533063955754835
EC003989,LIB_A,Library,21,Monday,6,29.7,77.1,106.0,51.9,55.0,0,1.1708562259753914
EC003992,LEC_A,LectureHall,0,Thursday,8,26.9,88.0,9.0,26.2,27.0,3,0.6574493466739756
EC005401,ENG_B,Engineering,6,Sunday,5,28.1,80.5,34.0,44.1,48.2,6,0.4982614164273483
EC006114,SCI_B,Science,2,Wednesday,3,26.2,75.8,0.0,58.8,58.9,2,0.8194669516074281
EC007869,LIB_A,Library,21,Wednesday,12,27.9,69.3,85.0,39.1,43.7,2,1.0492187343824353
EC007385,ENG_A,Engineering,3,Saturday,6,27.0,87.7,13.0,43.3,41.8,5,0.5832729245080732
EC003379,RES_A,Residential,6,Friday,10,26.7,82.8,189.0,52.5,48.4,4,0.5469894485749376
EC006233,SPT_A,Sports,5,Tuesday,9,24.3,88.8,63.0,39.7,40.5,1,0.5891286861728405
EC004166,LEC_A,LectureHall,11,Wednesday,2,29.9,72.1,172.0,73.9,69.4,2,1.0807721492322009
EC003410,BUS_B,Business,8,Friday,3,29.3,75.1,50.0,55.6,58.5,4,0.45203591426235384
EC007359,SPT_A,Sports,22,Thursday,9,28.2,79.8,80.0,45.7,43.0,3,0.5436203580329686
EC002121,BUS_A,Business,16,Monday,7,30.0,80.2,76.0,55.1,50.3,0,0.48576989092492034
EC007561,ENG_B,Engineering,9,Monday,9,29.1,77.1,68.0,53.2,52.4,0,0.4889515952087876
EC002612,ENG_B,Engineering,21,Sunday,10,28.0,78.1,33.0,37.4,38.0,6,0.6338636936312959
EC003285,LEC_A,LectureHall,21,Wednesday,7,28.3,77.8,6.0,28.4,31.2,2,0.6483006930031897
EC004236,RES_A,Residential,13,Sunday,1,28.6,77.8,130.0,39.8,46.5,6,0.49699753865622665
EC003180,ADM_A,Administration,11,Monday,5,30.0,71.2,103.0,43.4,47.0,0,0.5338768303553189
EC004830,ENG_B,Engineering,6,Friday,5,25.8,84.8,17.0,43.5,38.0,4,0.5087240598874838
EC000373,RES_B,Residential,16,Tuesday,9,31.0,69.6,129.0,42.2,46.1,1,0.4970946625837777
EC004322,BUS_A,Business,23,Sunday,12,27.2,83.4,4.0,25.8,26.1,6,0.5528997102463378
EC004376,BUS_B,Business,0,Saturday,9,25.2,89.4,24.0,31.4,28.1,5,0.2961696737153407
EC002315,LIB_A,Library,7,Friday,9,27.3,82.4,1.0,29.8,31.8,4,0.5558818958134096
EC000182,LEC_A,LectureHall,5,Tuesday,3,25.0,87.9,14.0,27.6,28.3,1,0.8287564014435987
EC000968,BUS_A,Business,14,Wednesday,4,29.5,75.1,140.0,64.1,65.5,2,0.6960619216674432
EC003447,SCI_A,Science,12,Thursday,4,30.6,69.4,,83.6,89.0,3,2.485135967896212
EC000618,ENG_B,Engineering,9,Thursday,11,28.9,79.0,65.0,51.5,53.3,3,0.509196786819401
EC007023,SCI_A,Science,6,Saturday,3,26.5,90.5,14.0,70.3,80.4,5,0.7555793616310206
EC002228,ADM_A,Administration,17,Saturday,2,28.3,78.4,10.0,28.0,23.6,5,0.5014784317943095
EC002193,LIB_A,Library,13,Thursday,10,29.8,69.2,192.0,52.3,52.3,3,0.567916771000204
EC003097,ENG_A,Engineering,10,Sunday,5,29.5,75.3,19.0,58.2,52.3,6,0.5714301081073674
EC007406,RES_B,Residential,16,Thursday,3,30.2,77.6,88.0,41.1,41.2,3,0.5374474548643114
EC005273,ENG_B,Engineering,0,Monday,7,28.1,83.1,0.0,34.0,37.1,0,0.49285159772508363
EC002334,SCI_B,Science,18,Sunday,3,29.5,74.2,19.0,65.7,72.1,6,0.7169062991198805
EC001266,ENG_B,Engineering,5,Friday,4,26.3,84.8,0.0,36.1,38.8,4,0.6896178103723446
EC007005,SCI_B,Science,10,Saturday,7,28.5,77.2,10.0,68.6,67.2,5,1.082067441479446
EC000024,BUS_B,Business,19,Sunday,6,29.8,79.2,0.0,37.8,37.9,6,0.4154947054592217
EC002594,LEC_A,LectureHall,17,Friday,3,31.5,70.5,117.0,58.5,61.5,4,0.79552784636549
EC007211,BUS_A,Business,19,Friday,11,28.4,82.0,47.0,38.8,37.3,4,0.491976392740304
EC003303,RES_A,Residential,16,Tuesday,6,30.6,71.7,116.0,,43.9,1,2.024036888185243
EC006538,ENG_B,Engineering,11,Wednesday,11,27.7,85.1,139.0,65.7,66.6,2,0.7328419149307014
EC004859,SCI_B,Science,6,Sunday,11,26.1,82.1,0.0,62.8,56.4,6,0.6417395652466507
EC003885,SCI_A,Science,9,Saturday,1,28.1,76.7,23.0,72.0,71.1,5,0.7345426836085918
EC000638,LIB_A,Library,17,Sunday,5,29.8,79.8,146.0,51.4,52.3,6,0.565412188518089
EC005007,RES_A,Residential,8,Friday,6,27.9,81.6,207.0,46.6,50.5,4,0.5337996547893568
EC003562,LIB_A,Library,9,Sunday,5,28.3,78.0,64.0,38.2,39.8,6,0.49260736187090903
EC007687,ADM_A,Administration,5,Thursday,8,27.6,77.0,0.0,22.1,27.3,3,0.5361284211523635
EC004818,LIB_A,Library,19,Sunday,3,29.1,75.3,170.0,65.5,61.7,6,0.5963081898553035
EC004708,ENG_B,Engineering,14,Monday,2,30.7,66.7,139.0,74.7,70.1,0,0.3588638281625441
EC007099,RES_A,Residential,6,Monday,5,27.6,79.0,240.0,57.9,56.0,0,0.8869151822563359
EC007221,RES_B,Residential,23,Wednesday,10,26.1,78.3,236.0,53.0,47.7,2,0.3962806594348682
EC004466,SCI_A,Science,1,Thursday,6,26.4,81.6,13.0,69.3,69.3,3,1.7105613531611268
EC001432,RES_B,Residential,7,Saturday,9,27.5,75.4,241.0,54.4,56.3,5,0.6957082327750393
EC000003,ADM_A,Administration,10,Wednesday,7,28.7,73.0,84.0,34.3,40.8,2,0.4597605172530573
EC003060,RES_A,Residential,12,Saturday,5,29.1,77.1,134.0,42.8,49.1,5,0.5335114606495911
EC005566,ENG_B,Engineering,6,Monday,11,27.0,79.4,0.0,37.0,35.9,0,0.46460146052274165
EC000152,SPT_A,Sports,15,Wednesday,10,28.8,77.1,49.0,42.4,44.8,2,0.5199616776719761
EC005556,SPT_A,Sports,4,Wednesday,8,27.3,82.2,11.0,34.8,39.9,2,0.6497762800140474
EC002672,LEC_A,LectureHall,22,Saturday,5,28.1,73.6,4.0,25.3,25.5,5,0.6567601247802682
EC001933,ENG_A,Engineering,23,Thursday,5,26.8,84.4,0.0,38.6,42.5,3,0.534506813737062
EC007892,ENG_B,Engineering,10,Saturday,12,29.3,71.1,12.0,43.9,47.1,5,0.8636448024922485
EC003866,SCI_B,Science,2,Monday,2,26.7,81.6,12.0,54.1,68.4,0,0.6441428531914717
EC002122,SCI_B,Science,10,Sunday,7,29.4,76.0,37.0,74.8,79.1,6,0.9315804720284347
EC005977,ENG_A,Engineering,5,Thursday,1,27.2,81.8,0.0,42.7,44.8,3,0.7279268969581041
EC001330,RES_B,Residential,6,Monday,6,27.3,79.1,201.0,45.9,54.3,0,0.4109129499107086
EC004515,LEC_A,LectureHall,20,Saturday,5,30.0,73.7,11.0,33.2,37.8,5,0.49048604517417643
EC004649,BUS_B,Business,9,Thursday,7,28.5,77.9,193.0,31.8,61.9,3,5.904120629125387
EC000300,ENG_B,Engineering,22,Thursday,8,27.0,87.4,9.0,38.1,37.6,3,0.5252028656032635
EC000150,SCI_B,Science,18,Thursday,6,31.1,62.3,56.0,79.3,89.9,3,0.7535967348159592
EC004728,BUS_A,Business,0,Wednesday,2,26.4,88.7,0.0,32.9,32.7,2,0.26563912873586276
EC005411,ENG_A,Engineering,5,Friday,1,26.6,83.0,0.0,35.8,37.9,4,0.8130040627924294
EC002385,ENG_B,Engineering,6,Wednesday,10,27.0,76.1,9.0,38.8,39.2,2,0.6171081248384692
EC003598,RES_A,Residential,13,Wednesday,9,30.2,73.2,109.0,34.4,37.3,2,0.5044507002685308
EC004932,ENG_B,Engineering,21,Saturday,10,28.4,73.7,0.0,45.9,41.4,5,0.5602312653480603
EC000591,LIB_A,Library,7,Friday,1,26.1,83.2,23.0,25.7,27.0,4,0.5320539885973778
EC007285,RES_B,Residential,5,Monday,2,25.3,82.0,168.0,39.8,48.7,0,0.4213626968284058
EC006009,BUS_B,Business,14,Saturday,5,31.6,72.5,44.0,52.9,55.2,5,0.4556425454884504
EC003698,BUS_A,Business,18,Wednesday,1,29.7,70.2,48.0,42.4,44.3,2,1.3032791085725934
EC004223,BUS_A,Business,21,Tuesday,7,29.4,67.7,14.0,35.3,38.1,1,0.5295641834435649
EC006911,SCI_A,Science,1,Thursday,8,26.4,79.0,18.0,59.5,69.2,3,0.8888605088914766
EC005675,ENG_A,Engineering,17,Thursday,11,30.0,78.7,87.0,51.4,64.5,3,0.5189122069905894
EC004985,SCI_B,Science,23,Monday,6,26.8,76.4,3.0,54.3,63.2,0,0.6706574054722567
EC003717,ADM_A,Administration,17,Friday,3,30.9,75.1,63.0,40.1,44.9,4,0.46347538409768785
EC000481,ENG_A,Engineering,14,Sunday,8,31.7,64.5,70.0,69.4,67.4,6,0.5102102769037653
EC001458,ADM_A,Administration,6,Saturday,3,25.9,85.1,4.0,23.0,23.5,5,0.5450073546149086
EC004868,BUS_B,Business,5,Tuesday,11,26.2,84.1,0.0,34.6,39.2,1,0.45414992551968425
EC003894,SPT_A,Sports,14,Tuesday,1,35.2,91.2,177.0,73.3,78.5,1,5.148984431339617
EC007399,SPT_A,Sports,3,Thursday,11,24.9,86.2,12.0,33.0,31.2,3,0.7556892362468525
EC003591,SPT_A,Sports,21,Monday,6,28.6,71.3,127.0,65.6,60.3,0,0.9452057048474479
EC002303,RES_A,Residential,8,Saturday,2,28.9,79.0,197.0,51.6,48.7,5,0.6069600333827005
EC006212,BUS_A,Business,21,Saturday,10,27.4,80.4,0.0,26.9,28.2,5,0.48871820447042397
EC005124,RES_B,Residential,16,Monday,1,30.9,68.5,87.0,36.3,42.1,0,0.5499825500413366
EC007791,SPT_A,Sports,18,Sunday,5,31.0,72.7,199.0,74.9,83.5,6,5.573712817358343
EC005900,SCI_A,Science,22,Saturday,7,28.6,75.4,0.0,81.1,78.9,5,1.191719192641472
EC006393,LEC_A,LectureHall,12,Saturday,6,29.8,70.4,256.0,79.2,79.6,5,3.781165691006233
EC003164,BUS_A,Business,20,Friday,4,29.3,78.5,4.0,42.3,40.8,4,0.6396523101532354
EC001192,SCI_A,Science,2,Sunday,10,26.5,81.8,2.0,66.1,62.3,6,1.4947980250031083
EC006276,ENG_B,Engineering,9,Wednesday,8,27.9,73.7,84.0,53.8,60.0,2,0.5049427227500551
EC006043,LIB_A,Library,12,Saturday,4,31.7,69.6,67.0,55.9,49.9,5,0.34632789327366836
EC007900,SCI_A,Science,7,Friday,9,26.3,82.4,0.0,47.5,58.4,4,0.4869632447410411
EC001841,BUS_A,Business,23,Sunday,6,27.4,72.9,0.0,24.5,26.0,6,0.6893750612084144
EC000643,SCI_A,Science,2,Sunday,4,26.3,75.9,0.0,64.8,64.0,6,1.0074872371352792
EC007586,BUS_A,Business,16,Saturday,1,28.9,71.8,41.0,38.8,35.8,5,1.3285337972459983
EC003221,BUS_B,Business,10,Thursday,2,27.7,79.3,107.0,48.3,57.5,3,0.6137996167878629
EC002720,LEC_A,LectureHall,20,Friday,5,29.4,78.2,26.0,34.7,42.8,4,0.39914955177759165
EC005591,RES_A,Residential,1,Saturday,8,26.1,80.7,157.0,41.7,41.0,5,0.4756780361678666
EC006757,SCI_B,Science,3,Monday,9,26.1,78.4,0.0,57.3,53.3,0,0.5495568968604079
EC006362,ENG_B,Engineering,22,Saturday,6,28.3,77.6,19.0,40.1,48.5,5,0.5910121447072502
EC001768,ENG_B,Engineering,2,Sunday,2,27.9,82.6,3.0,36.7,36.5,6,0.8519162342351642
EC007514,ADM_A,Administration,17,Saturday,1,31.7,74.7,20.0,32.2,31.6,5,0.6366736509563687
EC001063,SCI_B,Science,6,Saturday,11,25.5,80.3,,53.4,55.4,5,1.7522668666359524
EC003716,SCI_B,Science,16,Friday,3,29.7,72.6,87.0,83.6,89.2,4,0.6627549281310258
EC003925,ENG_B,Engineering,15,Friday,4,30.2,74.0,126.0,66.7,63.1,4,0.6659963077535959
EC007876,RES_B,Residential,16,Friday,4,29.8,68.3,112.0,42.7,46.6,4,0.46106787249655923
EC000627,LEC_A,LectureHall,21,Wednesday,9,26.5,83.7,22.0,25.8,25.5,2,0.5930129925746479
EC005426,LEC_A,LectureHall,0,Saturday,11,24.9,85.5,31.0,24.1,29.2,5,0.5398859737839049
EC003707,BUS_A,Business,7,Thursday,12,26.0,82.0,0.0,25.9,29.8,3,0.4625396282295988
EC001613,LIB_A,Library,23,Monday,10,27.1,78.5,75.0,39.5,37.6,0,0.6168756835420927
EC001948,ADM_A,Administration,16,Monday,10,30.3,77.5,133.0,48.6,48.2,0,0.7183188918580007
EC002789,BUS_A,Business,7,Friday,4,27.4,83.1,4.0,34.3,37.6,4,0.5998269735783773
EC007321,LIB_A,Library,8,Friday,1,27.6,75.8,56.0,38.3,40.9,4,0.733297312559732
EC004099,ENG_B,Engineering,9,Sunday,1,28.6,71.6,35.0,46.8,52.3,6,0.7713502829371188
EC000047,SCI_A,Science,18,Tuesday,8,30.0,78.3,82.0,106.4,98.3,1,0.669956174345618
EC002536,SCI_B,Science,5,Monday,10,25.4,76.2,9.0,57.8,57.1,0,1.0022825617969415
EC001519,ENG_B,Engineering,5,Thursday,7,26.7,85.8,0.0,33.5,36.0,3,0.6896178103723446
EC002404,BUS_B,Business,7,Saturday,5,28.1,87.6,0.0,36.5,37.4,5,0.4987564824134528
EC000744,ENG_A,Engineering,19,Tuesday,1,29.6,73.6,54.0,60.1,59.2,1,1.1322727605902185
EC000717,SCI_A,Science,12,Wednesday,1,30.0,69.8,142.0,103.9,104.3,2,0.5549295733589282
EC001685,BUS_B,Business,3,Wednesday,2,26.1,87.6,0.0,36.7,34.7,2,0.4043269059057979
EC003182,RES_A,Residential,13,Sunday,9,29.1,71.6,117.0,38.5,38.8,6,0.6191861333481776
EC007697,SCI_B,Science,3,Saturday,11,24.8,87.4,0.0,50.2,58.6,5,0.4101447400010703
EC002052,ENG_A,Engineering,6,Tuesday,10,25.1,86.6,9.0,32.4,35.5,1,0.6830158466478113
EC003404,BUS_A,Business,10,Thursday,6,29.0,82.9,109.0,54.1,56.4,3,0.612648795885967
EC004829,SCI_B,Science,21,Saturday,11,27.8,81.9,22.0,62.5,65.2,5,0.6980556502717952
EC003670,ENG_A,Engineering,6,Sunday,4,26.3,81.7,13.0,42.2,44.6,6,0.5836794974255322
EC000657,SCI_B,Science,15,Saturday,6,30.5,70.7,14.0,72.1,73.2,5,1.673497401624907
EC003720,SCI_A,Science,7,Thursday,2,28.5,83.3,8.0,67.3,74.7,3,1.008723570252306
EC007536,LEC_A,LectureHall,16,Sunday,5,31.0,74.3,61.0,40.3,44.4,6,0.49599731225903215
EC005477,RES_A,Residential,20,Thursday,12,29.2,79.9,205.0,43.6,47.3,3,0.5306085860206083
EC001067,BUS_B,Business,9,Monday,12,27.0,84.3,102.0,55.3,54.2,0,0.34301842021182655
EC000929,BUS_A,Business,20,Wednesday,5,28.5,77.8,0.0,39.4,38.0,2,0.5199035922714507
EC007581,SCI_A,Science,13,Friday,6,28.6,78.5,129.0,96.4,98.1,4,0.7391659168986594
EC007115,ENG_B,Engineering,12,Friday,10,29.5,73.9,133.0,55.4,58.9,4,0.8172799475284106
EC001715,BUS_A,Business,2,Saturday,10,25.9,85.3,0.0,22.0,21.2,5,0.4664568342621954
EC000331,LIB_A,Library,11,Thursday,8,28.5,73.3,72.0,46.4,48.4,3,0.5009530303104324
EC000368,SCI_A,Science,7,Thursday,6,28.1,80.0,10.0,67.3,71.2,3,0.9581243308173996
EC003718,LEC_A,LectureHall,20,Friday,10,28.8,75.4,11.0,32.7,31.3,4,0.4550437129859632
EC007524,BUS_A,Business,2,Friday,4,26.0,91.4,0.0,31.9,33.8,4,0.3957925128821513
EC005705,BUS_A,Business,18,Saturday,10,29.4,73.0,28.0,33.4,32.8,5,0.35804931052655176
EC007087,ENG_A,Engineering,5,Sunday,9,26.5,78.0,22.0,50.3,45.1,6,0.4941618483041869
EC004658,ADM_A,Administration,3,Saturday,4,25.4,76.5,0.0,20.0,20.0,5,0.7026546997663827
EC005479,SPT_A,Sports,20,Saturday,3,28.3,79.6,176.0,57.6,64.1,5,0.8148617995677075
EC001739,ENG_B,Engineering,0,Tuesday,11,26.0,83.2,0.0,32.4,36.7,1,0.440135362882489
EC003396,LIB_A,Library,0,Thursday,5,28.3,79.3,0.0,36.2,36.1,3,0.610163187546052
EC001454,SPT_A,Sports,13,Sunday,12,28.9,72.7,184.0,53.3,59.5,6,0.992665138700767
EC007574,SPT_A,Sports,22,Wednesday,5,30.5,79.7,60.0,54.9,59.9,2,0.616436829322258
EC000611,RES_A,Residential,14,Tuesday,3,31.9,76.5,126.0,50.1,54.0,1,0.5846208078709703
EC002625,LIB_A,Library,1,Friday,6,27.2,80.2,27.0,36.5,31.7,4,0.6190929977916467
EC001371,LEC_A,LectureHall,1,Wednesday,3,27.6,82.6,0.0,32.8,30.9,2,0.5203835824387244
EC003522,ENG_A,Engineering,23,Friday,8,26.9,78.5,20.0,46.4,42.0,4,0.5336856327114762
EC000264,ENG_B,Engineering,12,Tuesday,8,29.4,77.8,150.0,57.2,64.7,1,0.7552718915904418
EC005374,SCI_B,Science,7,Sunday,5,27.8,80.8,0.0,67.3,68.8,6,0.6814499702828268
EC004393,RES_A,Residential,12,Friday,8,29.4,78.8,107.0,36.6,41.4,4,0.5524773731711407
EC004751,SPT_A,Sports,19,Sunday,7,24.6,96.6,185.0,54.9,55.3,6,5.974084416841154
EC005444,SCI_A,Science,20,Saturday,1,30.4,68.4,21.0,66.4,72.8,5,1.542584499724401
EC006547,RES_B,Residential,21,Saturday,1,27.5,74.9,260.0,53.9,56.8,5,0.44415294981398395
EC005926,LIB_A,Library,23,Saturday,8,27.2,84.6,46.0,33.2,36.1,5,0.6008852560221845
EC000555,ENG_B,Engineering,5,Wednesday,7,26.6,86.8,0.0,35.7,41.3,2,0.6162645000648568
EC003241,RES_A,Residential,19,Monday,1,31.2,74.6,150.0,43.0,52.0,0,1.1036582155188983
EC005789,LEC_A,LectureHall,22,Monday,2,28.3,79.4,30.0,37.0,36.6,0,0.6457584266330502
EC000532,ENG_A,Engineering,2,Tuesday,2,25.0,89.2,7.0,39.5,39.1,1,0.4626527085812156
EC001623,ENG_B,Engineering,21,Sunday,12,27.7,78.4,19.0,40.4,40.6,6,0.6338636936312959
EC002071,ENG_A,Engineering,12,Monday,7,29.7,,173.0,74.4,81.0,0,1.0854093553903787
EC000857,SCI_B,Science,14,Thursday,6,30.8,68.9,123.0,106.8,103.2,3,0.7345264233003154
EC003057,SCI_B,Science,15,Saturday,10,29.0,80.7,23.0,65.8,69.3,5,0.6637272761453799
EC000919,SPT_A,Sports,3,Sunday,6,26.3,86.8,15.0,39.2,37.9,6,0.48009457151836465
EC006239,ENG_A,Engineering,11,Monday,9,29.7,71.8,155.0,70.7,71.5,0,0.6297765299599293
EC000850,SCI_A,Science,7,Wednesday,5,28.3,74.1,10.0,62.4,73.4,2,1.2301113471094196
EC004323,ENG_A,Engineering,8,Monday,5,28.7,82.9,85.0,64.9,60.2,0,0.44660902026603266
EC004037,LIB_A,Library,14,Monday,6,31.8,72.7,173.0,49.4,62.4,0,0.8022962691147763
EC002110,ENG_B,Engineering,20,Thursday,2,28.3,74.3,33.0,54.9,49.7,3,0.5972691174716248
EC004828,SCI_A,Science,2,Sunday,6,26.7,81.9,0.0,63.7,71.5,6,0.91355204232033
EC006244,SCI_B,Science,14,Sunday,6,30.2,74.6,28.0,71.5,79.4,6,0.7579452267213028
EC004474,SCI_B,Science,3,Saturday,10,26.2,78.1,8.0,69.8,60.4,5,1.465355354292838
EC005837,SCI_A,Science,19,Saturday,7,29.9,75.8,10.0,72.4,81.5,5,1.2716308911992489
EC001483,BUS_B,Business,16,Monday,2,30.4,70.2,132.0,66.0,69.5,0,0.6402041644468492
EC007769,RES_B,Residential,6,Wednesday,8,23.9,99.4,182.0,44.1,45.5,2,5.015363275435294
EC001342,LEC_A,LectureHall,23,Saturday,4,26.9,82.5,2.0,23.5,21.1,5,0.5415577435841417
EC007642,LIB_A,Library,10,Tuesday,9,27.7,72.0,58.0,36.5,33.4,1,0.6286427615094221
EC001795,ENG_A,Engineering,6,Wednesday,3,27.2,85.7,0.0,44.0,43.9,2,0.5333594088820492
EC001008,BUS_A,Business,1,Sunday,8,27.4,82.5,0.0,27.0,27.3,6,0.5773704158586799
EC001118,RES_B,Residential,22,Tuesday,10,26.3,80.4,246.0,,51.6,1,6.489423099513253
EC003098,SCI_B,Science,23,Friday,9,27.1,83.3,22.0,62.0,68.1,4,0.7664584104215435
EC000730,SCI_A,Science,17,Wednesday,6,31.1,73.4,68.0,93.5,93.6,2,0.8099776885890286
EC004305,ENG_B,Engineering,16,Friday,2,29.5,72.9,105.0,73.0,68.0,4,0.7011464103598858
EC005570,SCI_A,Science,22,Sunday,5,28.1,81.7,0.0,73.5,78.2,6,1.1621486408876358
EC003947,SPT_A,Sports,1,Friday,2,27.7,83.9,21.0,46.6,48.8,4,0.574054034843595
EC005406,SPT_A,Sports,21,Wednesday,3,28.5,81.7,117.0,56.6,59.1,2,0.7175162557607945
EC004187,LEC_A,LectureHall,7,Thursday,9,27.3,72.7,0.0,24.8,25.5,3,0.668158407813658
EC003245,RES_A,Residential,1,Tuesday,3,25.3,81.2,109.0,,41.6,1,2.434304949836927
EC003548,RES_A,Residential,7,Thursday,8,26.8,80.1,185.0,45.4,50.4,3,0.5778216289431845
EC005867,ENG_B,Engineering,20,Wednesday,3,29.0,74.3,13.0,44.0,48.0,2,0.6893138393912706
EC006052,LIB_A,Library,17,Monday,7,29.7,74.3,201.0,58.1,57.7,0,1.143205304476037
EC000812,ENG_A,Engineering,13,Saturday,12,30.3,69.3,53.0,67.3,62.7,5,0.6731456336633922
EC005785,SPT_A,Sports,13,Saturday,1,30.1,87.7,14.0,55.4,52.0,5,0.8170500994548703
EC003676,BUS_A,Business,3,Saturday,6,27.3,86.6,21.0,31.7,34.3,5,0.4587753526506493
EC000207,SCI_B,Science,23,Monday,6,28.4,86.3,14.0,74.3,71.8,0,1.425293483672643
EC005640,LIB_A,Library,19,Wednesday,7,28.3,66.5,164.0,51.2,57.4,2,0.7026947963151996
EC002399,BUS_A,Business,0,Monday,12,24.9,86.1,7.0,26.6,25.6,0,0.4030275794328964
EC004449,SCI_A,Science,4,Wednesday,8,26.8,86.2,6.0,59.9,58.7,2,1.6871935201681585
EC004464,RES_A,Residential,1,Saturday,2,26.9,85.8,148.0,46.6,46.3,5,0.4353348674194359
EC001843,SCI_B,Science,14,Tuesday,10,30.7,73.9,117.0,74.2,88.0,1,0.7600896923766245
EC002132,LIB_A,Library,22,Saturday,10,28.8,79.5,44.0,32.6,34.9,5,0.5661167943040566
EC007547,ENG_A,Engineering,19,Tuesday,3,27.9,75.8,38.0,52.3,50.4,1,0.7626555955366751
EC006451,ENG_A,Engineering,9,Monday,4,28.1,77.8,182.0,41.3,65.1,0,3.463462938047962
EC007573,ENG_B,Engineering,18,Monday,3,29.4,73.2,72.0,53.3,59.4,0,0.6193916586565237
EC006359,SPT_A,Sports,8,Friday,8,28.4,83.3,126.0,51.2,60.5,4,0.6046159523684178
EC006884,SPT_A,Sports,23,Monday,4,28.2,82.7,14.0,41.1,37.2,0,0.4799956595757048
EC003176,BUS_A,Business,2,Wednesday,9,26.0,80.3,5.0,22.1,25.2,2,0.5882162933167606
EC001283,BUS_A,Business,23,Saturday,8,28.0,78.7,0.0,24.4,29.0,5,0.4564703717691081
EC006434,SPT_A,Sports,21,Tuesday,4,30.6,72.4,118.0,59.1,63.9,1,0.7962462004434182
EC004373,LEC_A,LectureHall,2,Saturday,1,24.4,83.0,15.0,19.1,19.6,5,0.9655304406389577
EC002395,SPT_A,Sports,2,Tuesday,11,25.9,85.7,7.0,36.0,28.8,1,0.6238743632715095
EC002472,RES_A,Residential,8,Saturday,10,27.6,82.1,214.0,44.1,46.9,5,0.6198536040526766
EC001208,SCI_B,Science,12,Thursday,6,30.9,72.4,134.0,96.9,92.4,3,1.1600626990426843
EC003549,RES_A,Residential,4,Sunday,4,27.1,74.1,166.0,51.3,48.3,6,0.5135332127996884
EC006871,LIB_A,Library,12,Sunday,6,29.5,82.7,61.0,41.1,39.5,6,0.4662636572920167
EC003090,BUS_A,Business,14,Monday,10,30.9,74.0,139.0,63.6,63.9,0,0.9380782694606129
EC007433,RES_A,Residential,8,Friday,10,28.6,81.2,174.0,41.2,46.6,4,0.5600955330989738
EC002577,ADM_A,Administration,18,Saturday,11,29.4,78.5,20.0,24.4,29.3,5,0.45134874610914466
EC000096,SCI_B,Science,3,Friday,7,27.3,78.4,14.0,62.6,70.5,4,1.0740819506933807
EC001808,BUS_B,Business,13,Monday,1,29.0,67.6,182.0,68.1,65.6,0,0.3921234909729277
EC005178,BUS_A,Business,3,Sunday,12,25.2,87.2,6.0,25.6,25.0,6,0.45889585540849775
EC004743,ENG_A,Engineering,12,Sunday,4,31.5,70.8,37.0,53.7,59.8,6,0.69712023827034
EC005260,ENG_B,Engineering,20,Tuesday,1,27.4,78.1,0.0,37.5,39.0,1,0.8622320121333708
EC003953,RES_A,Residential,10,Friday,6,29.0,80.5,159.0,43.6,45.2,4,0.6877713160063786
EC007389,ENG_A,Engineering,0,Monday,3,26.7,76.0,14.0,42.6,45.2,0,0.4123224109639343
EC000137,RES_A,Residential,8,Sunday,2,27.7,84.3,185.0,45.4,41.5,6,0.6199067350393564
EC005431,BUS_A,Business,4,Monday,4,27.1,72.9,0.0,10.6,20.7,0,7.7975176011024745
EC004005,ENG_A,Engineering,4,Friday,3,24.6,83.7,16.0,34.8,34.7,4,0.5521702545214838
EC002489,LEC_A,LectureHall,4,Friday,4,25.8,83.8,0.0,22.1,27.4,4,0.5224838612854646
EC004778,LIB_A,Library,15,Monday,8,30.8,71.8,196.0,65.6,59.7,0,0.6476761019237585
EC001011,LEC_A,LectureHall,12,Thursday,3,29.4,73.6,237.0,81.9,79.6,3,2.7669965126822667
EC004784,LIB_A,Library,14,Sunday,5,30.3,79.1,215.0,56.6,67.3,6,1.364167787254215
EC004919,ENG_A,Engineering,4,Sunday,12,25.9,81.3,1.0,63.6,42.4,6,1.2444207319654212
EC000936,BUS_B,Business,21,Wednesday,2,29.2,70.0,6.0,43.8,47.8,2,0.7259710164371037
EC000130,BUS_B,Business,8,Friday,8,27.4,85.2,44.0,42.1,39.6,4,0.46397917609412553
EC005495,RES_B,Residential,1,Sunday,7,27.3,81.9,121.0,37.0,38.4,6,0.6260933801412372
EC007590,ENG_B,Engineering,15,Saturday,5,29.6,74.5,64.0,60.2,52.6,5,0.5390735567495618
EC000327,ADM_A,Administration,6,Sunday,4,26.4,90.1,11.0,25.0,22.9,6,0.6284665397001982
EC003212,SCI_A,Science,15,Saturday,6,31.0,66.3,30.0,93.6,86.2,5,0.8573899866417899
EC003868,SCI_A,Science,15,Tuesday,3,31.3,64.5,103.0,92.4,101.1,1,0.6007675213193875
EC004998,ENG_A,Engineering,7,Wednesday,1,27.2,79.8,5.0,51.2,47.9,2,0.8482580348840827
EC005709,RES_A,Residential,13,Saturday,11,29.4,72.3,139.0,37.5,43.2,5,0.6076568175496201
EC005137,ENG_B,Engineering,3,Thursday,5,26.6,83.8,0.0,30.2,36.4,3,0.6896178103723446
EC004339,SPT_A,Sports,11,Friday,2,28.4,,27.0,38.3,44.7,4,1.2739124170554257
EC001579,RES_B,Residential,8,Tuesday,1,25.8,88.2,175.0,38.6,37.2,1,0.37609339140793674
EC003213,RES_A,Residential,21,Friday,12,23.7,95.8,260.0,47.1,52.5,4,1.4840344807240236
EC005268,SCI_B,Science,13,Wednesday,11,29.3,75.7,113.0,87.1,90.5,2,0.9989071588733665
EC000460,SPT_A,Sports,22,Thursday,10,28.2,74.5,33.0,42.5,48.9,3,0.5986338990001981
EC006584,LEC_A,LectureHall,21,Saturday,4,28.7,76.2,0.0,30.8,31.6,5,0.5507053202479295
EC005902,BUS_B,Business,11,Tuesday,7,29.5,76.0,165.0,67.5,65.4,1,0.6438496587502569
EC007556,SPT_A,Sports,10,Tuesday,9,29.2,73.2,44.0,48.7,40.7,1,0.6602942444445824
EC007754,ADM_A,Administration,19,Friday,8,29.3,71.0,2.0,24.4,29.8,4,0.6394257908447796
EC005112,LIB_A,Library,6,Friday,5,27.9,73.8,1.0,26.0,28.7,4,0.5959219878539486
EC004650,ENG_A,Engineering,11,Tuesday,7,29.6,74.4,140.0,92.2,81.2,1,0.6507566935352346
EC000434,RES_B,Residential,0,Monday,2,26.0,82.5,105.0,40.5,47.4,0,0.33523483256075326
EC005542,ENG_B,Engineering,3,Tuesday,12,24.7,87.7,14.0,33.2,35.7,1,0.5161540522755604
EC007719,SCI_A,Science,16,Monday,12,30.6,70.6,93.0,102.2,99.4,0,0.566137880157186
EC002558,RES_A,Residential,8,Saturday,11,27.4,81.0,189.0,48.0,51.8,5,0.5588245398062701
EC002313,RES_A,Residential,15,Thursday,8,28.9,75.9,144.0,41.1,44.6,3,0.5375469283834529
EC001782,SPT_A,Sports,1,Monday,12,27.1,79.2,13.0,37.3,37.7,0,0.7150431111410005
EC005817,RES_B,Residential,4,Friday,5,26.1,79.4,190.0,40.9,46.8,4,0.4177131474780806
EC003521,RES_B,Residential,12,Sunday,9,30.6,78.8,104.0,35.8,40.3,6,0.4814747197824747
EC007498,BUS_B,Business,21,Wednesday,3,29.4,70.2,24.0,49.9,48.1,2,0.5222004279711916
EC005681,LIB_A,Library,18,Tuesday,9,30.2,71.9,206.0,65.6,62.3,1,0.878953180335693
EC006458,LEC_A,LectureHall,14,Tuesday,1,31.0,71.7,207.0,71.8,67.9,1,1.100766550335059
EC001429,SCI_B,Science,12,Tuesday,5,30.4,82.7,110.0,88.4,94.7,1,0.8636560556386786
EC006444,RES_A,Residential,14,Wednesday,2,30.2,78.6,83.0,48.7,41.7,2,0.510305575586471
EC002302,RES_B,Residential,11,Tuesday,8,28.1,80.7,126.0,39.6,37.1,1,0.4865673555130303
EC004367,BUS_B,Business,16,Friday,10,30.0,70.7,134.0,65.1,62.7,4,0.5953102784478326
EC005944,SCI_B,Science,14,Saturday,7,30.0,73.4,,80.8,77.5,5,3.0782140979831554
EC007651,ENG_B,Engineering,7,Thursday,12,25.3,87.0,151.0,24.9,42.6,3,7.518712111137351
EC003409,SPT_A,Sports,12,Saturday,4,30.3,78.7,231.0,62.3,71.3,5,3.0548879514491523
EC005370,LIB_A,Library,14,Thursday,4,30.3,69.4,165.0,52.8,62.1,3,0.43848148044985946
EC001411,RES_B,Residential,1,Tuesday,5,28.4,75.0,133.0,56.8,49.2,1,0.6642416708454207
EC002458,SPT_A,Sports,8,Tuesday,5,29.5,75.7,106.0,57.9,56.0,1,0.6563449346305064
EC006882,SCI_B,Science,1,Saturday,5,26.9,84.3,0.0,65.1,62.1,5,0.9114403675950458
EC005730,BUS_B,Business,22,Thursday,11,26.4,83.4,22.0,34.8,40.2,3,0.5246744090283925
EC005663,LIB_A,Library,16,Saturday,4,32.2,70.9,268.0,67.5,75.3,5,3.5484145999306507
EC006363,LEC_A,LectureHall,14,Saturday,6,30.8,71.1,232.0,79.2,78.8,5,2.409558050810407
EC001396,LIB_A,Library,20,Saturday,7,28.7,75.0,142.0,54.6,55.2,5,0.6248437000719255
EC007241,BUS_B,Business,6,Thursday,11,25.2,85.8,26.0,39.4,40.5,3,0.4610991385518362
EC001231,ENG_A,Engineering,15,Thursday,12,29.3,68.7,164.0,86.0,74.1,3,0.5329771852094823
EC006699,SCI_A,Science,3,Friday,1,25.1,80.6,0.0,50.7,58.7,4,0.621825584153344
EC005197,BUS_B,Business,1,Thursday,6,27.9,76.6,0.0,16.1,38.5,3,3.433526375650371
EC007568,BUS_B,Business,12,Monday,10,28.7,76.4,174.0,60.8,66.2,0,0.6651715927808092
EC001707,BUS_A,Business,3,Tuesday,4,25.3,82.4,25.0,35.5,35.1,1,0.46092438818610115
EC005213,ENG_B,Engineering,7,Tuesday,12,26.5,74.3,,37.9,53.2,1,4.3566461122126645
EC006624,SCI_B,Science,18,Friday,1,28.4,84.9,44.0,65.0,77.7,4,0.9367356598354313
EC007875,ENG_B,Engineering,15,Friday,4,30.2,75.8,129.0,63.1,68.5,4,0.6676997556312441
EC005541,ENG_B,Engineering,20,Sunday,2,29.5,69.5,0.0,47.0,42.5,6,0.6020957663911225
EC000762,SCI_B,Science,22,Friday,11,28.4,70.1,5.0,71.4,64.0,4,1.6318789365723612
EC000134,ENG_A,Engineering,6,Thursday,6,26.5,77.5,9.0,40.7,47.4,3,0.622790964124948
EC000133,ADM_A,Administration,0,Friday,8,26.2,80.7,0.0,23.9,23.3,4,0.48877600227433843
EC004564,LEC_A,LectureHall,12,Thursday,7,30.2,72.0,190.0,83.1,79.5,3,0.935608932714414
EC004215,RES_A,Residential,8,Saturday,8,27.7,83.0,232.0,48.2,49.2,5,0.5740133972501547
EC006135,SPT_A,Sports,11,Sunday,6,29.0,74.9,9.0,44.9,43.2,6,0.729962891082095
EC007057,ENG_A,Engineering,15,Wednesday,7,31.4,73.8,179.0,70.1,79.9,2,0.521725930246342
EC002968,ADM_A,Administration,17,Friday,10,29.4,75.8,,32.6,37.7,4,1.1226812025046693
EC002091,SCI_B,Science,15,Tuesday,11,29.2,73.3,92.0,71.7,80.9,1,0.5026269316380929
EC007323,SPT_A,Sports,8,Sunday,11,25.2,78.1,112.0,43.0,45.7,6,1.1301519340192088
EC007266,RES_A,Residential,16,Tuesday,4,29.6,68.7,135.0,45.7,46.0,1,0.545812904712227
EC004220,BUS_A,Business,7,Wednesday,12,26.6,79.2,0.0,26.3,28.4,2,0.4618182116057157
EC000903,BUS_A,Business,11,Monday,1,30.8,76.4,119.0,53.5,58.8,0,1.0665712604702717
EC005723,ENG_A,Engineering,18,Wednesday,6,29.4,69.3,92.0,62.1,70.9,2,0.580075971590115
EC002956,RES_B,Residential,17,Saturday,3,31.4,77.1,94.0,47.6,47.6,5,0.5805240283285816
EC003712,SCI_A,Science,4,Friday,4,28.1,83.0,13.0,61.2,69.9,4,1.023314871227291
EC003184,RES_A,Residential,6,Saturday,8,26.5,79.4,210.0,43.0,50.9,5,0.5019542273659943
EC005872,BUS_B,Business,15,Wednesday,5,31.6,69.1,144.0,66.6,74.7,2,0.47789243830930156
EC002267,LIB_A,Library,12,Thursday,6,31.0,72.5,143.0,58.4,63.1,3,0.5542633304253266
EC006602,SCI_A,Science,6,Sunday,12,25.8,84.2,5.0,57.7,63.4,6,1.290944810113551
EC003425,ENG_B,Engineering,11,Tuesday,6,28.5,70.1,130.0,72.0,61.1,1,0.9840073935970427
EC001612,BUS_B,Business,1,Monday,12,25.0,89.4,5.0,39.3,35.4,0,0.6241461742177935
EC002070,BUS_B,Business,11,Wednesday,6,29.8,78.1,226.0,82.3,79.5,2,2.085044075879918
EC005045,ADM_A,Administration,8,Tuesday,11,27.0,79.1,43.0,30.9,28.4,1,0.48004462159894584
EC006277,SCI_A,Science,17,Thursday,6,31.4,74.0,68.0,99.8,106.2,3,0.49257991093416664
EC000082,LEC_A,LectureHall,13,Thursday,3,30.4,73.3,210.0,84.6,84.2,3,1.2329096448727463
EC004553,SPT_A,Sports,15,Tuesday,11,34.8,78.2,189.0,75.4,77.6,1,4.807933920071531
EC004622,ENG_B,Engineering,5,Monday,5,27.4,83.5,19.0,39.4,42.2,0,0.42247400616464853
EC005661,LIB_A,Library,21,Friday,7,27.8,,66.0,40.7,41.1,4,1.1970119411429705
EC000005,SCI_A,Science,6,Thursday,6,23.9,98.2,5.0,50.9,58.2,3,7.526336530344888
EC006706,BUS_B,Business,18,Sunday,4,29.9,75.0,17.0,44.9,46.4,6,0.49426357146231037
EC007734,RES_A,Residential,4,Thursday,3,26.3,75.7,167.0,60.0,51.8,3,0.6374514439172465
EC007227,ENG_A,Engineering,8,Friday,10,,74.3,150.0,36.4,55.2,4,2.977276621007929
EC007824,ENG_B,Engineering,10,Friday,10,27.6,85.7,124.0,57.6,55.4,4,0.7391184402493562
EC003385,RES_B,Residential,19,Monday,12,29.1,72.5,137.0,38.6,47.8,0,0.7403914419641948
EC002741,BUS_A,Business,7,Thursday,3,26.7,80.9,25.0,37.3,40.4,3,0.45316057247570746
EC005418,LEC_A,LectureHall,18,Thursday,5,29.9,73.8,108.0,,58.2,3,1.3309818050641748
EC000614,SPT_A,Sports,21,Monday,3,29.9,66.0,104.0,65.1,63.6,0,0.5906739263018514
EC002508,LEC_A,LectureHall,3,Thursday,5,25.7,87.2,21.0,30.8,33.3,3,0.4521807402678412
EC003781,SPT_A,Sports,4,Saturday,10,25.6,76.4,6.0,31.7,31.2,5,0.670915363279808
EC003863,LEC_A,LectureHall,4,Saturday,12,25.4,86.0,2.0,19.0,21.8,5,0.6697190247687125
EC000889,RES_A,Residential,14,Monday,5,32.0,70.3,76.0,46.4,48.0,0,0.749192969457023
EC007437,ADM_A,Administration,12,Tuesday,4,31.2,76.2,99.0,41.3,52.1,1,0.4774397346722998
EC007066,BUS_A,Business,12,Tuesday,11,29.5,74.6,132.0,58.6,57.2,1,0.7836595669044963
EC001913,RES_B,Residential,3,Sunday,11,25.7,82.0,193.0,44.5,50.0,6,0.6285437511558372
EC006329,SPT_A,Sports,10,Friday,6,28.4,78.5,25.0,39.4,45.6,4,0.4822314441023609
EC007588,LIB_A,Library,4,Saturday,1,25.5,79.4,22.0,29.3,28.3,5,0.5289758407740842
EC007999,SCI_B,Science,23,Friday,11,26.3,83.4,0.0,59.6,56.9,4,0.6276981419785537
EC001357,BUS_B,Business,10,Sunday,9,,79.7,19.0,39.3,39.5,6,1.5625577257894254
EC004432,BUS_B,Business,8,Friday,6,28.2,82.1,82.0,50.3,47.0,4,0.4562362672432237
EC006091,ENG_B,Engineering,23,Monday,9,27.5,80.6,0.0,,36.6,0,1.154609886815338
EC001142,SCI_B,Science,3,Thursday,9,26.4,80.0,0.0,51.0,57.9,3,0.5107388637096675
EC000009,LEC_A,LectureHall,13,Wednesday,5,30.6,,242.0,86.7,89.2,2,5.453751157185823
EC001037,SCI_B,Science,23,Thursday,3,26.2,88.9,0.0,63.2,61.5,3,0.7254323157720214
EC006742,LIB_A,Library,22,Sunday,1,28.6,83.8,53.0,41.1,47.1,6,0.6742340819602732
EC002579,RES_B,Residential,0,Monday,3,26.5,80.2,112.0,40.0,41.0,0,0.4388135307445998
EC000621,ENG_A,Engineering,5,Friday,1,27.3,81.6,2.0,46.4,40.0,4,0.673089588597383
EC002281,ENG_A,Engineering,7,Thursday,6,27.4,72.1,4.0,38.7,44.0,3,0.7428384672181471
EC002907,BUS_A,Business,13,Sunday,11,30.8,69.2,38.0,39.4,40.7,6,0.49292809079044325
EC002589,BUS_B,Business,18,Thursday,4,30.3,71.9,63.0,58.5,53.7,3,0.6481833595165044
EC001151,LEC_A,LectureHall,4,Thursday,10,26.0,79.8,11.0,23.3,23.6,3,0.5998204487289335
EC001659,BUS_A,Business,16,Thursday,5,35.0,82.5,145.0,64.8,72.9,3,3.7014400587710234
EC002773,RES_B,Residential,8,Monday,1,27.2,78.1,166.0,39.6,39.3,0,0.5144750323699093
EC007034,SCI_A,Science,4,Sunday,1,26.0,80.8,0.0,62.2,61.4,6,1.1578354953085488
EC001158,RES_A,Residential,9,Friday,12,27.0,85.7,195.0,45.7,46.2,4,0.7154781882882599
EC003890,SCI_A,Science,6,Thursday,10,26.8,76.9,0.0,78.1,69.6,3,1.5224871530820518
EC000226,SCI_B,Science,15,Tuesday,3,31.8,72.7,101.0,89.8,92.8,1,0.6712835646654062
EC006559,ENG_A,Engineering,15,Friday,12,29.5,74.3,187.0,83.7,81.8,4,0.652178875820134
EC006804,SCI_A,Science,19,Sunday,3,29.2,82.3,30.0,77.2,78.0,6,0.84958789616192
EC002677,SCI_A,Science,14,Wednesday,10,34.9,82.2,132.0,105.8,114.6,2,3.2149773594638273
EC004700,LEC_A,LectureHall,7,Thursday,5,27.3,85.6,21.0,30.5,36.2,3,0.5119015639612137
EC006612,BUS_B,Business,13,Monday,5,30.8,71.4,170.0,77.8,73.4,0,0.7821034731611232
EC004646,LEC_A,LectureHall,11,Friday,2,29.2,80.2,157.0,65.2,63.9,4,0.6288661251877031
EC003016,RES_A,Residential,8,Friday,3,28.6,78.8,212.0,51.9,52.2,4,0.5451018017511639
EC003963,BUS_B,Business,11,Friday,8,29.7,70.8,128.0,68.3,69.7,4,0.5881104653255222
EC002414,RES_B,Residential,13,Friday,12,28.6,78.6,99.0,36.6,42.1,4,0.40240562940999836
EC001260,SCI_A,Science,8,Sunday,7,27.8,72.9,14.0,59.6,74.7,6,1.176418115619781
EC005154,BUS_A,Business,16,Sunday,11,31.2,72.6,25.0,44.4,42.2,6,0.7266507094335615
EC000480,ADM_A,Administration,11,Saturday,12,29.5,79.2,22.0,29.2,29.6,5,0.7298502353174302
EC006542,SCI_B,Science,16,Wednesday,6,31.3,72.6,75.0,92.6,92.7,2,0.8905221202516763
EC005430,BUS_B,Business,19,Friday,9,28.9,74.7,1.0,36.5,41.8,4,0.560379996431665
EC001203,ADM_A,Administration,1,Monday,5,28.3,75.4,0.0,26.3,29.2,0,0.4853404985348164
EC006453,ENG_A,Engineering,15,Monday,7,29.6,74.8,176.0,88.8,87.1,0,0.47220745809617154
EC000868,SCI_A,Science,12,Saturday,4,28.9,80.4,35.0,75.3,80.5,5,0.7318283273023832
EC004812,RES_A,Residential,5,Thursday,3,28.8,79.4,253.0,62.9,57.3,3,0.9540532230920294
EC003647,ADM_A,Administration,3,Thursday,8,27.5,84.7,0.0,26.2,23.2,3,0.6537832443459594
EC007110,ENG_A,Engineering,10,Saturday,3,29.2,72.8,32.0,55.3,60.0,5,0.5071906019501661
EC007276,SCI_B,Science,6,Monday,9,26.3,85.0,0.0,48.2,56.7,0,0.36688134151790136
EC002563,RES_A,Residential,3,Friday,4,26.4,78.7,184.0,49.2,48.4,4,0.5365473848764004
EC001634,RES_B,Residential,14,Monday,3,30.6,76.2,102.0,39.9,46.4,0,0.3837586368856616
EC001022,RES_A,Residential,0,Friday,9,27.6,82.4,139.0,47.4,48.5,4,0.37030655040211785
EC000172,ENG_B,Engineering,0,Monday,12,26.2,90.6,17.0,36.4,40.2,0,0.4053302055610306
EC002431,SCI_B,Science,17,Monday,1,30.0,75.4,156.0,100.0,98.7,0,1.0087572837044476
EC005865,SCI_A,Science,5,Friday,3,25.1,83.6,0.0,56.5,60.7,4,0.4790358707216062
EC006243,SPT_A,Sports,20,Thursday,1,27.3,79.7,151.0,63.9,66.9,3,0.8829737123949292
EC001942,RES_B,Residential,4,Saturday,7,27.5,81.6,,37.9,45.0,5,0.6487714869090536
EC002951,LEC_A,LectureHall,9,Wednesday,10,27.5,78.4,80.0,34.2,39.5,2,0.4912520835137332
EC002224,BUS_A,Business,0,Sunday,7,26.6,89.9,0.0,27.7,28.2,6,0.3303600377861001
EC003618,LIB_A,Library,2,Saturday,10,25.0,84.9,28.0,30.3,30.3,5,0.43766074474084155
EC002234,LEC_A,LectureHall,23,Sunday,11,27.4,83.2,0.0,20.4,20.2,6,0.6715683358612181
EC000071,ENG_B,Engineering,1,Wednesday,8,25.6,77.5,37.0,40.4,35.4,2,0.5095785781791253
EC004547,BUS_B,Business,16,Monday,4,30.8,75.2,105.0,58.0,62.4,0,0.513213061712511
EC004672,BUS_B,Business,15,Saturday,9,30.7,69.3,24.0,41.0,42.5,5,0.4051258361011481
EC004028,SPT_A,Sports,12,Sunday,4,29.5,77.6,57.0,51.0,51.8,6,0.49737800933885684
EC006978,ENG_B,Engineering,8,Friday,9,23.6,96.5,27.0,27.5,34.8,4,6.124495380611452
EC000951,SCI_A,Science,12,Saturday,9,28.6,85.2,18.0,61.8,77.2,5,0.5871070914452681
EC005083,BUS_A,Business,9,Wednesday,2,28.5,81.7,89.0,42.8,44.2,2,0.4490719163236929
EC007012,ENG_A,Engineering,12,Sunday,1,29.0,81.1,28.0,57.2,61.0,6,1.051855961154371
EC001374,BUS_A,Business,16,Friday,9,30.2,71.6,93.0,50.2,53.5,4,0.5622417298191499
EC007670,BUS_B,Business,9,Tuesday,10,26.3,77.7,177.0,24.8,51.0,1,4.899741619964997
EC006949,ENG_B,Engineering,16,Tuesday,7,30.5,73.8,104.0,61.2,70.8,1,0.5153028241117894
EC000916,ENG_B,Engineering,1,Sunday,5,27.3,78.6,13.0,43.6,45.0,6,0.6174036427688795
EC005622,ENG_A,Engineering,21,Friday,1,28.9,76.1,23.0,56.4,56.0,4,0.7197279513573591
EC003473,LIB_A,Library,0,Thursday,4,27.1,81.8,8.0,40.3,34.6,3,0.7925166958238631
EC001820,SCI_A,Science,22,Sunday,12,29.1,79.4,0.0,63.9,73.5,6,0.6312037432457401
EC004608,SCI_A,Science,15,Sunday,12,30.6,80.0,49.0,108.2,91.5,6,0.7266618790497529
EC002827,ADM_A,Administration,13,Monday,6,30.8,65.6,112.0,47.0,44.8,0,0.30416488441769857
EC005850,BUS_B,Business,19,Friday,6,30.4,66.6,0.0,46.9,48.5,4,0.5539781622672421
EC000042,RES_B,Residential,15,Tuesday,8,30.9,69.6,79.0,39.6,40.6,1,0.6786052638583618
EC003704,BUS_A,Business,22,Friday,4,26.7,79.2,7.0,32.1,38.7,4,0.5426457655287226
EC007868,ADM_A,Administration,1,Wednesday,2,27.6,77.1,6.0,25.8,25.8,2,0.5438359888915867
EC006661,ENG_B,Engineering,20,Wednesday,3,28.9,83.5,29.0,43.9,51.9,2,0.5700430741652702
EC001990,SCI_B,Science,0,Monday,8,26.4,85.5,12.0,53.3,62.3,0,0.42431761983687427
EC002559,SCI_A,Science,11,Wednesday,5,30.4,70.6,107.0,91.2,96.8,2,0.7951920874373352
EC006703,ADM_A,Administration,15,Saturday,2,30.9,71.9,30.0,26.3,29.1,5,0.435613954143121
EC003927,RES_A,Residential,9,Friday,12,27.4,72.9,144.0,39.5,42.9,4,0.5565504629229585
EC002058,ENG_A,Engineering,7,Sunday,4,,,15.0,50.9,46.7,6,7.697232758456973
EC007738,RES_B,Residential,22,Friday,3,27.6,81.3,226.0,59.0,53.1,4,0.5135892301550695
EC006788,SCI_B,Science,1,Sunday,6,28.0,70.9,0.0,66.5,63.3,6,1.3354296587885746
EC005496,ENG_B,Engineering,2,Sunday,3,26.7,73.1,1.0,67.6,49.9,6,2.9714104446830643
EC000479,ENG_A,Engineering,14,Monday,6,30.5,71.3,210.0,88.8,89.3,0,0.8090059503456536
EC006289,BUS_B,Business,9,Sunday,6,27.8,71.5,0.0,33.5,35.4,6,0.6738985008934884
EC002749,SCI_B,Science,13,Wednesday,5,34.1,89.3,153.0,115.2,111.5,2,2.6204109618536857
EC002989,RES_A,Residential,17,Wednesday,12,28.6,85.0,140.0,48.8,44.9,2,0.4818070856102597
EC007677,ADM_A,Administration,3,Friday,2,25.7,75.2,0.0,21.1,24.4,4,0.6978069531160865
EC001501,SCI_A,Science,7,Friday,6,26.8,79.6,0.0,64.5,61.9,4,0.6502224971303198
EC004738,LEC_A,LectureHall,17,Friday,10,29.9,73.1,134.0,63.4,68.4,4,0.5685969609031252
EC005999,ENG_A,Engineering,12,Monday,1,29.3,76.8,209.0,82.7,78.1,0,1.1062390010185568
EC002367,BUS_B,Business,19,Wednesday,11,29.9,72.7,0.0,39.4,48.8,2,0.5485793741194026
EC003477,SPT_A,Sports,23,Thursday,10,27.5,78.6,1.0,38.7,35.3,3,0.6128564959179222
EC005031,SPT_A,Sports,9,Thursday,2,28.3,78.2,71.0,47.3,50.9,3,0.4702634075214682
EC003508,LEC_A,LectureHall,10,Monday,8,30.0,79.3,,45.1,50.8,0,1.5738042061466022
EC004094,SCI_A,Science,8,Tuesday,9,26.8,76.6,37.0,68.1,73.7,1,0.7830937124998096
EC002125,ADM_A,Administration,20,Thursday,8,28.7,77.3,0.0,26.7,29.9,3,0.5605764564124303
EC006944,RES_B,Residential,6,Sunday,6,28.6,75.5,173.0,51.4,51.8,6,0.5003080700398059
EC000932,LEC_A,LectureHall,13,Thursday,4,30.6,70.7,236.0,94.2,86.3,3,3.3808627357713106
EC003201,BUS_A,Business,4,Monday,6,26.7,78.9,18.0,28.2,35.2,0,0.41524813075941075
EC003683,LIB_A,Library,16,Saturday,8,28.3,79.5,218.0,50.3,50.5,5,0.9050870256558143
EC002438,LIB_A,Library,16,Saturday,12,29.2,75.1,216.0,61.6,57.9,5,1.2345833615949116
EC000588,SCI_A,Science,12,Thursday,5,29.0,81.3,122.0,100.3,95.2,3,0.6672572296677888
EC007145,SPT_A,Sports,21,Monday,9,28.2,80.7,75.0,52.2,47.3,0,0.3745827131663969
EC003818,SCI_A,Science,8,Sunday,10,27.2,,32.0,79.1,71.5,6,1.761297289325901
EC005551,SPT_A,Sports,11,Saturday,4,28.9,78.8,6.0,46.0,43.4,5,0.7064681915152394
EC006437,SCI_A,Science,7,Thursday,3,27.4,81.2,94.0,43.6,78.9,3,0.46098225784720037
EC001866,SPT_A,Sports,22,Friday,12,27.1,74.9,43.0,70.3,53.7,4,1.3812901255316592
EC004918,LIB_A,Library,13,Wednesday,9,29.6,75.1,137.0,60.0,49.7,2,0.5974767917987794
EC006895,LEC_A,LectureHall,15,Tuesday,11,30.0,80.4,178.0,79.0,69.4,1,1.0478226236327164
EC003310,RES_A,Residential,10,Thursday,3,30.0,79.0,158.0,46.7,49.7,3,0.6133823874710199
EC001113,ENG_A,Engineering,12,Friday,12,29.7,79.8,201.0,85.8,89.8,4,0.9308352335230669
EC000875,ENG_B,Engineering,16,Thursday,9,30.5,68.6,126.0,52.9,64.8,3,0.5068665810166911
EC006958,LEC_A,LectureHall,10,Wednesday,12,28.5,81.8,145.0,52.3,61.6,2,0.7637977553294543
EC002050,LEC_A,LectureHall,8,Tuesday,2,27.1,77.0,64.0,34.5,42.3,1,0.4996565329527995
EC001047,SPT_A,Sports,7,Monday,9,26.3,86.5,145.0,59.9,56.0,0,0.680993816593851
EC007139,SCI_A,Science,8,Friday,1,28.0,77.7,42.0,83.9,84.2,4,0.7029707808776954
EC004001,SCI_A,Science,21,Thursday,5,29.3,73.5,29.0,94.5,85.1,3,0.8429643116130339
EC005864,ENG_A,Engineering,19,Sunday,7,27.5,77.8,8.0,38.4,42.1,6,0.5798643525227767
EC001003,ENG_A,Engineering,13,Tuesday,7,28.8,81.3,182.0,86.3,83.1,1,1.053916193398816
EC005982,RES_A,Residential,5,Wednesday,10,25.7,80.9,210.0,42.5,47.4,2,0.46216664021214443
EC000396,ENG_B,Engineering,11,Tuesday,5,31.0,77.8,154.0,86.0,83.1,1,0.9843682032876033
EC007828,ENG_A,Engineering,0,Friday,6,27.7,79.2,0.0,50.4,45.7,4,0.45990438320260385
EC001758,SCI_A,Science,21,Thursday,2,27.8,78.3,28.0,69.5,79.8,3,0.7057609127844244
EC003171,RES_B,Residential,10,Wednesday,12,28.2,71.4,120.0,36.0,36.8,2,0.4687084272959671
EC004082,SPT_A,Sports,10,Monday,5,29.4,79.2,11.0,44.4,48.1,0,0.6331928031921292
EC001439,ENG_A,Engineering,19,Thursday,4,30.4,71.5,27.0,55.7,59.3,3,0.6480467146657717
EC003242,SPT_A,Sports,16,Saturday,2,,74.1,95.0,50.8,54.7,5,1.9324652634814674
EC000719,ADM_A,Administration,23,Sunday,3,26.9,82.5,4.0,23.0,21.7,6,0.52052808191742
EC005631,ENG_B,Engineering,19,Friday,9,29.8,74.9,9.0,52.8,46.4,4,0.6956477323659271
EC003733,ENG_B,Engineering,20,Thursday,2,27.9,70.1,21.0,47.0,43.1,3,0.5606245748431756
EC007516,SCI_B,Science,6,Wednesday,10,27.4,82.3,17.0,58.0,62.3,2,0.6545557179189491
EC003700,ENG_B,Engineering,18,Saturday,10,27.6,77.1,27.0,40.2,39.9,5,0.6133462928015878
EC003449,SCI_B,Science,20,Friday,9,28.7,72.9,26.0,75.0,71.2,4,1.0173073527105307
EC001247,ENG_B,Engineering,8,Saturday,1,26.5,86.2,28.0,44.6,42.4,5,0.6736817412422345
EC004513,ENG_B,Engineering,7,Sunday,9,27.4,80.8,28.0,42.4,46.3,6,0.4903312198754165
EC004498,SCI_B,Science,17,Sunday,6,30.6,69.6,5.0,61.9,72.1,6,1.1816032168051478
EC007609,ENG_A,Engineering,5,Thursday,8,25.8,85.1,16.0,43.0,42.2,3,0.48049386610839445
EC001904,LIB_A,Library,1,Friday,10,27.4,76.9,3.0,27.3,27.4,4,0.9300244469042548
EC006406,LEC_A,LectureHall,21,Friday,4,28.9,70.6,0.0,25.4,29.2,4,0.5370888587281976
EC003369,LIB_A,Library,0,Thursday,7,28.0,80.8,0.0,35.0,34.8,3,0.5109497611010619
EC002699,RES_A,Residential,18,Thursday,8,29.0,73.0,122.0,46.1,40.1,3,0.6059824257322778
EC007270,BUS_A,Business,8,Monday,10,27.8,80.2,75.0,42.2,43.6,0,0.36459592340955405
EC000032,SCI_B,Science,18,Monday,1,28.3,78.3,44.0,72.6,75.2,0,1.0375251764792233
EC004296,RES_A,Residential,18,Saturday,12,31.2,,232.0,52.2,58.4,5,2.079950231824883
EC003903,SCI_B,Science,5,Saturday,10,25.1,88.5,0.0,55.0,53.9,5,0.5224137801828467
EC002366,ENG_B,Engineering,0,Friday,5,26.7,82.8,7.0,33.8,43.2,4,0.6021703558593944
EC000595,SCI_B,Science,2,Friday,11,26.0,79.4,0.0,53.1,53.7,4,0.47478429164841135
EC004329,RES_B,Residential,0,Sunday,1,26.5,77.7,92.0,40.7,43.2,6,0.4571874130507047
EC006238,ADM_A,Administration,23,Saturday,7,26.8,87.6,0.0,20.7,22.5,5,0.912548456782262
EC005877,LEC_A,LectureHall,23,Saturday,5,27.4,83.7,20.0,26.6,27.4,5,0.5661543857508855
EC001053,ENG_A,Engineering,13,Friday,9,30.4,72.3,177.0,77.5,79.1,4,0.7907374344395257
EC005486,SCI_A,Science,3,Thursday,12,25.8,86.2,5.0,63.0,62.0,3,1.087413217153057
EC005183,ENG_B,Engineering,21,Saturday,3,29.2,79.3,24.0,41.3,49.2,5,0.5721989438555682
EC003188,BUS_A,Business,21,Tuesday,7,29.5,75.1,9.0,37.5,44.2,1,0.7990922091369074
EC002815,LEC_A,LectureHall,9,Sunday,2,27.1,74.1,48.0,31.6,35.3,6,0.5136898968841477
EC007727,BUS_B,Business,1,Tuesday,11,25.5,74.7,34.0,40.7,39.0,1,0.9326919550663086
EC007716,ENG_A,Engineering,0,Friday,7,28.4,79.0,0.0,41.0,43.1,4,0.577232341272872
EC000536,LEC_A,LectureHall,14,Sunday,11,29.6,83.3,33.0,35.8,34.1,6,0.5549407055874161
EC007530,RES_B,Residential,13,Thursday,5,31.9,66.4,118.0,45.9,50.6,3,0.4885353435509682
EC003563,RES_B,Residential,18,Saturday,3,30.0,72.4,193.0,40.6,45.3,5,0.6158864880641279
EC000448,BUS_A,Business,1,Wednesday,9,26.5,83.3,0.0,30.3,34.3,2,0.6316764570525534
EC004674,RES_A,Residential,1,Tuesday,6,,78.4,103.0,43.9,42.1,1,1.201267677316279
EC007231,BUS_B,Business,1,Friday,11,26.0,78.3,15.0,38.3,38.1,4,0.5768546772999592
EC003193,RES_A,Residential,22,Monday,7,28.1,79.2,246.0,64.3,60.7,0,0.6309884532602164
EC007355,RES_B,Residential,6,Monday,12,25.7,84.2,190.0,54.1,49.5,0,0.36760621300193774
EC007538,SCI_B,Science,0,Tuesday,9,,81.0,3.0,61.8,64.8,1,1.7409446256063719
EC003823,LIB_A,Library,7,Sunday,1,26.7,83.0,0.0,31.2,29.2,6,0.6425860221064658
EC002173,ENG_A,Engineering,2,Thursday,5,26.2,80.8,5.0,67.6,52.2,3,2.100451088689527
EC000610,ADM_A,Administration,11,Thursday,11,27.9,78.4,90.0,36.5,37.1,3,0.47214187172047967
EC000404,BUS_B,Business,19,Sunday,12,28.4,67.6,0.0,35.6,33.3,6,0.560797734565094
EC001550,BUS_B,Business,15,Wednesday,9,29.5,77.7,184.0,71.8,70.6,2,0.7961799499217512
EC003582,ENG_A,Engineering,7,Monday,11,26.8,85.0,5.0,44.7,44.0,0,0.5805792377431455
EC007966,LEC_A,LectureHall,21,Monday,9,28.5,76.6,1.0,31.6,26.1,0,0.5147041300925713
EC007996,ENG_B,Engineering,10,Friday,4,29.7,71.3,108.0,66.8,62.1,4,0.7850293930204112
EC004814,LEC_A,LectureHall,4,Saturday,2,26.5,85.8,0.0,8.7,17.7,5,3.2997397713723284
EC001749,RES_A,Residential,20,Thursday,6,30.2,85.0,204.0,54.5,51.3,3,0.6522007062279445
EC004960,SCI_B,Science,0,Monday,11,26.0,80.8,8.0,53.2,57.9,0,0.43424617662059917
EC003429,ENG_A,Engineering,14,Monday,3,30.3,78.3,203.0,90.2,90.2,0,0.7198991224443668
EC002599,LIB_A,Library,17,Tuesday,10,30.4,75.7,206.0,57.1,58.3,1,0.7998132323018337
EC006660,LEC_A,LectureHall,19,Saturday,2,28.6,79.8,263.0,74.2,81.9,5,4.338116484063465
EC003454,ADM_A,Administration,23,Wednesday,3,27.3,81.6,19.0,29.0,27.7,2,0.6282984347299242
EC000177,ADM_A,Administration,14,Monday,7,30.1,72.6,109.0,44.2,47.2,0,0.6567850849146165
EC007446,ENG_A,Engineering,1,Saturday,10,27.0,86.4,16.0,45.3,42.8,5,0.4156778455934101
EC000599,SCI_A,Science,8,Sunday,12,26.5,82.6,32.0,51.0,60.4,6,0.46408818986322903
EC001190,LEC_A,LectureHall,22,Friday,8,27.7,78.9,46.0,25.4,35.4,4,0.5626534940288158
EC007741,RES_A,Residential,4,Saturday,3,25.9,85.7,175.0,46.9,50.7,5,0.6928734976976956
EC001757,SCI_A,Science,9,Sunday,2,27.8,73.5,6.0,79.5,69.6,6,2.5912001367026387
EC001301,LIB_A,Library,17,Saturday,12,29.4,72.6,206.0,56.6,55.9,5,0.7930907401579386
EC002150,RES_B,Residential,23,Monday,10,26.3,83.7,223.0,45.9,42.7,0,0.2878628266053077
EC002004,ENG_B,Engineering,23,Tuesday,4,26.2,77.5,12.0,41.6,35.9,1,0.6682897737285698
EC005321,BUS_A,Business,14,Wednesday,6,31.4,67.0,137.0,60.0,60.8,2,0.46895826143164493
EC003305,RES_B,Residential,12,Tuesday,11,30.1,72.2,97.0,31.0,41.8,1,0.3666957339761857
EC002097,LEC_A,LectureHall,23,Wednesday,7,28.5,73.5,22.0,75.4,50.7,2,2.8033360242553003
EC002919,BUS_A,Business,23,Sunday,3,28.0,76.4,9.0,27.6,33.3,6,0.5485663689437835
EC007375,LIB_A,Library,21,Monday,11,28.0,86.6,77.0,42.8,49.4,0,0.5578919770785568
EC002208,LIB_A,Library,2,Tuesday,8,25.8,82.8,0.0,21.8,23.9,1,0.5802735327314815
EC007157,BUS_B,Business,9,Saturday,10,27.9,78.0,6.0,31.3,31.0,5,0.5463027506275471
EC003858,ENG_A,Engineering,4,Thursday,7,25.7,87.0,2.0,39.4,41.9,3,0.8292804221036737
EC002515,ENG_A,Engineering,17,Sunday,11,30.2,71.9,16.0,54.1,53.0,6,0.42926621010971366
EC002695,SCI_B,Science,18,Wednesday,1,29.1,75.9,50.0,71.3,76.5,2,1.1812209924952504
EC006734,SPT_A,Sports,21,Wednesday,2,27.8,81.3,91.0,49.2,53.5,2,0.5686017907047244
EC004537,RES_B,Residential,0,Monday,5,25.7,85.3,115.0,44.8,41.6,0,0.39511444011526
EC004566,LIB_A,Library,22,Monday,4,28.3,81.7,57.0,39.4,44.8,0,0.5554108416809465
EC003002,ENG_B,Engineering,18,Friday,2,28.8,76.2,44.0,49.6,58.2,4,0.6032863335328276
EC001673,SCI_A,Science,7,Monday,9,27.5,79.6,0.0,57.2,65.7,0,0.5876986576924442
EC000844,SCI_B,Science,21,Sunday,6,29.4,70.7,0.0,73.7,69.0,6,1.325483613473436
EC006806,RES_A,Residential,11,Thursday,6,31.0,,155.0,51.1,51.7,3,1.0327560190114826
EC001055,ENG_B,Engineering,8,Wednesday,8,26.6,78.7,86.0,50.5,57.4,2,0.4920909026986293
EC004413,RES_A,Residential,21,Saturday,7,27.9,84.7,296.0,53.1,64.7,5,0.7133545025490887
EC001091,ENG_B,Engineering,1,Friday,8,25.2,85.5,2.0,60.9,44.2,4,1.4336176751710736
EC001278,RES_A,Residential,23,Saturday,12,26.8,81.7,311.0,60.9,60.1,5,1.154037040173343
EC003343,BUS_B,Business,14,Monday,12,29.5,77.7,157.0,69.7,74.8,0,0.44600578946102426
EC002286,ADM_A,Administration,18,Friday,10,30.2,75.0,45.0,42.8,36.4,4,0.5202546359151179
EC005561,RES_A,Residential,5,Thursday,3,27.4,80.6,239.0,53.3,56.4,3,0.5712993162948079
EC002454,BUS_B,Business,19,Monday,2,28.6,84.1,30.0,49.1,51.0,0,0.3728803945180823
EC002263,ENG_B,Engineering,7,Saturday,9,26.6,86.7,0.0,35.9,36.3,5,0.6902837036834872
EC002045,BUS_B,Business,16,Wednesday,5,32.4,66.0,106.0,68.2,62.7,2,0.7451885947024015
EC001097,SCI_A,Science,0,Sunday,3,26.7,80.7,11.0,54.8,63.5,6,0.652552904335499
EC003376,SCI_B,Science,22,Tuesday,7,27.7,79.5,4.0,66.0,65.2,1,1.2880419694099774
EC005172,LEC_A,LectureHall,0,Wednesday,8,27.8,72.1,0.0,29.5,23.8,2,0.9080008316577893
EC007648,BUS_A,Business,0,Monday,12,26.8,78.3,0.0,19.6,27.1,0,0.40120056983905306
EC005301,ENG_B,Engineering,5,Thursday,6,27.2,82.2,0.0,41.8,43.3,3,0.5745043841843513
EC002756,LIB_A,Library,5,Sunday,12,26.1,85.0,25.0,24.2,28.8,6,0.5215605183731767
EC007007,SPT_A,Sports,15,Monday,8,35.5,88.4,191.0,81.9,78.0,0,4.850000079805602
EC002688,SCI_A,Science,16,Friday,11,29.5,75.0,90.0,75.0,85.7,4,0.5119554328920276
EC000408,ENG_A,Engineering,2,Tuesday,3,27.1,78.3,0.0,42.5,43.9,1,0.4294137209294378
EC000156,LEC_A,LectureHall,1,Saturday,12,25.6,76.8,0.0,20.8,21.6,5,0.6042288745416183
EC007213,SPT_A,Sports,18,Saturday,11,24.8,97.0,145.0,46.8,51.3,5,5.562534774915749
EC001688,BUS_A,Business,18,Wednesday,11,28.8,73.0,79.0,46.1,45.8,2,0.6740437039524222
EC000537,ENG_A,Engineering,3,Monday,9,27.8,75.7,0.0,45.2,43.3,0,0.49732009338001176
EC001489,SCI_A,Science,11,Thursday,2,31.4,66.9,138.0,116.1,110.0,3,0.5118888368154145
EC003778,SPT_A,Sports,20,Saturday,6,30.2,71.0,178.0,63.4,66.0,5,0.861505449896056
EC001370,ENG_A,Engineering,4,Monday,6,26.1,87.5,0.0,42.6,45.1,0,0.4761253928798972
EC006983,ENG_B,Engineering,0,Tuesday,2,27.5,71.3,0.0,40.2,39.4,1,1.6186629662129368
EC001629,ENG_A,Engineering,3,Saturday,10,24.6,82.2,14.0,32.5,34.4,5,0.6738003100100353
EC003172,RES_B,Residential,21,Saturday,8,29.1,73.3,225.0,46.9,53.0,5,0.4736700195827864
EC001060,BUS_B,Business,16,Tuesday,2,29.9,70.4,119.0,58.1,61.2,1,0.6357704217312614
EC007121,ENG_A,Engineering,3,Sunday,8,26.4,80.4,0.0,35.6,38.1,6,0.511048150297927
EC005603,SCI_A,Science,8,Wednesday,5,29.1,79.7,67.0,89.3,86.7,2,0.5141125147053975
EC005513,LIB_A,Library,10,Saturday,11,28.0,75.3,261.0,50.6,52.8,5,1.4378641002227068
EC001252,ADM_A,Administration,22,Saturday,12,27.3,84.4,0.0,21.1,17.3,5,0.8526327268755487
EC002596,LEC_A,LectureHall,9,Friday,3,28.5,79.2,95.0,42.3,44.4,4,0.4920374804108137
EC001794,SCI_A,Science,6,Saturday,4,27.9,73.2,0.0,67.3,74.5,5,1.0572305187047362
EC004415,ADM_A,Administration,19,Friday,7,29.6,75.4,0.0,24.7,28.7,4,0.47414339775272163
EC004667,LEC_A,LectureHall,17,Tuesday,10,28.7,80.8,110.0,44.5,51.5,1,0.7739577597772499
EC001456,ENG_B,Engineering,23,Sunday,4,25.9,78.2,0.0,34.3,32.1,6,0.5705698186875866
EC000180,BUS_A,Business,15,Sunday,11,30.6,76.8,33.0,47.4,39.6,6,0.5161819958223552
EC001180,ENG_B,Engineering,18,Thursday,1,30.6,75.0,61.0,56.9,54.2,3,0.5875328391624767
EC000231,ADM_A,Administration,12,Friday,2,30.0,75.2,100.0,40.1,42.2,4,0.4028808104117891
EC001525,BUS_B,Business,0,Sunday,8,27.4,73.8,0.0,30.9,27.2,6,0.43754546999160143
EC004242,BUS_A,Business,9,Monday,11,27.4,78.7,91.0,40.9,42.7,0,0.43440298649221104
EC001752,ENG_B,Engineering,3,Wednesday,9,26.7,79.5,0.0,30.6,33.1,2,0.5488858124176389
EC007181,RES_A,Residential,7,Tuesday,7,26.9,79.0,190.0,50.3,56.5,1,0.5455351071659817
EC007307,BUS_B,Business,3,Thursday,4,26.2,87.9,11.0,41.1,43.5,3,0.5826900623747706
EC000459,SCI_A,Science,2,Wednesday,2,26.5,83.7,0.0,56.4,64.6,2,0.5800429000714463
EC006036,RES_B,Residential,17,Thursday,3,29.5,73.1,87.0,38.7,43.8,3,0.5895446657059988
EC001319,SCI_A,Science,17,Friday,3,29.0,81.5,59.0,71.7,80.8,4,0.4938819345478418
EC006104,ENG_A,Engineering,21,Friday,3,27.3,74.3,44.0,52.8,54.7,4,0.5902552439468794
EC007274,SPT_A,Sports,11,Saturday,5,30.5,79.3,7.0,41.0,44.8,5,0.69984095485704
EC006317,RES_B,Residential,2,Friday,8,26.3,84.1,128.0,47.3,45.6,4,0.5397204635236981
EC006403,LIB_A,Library,10,Saturday,12,28.9,83.4,71.0,41.4,43.7,5,0.4515717208749093
EC006402,ADM_A,Administration,15,Wednesday,4,30.9,73.5,94.0,,45.4,2,0.887561476807034
EC006118,BUS_A,Business,13,Monday,8,30.0,,145.0,55.0,57.4,0,1.2984891127164317
EC007625,ENG_B,Engineering,6,Wednesday,11,25.7,87.2,0.0,34.7,32.2,2,0.5083899108431206
EC001968,LIB_A,Library,19,Tuesday,4,30.5,73.7,178.0,70.3,64.1,1,0.6914016149856421
EC007293,ENG_B,Engineering,18,Monday,11,29.8,74.2,49.0,51.0,54.3,0,0.502757888857261
EC006999,SCI_B,Science,9,Monday,12,26.9,82.4,11.0,58.4,63.9,0,1.0320567545325645
EC005249,RES_A,Residential,6,Friday,1,25.7,89.2,247.0,51.6,54.7,4,0.36011626014561077
EC006506,SPT_A,Sports,7,Thursday,10,25.6,82.6,130.0,51.3,52.3,3,0.6135550568185429
EC000504,ENG_B,Engineering,20,Monday,12,27.3,76.7,2.0,35.7,36.0,0,0.4749217801966966
EC003315,BUS_A,Business,0,Monday,5,27.5,75.5,0.0,31.1,36.8,0,0.3123124287460851
EC001415,ENG_B,Engineering,2,Monday,12,24.6,79.2,7.0,56.5,41.7,0,0.8733814634445094
EC005829,RES_A,Residential,19,Monday,6,29.5,73.2,161.0,49.3,53.1,0,1.244068707889943
EC007192,SCI_B,Science,17,Wednesday,12,30.1,73.9,50.0,86.3,83.4,2,1.1619752984364051
EC000989,BUS_B,Business,17,Wednesday,5,30.6,68.6,67.0,57.8,64.3,2,0.6100668845016767
EC001305,RES_A,Residential,21,Wednesday,10,26.7,79.0,301.0,57.2,55.7,2,1.1914057153632727
EC001959,SCI_A,Science,23,Friday,3,29.2,77.5,12.0,82.3,82.1,4,1.3761230698512361
EC002144,SCI_A,Science,1,Wednesday,7,26.4,89.5,10.0,63.2,67.4,2,1.2617159694203104
EC000400,LIB_A,Library,19,Thursday,9,30.7,79.9,149.0,47.5,53.0,3,0.6351338219704349
EC007094,LEC_A,LectureHall,7,Tuesday,3,24.6,95.3,27.0,29.6,30.9,1,2.8450249001518717
EC001969,LIB_A,Library,12,Wednesday,1,28.9,76.3,162.0,51.8,52.6,2,0.6293085307358653
EC005298,BUS_A,Business,19,Thursday,3,28.0,82.2,12.0,35.0,37.1,3,0.5851781451914146
EC004741,ENG_B,Engineering,8,Tuesday,2,,69.6,80.0,49.0,55.4,1,2.2992739962679245
EC003205,BUS_B,Business,8,Tuesday,10,27.2,79.1,97.0,49.9,48.7,1,0.3813767762462031
EC006595,SPT_A,Sports,13,Sunday,3,32.2,75.5,10.0,49.5,54.9,6,0.6871367318501276
EC004500,SCI_A,Science,19,Sunday,2,28.7,66.9,10.0,76.8,70.9,6,2.1499922171786308
EC000303,BUS_B,Business,4,Thursday,8,25.7,84.2,14.0,33.1,37.5,3,0.5533434862310658
EC005762,RES_B,Residential,8,Tuesday,11,26.1,86.6,137.0,29.6,30.9,1,1.2062792801209732
EC000575,RES_A,Residential,11,Wednesday,12,29.0,78.4,140.0,41.1,43.9,2,0.5246466161665525
EC002170,LEC_A,LectureHall,17,Thursday,10,28.9,79.9,133.0,56.9,57.2,3,0.7056747696409195
EC004391,RES_A,Residential,18,Saturday,12,31.0,77.7,148.0,45.0,47.9,5,0.6735474928807215
EC004300,BUS_A,Business,8,Tuesday,9,25.7,84.8,79.0,34.8,38.1,1,0.5471423107150484
EC002240,SCI_B,Science,16,Sunday,4,30.7,78.1,8.0,75.7,74.0,6,1.5717221319357186
EC005642,SPT_A,Sports,18,Tuesday,1,29.8,69.5,157.0,63.7,64.1,1,1.7600980055273148
EC007616,BUS_B,Business,23,Sunday,5,26.7,81.9,0.0,34.4,35.0,6,0.4814040689403212
EC002598,RES_A,Residential,10,Friday,6,28.0,82.1,166.0,43.1,44.6,4,0.6318693455715325
EC006744,SPT_A,Sports,7,Wednesday,6,26.5,82.3,148.0,52.7,56.8,2,0.9236556396005572
EC004511,SCI_A,Science,2,Monday,2,26.0,83.9,11.0,54.3,57.1,0,0.48420813625478215
EC007595,ENG_B,Engineering,21,Sunday,10,27.3,86.5,2.0,35.8,36.6,6,0.603005086939264
EC000257,ENG_B,Engineering,10,Wednesday,3,29.5,71.3,114.0,65.5,68.5,2,0.7269977666738051
EC003132,SCI_B,Science,6,Wednesday,9,26.9,86.6,0.0,71.8,62.6,2,1.8137185352056537
EC006518,ENG_B,Engineering,2,Monday,6,27.4,80.7,24.0,42.4,45.4,0,0.3852024177629704
EC003413,RES_A,Residential,6,Monday,3,27.4,83.2,220.0,57.1,53.4,0,0.5769020915723901
EC005375,ENG_A,Engineering,1,Friday,2,27.1,86.7,5.0,75.9,54.3,4,5.961347816863957
EC001566,SCI_B,Science,15,Thursday,10,30.3,74.4,111.0,92.0,92.2,3,0.8811773650049398
EC002636,SCI_A,Science,11,Saturday,2,29.1,77.5,47.0,71.6,85.0,5,0.6196393459789832
EC007620,ADM_A,Administration,13,Saturday,6,30.0,76.0,29.0,26.6,30.1,5,0.416894866709669
EC005853,LEC_A,LectureHall,23,Sunday,1,28.0,81.8,15.0,95.2,54.6,6,4.764844923505121
EC003610,ADM_A,Administration,16,Sunday,11,30.5,67.3,6.0,23.7,26.3,6,0.5784438638130857
EC004835,ENG_B,Engineering,20,Sunday,10,29.0,74.6,0.0,43.8,47.2,6,0.5560089512366289
EC007258,SCI_B,Science,11,Tuesday,2,27.9,81.2,105.0,75.8,84.0,1,0.5380120686729836
EC003541,SCI_A,Science,14,Monday,11,30.0,71.5,112.0,107.8,100.7,0,0.9600427183623959
EC000797,SCI_A,Science,23,Friday,1,27.7,73.5,1.0,71.3,69.9,4,1.1012193542450612
EC000953,SCI_A,Science,10,Friday,3,28.9,75.8,179.0,113.7,114.9,4,0.8937044022285825
EC006644,RES_B,Residential,3,Monday,6,27.3,78.0,176.0,39.8,48.1,0,0.5566395270851768
EC001744,LIB_A,Library,21,Saturday,12,28.0,88.6,48.0,44.0,41.9,5,0.5330164031707038
EC007913,LIB_A,Library,2,Sunday,12,25.4,77.8,7.0,24.4,22.9,6,0.9662874818414829
EC006674,RES_B,Residential,16,Sunday,10,29.5,75.1,134.0,39.7,41.3,6,0.6005056264591525
EC003128,BUS_B,Business,17,Monday,5,30.1,71.1,91.0,61.8,62.8,0,0.6111786840892782
EC007521,BUS_B,Business,9,Thursday,3,28.5,75.1,80.0,53.9,48.5,3,0.45176841609275226
EC004383,BUS_B,Business,21,Thursday,1,25.9,86.8,5.0,42.4,36.9,3,0.8000963377106187
EC000851,ENG_A,Engineering,14,Saturday,5,29.6,74.9,52.0,58.2,62.5,5,0.5620340585249818
EC004402,SPT_A,Sports,11,Tuesday,5,,75.0,0.0,46.2,44.6,1,1.7432503674287738
EC001747,ENG_A,Engineering,11,Thursday,7,30.3,77.0,151.0,78.2,76.2,3,0.653075415511891
EC003853,BUS_B,Business,15,Wednesday,3,30.8,67.6,136.0,62.7,76.0,2,0.47878863904084057
EC007576,ENG_A,Engineering,12,Thursday,7,30.6,71.7,169.0,81.5,83.6,3,0.7220230433152193
EC002252,SPT_A,Sports,21,Thursday,10,27.9,72.9,,42.7,47.7,3,2.4699418250531617
EC004268,LEC_A,LectureHall,12,Wednesday,2,30.0,69.7,194.0,77.6,76.0,2,1.0033999401354246
EC001675,SCI_A,Science,7,Monday,7,25.5,85.0,25.0,62.0,62.3,0,0.5068148361537554
EC002401,BUS_A,Business,4,Saturday,8,27.4,81.2,0.0,24.6,26.6,5,0.4956005001320823
EC001593,BUS_B,Business,9,Friday,9,28.6,79.6,109.0,49.7,55.4,4,0.5737003323531951
EC001026,ENG_B,Engineering,14,Wednesday,5,30.2,71.3,150.0,66.5,68.1,2,0.7327352046851698
EC002389,LEC_A,LectureHall,15,Wednesday,6,32.0,70.7,207.0,76.5,79.9,2,1.930338230583243
EC006457,ENG_B,Engineering,14,Wednesday,1,30.2,73.8,184.0,73.7,77.5,2,1.2598181944551816
EC000613,LEC_A,LectureHall,18,Sunday,4,31.4,69.0,32.0,39.2,46.2,6,0.4284740545088607
EC000192,SCI_A,Science,10,Thursday,3,27.4,75.6,76.0,85.5,77.5,3,0.5521631682027393
EC001637,LIB_A,Library,12,Monday,11,29.4,72.3,136.0,49.8,52.4,0,0.7085791470178986
EC004352,RES_A,Residential,19,Tuesday,9,28.5,79.3,225.0,41.5,48.7,1,0.4908253071871228
EC006031,SCI_B,Science,5,Wednesday,8,26.3,82.1,0.0,51.3,57.7,2,0.5058354339682547
EC003122,ENG_B,Engineering,16,Saturday,5,31.8,73.4,17.0,59.2,58.9,5,0.9582494253490966
EC001159,ENG_A,Engineering,18,Tuesday,9,29.1,78.6,74.0,57.7,59.8,1,0.7221179591455769
EC007153,ADM_A,Administration,20,Thursday,3,28.6,74.4,5.0,29.8,27.6,3,0.6631825865800435
EC007940,RES_B,Residential,6,Monday,2,26.6,77.7,194.0,49.5,47.3,0,0.48217284464738264
EC004396,SCI_A,Science,13,Friday,8,29.7,71.1,158.0,99.8,115.1,4,0.9574007327135652
EC006667,SPT_A,Sports,2,Tuesday,9,25.1,88.5,0.0,30.1,32.3,1,0.34855700993763683
EC007984,ADM_A,Administration,15,Tuesday,7,30.0,68.2,101.0,41.6,42.9,1,0.31750890249446917
EC001692,RES_A,Residential,5,Saturday,12,26.4,81.8,230.0,40.6,44.5,5,0.492019609988782
EC002419,ADM_A,Administration,5,Wednesday,9,26.4,82.6,0.0,24.1,22.5,2,0.5142944163228473
EC003091,SCI_A,Science,18,Sunday,8,30.2,76.4,26.0,72.1,76.7,6,1.0088984590277654
EC000758,SCI_B,Science,6,Saturday,4,28.3,74.8,0.0,68.9,66.3,5,0.8944345576503736
EC006281,LEC_A,LectureHall,23,Thursday,5,27.5,74.7,34.0,36.1,38.6,3,0.6946109660547107
EC002275,SPT_A,Sports,8,Wednesday,7,28.0,,121.0,67.8,56.7,2,1.6302175492853894
EC004090,RES_A,Residential,3,Friday,1,25.5,82.0,190.0,43.8,48.6,4,0.7351970679576929
EC005536,ENG_B,Engineering,2,Saturday,4,27.7,78.0,15.0,42.0,44.1,5,0.5166628732063097
EC001856,ENG_B,Engineering,2,Wednesday,1,25.9,84.9,8.0,75.2,48.7,2,7.108336996021646
EC002808,ENG_A,Engineering,23,Friday,1,25.0,79.2,0.0,38.0,37.0,4,0.7523878264988054
EC002142,LEC_A,LectureHall,2,Wednesday,10,24.9,90.4,0.0,6.2,18.1,2,7.38406902242709
EC004423,ADM_A,Administration,2,Friday,7,27.2,83.2,6.0,28.4,30.5,4,0.5600419815454453
EC006366,BUS_B,Business,6,Thursday,8,27.1,79.9,14.0,43.5,41.3,3,0.5652075076384976
EC006950,BUS_B,Business,9,Sunday,1,27.2,77.0,40.0,29.8,37.1,6,0.6493533082008165
EC004930,ADM_A,Administration,23,Saturday,5,27.2,79.2,0.0,21.9,24.0,5,0.528349904105156
EC002330,ADM_A,Administration,4,Wednesday,11,25.9,75.5,0.0,23.3,25.2,2,0.5142944163228473
EC007847,BUS_B,Business,6,Tuesday,9,26.4,76.1,16.0,33.6,39.7,1,0.5566404343870551
EC005073,LEC_A,LectureHall,8,Tuesday,5,27.2,80.9,79.0,49.8,53.1,1,0.6223799912202305
EC005811,SCI_A,Science,8,Friday,5,27.8,80.7,121.0,40.2,74.2,4,1.554371135111951
EC006463,ENG_A,Engineering,20,Monday,7,28.1,76.7,41.0,49.1,60.3,0,0.5403952802032918
EC005884,RES_A,Residential,20,Sunday,12,27.2,78.2,263.0,49.3,49.7,6,0.5056172503526307
EC007881,SCI_A,Science,17,Monday,7,29.8,75.1,49.0,73.1,81.0,0,0.5342294881877151
EC005279,RES_A,Residential,18,Wednesday,2,28.1,77.6,150.0,45.2,46.1,2,0.5649407564286185
EC003908,SCI_A,Science,19,Thursday,6,31.3,72.1,26.0,74.1,82.4,3,0.943681812296933
EC006492,SCI_B,Science,21,Monday,12,28.5,81.5,41.0,73.0,68.8,0,0.622911828858152
EC001173,RES_A,Residential,20,Thursday,9,29.3,81.8,,48.6,44.6,3,0.5589451368649332
EC000947,SPT_A,Sports,15,Friday,11,30.2,76.3,0.0,45.9,42.3,4,0.5623869895917974
EC001282,ADM_A,Administration,15,Tuesday,2,30.7,69.2,99.0,42.9,41.5,1,0.3452313608557978
EC004762,RES_B,Residential,5,Saturday,4,25.5,77.4,224.0,44.9,47.0,5,0.42140416338160325
EC000573,ADM_A,Administration,2,Monday,10,25.8,77.0,8.0,19.9,22.2,0,0.503263823873544
EC004897,SCI_B,Science,9,Tuesday,6,27.4,78.5,81.0,67.5,79.5,1,0.6425321159713829
EC007311,BUS_A,Business,2,Saturday,12,26.3,84.4,0.0,25.4,30.2,5,0.6679148928367227
EC004693,ENG_A,Engineering,8,Friday,8,27.6,76.4,81.0,52.0,57.8,4,0.4834543493091649
EC004150,LIB_A,Library,4,Monday,10,26.0,82.3,0.0,24.0,28.9,0,0.42957114728027196
EC001547,ENG_B,Engineering,5,Friday,4,27.8,76.9,8.0,45.0,41.3,4,0.6455800715378628
EC006937,LIB_A,Library,10,Sunday,8,30.0,77.9,68.0,43.8,43.1,6,0.46596364987560535
EC004931,LIB_A,Library,2,Thursday,1,26.2,81.9,9.0,25.7,26.9,3,0.9773170218480535
EC004571,ADM_A,Administration,11,Tuesday,1,28.2,76.5,94.0,34.7,34.3,1,0.4420983096535243
EC000287,BUS_B,Business,20,Sunday,10,28.7,75.3,0.0,34.1,39.0,6,0.49701157924359074
EC005483,SCI_A,Science,3,Monday,3,26.7,81.0,10.0,65.5,65.1,0,0.8386221009222274
EC002161,RES_B,Residential,16,Tuesday,6,30.1,73.9,103.0,41.0,43.5,1,0.5065539672092478
EC002167,LEC_A,LectureHall,15,Tuesday,6,31.4,75.3,147.0,60.6,67.0,1,0.6918862508324187
EC000928,BUS_B,Business,3,Monday,7,25.5,78.8,35.0,30.7,36.5,0,0.4001288521455005
EC002387,SCI_A,Science,7,Thursday,7,29.0,74.4,7.0,55.3,68.6,3,0.7657439247226453
EC003217,LIB_A,Library,14,Friday,5,31.7,79.1,200.0,64.1,62.4,4,0.9077658518173977
EC007735,BUS_B,Business,5,Monday,5,26.9,77.1,0.0,35.1,39.0,0,0.5049494364834788
EC001622,LEC_A,LectureHall,12,Thursday,9,30.4,72.2,192.0,68.1,69.5,3,0.7566160914176433
EC001381,RES_A,Residential,17,Tuesday,6,30.7,75.1,165.0,52.4,50.5,1,0.7125909849105998
EC004136,LEC_A,LectureHall,14,Thursday,7,31.5,68.2,192.0,63.4,68.4,3,0.5979233416140964
EC006897,BUS_B,Business,9,Tuesday,8,28.0,79.3,102.0,58.5,58.6,1,0.41396244060282894
EC006279,LEC_A,LectureHall,10,Sunday,10,28.3,77.4,15.0,27.7,33.7,6,0.4817439353860218
EC006590,ENG_B,Engineering,8,Saturday,8,,71.6,23.0,38.8,44.9,5,1.62465712909891
EC003645,LEC_A,LectureHall,20,Wednesday,3,29.5,76.4,34.0,,42.0,2,1.4638978831593812
EC002461,SCI_A,Science,23,Sunday,5,26.8,78.2,2.0,69.4,70.5,6,1.0163130025170914
EC000068,LEC_A,LectureHall,0,Monday,6,27.4,86.6,36.0,39.6,35.6,0,0.4735421796527293
EC005165,BUS_B,Business,16,Wednesday,2,29.4,76.2,223.0,70.5,80.9,2,1.5635256845298036
EC003558,BUS_B,Business,15,Tuesday,7,29.9,71.1,132.0,64.5,68.4,1,0.5860716679479842
EC002578,LIB_A,Library,5,Friday,6,26.6,89.6,0.0,28.2,29.0,4,0.6010252452862123
EC000592,RES_A,Residential,3,Sunday,2,26.7,82.0,218.0,56.5,54.9,6,0.7380326259359798
EC007059,ADM_A,Administration,17,Thursday,6,,80.7,39.0,38.1,43.4,3,1.8633607988375778
EC001686,ADM_A,Administration,16,Friday,12,30.5,76.1,72.0,38.3,34.0,4,0.45641352910708954
EC000809,SCI_B,Science,17,Tuesday,5,31.0,64.6,46.0,77.7,80.7,1,0.950793519667086
EC007977,BUS_B,Business,9,Friday,9,29.6,77.0,58.0,49.9,51.4,4,0.44220451005296596
EC000890,RES_A,Residential,11,Monday,8,29.1,78.7,130.0,39.2,39.5,0,0.5271115914396857
EC001546,SCI_A,Science,11,Tuesday,9,29.5,83.5,125.0,85.0,94.7,1,0.9231743395402507
EC007343,LEC_A,LectureHall,9,Saturday,12,26.1,87.7,67.0,31.1,35.1,5,0.6238959637757339
EC006824,ADM_A,Administration,14,Friday,10,30.3,69.5,97.0,36.5,42.8,4,0.3119074515977491
EC004421,ENG_B,Engineering,13,Saturday,5,32.3,70.4,61.0,63.3,72.1,5,0.6050567902837585
EC007771,RES_A,Residential,15,Tuesday,1,29.7,,103.0,43.3,39.4,1,2.1523576126832014
EC003329,BUS_B,Business,18,Friday,12,28.9,80.0,77.0,49.0,53.5,4,0.6349874787193438
EC002435,RES_A,Residential,10,Saturday,4,28.5,85.3,130.0,39.1,40.6,5,0.5774797566711892
EC003255,SPT_A,Sports,15,Tuesday,11,29.1,78.6,39.0,38.1,43.3,1,0.5378151260693262
EC004610,SCI_B,Science,3,Wednesday,8,27.3,79.1,33.0,68.9,65.2,2,0.725759723963404
EC005017,ENG_A,Engineering,7,Sunday,10,26.0,82.3,0.0,30.3,33.8,6,0.6364417330645489
EC005916,LIB_A,Library,2,Wednesday,6,26.6,80.7,0.0,27.1,30.7,2,0.577973853717683
EC002917,SCI_B,Science,14,Thursday,7,31.0,63.6,119.0,99.9,93.8,3,0.51459752043265
EC002010,RES_B,Residential,10,Tuesday,9,27.7,79.4,128.0,31.9,37.0,1,1.154568324523549
EC007675,LEC_A,LectureHall,15,Saturday,11,28.5,73.9,200.0,60.6,59.7,5,2.379016178306695
EC003663,LIB_A,Library,22,Thursday,3,28.2,78.3,,79.7,58.6,3,2.4976938674523415
EC005992,SCI_A,Science,8,Monday,12,26.8,77.3,39.0,77.6,76.2,0,1.4963510091335384
EC002323,BUS_A,Business,14,Saturday,6,29.9,83.3,50.0,44.4,47.7,5,0.5097868040149761
EC004086,RES_A,Residential,7,Saturday,4,27.9,74.3,229.0,50.3,52.6,5,0.6285920346963211
EC002262,ADM_A,Administration,6,Monday,6,27.9,75.8,21.0,28.9,29.7,0,0.5115447119357919
EC005089,SCI_B,Science,17,Friday,6,30.6,80.6,44.0,70.1,81.2,4,0.6893916502717031
EC003524,SCI_B,Science,13,Wednesday,2,29.4,71.0,112.0,92.0,90.4,2,0.6041488306824022
EC004051,SCI_B,Science,13,Thursday,9,28.2,78.4,4.0,60.7,65.9,3,1.2647825057884297
EC001162,BUS_B,Business,0,Sunday,2,27.4,77.3,0.0,35.6,30.4,6,0.39965759449142924
EC002114,SCI_A,Science,22,Thursday,3,26.7,75.1,30.0,76.5,75.6,3,1.4768269791429067
EC003759,RES_B,Residential,20,Wednesday,7,27.5,77.5,176.0,35.7,37.5,2,0.49049768824828005
EC003586,ADM_A,Administration,16,Friday,2,35.3,80.8,126.0,61.1,67.9,4,4.852996319020336
EC003580,RES_B,Residential,1,Tuesday,6,23.9,81.4,141.0,47.2,45.0,1,0.5379060942323702
EC001858,ENG_B,Engineering,4,Saturday,5,27.9,70.0,0.0,36.2,39.0,5,0.6823844853986701
EC001863,SCI_B,Science,19,Saturday,12,29.8,76.2,4.0,71.9,72.1,5,1.0307539460795292
EC004374,ENG_B,Engineering,9,Wednesday,8,28.4,78.1,76.0,63.3,55.9,2,0.5239079360335283
EC002622,ENG_B,Engineering,6,Wednesday,4,27.1,76.3,0.0,38.3,39.1,2,0.5924293781497832
EC000882,LEC_A,LectureHall,10,Wednesday,12,29.8,80.2,164.0,64.4,70.1,2,0.8423685902895451
EC001736,ADM_A,Administration,15,Friday,3,29.6,72.9,87.0,38.3,42.9,4,0.4691002667573842
EC006099,RES_B,Residential,4,Monday,7,26.3,85.6,218.0,53.9,48.1,0,0.4038174741396406
EC001606,ENG_B,Engineering,3,Saturday,1,,80.1,5.0,27.9,33.4,5,2.6773813351396094
EC000841,SCI_A,Science,1,Tuesday,10,25.2,83.4,5.0,59.8,59.3,1,2.3138037826931677
EC004320,ENG_A,Engineering,12,Thursday,10,28.9,77.4,174.0,67.5,74.5,3,0.5982255152990558
EC001549,ENG_B,Engineering,13,Tuesday,5,30.5,74.0,150.0,76.2,81.2,1,0.8088826379215579
EC003381,SCI_A,Science,20,Saturday,8,27.9,76.3,15.0,67.7,71.2,5,0.5302819927748432
EC003972,LIB_A,Library,4,Sunday,9,25.4,85.8,31.0,31.5,32.4,6,0.75369276771086
EC003994,LEC_A,LectureHall,8,Wednesday,1,28.1,76.7,58.0,38.1,42.4,2,0.5834516972820477
EC004852,ENG_B,Engineering,17,Monday,11,29.3,80.9,53.0,44.5,40.8,0,0.34887104191659973
EC005330,RES_A,Residential,3,Saturday,4,24.8,81.5,152.0,39.0,43.8,5,0.9499416569359574
EC003446,SCI_B,Science,8,Monday,7,28.4,77.4,67.0,71.9,82.0,0,0.667738383209824
EC005405,RES_B,Residential,3,Thursday,2,26.2,82.0,152.0,40.8,41.9,3,0.5478873612729359
EC006875,ENG_A,Engineering,2,Friday,6,26.3,83.2,1.0,38.6,37.1,4,0.5087782604157006
EC006429,SCI_A,Science,18,Monday,9,29.5,73.7,61.0,83.6,81.2,0,0.41427445702946797
EC000209,SCI_A,Science,15,Sunday,6,29.8,76.1,32.0,67.9,81.6,6,0.6787343484249511
EC001073,LIB_A,Library,5,Friday,7,27.4,77.2,,28.6,29.2,4,1.5596239764438586
EC000785,LEC_A,LectureHall,19,Friday,11,28.3,78.5,4.0,28.6,31.5,4,0.711677806092955
EC007739,BUS_B,Business,10,Saturday,3,28.3,78.7,35.0,39.3,40.9,5,0.5275646840027639
EC001769,LEC_A,LectureHall,23,Saturday,7,28.5,76.7,0.0,26.9,24.3,5,0.6661450656922702
EC004290,SPT_A,Sports,12,Friday,10,29.7,78.4,29.0,42.4,41.9,4,0.572529655135025
EC003408,ADM_A,Administration,17,Saturday,3,29.2,87.3,14.0,29.8,29.9,5,0.5415973086501056
EC007410,BUS_B,Business,1,Wednesday,7,25.7,86.2,19.0,32.3,30.3,2,0.6122328419338706
EC006561,RES_A,Residential,20,Saturday,9,23.6,99.3,229.0,41.4,40.5,5,2.018954990176359
EC004076,SCI_B,Science,2,Monday,8,26.1,81.5,22.0,63.2,59.8,0,0.7094350001159576
EC000062,LEC_A,LectureHall,20,Monday,8,28.4,,36.0,35.3,38.6,0,1.3055053558141831
EC004988,RES_B,Residential,23,Tuesday,12,27.0,81.6,249.0,51.8,51.5,1,0.42525471768903716
EC004981,RES_A,Residential,7,Wednesday,7,29.4,70.4,192.0,52.2,53.1,2,0.6257178973560067
EC007634,RES_A,Residential,12,Saturday,10,29.6,75.4,123.0,45.8,44.7,5,0.6151465762920476
EC000478,BUS_B,Business,18,Friday,6,24.5,96.3,73.0,45.2,46.0,4,2.323920668846021
EC004356,SCI_A,Science,13,Saturday,2,31.5,75.5,45.0,95.2,96.7,5,0.6965435768340249
EC004348,SPT_A,Sports,10,Wednesday,5,29.1,79.4,19.0,44.7,50.5,2,0.5686086715555391
EC003148,ENG_A,Engineering,5,Thursday,6,24.2,97.5,0.0,35.9,37.2,3,10.795459115696843
EC007605,RES_A,Residential,6,Saturday,9,26.2,82.3,229.0,39.5,48.4,5,0.735837264507324
EC002145,ADM_A,Administration,3,Wednesday,1,27.1,82.5,0.0,25.9,26.4,2,0.6156940375279595
EC005804,LIB_A,Library,23,Sunday,9,26.7,85.8,23.0,35.9,40.6,6,0.6166963826760464
EC002311,LIB_A,Library,1,Monday,11,26.9,82.2,0.0,28.0,29.6,0,0.3940495667409157
EC001109,SCI_B,Science,14,Sunday,12,29.9,75.0,17.0,73.8,73.7,6,0.6032187665552267
EC003916,ENG_B,Engineering,21,Wednesday,2,24.7,97.0,36.0,39.6,42.0,2,3.298308877929611
EC003406,ENG_B,Engineering,4,Wednesday,6,27.9,81.1,0.0,47.5,47.4,2,0.6485343840847058
EC006924,RES_A,Residential,16,Monday,6,29.7,81.6,147.0,,50.8,0,1.6562908238249467
EC005726,BUS_A,Business,7,Friday,8,27.2,80.9,1.0,30.3,36.6,4,0.47455147390427144
EC006015,RES_B,Residential,22,Saturday,7,27.5,87.4,279.0,57.2,56.6,5,0.5979038542947643
EC006850,BUS_A,Business,12,Thursday,4,29.3,76.6,144.0,61.5,55.9,3,0.7883450259669283
EC001658,SCI_A,Science,23,Thursday,6,28.0,74.0,0.0,74.4,70.9,3,1.217396770974437
EC006447,ENG_B,Engineering,7,Thursday,7,25.3,82.4,21.0,41.1,37.2,3,0.5344537477487186
EC004174,ADM_A,Administration,17,Thursday,4,30.0,69.4,49.0,37.8,32.9,3,0.5035080444108158
EC002837,LIB_A,Library,20,Friday,6,28.3,75.1,94.0,47.3,52.7,4,0.5463631281785974
EC006563,BUS_B,Business,2,Saturday,7,26.5,83.7,0.0,6.1,24.4,5,7.119481207895202
EC005580,SCI_B,Science,10,Sunday,11,29.2,73.7,8.0,68.7,72.3,6,0.9443759195674736
EC002898,ENG_B,Engineering,18,Monday,10,29.3,80.4,210.0,81.2,80.4,0,1.6470584238140504
EC006539,SPT_A,Sports,2,Monday,8,26.8,81.9,18.0,39.9,36.2,0,0.47420825505483577
EC002903,LIB_A,Library,16,Friday,4,30.6,71.7,223.0,65.3,70.9,4,0.9899656412226652
EC004925,LIB_A,Library,10,Sunday,2,29.2,76.6,51.0,38.1,41.5,6,0.5675349319343018
EC005319,SCI_B,Science,15,Friday,7,29.1,78.9,106.0,86.2,95.0,4,0.6650545548635798
EC000173,SPT_A,Sports,15,Monday,7,29.7,82.4,40.0,51.6,46.0,0,0.4251110132828858
EC000547,SCI_A,Science,4,Friday,6,26.4,84.2,0.0,56.6,64.5,4,0.5296294714753749
EC004878,ADM_A,Administration,15,Thursday,11,35.8,90.4,137.0,67.6,64.6,3,4.32480583467885
EC000243,SCI_A,Science,20,Thursday,2,30.2,71.7,35.0,87.4,85.7,3,0.7276045180068971
EC003360,RES_A,Residential,9,Thursday,3,27.9,83.6,177.0,49.1,49.0,3,0.6185836988766472
EC004539,ENG_B,Engineering,3,Saturday,7,26.1,85.3,6.0,36.6,37.6,5,0.749810614402064
EC007559,SCI_A,Science,21,Saturday,7,29.3,78.0,5.0,94.0,82.3,5,1.4520642222203928
EC006982,SCI_B,Science,8,Sunday,2,27.2,73.5,5.0,62.0,65.3,6,1.1279905666874512
EC003956,LIB_A,Library,12,Tuesday,1,30.2,72.9,109.0,54.9,55.2,1,0.7095884705711931
EC000033,BUS_A,Business,15,Tuesday,2,29.8,76.1,119.0,51.2,58.4,1,0.900266979181267
EC006592,ADM_A,Administration,15,Wednesday,11,31.3,71.9,98.0,,48.3,2,1.0339751694356492
EC000630,RES_B,Residential,4,Friday,5,29.3,78.3,184.0,51.9,52.6,4,0.4834149120397413
EC003167,ENG_A,Engineering,8,Wednesday,7,27.8,82.7,78.0,51.3,56.1,2,0.4164029662053506
EC003820,ENG_B,Engineering,3,Thursday,4,27.1,80.2,0.0,39.3,45.2,3,0.5757139716688306
EC003600,BUS_A,Business,4,Friday,5,27.3,77.9,0.0,31.7,32.5,4,0.46073120849949106
EC005831,LEC_A,LectureHall,4,Saturday,11,27.2,75.8,0.0,22.5,24.0,5,0.6895264878628328
EC000995,LIB_A,Library,14,Thursday,4,30.3,78.5,196.0,59.3,62.9,3,1.1036437258953145
EC004224,RES_A,Residential,21,Sunday,4,28.9,75.3,278.0,67.0,66.7,6,1.8212814074724792
EC007289,LEC_A,LectureHall,23,Saturday,11,26.4,85.7,35.0,92.5,54.0,5,5.064486013081505
EC000443,ADM_A,Administration,9,Friday,5,28.7,73.6,64.0,31.6,32.6,4,0.5326095319778298
EC005722,BUS_B,Business,0,Friday,2,27.2,83.7,21.0,44.4,44.0,4,0.38737587456284767
EC004501,RES_B,Residential,5,Monday,4,28.0,91.1,204.0,55.5,53.4,0,0.48813025735617344
EC005827,LEC_A,LectureHall,14,Saturday,6,29.8,79.8,63.0,42.2,40.4,5,0.4747506040030215
EC003467,SPT_A,Sports,20,Thursday,1,29.0,74.3,171.0,57.4,63.3,3,0.9917293214680982
EC001128,SPT_A,Sports,14,Monday,8,29.4,79.6,49.0,43.9,48.2,0,0.4282774011626243
EC003357,RES_B,Residential,16,Saturday,3,30.6,82.4,154.0,44.1,49.4,5,0.5878383645733828
EC004308,RES_A,Residential,2,Friday,1,24.8,86.1,192.0,36.9,43.7,4,1.014948433200604
EC004190,ENG_A,Engineering,20,Thursday,5,29.0,74.9,0.0,51.9,53.2,3,0.5973787592120504
EC006732,LEC_A,LectureHall,16,Wednesday,4,30.3,75.6,149.0,68.9,68.4,2,0.7082455131470538
EC000852,LIB_A,Library,2,Tuesday,6,28.1,84.6,8.0,26.7,35.0,1,1.3413141889987785
EC000949,SCI_A,Science,3,Wednesday,9,24.3,77.9,23.0,61.4,62.7,2,0.9634177514948389
EC006088,ADM_A,Administration,1,Wednesday,4,26.8,85.0,0.0,27.9,26.3,2,0.7081982845566852
EC004148,ENG_B,Engineering,13,Thursday,3,29.3,71.7,194.0,64.0,73.1,3,1.2792173239508768
EC006511,ADM_A,Administration,21,Friday,2,27.5,82.1,4.0,26.3,25.9,4,0.657167135287482
EC005984,LEC_A,LectureHall,13,Sunday,10,28.0,72.3,34.0,33.6,31.6,6,0.6639004133102272
EC004337,LEC_A,LectureHall,23,Monday,8,27.1,80.0,11.0,28.5,29.7,0,0.4938340675737864
EC002835,RES_B,Residential,2,Thursday,3,25.4,80.3,113.0,39.9,45.6,3,0.6084118776844641
EC006419,ADM_A,Administration,17,Monday,10,30.2,72.5,63.0,36.6,35.3,0,0.32028472931273827
EC005755,LIB_A,Library,23,Monday,7,26.8,79.6,31.0,89.2,50.6,0,5.090006051367318
EC006299,LIB_A,Library,9,Tuesday,3,29.6,72.0,35.0,39.3,37.1,1,0.5907569102013951
EC005653,BUS_A,Business,11,Tuesday,9,29.2,79.4,138.0,46.2,60.4,1,0.6524537239452051
EC006176,SPT_A,Sports,12,Monday,2,29.9,72.4,0.0,47.3,49.6,0,0.8727960249621303
EC001494,RES_A,Residential,21,Thursday,3,29.7,75.6,296.0,64.5,68.7,3,2.5572187045116914
EC000489,BUS_B,Business,2,Sunday,3,25.9,84.1,0.0,5.9,22.5,6,5.401965814848117
EC007398,ADM_A,Administration,1,Tuesday,3,26.1,84.3,0.0,24.3,24.5,1,0.6177355669315825
EC000737,LEC_A,LectureHall,22,Friday,9,29.2,77.8,11.0,29.1,32.0,4,0.6238871961232876
EC002043,ENG_B,Engineering,17,Saturday,9,30.1,77.1,0.0,43.7,49.3,5,0.7282505757047603
EC005159,ENG_B,Engineering,7,Saturday,5,29.2,81.1,4.0,46.4,44.2,5,0.7746033523724318
EC000204,LEC_A,LectureHall,5,Wednesday,6,26.0,85.9,18.0,29.6,28.0,2,0.5227257464711563
EC007946,SCI_B,Science,17,Thursday,8,30.9,72.5,67.0,101.4,91.9,3,0.6050498084492137
EC004011,SCI_A,Science,6,Wednesday,7,26.0,85.2,14.0,64.8,67.6,2,0.9504877217353838
EC003534,BUS_B,Business,15,Wednesday,10,30.1,82.8,109.0,55.6,64.2,2,0.5290548149776132
EC002336,LEC_A,LectureHall,11,Wednesday,8,27.3,73.2,216.0,69.8,74.2,2,2.2933212113395323
EC001144,RES_A,Residential,2,Tuesday,12,26.4,85.2,151.0,48.8,50.9,1,0.6487064710045568
EC006132,SCI_B,Science,15,Wednesday,9,30.6,72.2,98.0,77.5,89.9,2,0.4744340920333696
EC004977,RES_B,Residential,0,Friday,10,25.4,83.7,104.0,32.4,36.0,4,0.5527424816954448
EC006991,ADM_A,Administration,19,Thursday,1,29.5,77.1,8.0,28.2,25.8,3,0.5464412581150805
EC005826,BUS_A,Business,8,Thursday,12,27.1,84.3,63.0,35.6,40.0,3,0.48792184137364053
EC003705,LEC_A,LectureHall,6,Monday,12,25.3,87.2,0.0,23.9,24.9,0,0.32796833934379865
EC001039,ENG_B,Engineering,14,Thursday,11,27.8,82.3,134.0,56.0,60.7,3,0.600317792620225
EC007800,RES_B,Residential,1,Tuesday,11,25.6,79.4,152.0,39.2,40.0,1,0.5580360348683215
EC005617,ADM_A,Administration,20,Monday,3,29.8,76.3,15.0,34.5,29.7,0,0.44111311179479434
EC000635,RES_A,Residential,19,Sunday,8,29.6,71.0,226.0,46.5,49.8,6,0.7423585874123613
EC003708,LIB_A,Library,14,Sunday,6,32.0,66.0,156.0,61.4,61.0,6,0.476256849664182
EC000399,SCI_B,Science,3,Tuesday,4,26.6,81.1,0.0,52.2,59.0,1,0.5416931360953244
EC001036,SPT_A,Sports,15,Saturday,10,31.2,72.2,35.0,42.2,51.7,5,0.5265881885220588
EC002532,BUS_A,Business,13,Saturday,4,31.4,77.3,47.0,44.3,43.4,5,0.5960296433920156
EC003107,RES_A,Residential,15,Saturday,12,29.4,69.4,149.0,48.6,41.9,5,0.5809734148838612
EC002711,SCI_A,Science,19,Tuesday,8,27.8,82.0,12.0,65.8,71.4,1,1.1613368578427168
EC002801,LIB_A,Library,16,Tuesday,8,29.4,75.2,217.0,54.9,57.4,1,0.725297092611102
EC004870,SCI_A,Science,12,Friday,11,28.0,77.8,149.0,94.2,99.1,4,1.2155316677567929
EC007374,SCI_A,Science,0,Friday,6,27.4,77.7,4.0,90.0,77.8,4,3.4042823922967664
EC005616,SCI_B,Science,17,Tuesday,4,30.9,79.5,78.0,89.6,95.0,1,0.6612516870814081
EC002117,SCI_B,Science,12,Thursday,9,30.8,75.9,106.0,87.1,90.4,3,0.7830965107586183
EC004014,LEC_A,LectureHall,0,Monday,11,27.5,74.6,9.0,31.1,27.0,0,0.869436748325132
EC006414,BUS_A,Business,22,Saturday,9,26.0,88.3,7.0,26.2,25.3,5,0.4121251756672137
EC007120,LEC_A,LectureHall,23,Tuesday,9,,75.6,0.0,23.3,23.8,1,1.6021481754531075
EC000865,SCI_B,Science,15,Friday,2,31.7,72.8,96.0,95.5,98.0,4,0.46492267123861963
EC006943,SCI_B,Science,4,Saturday,7,27.1,83.8,0.0,71.1,65.1,5,1.0338507257147744
EC006628,ENG_A,Engineering,14,Sunday,6,31.1,75.1,72.0,56.4,60.5,6,0.48649421025336
EC005138,RES_A,Residential,19,Monday,4,29.0,78.1,166.0,48.7,46.1,0,0.4415221301041531
EC004497,BUS_B,Business,18,Friday,6,30.9,76.6,59.0,49.9,54.4,4,0.5254250645073015
EC000634,ENG_B,Engineering,20,Friday,11,26.4,85.4,19.0,31.7,34.5,4,0.5614107069205972
EC007477,SCI_B,Science,1,Friday,3,26.3,88.9,7.0,53.5,56.3,4,0.46541453907122243
EC003034,BUS_A,Business,1,Thursday,11,25.7,88.5,4.0,23.0,27.4,3,0.4093302464706492
EC006010,SCI_A,Science,7,Sunday,12,26.9,86.4,0.0,62.0,67.9,6,0.5732241353869516
EC003587,SCI_B,Science,12,Saturday,6,29.2,72.4,33.0,81.1,82.7,5,0.7068496230992266
EC001599,LEC_A,LectureHall,9,Monday,7,28.1,74.2,112.0,49.6,45.3,0,0.6797769920160645
EC005951,ENG_B,Engineering,12,Thursday,8,31.3,77.8,135.0,66.2,75.3,3,0.5647973775957418
EC004344,ADM_A,Administration,3,Sunday,3,26.4,78.5,8.0,24.2,22.6,6,0.6296765566671019
EC004113,ADM_A,Administration,17,Friday,5,30.4,73.6,76.0,46.8,45.6,4,0.49882223860821895
EC002642,SCI_B,Science,13,Sunday,5,30.5,71.6,32.0,91.8,84.5,6,0.9608184863446797
EC001126,LEC_A,LectureHall,7,Monday,2,26.9,79.3,168.0,33.9,53.5,0,2.6260578012505245
EC006160,LIB_A,Library,18,Friday,10,28.2,72.1,278.0,66.8,69.1,4,3.305626396023169
EC001284,ADM_A,Administration,11,Friday,12,30.0,73.5,105.0,43.9,43.4,4,0.6305285539931805
EC004287,BUS_B,Business,10,Friday,9,29.2,64.0,100.0,46.4,52.4,4,0.16071358371558933
EC003078,ENG_B,Engineering,23,Monday,1,28.3,73.8,31.0,32.4,45.4,0,0.5354869316565082
EC002229,SCI_A,Science,13,Monday,3,30.4,67.9,135.0,98.5,109.3,0,0.24561966622719192
EC002382,ENG_A,Engineering,14,Monday,5,30.4,78.9,195.0,96.8,90.9,0,0.7353321649850159
EC007604,SCI_B,Science,19,Tuesday,10,28.4,72.9,31.0,65.9,64.5,1,0.6107728009370709
EC004062,LIB_A,Library,17,Saturday,9,28.5,71.5,150.0,56.0,49.9,5,0.5610135666255774
EC001727,ENG_B,Engineering,10,Monday,1,26.7,78.2,130.0,57.6,58.9,0,0.643787800083663
EC003628,RES_B,Residential,13,Tuesday,9,29.6,67.4,116.0,41.8,43.0,1,0.40861052894323185
EC006431,BUS_A,Business,5,Sunday,7,24.9,98.1,0.0,20.8,24.2,6,4.932350861547642
EC004203,BUS_B,Business,7,Wednesday,9,26.5,86.7,1.0,38.9,38.1,2,0.6406956719694514
EC000927,RES_A,Residential,18,Wednesday,1,28.6,76.7,148.0,40.5,46.4,2,0.5480680108946442
EC004677,SPT_A,Sports,23,Tuesday,6,26.4,75.9,26.0,94.2,56.6,1,4.25260751653741
EC002339,SCI_A,Science,10,Friday,7,29.1,73.6,108.0,90.7,95.6,4,0.5831217591367952
EC003022,SCI_B,Science,18,Friday,5,31.2,63.2,57.0,86.0,84.6,4,0.6019846403700069
EC004602,BUS_A,Business,7,Thursday,10,26.8,87.6,0.0,27.9,25.6,3,0.37249421427409685
EC003192,BUS_A,Business,9,Thursday,7,28.9,86.6,110.0,50.9,54.6,3,0.5539528248618693
EC004588,LIB_A,Library,21,Monday,10,27.8,83.5,82.0,34.0,42.9,0,0.40228484299744993
EC006796,ADM_A,Administration,11,Saturday,2,29.0,80.0,46.0,27.4,32.3,5,0.5314136889720618
EC001379,LEC_A,LectureHall,3,Monday,10,25.9,88.8,35.0,24.9,27.2,0,0.27262424135192165
EC006738,BUS_B,Business,20,Monday,7,28.5,82.7,14.0,39.6,43.8,0,0.45669987009894525
EC005436,ENG_B,Engineering,23,Monday,8,26.9,82.0,0.0,37.3,35.5,0,0.5280675753473375
EC002652,ENG_B,Engineering,8,Thursday,10,27.6,79.4,76.0,53.8,51.8,3,0.5256873403051745
EC005599,ENG_A,Engineering,5,Saturday,8,26.3,88.1,15.0,40.2,44.6,5,0.5023203431989843
EC000560,SCI_B,Science,17,Friday,4,30.3,71.5,51.0,80.3,82.9,4,0.5802293973533202
EC007602,BUS_A,Business,8,Monday,10,26.0,82.7,65.0,38.9,38.2,0,0.4681909592689762
EC001318,BUS_A,Business,11,Saturday,4,28.6,78.0,13.0,35.1,34.3,5,0.5938542049708551
EC002955,BUS_B,Business,10,Sunday,4,29.0,79.2,51.0,47.7,47.5,6,0.530599712245172
EC006867,SCI_B,Science,20,Saturday,10,26.7,90.5,0.0,61.2,60.6,5,0.6295284299327908
EC003983,SCI_A,Science,2,Saturday,12,26.3,85.4,1.0,65.3,62.5,5,1.4104642800869154
EC005974,SCI_A,Science,14,Friday,12,30.0,71.3,134.0,92.8,95.5,4,0.7426472447424532
EC003198,LEC_A,LectureHall,2,Sunday,5,27.5,80.1,26.0,27.0,29.4,6,0.5622367744637486
EC005833,ENG_A,Engineering,15,Tuesday,7,30.5,70.1,245.0,76.1,88.4,1,1.5185712213567228
EC003827,BUS_A,Business,2,Friday,9,25.8,72.7,17.0,32.1,34.3,4,0.7229215204800713
EC004824,RES_A,Residential,11,Friday,5,30.4,74.8,114.0,43.8,47.0,4,0.5812017081583503
EC005625,SCI_A,Science,19,Friday,5,30.7,77.3,42.0,84.6,89.0,4,0.6993413937150391
EC003071,LEC_A,LectureHall,21,Friday,10,27.5,77.5,0.0,25.7,26.7,4,0.7227307025042997
EC003453,LIB_A,Library,23,Tuesday,7,29.1,72.2,0.0,37.8,38.0,1,0.7324659938567514
EC000318,ENG_A,Engineering,4,Sunday,8,24.6,94.4,0.0,32.2,32.5,6,4.276523979753915
EC004292,SCI_B,Science,15,Friday,1,30.0,74.8,86.0,81.9,80.5,4,0.8162628313418517
EC003010,BUS_A,Business,6,Monday,4,27.2,74.0,0.0,31.4,35.4,0,0.5080976181733005
EC002655,BUS_B,Business,5,Monday,3,26.8,82.7,6.0,38.2,42.1,0,0.5656387785060926
EC005962,RES_B,Residential,17,Wednesday,2,30.3,77.2,112.0,47.8,46.3,2,0.4046598624510879
EC002442,LIB_A,Library,13,Saturday,3,31.0,77.4,,52.7,55.1,5,0.9882330323461769
EC001751,ENG_A,Engineering,9,Friday,5,27.8,78.3,87.0,45.9,61.5,4,0.49037743395165334
EC004303,SPT_A,Sports,23,Wednesday,4,29.3,76.8,19.0,47.6,43.3,2,0.5483437506830318
EC004522,SCI_A,Science,15,Thursday,3,30.9,66.4,118.0,109.2,107.3,3,0.7872551759525996
EC006844,ENG_A,Engineering,2,Saturday,5,26.3,84.5,8.0,45.4,44.7,5,0.601350172649181
EC004081,SPT_A,Sports,0,Sunday,12,25.7,84.2,0.0,32.8,33.1,6,1.2818272414247605
EC007674,SPT_A,Sports,11,Saturday,11,29.2,74.4,43.0,44.4,46.7,5,0.5616811658910985
EC005732,SCI_A,Science,17,Sunday,5,29.2,76.5,13.0,70.7,71.0,6,1.3881394374584166
EC007939,RES_A,Residential,9,Wednesday,12,28.5,81.9,160.0,47.7,47.7,2,0.5988772625668892
EC004713,RES_A,Residential,12,Monday,7,30.8,75.2,167.0,42.1,51.8,0,0.6563716472673159
EC000334,RES_B,Residential,13,Tuesday,10,30.6,72.8,82.0,46.4,40.6,1,0.4137165644911744
EC006990,LIB_A,Library,23,Thursday,11,26.4,80.7,63.0,33.7,39.6,3,0.8643256658737465
EC006505,LIB_A,Library,6,Tuesday,9,24.8,98.5,23.0,26.8,30.6,1,5.121071257494405
EC001601,RES_B,Residential,7,Sunday,8,27.7,77.3,,49.0,51.5,6,1.1956672941644073
EC002386,LEC_A,LectureHall,22,Sunday,10,26.6,86.6,35.0,29.8,34.7,6,0.6203129067944743
EC000220,LIB_A,Library,18,Friday,6,30.1,73.4,166.0,64.8,63.9,4,0.5849005651874015
EC003353,BUS_A,Business,12,Saturday,3,28.9,76.4,16.0,34.6,38.7,5,0.4650416123893304
EC003149,LIB_A,Library,8,Saturday,12,27.8,75.2,62.0,39.2,38.6,5,0.520937679174463
EC003084,LIB_A,Library,17,Thursday,3,28.8,81.1,226.0,57.2,64.9,3,1.3291441637452528
EC005728,SPT_A,Sports,20,Wednesday,2,30.2,72.6,162.0,54.0,58.5,2,1.0126682113075576
EC006736,RES_B,Residential,15,Tuesday,5,34.7,85.0,201.0,50.0,54.2,1,2.7456335062031845
EC002514,SCI_A,Science,8,Monday,8,28.6,79.9,31.0,79.6,77.8,0,0.5749709907227034
EC003417,BUS_A,Business,20,Monday,7,27.9,75.6,6.0,27.9,33.6,0,0.594030277155978
EC000212,SPT_A,Sports,17,Saturday,8,31.0,71.6,196.0,76.8,72.6,5,3.404565661886674
EC001230,LIB_A,Library,4,Tuesday,6,27.5,78.8,10.0,30.8,33.7,1,0.8372173385411662
EC001019,LEC_A,LectureHall,10,Saturday,11,27.4,80.8,24.0,19.4,25.3,5,0.6244489364149063
EC000038,SPT_A,Sports,21,Friday,3,28.1,79.0,128.0,50.5,53.8,4,0.6834076588679785
EC000407,ENG_A,Engineering,18,Tuesday,11,29.0,82.5,243.0,85.8,92.7,1,1.6335724392056359
EC005741,SCI_B,Science,15,Wednesday,1,35.7,78.2,134.0,130.3,119.8,2,9.85953242654739
EC003479,RES_A,Residential,23,Monday,8,27.2,75.2,249.0,,57.4,0,6.58206775006131
EC005674,ENG_A,Engineering,11,Sunday,9,27.9,81.3,30.0,43.2,46.0,6,0.6217024268353772
EC001446,BUS_A,Business,16,Friday,7,29.2,73.6,107.0,46.3,53.8,4,0.6551164062514807
EC000197,ADM_A,Administration,15,Saturday,7,31.1,71.5,22.0,,37.0,5,1.4366167528267768
EC002654,BUS_A,Business,8,Thursday,5,26.8,84.7,77.0,41.3,47.9,3,0.4753356190227727
EC004302,RES_A,Residential,11,Saturday,12,28.2,76.8,144.0,48.0,48.4,5,0.5578455434898268
EC001925,SCI_B,Science,15,Monday,5,29.3,77.1,93.0,83.4,92.5,0,0.7831056227998479
EC000678,SPT_A,Sports,18,Thursday,7,30.0,79.7,125.0,68.7,59.0,3,0.8604329607276755
EC006556,SCI_B,Science,1,Saturday,12,25.4,84.1,1.0,67.3,67.5,5,1.440161228506506
EC006571,LIB_A,Library,19,Tuesday,1,28.8,,155.0,58.3,60.9,1,2.2765798141111864
EC003211,LIB_A,Library,9,Thursday,8,27.8,70.8,69.0,40.4,33.5,3,0.4333960737092408
EC007212,RES_A,Residential,19,Thursday,12,29.3,80.5,205.0,49.9,50.2,3,0.576083453046457
EC000199,LEC_A,LectureHall,13,Wednesday,8,29.3,80.7,216.0,78.2,75.5,2,1.8107612097795114
EC005043,LEC_A,LectureHall,6,Monday,5,27.4,83.5,21.0,32.2,32.2,0,0.4076963995921174
EC000484,LEC_A,LectureHall,15,Thursday,12,29.5,75.2,196.0,74.2,70.7,3,1.370975138200087
EC003388,SCI_B,Science,22,Tuesday,2,28.3,79.5,0.0,60.1,66.7,1,1.1022196500400838
EC001966,LIB_A,Library,10,Tuesday,8,29.0,73.0,46.0,30.3,36.4,1,0.6215925454526267
EC007830,RES_B,Residential,19,Thursday,9,29.1,73.2,194.0,43.6,47.4,3,0.5756080014002536
EC000379,ENG_B,Engineering,18,Tuesday,12,29.7,68.7,80.0,56.9,57.9,1,0.5528973923695737
EC006912,ENG_B,Engineering,18,Saturday,10,28.4,73.3,39.0,47.7,47.9,5,0.5487699715382328
EC006510,BUS_A,Business,5,Thursday,11,25.9,82.6,21.0,28.5,29.3,3,0.4878416346883978
EC000585,SPT_A,Sports,18,Monday,9,28.1,77.8,156.0,,59.2,0,3.8122712433670767
EC007268,SPT_A,Sports,3,Thursday,7,26.8,70.5,24.0,,34.1,3,1.6247679911919515
EC000527,SCI_B,Science,0,Tuesday,8,27.0,77.7,0.0,48.8,57.0,1,0.3153773047059283
EC001125,BUS_A,Business,6,Thursday,11,25.7,84.2,7.0,25.2,22.5,3,0.5365786213036134
EC003737,BUS_B,Business,6,Wednesday,11,25.6,88.9,25.0,34.1,37.4,2,0.36503947913059687
EC000048,SCI_B,Science,20,Tuesday,7,29.8,75.2,30.0,68.1,68.7,1,0.8223007666786158
EC004652,LEC_A,LectureHall,11,Sunday,4,28.8,72.2,205.0,67.2,65.4,6,3.3257926840013625
EC000208,ADM_A,Administration,17,Friday,3,30.5,69.6,61.0,29.7,37.2,4,0.5315516056881913
EC006450,RES_A,Residential,10,Tuesday,8,28.7,76.0,158.0,52.8,45.8,1,0.5766049490112648
EC003555,LEC_A,LectureHall,1,Monday,6,26.5,76.1,25.0,32.4,26.2,0,0.5975143183693917
EC002974,BUS_B,Business,2,Saturday,1,26.0,83.3,0.0,27.5,31.9,5,0.8407481115492004
EC002637,RES_A,Residential,8,Friday,7,28.1,78.0,189.0,42.2,42.9,4,0.5481480953585076
EC005441,SCI_A,Science,9,Saturday,12,26.8,76.7,1.0,62.1,57.6,5,1.0609652358886104
EC002734,BUS_B,Business,15,Wednesday,4,30.7,71.1,150.0,57.0,65.2,2,0.7829575234189042
EC002753,SPT_A,Sports,7,Wednesday,7,27.6,78.3,131.0,57.4,60.7,2,1.2326494081989425
EC003779,SCI_A,Science,2,Wednesday,3,25.6,85.9,1.0,60.9,62.0,2,1.1696525483958997
EC005775,BUS_B,Business,0,Friday,3,26.8,79.9,26.0,38.4,40.8,4,0.4101395499905946
EC003954,ENG_A,Engineering,9,Sunday,9,28.2,78.0,3.0,43.2,49.4,6,0.7565279658901427
EC003017,LEC_A,LectureHall,23,Tuesday,11,26.2,81.3,19.0,23.5,30.0,1,0.8523448807102285
EC001838,SCI_B,Science,16,Thursday,11,29.9,74.3,77.0,97.2,93.5,3,0.6727407818576937
EC002072,BUS_A,Business,10,Saturday,8,28.1,82.3,,31.8,29.8,5,1.638259005486327
EC005387,LEC_A,LectureHall,15,Sunday,11,30.2,82.9,50.0,39.3,39.8,6,0.5191175083227954
EC005394,ENG_B,Engineering,14,Thursday,1,29.7,81.3,162.0,78.4,72.9,3,0.8953782413325535
EC006966,RES_B,Residential,4,Monday,1,27.2,83.4,202.0,48.2,52.5,0,0.37859044737623904
EC005026,BUS_A,Business,17,Thursday,6,30.1,67.5,77.0,46.4,50.5,3,0.4580686385770298
EC001844,BUS_B,Business,3,Wednesday,4,26.7,81.5,11.0,45.0,38.3,2,0.6711596233519947
EC005998,LEC_A,LectureHall,18,Sunday,10,30.0,76.6,7.0,30.2,34.1,6,0.7386649243137081
EC005621,SPT_A,Sports,12,Monday,5,29.5,80.8,0.0,44.7,45.3,0,0.5216183969306474
EC006106,LEC_A,LectureHall,20,Friday,11,27.8,69.5,20.0,32.3,29.7,4,0.4688336255962187
EC000753,ADM_A,Administration,7,Friday,5,27.0,79.7,0.0,22.1,27.8,4,0.5921477251990808
EC005018,ADM_A,Administration,17,Saturday,9,29.9,80.7,21.0,32.8,31.3,5,0.6901755065247612
EC004724,LIB_A,Library,15,Sunday,8,30.8,68.8,167.0,49.2,54.5,6,0.5150196019797892
EC001810,BUS_A,Business,16,Monday,7,31.0,75.7,98.0,65.8,50.3,0,0.3904715685499476
EC005859,RES_B,Residential,11,Monday,8,30.0,80.2,146.0,,47.4,0,1.195118408312499
EC001656,LIB_A,Library,17,Saturday,11,30.8,79.9,163.0,57.4,57.6,5,0.5710360447216922
EC006787,BUS_A,Business,10,Saturday,6,28.8,75.5,17.0,29.6,35.2,5,0.5486298971472834
EC001397,BUS_B,Business,8,Sunday,4,26.9,80.3,20.0,38.6,42.4,6,0.5155810782861501
EC000902,BUS_A,Business,21,Saturday,2,28.3,78.3,0.0,32.1,33.5,5,0.5154836415026414
EC001508,BUS_A,Business,4,Saturday,10,25.5,72.1,0.0,22.2,26.0,5,0.5812218749905951
EC000193,BUS_B,Business,6,Friday,9,26.7,83.7,0.0,38.0,38.4,4,0.5426542805638953
EC000789,BUS_A,Business,3,Friday,3,25.2,84.8,16.0,32.3,30.8,4,0.460525485660335
EC004892,BUS_B,Business,9,Wednesday,9,27.3,78.5,77.0,44.2,48.4,2,0.40187802247244786
EC002893,RES_A,Residential,2,Sunday,7,26.9,79.8,144.0,48.2,48.8,6,0.5366878657817039
EC003843,RES_A,Residential,16,Monday,5,31.4,66.5,85.0,47.5,46.8,0,0.18710637307092867
EC005016,ENG_B,Engineering,12,Monday,8,30.0,79.7,157.0,69.6,71.3,0,0.5740920269797322
EC005180,ADM_A,Administration,1,Friday,1,27.3,81.1,0.0,24.6,23.7,4,0.5869057784008045
EC004285,ENG_B,Engineering,17,Wednesday,4,31.2,68.4,92.0,57.8,66.6,2,0.5055431205275106
EC003398,LEC_A,LectureHall,9,Friday,11,27.6,80.3,133.0,48.1,50.9,4,0.913001933192278
EC006499,SCI_A,Science,2,Thursday,2,26.8,85.2,6.0,67.4,74.9,3,1.6381728606121932
EC004347,BUS_A,Business,8,Friday,2,27.7,74.2,39.0,38.5,39.5,4,0.5187046178124928
EC000493,ENG_A,Engineering,20,Thursday,12,26.7,78.5,9.0,37.3,41.1,3,0.6354987224042821
EC003836,SCI_B,Science,2,Friday,11,25.0,83.6,0.0,49.9,56.6,4,0.5271238535509581
EC007694,LEC_A,LectureHall,3,Sunday,6,25.7,78.6,0.0,21.6,21.6,6,0.7250584221796055
EC002606,SCI_A,Science,22,Saturday,10,27.2,77.8,29.0,73.4,74.9,5,1.0218151960409705
EC001239,RES_B,Residential,21,Friday,3,27.1,80.5,195.0,49.0,54.0,4,0.46631252057322986
EC001129,ENG_B,Engineering,20,Tuesday,6,28.7,76.9,10.0,38.1,44.9,1,0.7018429462236178
EC003352,LEC_A,LectureHall,7,Friday,8,26.6,79.5,1.0,28.1,26.7,4,0.6996062825653014
EC007401,ADM_A,Administration,5,Sunday,1,24.5,,0.0,18.5,20.1,6,13.950410662806965
EC003141,ENG_B,Engineering,10,Thursday,3,28.3,78.9,102.0,53.2,57.0,3,0.6761707773156477
EC003151,SCI_B,Science,13,Thursday,10,30.0,75.1,128.0,62.6,84.6,3,0.7291221006325505
EC007887,SCI_B,Science,14,Tuesday,10,30.5,76.4,107.0,91.3,89.5,1,0.6261433772723127
EC003741,BUS_B,Business,22,Monday,2,27.7,78.6,0.0,49.3,42.1,0,0.5421990254165641
EC007290,LEC_A,LectureHall,21,Thursday,8,28.4,75.3,19.0,31.3,38.4,3,0.7054241182897734
EC006836,LEC_A,LectureHall,3,Wednesday,12,24.9,83.3,0.0,24.9,24.3,2,0.6073172384878351
EC000263,RES_A,Residential,2,Monday,4,25.2,91.9,145.0,51.5,49.3,0,0.40222225794104044
EC000904,SCI_B,Science,12,Wednesday,2,30.6,72.8,2.0,81.1,79.3,2,3.8704622399858724
EC006838,LIB_A,Library,15,Saturday,4,31.6,75.8,186.0,63.3,61.8,5,0.5869044380627755
EC006219,LIB_A,Library,7,Sunday,12,26.5,82.6,6.0,27.4,29.2,6,0.78843250936306
EC005979,ENG_A,Engineering,4,Sunday,10,26.0,77.8,0.0,27.5,36.6,6,0.658812877598331
EC000019,BUS_B,Business,20,Tuesday,10,27.5,77.4,0.0,31.1,34.1,1,0.7586165659504439
EC002980,ENG_B,Engineering,7,Saturday,1,26.5,75.6,6.0,38.6,40.3,5,0.6942738638803804
EC003872,SCI_A,Science,19,Thursday,8,28.4,78.6,,78.1,76.2,3,1.6238995534947236
EC003625,LEC_A,LectureHall,13,Tuesday,10,29.9,79.1,223.0,68.5,78.2,1,2.2920856138758787
EC001389,SCI_A,Science,6,Saturday,12,26.5,73.5,0.0,58.0,68.4,5,0.8399089711208166
EC000652,BUS_B,Business,11,Friday,10,28.3,74.3,146.0,59.5,60.5,4,0.6601942831663082
EC007170,RES_A,Residential,10,Wednesday,10,29.1,74.8,164.0,40.2,43.5,2,0.6229848539501499
EC003328,SPT_A,Sports,8,Wednesday,6,28.4,77.2,105.0,49.1,52.1,2,0.6127630647211328
EC003178,SCI_B,Science,6,Saturday,3,26.5,84.1,7.0,59.7,62.0,5,1.6043272684336867
EC003196,SCI_B,Science,11,Thursday,9,29.4,75.0,,85.4,92.4,3,3.5876905885939223
EC001909,BUS_B,Business,2,Friday,8,27.1,77.3,0.0,33.4,33.4,4,0.6927151779112324
EC002333,LIB_A,Library,15,Tuesday,8,29.8,,234.0,55.9,64.0,1,2.379243852134599
EC006306,ENG_B,Engineering,3,Thursday,11,25.2,80.0,22.0,39.0,40.2,3,0.5254860123930768
EC006847,SCI_B,Science,10,Saturday,2,28.5,80.1,29.0,77.5,71.9,5,0.9374802561021651
EC005957,BUS_B,Business,5,Sunday,9,26.4,81.8,0.0,28.7,28.2,6,0.5959483269101887
EC000322,LEC_A,LectureHall,20,Thursday,8,28.5,84.4,2.0,30.7,29.7,3,0.6525025775567789
EC007560,SCI_A,Science,20,Monday,2,28.3,74.6,18.0,67.6,77.5,0,0.5342227079621368
EC003256,SPT_A,Sports,8,Saturday,12,26.6,82.0,92.0,48.6,49.6,5,0.4821813649130824
EC003690,BUS_B,Business,9,Monday,6,27.9,79.2,83.0,52.5,55.4,0,0.3561231811306939
EC002671,ENG_A,Engineering,19,Monday,2,27.5,71.0,18.0,49.6,49.8,0,0.6307717538233997
EC000471,SCI_A,Science,14,Monday,10,34.1,89.4,154.0,102.3,118.2,0,3.040196913861671
EC001078,ENG_B,Engineering,3,Wednesday,8,27.8,78.8,13.0,37.8,38.2,2,0.6929834227381566
EC003978,RES_A,Residential,12,Saturday,8,27.9,79.2,142.0,47.9,47.2,5,0.5115036625217005
EC001654,LIB_A,Library,23,Friday,10,26.7,84.0,40.0,98.0,53.4,4,5.713985316369494
EC003419,LEC_A,LectureHall,18,Sunday,5,31.6,66.3,0.0,31.1,33.0,6,0.6260178279057104
EC002760,ADM_A,Administration,18,Tuesday,12,29.3,,40.0,27.0,32.7,1,1.834616110741342
EC002885,RES_A,Residential,13,Sunday,3,30.4,75.8,101.0,33.9,35.0,6,0.6723211773570107
EC006799,BUS_A,Business,0,Sunday,8,25.0,78.1,0.0,19.7,23.7,6,0.3216865115126109
EC006664,RES_A,Residential,4,Tuesday,9,27.5,82.6,188.0,49.9,51.2,1,0.6403602463159376
EC006263,LEC_A,LectureHall,20,Saturday,3,28.5,77.4,15.0,31.4,30.0,5,0.5744646096946192
EC000675,ENG_B,Engineering,8,Saturday,2,27.9,75.1,19.0,44.1,40.7,5,0.5418901598611653
EC005168,ENG_B,Engineering,20,Friday,10,27.7,73.1,38.0,38.6,41.8,4,0.5720653973661496
EC003834,ENG_A,Engineering,22,Friday,4,30.1,77.1,53.0,51.4,56.4,4,0.5404629598193076
EC004732,RES_A,Residential,0,Tuesday,4,26.1,81.6,100.0,42.5,45.8,1,0.36891682645985524
EC000546,BUS_A,Business,5,Thursday,6,26.7,79.0,13.0,28.7,37.8,3,0.555896546423855
EC000811,SCI_A,Science,9,Tuesday,12,25.8,84.6,57.0,56.2,68.4,1,0.8641490225158416
EC003948,LEC_A,LectureHall,15,Thursday,3,31.3,64.2,196.0,84.8,79.9,3,1.5546483772942847
EC003464,LIB_A,Library,10,Monday,5,28.9,72.3,73.0,35.3,43.6,0,0.56314731915664
EC000010,ADM_A,Administration,3,Saturday,9,27.1,79.4,0.0,18.0,19.2,5,1.318435563635287
EC001416,RES_B,Residential,19,Wednesday,10,28.4,67.9,179.0,36.0,35.7,2,0.3510961069536288
EC006640,LIB_A,Library,20,Saturday,4,28.3,77.8,222.0,69.9,72.1,5,2.6730988276294143
EC002793,RES_A,Residential,15,Tuesday,11,30.0,,112.0,43.1,45.3,1,1.0469355391801227
EC006343,SCI_A,Science,9,Friday,6,29.0,74.8,70.0,84.0,90.9,4,0.49982068963515563
EC001475,SPT_A,Sports,10,Saturday,3,29.0,81.4,46.0,50.1,51.3,5,0.5456658783953607
EC005244,LEC_A,LectureHall,0,Tuesday,12,25.8,79.6,13.0,22.7,28.9,1,0.55651831001542
EC007069,SCI_A,Science,22,Thursday,2,28.5,81.9,4.0,71.3,76.6,3,1.0652465446852994
EC003742,ADM_A,Administration,0,Thursday,4,27.4,72.7,6.0,26.1,27.8,3,0.5754639866456078
EC003875,SPT_A,Sports,12,Wednesday,5,29.5,75.3,11.0,49.1,44.8,2,0.6975459041318531
EC003289,RES_A,Residential,23,Friday,1,26.8,84.2,267.0,56.6,61.4,4,0.5607299130969585
EC000713,ENG_A,Engineering,4,Thursday,2,25.3,83.0,8.0,39.7,37.8,3,0.5725950592839634
EC004363,ENG_A,Engineering,12,Tuesday,7,28.5,67.2,224.0,89.2,82.7,1,0.9486079554130491
EC007089,ADM_A,Administration,12,Monday,4,31.1,72.5,133.0,44.7,49.8,0,0.8618928164187438
EC007046,SPT_A,Sports,1,Thursday,4,27.9,74.6,49.0,40.8,39.7,3,0.7450321667051123
EC006096,SCI_A,Science,13,Monday,8,29.6,79.0,126.0,105.5,101.1,0,0.8259904518595251
EC002269,SPT_A,Sports,12,Sunday,6,29.9,78.5,47.0,46.0,47.6,6,0.5640903333498292
EC003247,ENG_A,Engineering,11,Sunday,8,29.6,71.2,61.0,66.8,64.6,6,0.4495865232743832
EC006262,BUS_B,Business,9,Wednesday,4,28.5,70.3,95.0,58.8,56.8,2,0.4806041550228812
EC005291,SCI_A,Science,0,Thursday,3,26.4,83.6,0.0,49.4,53.4,3,0.38208695932438447
EC006039,RES_A,Residential,12,Tuesday,11,34.2,82.2,268.0,67.1,60.7,1,3.4951886934491094
EC001212,LEC_A,LectureHall,23,Wednesday,4,26.3,79.9,0.0,23.9,22.7,2,0.6861449889255739
EC005881,LIB_A,Library,23,Thursday,6,26.8,83.7,21.0,79.8,48.4,3,4.4916814079624885
EC003802,RES_B,Residential,23,Monday,11,27.6,75.0,261.0,49.1,53.6,0,0.5404960771415005
EC005688,RES_B,Residential,23,Sunday,2,27.0,74.5,250.0,63.3,62.2,6,1.2582749848366908
EC005120,ENG_B,Engineering,14,Thursday,11,29.5,75.2,150.0,64.2,64.4,3,0.6398647718008186
EC006948,BUS_B,Business,10,Wednesday,3,29.0,79.5,82.0,57.6,57.3,2,0.5319558947862698
EC004628,BUS_A,Business,7,Wednesday,12,27.2,82.2,10.0,32.6,29.0,2,0.5740585354940524
EC000650,RES_B,Residential,14,Tuesday,9,29.9,69.4,286.0,49.7,54.0,1,1.7207805134011736
EC006808,SCI_B,Science,8,Wednesday,12,27.6,75.7,52.0,69.3,73.2,2,0.5188594347453483
EC003613,RES_A,Residential,8,Monday,12,25.9,79.1,186.0,35.4,42.3,0,0.518022758924883
EC005618,RES_B,Residential,15,Wednesday,6,30.9,79.1,127.0,44.1,47.5,2,0.5401451284453102
EC004746,LEC_A,LectureHall,7,Tuesday,4,28.4,81.5,5.0,32.2,30.9,1,1.0854011412493814
EC004900,SCI_A,Science,12,Wednesday,6,29.6,73.5,137.0,98.9,103.5,2,0.9598056194381502
EC007342,SPT_A,Sports,3,Thursday,7,25.7,81.5,37.0,40.3,38.5,3,0.5560588673033225
EC000114,SCI_B,Science,3,Friday,7,27.8,77.3,0.0,58.0,58.3,4,0.7768337260149758
EC006005,LIB_A,Library,10,Friday,11,28.9,79.2,75.0,44.5,47.7,4,0.5302594257198043
EC003996,SCI_A,Science,1,Thursday,11,26.4,81.3,3.0,60.3,61.1,3,2.2866826335924944
EC002381,SCI_A,Science,8,Sunday,10,27.3,80.2,9.0,73.1,75.9,6,1.7221007717218502
EC007659,SCI_A,Science,1,Saturday,9,25.1,83.2,16.0,56.0,60.1,5,0.5189971870048301
EC003058,RES_A,Residential,8,Monday,3,25.7,81.9,148.0,39.1,40.6,0,0.5213991698630355
EC001887,SPT_A,Sports,4,Wednesday,3,26.8,78.6,14.0,38.3,40.6,2,0.6869144278420353
EC007827,ENG_A,Engineering,3,Wednesday,8,27.7,77.8,0.0,35.7,43.9,2,0.5597979535973007
EC003965,SCI_B,Science,12,Tuesday,10,29.6,71.2,107.0,68.6,79.9,1,0.6099031727163501
EC003984,LIB_A,Library,6,Friday,11,26.4,81.1,0.0,26.0,23.7,4,0.5176599555877492
EC007597,BUS_B,Business,5,Saturday,10,25.3,84.5,0.0,25.4,24.8,5,0.7292897320546505
EC005206,SCI_B,Science,17,Wednesday,7,30.7,69.9,63.0,90.2,91.6,2,0.541948426754083
EC001544,BUS_B,Business,12,Sunday,7,30.6,68.8,59.0,47.4,48.0,6,0.4441117819269759
EC002317,RES_A,Residential,20,Friday,7,30.0,75.2,190.0,61.9,54.1,4,0.6644756001915139
EC002924,ENG_A,Engineering,9,Friday,7,28.1,78.7,,58.2,63.3,4,1.3346777502222573
EC002127,SCI_B,Science,12,Monday,9,29.8,76.2,92.0,85.8,89.5,0,0.4353130547121702
EC002751,BUS_A,Business,10,Friday,9,27.8,81.2,125.0,49.7,54.6,4,0.6529533547319372
EC006900,BUS_A,Business,16,Friday,10,29.3,77.9,97.0,53.3,52.8,4,0.35552152542613485
EC000884,ADM_A,Administration,12,Thursday,11,30.0,77.0,111.0,44.4,45.4,3,0.5258252578294852
EC001530,RES_A,Residential,7,Saturday,3,26.9,82.5,213.0,50.5,53.5,5,0.6025371723494749
EC005146,SPT_A,Sports,3,Friday,3,28.1,79.7,0.0,42.9,40.1,4,0.6818188049230004
EC004574,ADM_A,Administration,4,Sunday,2,26.7,80.4,0.0,20.9,20.9,6,0.912075758348898
EC007802,LEC_A,LectureHall,2,Sunday,2,25.8,82.8,13.0,24.0,23.4,6,0.6041375702537555
EC006064,SPT_A,Sports,5,Wednesday,4,28.0,76.1,65.0,49.6,53.8,2,0.613996412245646
EC002881,ENG_A,Engineering,2,Saturday,12,26.3,79.9,0.0,43.2,37.6,5,0.5553498125237992
EC001889,BUS_A,Business,16,Thursday,6,30.1,77.0,85.0,,52.7,3,1.177736546598515
EC002471,BUS_B,Business,7,Wednesday,2,26.9,81.8,0.0,33.8,38.4,2,0.5808165855600352
EC003936,RES_B,Residential,20,Tuesday,2,29.7,74.3,193.0,51.3,49.3,1,0.5786750474724534
EC001223,BUS_B,Business,11,Monday,7,28.9,77.9,147.0,66.4,71.2,0,0.46503681231808247
EC001157,SCI_A,Science,15,Friday,4,29.3,75.6,137.0,96.0,100.4,4,0.9078869387450429
EC004398,RES_B,Residential,21,Tuesday,7,30.1,68.9,219.0,57.0,61.9,1,0.7001046930607465
EC003526,RES_A,Residential,15,Wednesday,11,34.1,80.5,290.0,61.2,64.1,2,3.886329151769473
EC000073,SCI_B,Science,13,Thursday,6,30.6,75.2,121.0,89.7,92.3,3,0.9881732534054368
EC000728,LEC_A,LectureHall,22,Sunday,3,28.3,77.5,49.0,77.7,48.7,6,1.882112685154129
EC006349,ENG_A,Engineering,8,Thursday,11,27.8,76.5,79.0,49.5,56.9,3,0.5286944347755244
EC004441,RES_A,Residential,16,Saturday,2,29.3,75.0,113.0,48.8,48.3,5,0.5630639891637568
EC001495,RES_B,Residential,2,Sunday,12,26.4,84.3,149.0,40.8,43.1,6,0.5829733187870058
EC000353,SCI_A,Science,9,Thursday,10,26.7,83.4,74.0,80.5,81.6,3,1.1437269256412796
EC005763,ADM_A,Administration,1,Saturday,9,27.5,82.0,0.0,16.0,21.9,5,2.355584494239498
EC006582,LEC_A,LectureHall,7,Friday,12,26.3,77.1,0.0,20.6,24.2,4,0.7987338044826454
EC003993,SCI_B,Science,11,Monday,5,30.7,77.5,104.0,93.9,94.6,0,0.7353782903758576
EC006284,SCI_B,Science,5,Saturday,7,28.2,82.6,9.0,68.5,72.3,5,1.0645448774245718
EC006581,LIB_A,Library,0,Monday,1,26.8,76.2,7.0,34.6,31.2,0,0.8751307957892155
EC004240,LIB_A,Library,13,Saturday,11,29.2,77.8,124.0,41.0,44.9,5,0.6155298262940039
EC002094,BUS_B,Business,17,Wednesday,10,28.9,83.3,64.0,42.9,47.2,2,0.5529918170470732
EC006155,LEC_A,LectureHall,1,Monday,1,26.7,81.9,0.0,11.1,22.2,0,3.053576875000077
EC005908,BUS_A,Business,10,Tuesday,4,29.5,79.8,98.0,51.6,54.5,1,0.48402029132130236
EC006903,BUS_A,Business,11,Tuesday,8,29.1,75.9,125.0,62.6,58.2,1,0.7559303801580882
EC004489,SCI_A,Science,5,Saturday,10,25.5,81.9,0.0,61.7,61.4,5,0.632763412462203
EC006454,LIB_A,Library,13,Saturday,8,30.9,69.7,146.0,61.0,57.4,5,0.4856662582169491
EC005297,RES_B,Residential,6,Monday,10,26.3,87.2,204.0,46.0,46.8,0,0.3001924907290355
EC006899,LEC_A,LectureHall,11,Tuesday,9,27.8,73.8,179.0,57.8,65.8,1,1.2069663670763704
EC006856,RES_B,Residential,11,Saturday,3,30.1,76.0,124.0,43.1,45.5,5,0.5401442582544271
EC000091,LEC_A,LectureHall,7,Thursday,7,27.6,84.1,0.0,27.1,31.2,3,0.6443501203571917
EC001514,ADM_A,Administration,9,Friday,7,26.8,85.2,65.0,29.7,30.9,4,0.6508473542603097
EC002340,LEC_A,LectureHall,15,Saturday,4,32.1,69.5,34.0,39.4,42.3,5,0.627903054266431
EC000517,RES_A,Residential,15,Friday,7,30.0,71.8,108.0,46.8,51.3,4,0.5477382018398681
EC001646,BUS_B,Business,12,Monday,9,,82.8,180.0,66.0,64.7,0,1.412995345037067
EC000729,SPT_A,Sports,13,Tuesday,1,34.2,84.1,233.0,72.1,79.9,1,4.016970224392404
EC004577,ENG_A,Engineering,3,Sunday,9,25.4,82.2,0.0,32.0,32.3,6,0.62949476031825
EC006905,RES_A,Residential,1,Monday,7,26.6,80.1,162.0,49.8,47.3,0,0.3299109836968547
EC005393,ENG_A,Engineering,16,Monday,7,29.5,75.2,128.0,74.6,69.2,0,0.5172681397506484
EC004857,LIB_A,Library,10,Saturday,2,28.8,81.0,38.0,41.5,39.3,5,0.562120452792761
EC001533,ADM_A,Administration,2,Thursday,8,27.1,74.9,0.0,23.8,24.3,3,0.6797652642315506
EC000576,RES_B,Residential,6,Sunday,6,28.8,77.9,216.0,52.9,54.8,6,0.5974203225011427
EC007885,LEC_A,LectureHall,20,Monday,11,27.7,82.3,3.0,23.5,31.2,0,0.41002364908550093
EC005326,LEC_A,LectureHall,20,Friday,8,27.3,79.5,0.0,26.6,24.7,4,0.6757395295504159
EC005132,SCI_B,Science,22,Saturday,11,26.3,79.4,5.0,56.4,59.5,5,0.7749010455280706
EC007777,LIB_A,Library,17,Saturday,1,29.7,80.7,161.0,52.5,56.8,5,0.7446161163863301
EC003773,ENG_B,Engineering,8,Monday,2,26.0,80.1,125.0,35.3,48.1,0,0.8412402692757553
EC006606,ADM_A,Administration,11,Tuesday,3,29.5,85.9,77.0,42.4,43.5,1,0.5266995188658814
EC006061,ENG_A,Engineering,8,Thursday,7,28.0,76.7,87.0,50.4,61.4,3,0.4515656147202188
EC001582,ENG_A,Engineering,6,Friday,3,28.8,74.0,6.0,44.0,48.3,4,0.7071363668130906
EC006545,ENG_A,Engineering,23,Friday,6,27.7,84.4,18.0,52.4,51.3,4,0.5414633595175797
EC004710,ENG_A,Engineering,1,Thursday,8,25.0,78.7,0.0,38.9,36.5,3,0.46211798379195496
EC004964,LIB_A,Library,0,Wednesday,6,25.9,88.5,0.0,27.2,25.1,2,0.2951057143814323
EC000277,ADM_A,Administration,12,Thursday,7,29.4,76.6,98.0,36.9,37.1,3,0.39337886148567
EC001511,BUS_B,Business,14,Thursday,2,31.1,79.1,162.0,70.0,73.4,3,0.5821929903036384
EC002708,RES_B,Residential,16,Tuesday,6,31.2,71.6,104.0,47.0,44.0,1,0.5359600664779591
EC006314,RES_B,Residential,11,Wednesday,10,30.3,71.7,127.0,40.1,43.1,2,0.4590730019944401
EC003273,BUS_B,Business,9,Tuesday,6,28.5,80.8,179.0,33.4,60.4,1,5.10723972688267
EC001295,RES_A,Residential,6,Sunday,1,26.3,86.1,184.0,42.4,50.2,6,0.6919238864631473
EC003326,BUS_B,Business,21,Friday,8,29.4,74.3,6.0,40.4,45.5,4,0.6491404517480848
EC000324,BUS_B,Business,7,Monday,8,26.9,77.7,0.0,38.5,35.2,0,0.43106475295631147
EC002182,LIB_A,Library,4,Sunday,8,26.9,72.4,20.0,32.7,33.2,6,0.5549912593060295
EC001423,LIB_A,Library,19,Tuesday,5,28.0,81.4,142.0,49.8,51.0,1,0.6340064749028943
EC006579,ENG_B,Engineering,18,Wednesday,7,30.0,74.9,59.0,55.3,61.8,2,0.47452376483827224
EC001689,SCI_A,Science,19,Sunday,2,29.5,77.6,28.0,84.8,79.4,6,0.8102916411049329
EC005628,ENG_A,Engineering,18,Friday,4,29.8,70.8,70.0,61.5,57.9,4,0.545614113347658
EC007942,SCI_B,Science,12,Tuesday,9,,71.6,114.0,71.5,81.5,1,2.7320427566196717
EC004112,LEC_A,LectureHall,16,Wednesday,6,30.2,68.6,124.0,59.0,63.6,2,0.5867106158963092
EC005032,LEC_A,LectureHall,9,Wednesday,7,27.9,75.1,102.0,49.7,47.6,2,0.718334710030463
EC005889,RES_B,Residential,7,Monday,6,26.6,89.1,190.0,49.6,50.8,0,0.4021745563482192
EC000044,SCI_A,Science,22,Wednesday,10,27.3,80.5,,74.8,68.2,2,1.5466267222775745
EC007555,ENG_A,Engineering,22,Thursday,8,27.6,83.7,0.0,47.0,45.6,3,0.5624783563208219
EC000076,RES_A,Residential,17,Tuesday,11,27.2,84.1,144.0,36.1,41.0,1,0.575612033557025
EC007953,RES_B,Residential,21,Saturday,7,28.7,82.3,283.0,48.9,58.4,5,0.37572155948789243
EC007773,ENG_B,Engineering,22,Monday,4,27.9,84.0,0.0,35.8,43.3,0,0.6085300909473634
EC007603,ENG_B,Engineering,2,Thursday,1,27.1,80.3,17.0,34.9,44.1,3,0.5821839883544266
EC005981,SCI_A,Science,9,Tuesday,6,27.9,77.3,173.0,102.3,103.4,1,2.042368435968534
EC006748,RES_B,Residential,23,Sunday,6,28.5,77.7,271.0,48.3,53.9,6,0.8030327373414882
EC003619,RES_A,Residential,15,Tuesday,11,30.2,79.0,111.0,33.4,43.3,1,0.5374616485751396
EC007303,ENG_A,Engineering,14,Tuesday,5,30.8,74.5,226.0,82.2,95.4,1,1.0345965455677593
EC007242,LEC_A,LectureHall,0,Sunday,11,25.6,79.7,0.0,18.0,24.4,6,1.3084671658114138
EC006354,SCI_A,Science,11,Sunday,7,28.5,73.5,36.0,85.5,74.6,6,0.8470635453371601
EC002202,RES_A,Residential,0,Sunday,2,27.3,83.5,122.0,51.4,48.7,6,0.35122479899168824
EC007815,ENG_A,Engineering,0,Friday,7,26.7,80.7,23.0,47.0,48.6,4,0.4468193322790034
EC004906,SCI_B,Science,11,Friday,9,27.5,73.8,128.0,78.0,80.1,4,1.339611878336362
EC004582,BUS_B,Business,2,Monday,1,25.7,81.9,14.0,37.9,36.3,0,0.6147761675758475
EC003985,SCI_B,Science,12,Sunday,10,30.8,71.1,19.0,72.5,75.3,6,0.5615316955949734
EC005368,ADM_A,Administration,17,Saturday,3,31.4,69.6,17.0,28.1,33.2,5,0.5291794753676333
EC003878,SCI_B,Science,16,Thursday,12,29.7,79.7,93.0,92.5,95.4,3,0.5046567273545125
EC001209,SCI_A,Science,8,Thursday,9,27.2,75.5,43.0,75.6,78.6,3,1.0003984139278737
EC003222,LEC_A,LectureHall,19,Saturday,2,28.9,72.5,20.0,33.5,37.1,5,0.5870030677537802
EC004623,BUS_A,Business,11,Sunday,3,30.8,83.3,23.0,41.1,38.9,6,0.561924503172303
EC006093,BUS_A,Business,13,Thursday,7,29.7,74.3,165.0,57.3,64.2,3,0.8792681444618868
EC006517,ENG_A,Engineering,20,Tuesday,2,29.1,74.7,39.0,56.9,55.9,1,0.7117915589163266
EC003143,SCI_B,Science,21,Saturday,6,29.5,69.3,4.0,69.5,74.4,5,1.108369871749265
EC007088,ADM_A,Administration,21,Wednesday,9,27.0,75.4,10.0,19.9,22.1,2,1.0159004849982158
EC001625,SCI_A,Science,17,Sunday,10,29.7,75.0,26.0,75.4,83.9,6,0.6044666631473278
EC003807,RES_B,Residential,12,Wednesday,9,28.9,70.0,101.0,43.6,39.6,2,0.5693349006888264
EC001443,BUS_B,Business,13,Monday,10,31.3,72.2,182.0,57.7,66.2,0,0.6347956682156725
EC004088,SPT_A,Sports,13,Wednesday,2,29.5,76.2,16.0,42.3,44.1,2,0.5161438933261795
EC001762,BUS_B,Business,20,Friday,12,28.0,80.1,9.0,40.6,44.8,4,0.6370912764320142
EC003608,LEC_A,LectureHall,4,Monday,5,27.6,74.2,7.0,29.8,28.8,0,1.3070193600273305
EC004324,BUS_B,Business,1,Sunday,5,27.0,80.6,28.0,37.2,33.9,6,0.62259500598761
EC004405,SCI_A,Science,4,Tuesday,5,26.6,73.9,0.0,62.2,63.2,1,0.9718932015723654
EC006323,ENG_A,Engineering,3,Monday,4,26.9,77.4,0.0,38.8,38.9,0,0.640007475370447
EC006060,SPT_A,Sports,6,Wednesday,7,27.3,77.8,95.0,45.3,45.4,2,0.41378156059415294
EC001872,BUS_B,Business,20,Thursday,5,30.8,73.2,6.0,45.8,51.7,3,0.6729309308455064
EC005353,BUS_A,Business,6,Tuesday,7,27.5,73.8,0.0,25.1,28.8,1,0.5989607153224746
EC007055,ENG_B,Engineering,21,Tuesday,7,23.9,95.7,11.0,35.5,33.7,1,3.0326295592236736
EC000104,SCI_A,Science,0,Saturday,7,26.5,74.1,0.0,60.3,64.9,5,0.8093574852354106
EC001335,LEC_A,LectureHall,15,Sunday,11,31.0,77.3,261.0,68.9,79.6,6,4.52542091071418
EC002805,BUS_B,Business,0,Sunday,1,26.5,85.5,21.0,28.9,30.1,6,0.5450247321525725
EC000006,BUS_A,Business,3,Wednesday,9,26.7,78.8,5.0,31.8,33.9,2,0.5963991020169902
EC006604,BUS_A,Business,20,Wednesday,2,29.0,,2.0,32.6,32.9,2,2.679013728012404
EC007517,SCI_A,Science,18,Wednesday,10,29.8,79.5,33.0,65.3,84.2,2,0.5632258498243106
EC002309,SPT_A,Sports,4,Monday,7,26.4,81.3,47.0,32.8,39.5,0,0.44843895081818597
EC005646,BUS_B,Business,6,Monday,11,26.0,78.3,19.0,32.2,38.6,0,0.38274733565479785
EC004406,SCI_B,Science,0,Tuesday,2,27.9,79.3,24.0,63.0,56.3,1,0.536865484702677
EC002792,ADM_A,Administration,20,Sunday,5,28.6,69.0,3.0,24.4,25.7,6,0.6536051577023247
EC005460,LEC_A,LectureHall,4,Friday,2,25.6,72.7,0.0,20.7,23.7,4,0.7628983925536066
EC000165,SCI_B,Science,23,Monday,5,26.8,78.7,15.0,66.5,67.8,0,0.5088054524922062
EC002467,ENG_B,Engineering,4,Saturday,6,24.1,76.2,0.0,32.9,33.5,5,1.073446896060712
EC004184,LIB_A,Library,13,Monday,11,30.5,78.1,139.0,56.1,53.5,0,0.4105666668919132
EC001766,RES_B,Residential,9,Tuesday,8,28.7,79.2,131.0,40.9,42.0,1,0.47105332635491426
EC005012,SPT_A,Sports,1,Wednesday,2,26.0,81.4,7.0,36.4,38.7,2,0.7054203061260208
EC006256,LEC_A,LectureHall,18,Saturday,1,29.2,79.3,27.0,27.9,30.9,5,0.6113132210181862
EC007178,BUS_A,Business,23,Sunday,9,28.5,68.4,0.0,33.1,33.7,6,0.4540025138195456
EC001774,BUS_A,Business,12,Tuesday,4,30.0,69.2,141.0,53.9,57.4,1,0.8941939529397182
EC007161,BUS_B,Business,18,Friday,10,30.5,73.4,63.0,47.8,55.7,4,0.702163627917057
EC000085,BUS_B,Business,3,Monday,10,,88.0,0.0,5.3,22.1,0,5.883549656204701
EC007296,SCI_B,Science,12,Thursday,12,28.2,80.4,122.0,75.8,81.2,3,1.0898281445624343
EC001237,RES_B,Residential,12,Friday,7,30.3,79.2,96.0,38.9,43.0,4,0.3383340058102047
EC003755,LEC_A,LectureHall,0,Monday,3,26.6,78.3,0.0,23.7,27.1,0,0.3608260284836869
EC001050,RES_A,Residential,6,Wednesday,2,28.2,77.0,205.0,49.1,59.3,2,0.6143269573475547
EC002665,SCI_A,Science,12,Wednesday,3,31.2,73.2,168.0,115.6,117.4,2,0.8245268176500692
EC003642,ENG_B,Engineering,7,Wednesday,5,30.0,71.9,3.0,45.5,50.2,2,0.7919422342301687
EC003068,ADM_A,Administration,15,Monday,7,29.7,76.7,86.0,35.9,47.3,0,0.37650599825988523
EC002505,BUS_A,Business,9,Friday,10,28.0,79.3,160.0,22.4,43.1,4,5.390250517280487
EC004404,ENG_B,Engineering,4,Friday,3,24.5,84.7,6.0,29.1,34.1,4,0.9407893585534612
EC004509,RES_A,Residential,0,Sunday,6,27.8,80.3,145.0,,57.6,6,1.2350201632511073
EC005085,SCI_B,Science,11,Tuesday,4,30.4,68.8,100.0,84.8,87.9,1,0.6379935512904589
EC007630,LIB_A,Library,10,Monday,5,29.0,78.5,31.0,39.3,40.2,0,0.4958580169394479
EC002363,BUS_A,Business,10,Sunday,2,29.0,72.1,0.0,31.5,36.6,6,0.6470612624717869
EC001324,RES_A,Residential,2,Saturday,9,25.9,85.3,160.0,45.4,43.6,5,0.6800840987537158
EC004882,LEC_A,LectureHall,21,Wednesday,11,27.4,74.2,0.0,27.7,28.8,2,0.6744155333468173
EC003774,ADM_A,Administration,7,Monday,7,27.8,80.5,8.0,23.9,27.5,0,0.46775643533846695
EC001015,BUS_A,Business,1,Monday,2,26.7,80.5,0.0,25.3,25.9,0,0.3802670608305273
EC002251,SCI_A,Science,9,Friday,7,29.0,81.5,121.0,52.0,86.7,4,0.9582860065894568
EC006971,SPT_A,Sports,11,Sunday,6,28.9,78.8,0.0,32.9,43.4,6,0.6859708227711967
EC006696,SCI_A,Science,14,Wednesday,9,29.9,77.5,132.0,104.7,97.0,2,0.9866620302339261
EC006409,SCI_A,Science,13,Wednesday,3,30.7,71.3,118.0,97.7,98.8,2,0.7320968356453396
EC002277,LEC_A,LectureHall,6,Saturday,1,26.4,85.5,43.0,31.0,31.3,5,0.49787017699999253
EC006614,LEC_A,LectureHall,10,Thursday,2,27.8,77.0,151.0,48.4,58.9,3,1.3964865925568428
EC000533,SCI_B,Science,3,Sunday,5,26.4,83.6,0.0,59.5,61.9,6,0.6364472501068497
EC004000,LIB_A,Library,11,Wednesday,4,29.3,80.1,69.0,43.8,43.9,2,0.5307250127207995
EC007610,BUS_A,Business,1,Monday,5,28.0,81.1,0.0,34.8,31.1,0,0.3790444924822428
EC004316,SCI_A,Science,21,Wednesday,7,30.2,82.8,13.0,80.2,81.3,2,1.451805716970204
EC007488,RES_B,Residential,1,Wednesday,9,25.5,83.8,104.0,41.0,41.9,2,0.4760411011140977
EC003403,BUS_B,Business,4,Wednesday,4,26.6,74.2,23.0,32.6,38.7,2,0.5515414814214787
EC007681,ENG_A,Engineering,7,Saturday,3,26.6,76.8,0.0,41.2,40.9,5,0.5977658036262893
EC000143,BUS_B,Business,14,Sunday,3,30.8,75.1,9.0,36.7,42.6,6,0.6775293816323024
EC005041,SCI_A,Science,20,Monday,8,30.4,70.9,33.0,86.9,82.9,0,0.6187560785012781
EC000221,LIB_A,Library,17,Tuesday,6,31.3,72.6,167.0,58.1,58.6,1,0.5988978018573876
EC003651,ADM_A,Administration,22,Friday,9,26.1,79.4,15.0,23.8,25.9,4,0.43123608046107
EC004032,SCI_A,Science,6,Thursday,6,27.4,85.4,0.0,53.0,62.3,3,0.5327016464845682
EC001275,BUS_B,Business,15,Tuesday,11,30.4,72.9,152.0,66.1,68.7,1,0.6591521955530051
EC007054,SPT_A,Sports,5,Wednesday,11,25.3,87.2,79.0,,44.5,2,1.833123248486812
EC000219,SCI_B,Science,3,Tuesday,2,27.2,76.6,0.0,58.4,61.4,1,0.7796378713663321
EC003725,ENG_A,Engineering,15,Thursday,3,30.6,76.5,149.0,75.9,79.8,3,0.5766982376982246
EC001929,ENG_B,Engineering,7,Wednesday,3,29.0,82.3,0.0,47.3,46.6,2,0.654779616445485
EC004872,SCI_B,Science,15,Sunday,8,29.8,74.9,32.0,70.4,78.4,6,0.6865267572584085
EC003821,ADM_A,Administration,12,Tuesday,3,28.7,72.9,109.0,40.6,41.6,1,0.6828038943467164
EC007515,SPT_A,Sports,17,Wednesday,7,30.0,74.2,89.0,55.5,60.0,2,0.5291005721175502
EC000294,LEC_A,LectureHall,16,Saturday,4,29.5,73.1,46.0,33.8,40.8,5,0.5438669572103632
EC001602,ENG_B,Engineering,2,Monday,6,,,9.0,42.3,41.2,0,11.32701339599485
EC004767,ENG_A,Engineering,23,Sunday,9,25.5,87.7,0.0,33.4,41.4,6,0.5009855340620474
EC002239,BUS_A,Business,1,Monday,9,27.4,76.6,3.0,30.3,30.6,0,0.6304250619034593
EC005097,BUS_A,Business,9,Thursday,7,30.0,69.2,51.0,43.0,44.4,3,0.5249456662577032
EC007494,ADM_A,Administration,1,Thursday,5,27.9,76.6,11.0,31.9,27.6,3,0.6958615502902735
EC001726,LIB_A,Library,21,Friday,6,29.7,74.7,72.0,46.1,50.7,4,0.5561284180644906
EC006630,ENG_B,Engineering,4,Wednesday,3,26.8,86.4,5.0,40.2,42.0,2,0.7164793532970624
EC006274,BUS_A,Business,5,Saturday,6,27.9,78.8,13.0,34.7,29.6,5,0.5417272874370825
EC006110,ENG_B,Engineering,19,Sunday,8,29.2,76.7,0.0,39.7,46.3,6,0.6424924970269806
EC002476,RES_B,Residential,16,Thursday,3,31.6,71.9,115.0,42.4,47.6,3,0.5820012959955019
EC003574,ADM_A,Administration,4,Thursday,5,26.8,77.4,0.0,24.7,32.0,3,0.5539690374374878
EC002531,SCI_B,Science,0,Thursday,10,25.3,79.1,5.0,54.8,59.3,3,0.8142505058486902
EC003752,LIB_A,Library,7,Friday,12,28.3,83.8,,32.2,34.1,4,1.1502815924297438
EC004380,ENG_A,Engineering,23,Thursday,6,27.7,69.4,11.0,41.8,44.4,3,0.7475747904050107
EC002880,RES_B,Residential,19,Wednesday,5,29.9,72.6,163.0,42.9,41.9,2,0.581437703816195
EC000930,ENG_B,Engineering,20,Thursday,10,28.7,80.7,41.0,49.5,50.9,3,0.5596290262164794
EC003189,SCI_B,Science,14,Monday,3,30.4,78.9,115.0,70.1,92.0,0,0.6240305510010007
EC003281,BUS_A,Business,16,Monday,10,30.6,73.9,94.0,48.8,56.0,0,0.3399202150299164
EC007960,SPT_A,Sports,20,Saturday,3,29.4,75.7,169.0,67.6,67.7,5,0.8670795717233505
EC001174,RES_B,Residential,22,Saturday,2,,78.8,239.0,63.7,61.3,5,1.8945604385348283
EC000557,LIB_A,Library,20,Wednesday,6,28.4,74.2,123.0,48.7,55.5,2,0.5639360138595777
EC004003,SCI_B,Science,10,Sunday,6,30.1,82.3,27.0,70.8,74.9,6,0.7086394483624899
EC004613,SPT_A,Sports,23,Sunday,6,27.5,80.1,75.0,42.0,44.6,6,0.4476504738912968
EC002826,ENG_B,Engineering,10,Friday,8,27.6,76.8,121.0,68.6,57.1,4,1.2007311486068695
EC007598,RES_A,Residential,16,Tuesday,3,32.2,73.2,138.0,47.7,55.0,1,0.8858635017289527
EC007150,ENG_A,Engineering,11,Tuesday,11,30.6,67.8,165.0,87.1,82.1,1,0.40266395420249884
EC006452,ADM_A,Administration,9,Friday,10,27.3,81.2,53.0,31.5,27.8,4,0.6365535006992701
EC000538,BUS_A,Business,8,Saturday,10,27.3,77.8,11.0,26.6,31.3,5,0.5706888712914633
EC007135,SPT_A,Sports,11,Saturday,8,27.8,81.8,219.0,65.4,58.1,5,3.542339219159615
EC001196,ENG_A,Engineering,7,Monday,8,26.3,75.2,12.0,38.8,41.2,0,0.5983872205257009
EC004333,BUS_B,Business,23,Saturday,1,26.9,79.3,0.0,30.3,31.4,5,0.7651501325641887
EC000367,SPT_A,Sports,17,Monday,5,33.2,67.2,85.0,66.7,71.2,0,0.6142797278764238
EC002469,RES_B,Residential,23,Sunday,9,26.6,81.9,231.0,42.9,47.8,6,0.3792053906928295
EC004022,RES_B,Residential,21,Monday,12,27.1,86.5,217.0,44.7,51.6,0,0.387186037023096
EC002341,BUS_B,Business,0,Friday,4,27.2,80.6,13.0,37.8,49.0,4,0.39223609626327105
EC006544,BUS_B,Business,21,Wednesday,11,28.0,81.5,0.0,38.6,34.3,2,0.6829486132836942
EC001340,ENG_A,Engineering,4,Tuesday,2,26.5,,20.0,42.4,41.2,1,1.3767084307226116
EC002226,LIB_A,Library,20,Friday,1,28.6,85.5,105.0,45.6,47.5,4,0.62993331487766
EC003469,RES_A,Residential,11,Friday,12,29.6,75.8,133.0,47.1,44.9,4,0.5690095075537803
EC004040,ENG_B,Engineering,3,Thursday,3,27.3,74.8,0.0,35.8,36.0,3,0.5994263849369014
EC005940,RES_A,Residential,16,Tuesday,3,30.7,79.3,151.0,53.8,53.9,1,0.6479474269591058
EC002032,ADM_A,Administration,20,Tuesday,10,29.8,76.9,0.0,36.1,33.9,1,0.7142224583601205
EC006822,SCI_A,Science,20,Monday,4,29.6,77.6,17.0,76.5,80.7,0,0.572273679252455
EC005115,ENG_B,Engineering,21,Monday,6,29.4,78.3,27.0,49.1,51.3,0,0.4569849813445697
EC005753,RES_A,Residential,15,Friday,1,28.8,78.6,111.0,39.4,41.4,4,0.4160667958276635
EC007575,RES_A,Residential,10,Sunday,6,28.8,80.0,195.0,39.6,42.9,6,0.5478215665169267
EC001419,LEC_A,LectureHall,22,Tuesday,5,27.6,88.4,12.0,34.7,39.9,1,0.5525770691008973
EC005528,SCI_B,Science,8,Tuesday,9,27.7,74.3,69.0,68.6,66.7,1,0.4684717296750035
EC001112,RES_B,Residential,7,Saturday,6,26.2,80.8,207.0,42.9,47.1,5,0.44062951539964496
EC003905,RES_B,Residential,7,Sunday,1,27.0,85.0,186.0,40.3,53.6,6,0.5446821315523789
EC005472,LIB_A,Library,15,Monday,2,31.5,68.8,203.0,62.3,69.2,0,0.30404202765736055
EC005414,LEC_A,LectureHall,8,Friday,3,28.3,72.9,62.0,43.4,43.8,4,0.5121532494250266
EC004807,ENG_A,Engineering,8,Friday,12,27.4,77.1,86.0,49.2,50.7,4,0.525826474177073
EC003881,SCI_B,Science,11,Monday,9,28.1,76.2,79.0,72.5,78.7,0,0.4533962094421933
EC004418,RES_B,Residential,6,Saturday,4,28.3,81.6,178.0,44.2,54.1,5,0.4916333347049053
EC001167,LEC_A,LectureHall,2,Tuesday,8,26.4,75.9,2.0,23.5,27.7,1,0.8646671288996464
EC007240,ADM_A,Administration,8,Tuesday,6,26.6,82.7,46.0,35.1,31.0,1,0.636833431551541
EC007724,SCI_A,Science,13,Friday,11,29.3,75.0,121.0,87.0,99.1,4,0.8609902781794413
EC002165,BUS_B,Business,21,Tuesday,10,25.6,88.9,0.0,30.6,31.5,1,0.5048190322087714
EC007152,SCI_B,Science,0,Wednesday,9,27.0,80.4,20.0,58.4,66.2,2,0.4333764784785849
EC001313,ADM_A,Administration,21,Monday,8,29.0,76.6,17.0,28.9,31.1,0,0.4446255791914649
EC002920,ENG_A,Engineering,22,Sunday,3,27.2,79.3,21.0,47.2,49.5,6,0.5531776165785114
EC001210,LEC_A,LectureHall,22,Thursday,5,29.0,78.2,18.0,76.9,47.8,3,2.0955315920582067
EC004328,BUS_A,Business,21,Saturday,7,29.0,76.8,0.0,32.8,32.7,5,0.5011727012530727
EC003496,LEC_A,LectureHall,6,Wednesday,10,25.1,80.1,21.0,,22.7,2,1.6985143156704647
EC002644,LIB_A,Library,0,Wednesday,1,26.2,86.8,0.0,22.9,27.9,2,0.4929690038136965
EC001035,BUS_B,Business,14,Monday,8,29.9,75.3,151.0,58.8,61.2,0,0.5349892901262132
EC002737,ENG_B,Engineering,23,Monday,1,27.8,75.9,0.0,34.8,42.0,0,0.47526679667141397
EC002590,BUS_A,Business,18,Sunday,9,28.9,73.5,22.0,26.2,30.3,6,0.6159566882340958
EC004202,ADM_A,Administration,3,Wednesday,12,25.5,80.3,4.0,20.1,17.9,2,0.7371804848040431
EC004768,SCI_A,Science,9,Saturday,11,27.8,77.6,30.0,69.6,69.7,5,0.6862551593572361
EC007903,RES_B,Residential,2,Wednesday,8,,85.2,167.0,41.4,41.4,2,2.7868560628447043
EC005356,BUS_A,Business,19,Sunday,5,29.7,72.3,0.0,30.1,38.9,6,0.5463458398196498
EC000979,BUS_A,Business,18,Thursday,8,29.2,77.9,56.0,39.9,40.0,3,0.5375054857137734
EC007880,ENG_A,Engineering,8,Monday,7,29.9,67.9,83.0,53.3,63.0,0,0.18273292303258426
EC004471,SCI_A,Science,7,Monday,7,26.7,81.4,0.0,59.5,67.8,0,0.5165776710758048
EC006770,RES_A,Residential,7,Monday,10,27.3,85.0,231.0,42.1,52.7,0,0.6015340974923796
EC003349,RES_A,Residential,10,Monday,1,29.3,74.7,184.0,42.8,45.5,0,0.5746821134294112
EC005630,SCI_B,Science,16,Tuesday,1,,73.3,104.0,82.3,79.7,1,5.757011999733809
EC006025,ENG_A,Engineering,4,Wednesday,11,24.9,78.0,24.0,38.3,41.2,2,0.6341821261593984
EC006400,LEC_A,LectureHall,7,Tuesday,5,28.4,82.9,19.0,40.6,37.3,1,0.665855535621198
EC003498,SCI_A,Science,16,Wednesday,6,31.0,67.9,91.0,112.2,100.8,2,0.5942539139519353
EC000317,RES_B,Residential,8,Wednesday,8,26.8,78.2,199.0,40.0,38.4,2,0.4535374038040797
EC002740,RES_B,Residential,22,Thursday,1,27.5,72.1,259.0,57.2,53.4,3,1.1592506689531132
EC005209,SPT_A,Sports,13,Wednesday,7,30.7,75.2,34.0,43.3,47.2,2,0.5527969962155098
EC000843,LIB_A,Library,4,Friday,2,25.5,87.0,4.0,27.3,28.2,4,0.7242149110514001
EC002878,LEC_A,LectureHall,3,Thursday,8,25.1,80.7,0.0,11.4,18.6,3,5.3849658219974925
EC005892,ENG_A,Engineering,2,Sunday,8,24.2,86.6,17.0,32.7,39.3,6,0.5964071709390067
EC006294,ENG_B,Engineering,23,Wednesday,7,28.4,70.7,5.0,38.2,41.7,2,0.6837818210686821
EC000223,RES_B,Residential,22,Saturday,4,28.0,78.0,238.0,47.1,53.3,5,0.43820095513383006
EC005361,BUS_A,Business,2,Friday,3,26.4,80.8,6.0,40.8,38.2,4,0.6708482907554763
EC004745,ENG_B,Engineering,14,Friday,1,30.4,75.2,143.0,74.4,75.3,4,0.6878100717268201
EC005637,ADM_A,Administration,15,Sunday,11,30.3,76.6,7.0,28.9,28.8,6,0.7192619423573017
EC001117,ENG_A,Engineering,17,Tuesday,1,30.6,75.1,91.0,58.3,63.6,1,0.6707379942172548
EC003495,LIB_A,Library,9,Wednesday,1,28.3,78.1,39.0,34.5,38.1,2,0.6989216058471046
EC002153,SCI_A,Science,12,Thursday,8,29.8,79.1,146.0,109.7,112.6,3,1.0325167868498824
EC000631,SPT_A,Sports,1,Tuesday,1,26.0,87.7,22.0,37.3,38.1,1,0.39058547342366756
EC002051,RES_B,Residential,14,Saturday,9,29.3,78.0,111.0,35.3,38.8,5,0.3401975537584146
EC002588,BUS_A,Business,13,Friday,12,28.8,81.0,137.0,61.3,57.4,4,0.6804328550224099
EC004063,LIB_A,Library,13,Thursday,5,29.7,67.3,165.0,45.0,53.2,3,0.5457266751689835
EC003747,BUS_A,Business,8,Saturday,4,29.5,71.6,48.0,41.6,40.3,5,0.49453511678766926
EC005150,SPT_A,Sports,9,Monday,6,29.7,82.8,48.0,53.0,55.2,0,0.3908449889945328
EC006196,RES_A,Residential,4,Friday,5,27.6,77.2,187.0,48.2,49.1,4,0.6262727574095595
EC004211,LIB_A,Library,6,Friday,4,27.5,78.9,5.0,39.1,34.1,4,0.7716062868976057
EC005752,ENG_B,Engineering,17,Saturday,4,30.8,68.0,24.0,50.2,55.9,5,0.4396070162537784
EC006555,SPT_A,Sports,11,Saturday,12,30.4,64.6,32.0,44.5,43.4,5,0.2146131905438849
EC001920,ENG_A,Engineering,9,Saturday,11,27.4,82.0,21.0,42.9,47.3,5,0.5989912807773083
EC007255,ENG_A,Engineering,19,Friday,11,28.1,78.0,36.0,57.4,53.0,4,0.7088067046016135
EC002475,RES_A,Residential,0,Tuesday,2,25.8,83.0,89.0,40.4,50.9,1,0.4362112775224954
EC006513,SCI_B,Science,20,Thursday,4,28.0,76.1,7.0,62.5,66.0,3,0.9724462102534599
EC002817,ENG_B,Engineering,23,Tuesday,6,27.7,81.8,3.0,43.6,37.1,1,0.7250049419700578
EC005710,LEC_A,LectureHall,14,Friday,1,30.7,73.5,161.0,59.8,68.3,4,0.8492295064797102
EC001564,LEC_A,LectureHall,13,Friday,11,28.8,78.9,204.0,65.7,71.6,4,1.5696420802018058
EC007717,SPT_A,Sports,22,Tuesday,5,28.1,75.8,55.0,46.6,54.8,1,0.6051674481998572
EC000409,ENG_B,Engineering,1,Tuesday,7,27.2,77.7,25.0,42.7,43.7,1,0.5334874701551909
EC001956,LEC_A,LectureHall,3,Tuesday,8,26.6,80.1,32.0,30.0,33.8,1,0.7216051641883455
EC007267,SCI_B,Science,19,Tuesday,9,28.7,80.1,28.0,68.3,74.6,1,0.9079470486194817
EC002922,BUS_A,Business,3,Sunday,3,26.3,81.5,0.0,5.8,20.3,6,3.5183253931101537
EC007140,SPT_A,Sports,4,Wednesday,7,24.4,86.0,46.0,35.0,40.4,2,0.6798065445501977
EC007638,ENG_B,Engineering,3,Tuesday,10,25.6,81.7,6.0,30.8,32.3,1,0.6302828375991478
EC001080,ADM_A,Administration,22,Sunday,1,28.2,82.5,0.0,24.0,22.7,6,0.5494026923893257
EC001029,SCI_A,Science,14,Wednesday,8,35.3,91.7,132.0,107.3,121.1,2,3.6955948916996735
EC005966,LEC_A,LectureHall,12,Monday,12,29.4,72.8,198.0,71.0,69.4,0,1.1442770297830613
EC005404,BUS_A,Business,23,Sunday,3,29.3,76.6,6.0,39.9,39.7,6,0.5402011319392492
EC000605,SCI_B,Science,8,Saturday,7,26.4,77.2,0.0,59.6,58.4,5,0.6060152881099872
EC003099,LIB_A,Library,9,Friday,8,27.0,74.8,50.0,36.7,32.5,4,0.538389410912416
EC004097,SCI_A,Science,7,Tuesday,8,25.2,77.1,11.0,59.6,57.3,1,1.4465336551131107
EC001031,LEC_A,LectureHall,11,Thursday,4,29.8,76.3,267.0,103.3,97.9,3,3.956817083321203
EC003611,SPT_A,Sports,22,Sunday,5,27.5,,26.0,97.9,65.8,6,3.8548712532010896
EC002702,LEC_A,LectureHall,15,Tuesday,10,27.7,80.9,203.0,70.4,68.9,1,2.0546005590617735
EC003134,SCI_A,Science,10,Wednesday,6,29.1,74.8,81.0,73.5,87.3,2,0.5251449682238056
EC002860,ENG_B,Engineering,0,Thursday,11,25.9,79.1,5.0,39.4,37.5,3,1.0520319930108901
EC006984,RES_A,Residential,13,Thursday,12,30.3,75.3,146.0,45.2,48.7,3,0.610685338607499
EC003340,LIB_A,Library,20,Sunday,10,28.2,81.8,80.0,45.1,46.8,6,0.6568011583483087
EC007332,ENG_A,Engineering,11,Sunday,10,29.1,75.0,68.0,50.5,57.4,6,0.5217971601407242
EC007053,ENG_A,Engineering,9,Saturday,3,27.7,79.4,39.0,52.1,53.7,5,0.530572744964644
EC005033,BUS_B,Business,7,Wednesday,4,27.1,78.4,133.0,24.0,48.5,2,3.3081556403694243
EC001045,RES_B,Residential,13,Monday,10,30.1,75.0,132.0,42.9,44.6,0,0.41416983092521936
EC003162,SCI_B,Science,19,Thursday,9,29.0,71.8,14.0,70.4,66.6,3,1.1610730872262502
EC000131,SCI_A,Science,4,Saturday,8,26.7,79.0,9.0,58.2,62.2,5,1.1311010803429367
EC004927,RES_B,Residential,12,Wednesday,12,29.6,77.9,105.0,37.2,41.2,2,0.4033634216624483
EC005081,SCI_B,Science,23,Wednesday,5,,84.6,0.0,58.6,52.5,2,1.4067880658253609
EC001961,LIB_A,Library,23,Saturday,2,25.1,83.5,41.0,33.6,39.0,5,0.5091121238358185
EC005186,RES_B,Residential,18,Wednesday,11,29.1,77.6,133.0,37.2,39.5,2,0.428955242486483
EC007991,LEC_A,LectureHall,9,Tuesday,8,28.5,79.0,129.0,56.9,59.8,1,1.0378929846467835
EC004869,ADM_A,Administration,14,Monday,12,30.8,69.1,113.0,49.9,45.7,0,0.2346717460608878
EC007971,ENG_A,Engineering,2,Saturday,8,26.2,79.0,0.0,38.4,37.3,5,0.5649499460367507
EC004795,BUS_B,Business,21,Thursday,1,27.4,83.1,13.0,42.7,42.3,3,0.7458974879946639
EC000754,SCI_B,Science,5,Tuesday,12,27.4,77.9,0.0,59.5,58.5,1,0.7022091242604406
EC006588,LIB_A,Library,7,Wednesday,5,28.8,82.1,0.0,36.0,39.4,2,0.5572397861255998
EC001155,BUS_B,Business,23,Monday,12,26.6,76.1,0.0,30.3,34.2,0,0.4796548732358181
EC005985,RES_A,Residential,6,Tuesday,9,25.7,86.8,243.0,47.4,48.6,1,0.6877390288832874
EC003270,BUS_A,Business,6,Sunday,9,27.4,82.6,27.0,33.8,31.7,6,0.47816781307809747
EC001168,LEC_A,LectureHall,4,Thursday,2,27.1,78.8,0.0,14.1,19.8,3,2.7915945608858888
EC007548,ENG_B,Engineering,17,Friday,10,28.7,75.3,79.0,54.1,53.6,4,0.5201855982075698
EC001478,ENG_A,Engineering,3,Monday,11,24.1,85.8,47.0,38.4,43.2,0,0.42614232195051005
EC003784,ADM_A,Administration,9,Monday,6,29.1,82.3,72.0,36.3,35.6,0,0.36188756479310824
EC002321,SPT_A,Sports,23,Sunday,8,26.4,85.7,31.0,34.2,34.4,6,0.5389596828179444
EC006305,BUS_B,Business,17,Friday,7,31.0,76.1,,56.2,63.9,4,1.6760833158073316
EC000272,SCI_A,Science,5,Friday,8,26.5,81.8,0.0,60.7,62.3,4,0.646275537648018
EC003154,RES_A,Residential,12,Saturday,10,30.0,76.5,187.0,50.3,54.8,5,0.6526195646434773
EC006645,BUS_B,Business,6,Saturday,12,25.6,80.4,0.0,30.0,31.7,5,0.6608613819756242
EC006608,LIB_A,Library,16,Tuesday,3,30.2,72.2,173.0,55.6,56.4,1,0.7175723272918834
EC002393,ENG_B,Engineering,6,Wednesday,6,26.3,75.4,0.0,37.5,38.1,2,0.5730727790263371
EC001244,ENG_B,Engineering,20,Saturday,5,28.5,76.0,35.0,46.6,51.0,5,0.5447632553808965
EC002585,BUS_B,Business,9,Monday,3,28.0,81.0,112.0,47.9,57.7,0,0.3811687725039291
EC006656,BUS_A,Business,19,Friday,7,29.7,80.3,29.0,43.7,39.3,4,0.5533129845252022
EC007082,ENG_A,Engineering,15,Wednesday,10,28.1,81.1,172.0,67.9,70.8,2,0.6057817657601355
EC007955,SCI_B,Science,17,Thursday,2,30.4,71.7,,71.9,85.9,3,2.062294094407661
EC005870,BUS_B,Business,10,Thursday,6,28.9,76.5,141.0,65.0,64.6,3,0.6020208250075801
EC001250,SCI_B,Science,15,Monday,2,32.6,68.9,111.0,99.8,101.9,0,0.4367767074932427
EC005958,BUS_B,Business,5,Tuesday,2,27.8,83.1,0.0,47.2,42.5,1,0.663179263874488
EC002786,ADM_A,Administration,23,Monday,12,27.1,81.9,12.0,22.9,26.7,0,0.3797134494692953
EC001971,RES_A,Residential,18,Thursday,9,29.0,72.2,202.0,43.3,41.3,3,0.6996987592785298
EC001655,LEC_A,LectureHall,1,Thursday,5,28.0,77.5,3.0,28.6,31.7,3,0.8216060589546095
EC007388,SCI_A,Science,7,Thursday,1,24.2,84.3,5.0,45.3,55.3,3,1.0611113673065986
EC004823,LEC_A,LectureHall,0,Saturday,11,25.7,79.7,27.0,18.8,22.9,5,1.1850781816955978
EC005363,SCI_A,Science,19,Saturday,7,29.9,68.6,37.0,71.7,75.4,5,0.6519854344223788
EC000158,RES_B,Residential,0,Wednesday,11,27.1,81.6,117.0,39.1,40.8,2,0.47860593318863787
EC003715,BUS_A,Business,9,Sunday,12,25.3,88.3,22.0,24.4,22.7,6,0.3234169067176409
EC000831,ADM_A,Administration,16,Thursday,7,30.7,78.9,75.0,38.7,41.3,3,0.45640234930428775
EC005222,ENG_A,Engineering,17,Thursday,2,30.0,70.5,113.0,58.9,65.5,3,0.5929728011030575
EC005582,ENG_B,Engineering,14,Sunday,12,30.8,71.5,24.0,63.6,56.9,6,0.7565949659841585
EC004080,LEC_A,LectureHall,6,Sunday,9,27.9,76.0,32.0,23.5,28.3,6,0.6756432916722452
EC006248,BUS_A,Business,13,Wednesday,1,29.7,72.8,147.0,49.8,56.2,2,1.0510951287047625
EC005434,SPT_A,Sports,7,Thursday,4,27.7,83.4,94.0,56.2,56.6,3,0.4424892079640324
EC004681,ADM_A,Administration,16,Thursday,9,29.4,79.7,77.0,37.4,35.7,3,0.3946771346922961
EC003976,ENG_B,Engineering,10,Saturday,12,28.9,73.6,18.0,49.3,44.3,5,0.5366525846674343
EC000416,ENG_B,Engineering,22,Tuesday,7,28.0,74.2,6.0,43.8,38.8,1,0.6868129901776957
EC006743,ENG_A,Engineering,0,Friday,5,26.8,82.4,12.0,76.8,53.4,4,2.4969764536893373
EC004844,LEC_A,LectureHall,18,Tuesday,9,30.0,73.5,72.0,49.7,48.7,1,0.6464949037682108
EC006474,RES_A,Residential,14,Sunday,5,31.4,70.8,125.0,47.8,50.9,6,0.6174144717036036
EC006469,SCI_A,Science,13,Sunday,10,30.1,70.7,2.0,76.6,76.1,6,2.4868637595731813
EC002987,SPT_A,Sports,23,Thursday,11,26.2,79.3,39.0,102.6,57.1,3,4.475718594440261
EC001095,ENG_A,Engineering,8,Sunday,6,28.0,74.3,39.0,47.2,51.1,6,0.5447171894457484
EC004914,BUS_B,Business,5,Saturday,12,25.0,83.0,22.0,29.4,30.7,5,0.5714845379168957
EC006717,ENG_A,Engineering,1,Sunday,1,26.6,75.7,11.0,61.8,47.5,6,1.2654456416146405
EC004604,SPT_A,Sports,5,Wednesday,3,27.2,73.0,42.0,48.0,44.9,2,0.5117122944104222
EC004019,SCI_B,Science,23,Saturday,1,26.5,83.2,0.0,58.0,68.6,5,0.7677310465213507
EC002062,ENG_A,Engineering,8,Tuesday,6,,89.2,193.0,47.8,63.4,1,2.299690097916456
EC005385,LEC_A,LectureHall,9,Wednesday,11,26.6,82.7,121.0,53.0,50.0,2,0.8363068570782913
EC007725,SPT_A,Sports,10,Wednesday,11,28.9,69.3,54.0,37.9,41.7,2,0.5233369490181232
EC006471,LIB_A,Library,7,Saturday,4,29.2,75.6,4.0,39.7,40.2,5,0.778543008963217
EC006837,SCI_B,Science,23,Tuesday,1,27.0,84.2,11.0,53.9,61.5,1,0.9578330250605311
EC001756,SPT_A,Sports,16,Monday,11,32.0,67.0,48.0,56.7,54.0,0,0.18283736957176794
EC002325,LIB_A,Library,4,Thursday,3,27.6,83.5,40.0,40.3,39.8,3,0.5039067998096708
EC000598,SCI_B,Science,8,Wednesday,9,27.8,77.2,55.0,69.6,73.0,2,0.5856438240758503
EC004684,LEC_A,LectureHall,3,Tuesday,12,26.4,83.5,0.0,16.6,27.2,1,2.887108881611649
EC000147,ENG_B,Engineering,3,Friday,1,25.0,85.0,10.0,60.9,42.1,4,1.6946791548803035
EC007527,SCI_A,Science,19,Saturday,11,29.0,78.7,3.0,76.3,80.4,5,1.1961236976409464
EC006816,ENG_B,Engineering,3,Thursday,1,24.7,91.3,3.0,30.4,34.2,3,0.6841732828407505
EC002813,RES_A,Residential,13,Tuesday,9,28.1,77.6,84.0,39.8,43.7,1,0.3260644457299178
EC007067,ENG_A,Engineering,21,Sunday,5,,75.1,,49.9,48.0,6,12.270468531066179
EC003702,LIB_A,Library,21,Saturday,12,26.7,84.3,98.0,41.6,48.8,5,0.5617482884076715
EC003680,SCI_B,Science,2,Wednesday,12,26.0,82.5,0.0,56.8,51.8,2,0.5239210519109986
EC004979,SCI_B,Science,2,Monday,2,26.9,81.3,8.0,96.6,73.6,0,4.9682801501111955
EC000490,ENG_A,Engineering,9,Wednesday,2,27.2,69.6,114.0,58.9,60.4,2,0.5016069923939788
EC002645,SCI_A,Science,1,Sunday,1,26.7,86.6,9.0,70.8,66.9,6,1.8545530986684204
EC006814,SCI_B,Science,20,Saturday,7,28.2,84.8,25.0,56.5,66.0,5,0.5798764386033702
EC006373,BUS_B,Business,19,Sunday,7,29.5,80.1,0.0,33.2,41.2,6,0.6105172994435181
EC001033,BUS_B,Business,8,Monday,8,26.6,82.6,182.0,26.2,51.0,0,5.404605279268871
EC005748,LEC_A,LectureHall,12,Thursday,7,29.9,69.3,199.0,68.7,71.2,3,1.510578198514972
EC004910,ADM_A,Administration,21,Thursday,5,23.7,96.4,14.0,21.7,24.0,3,5.071059374800686
EC005544,RES_B,Residential,21,Friday,10,27.7,76.4,241.0,39.0,47.8,4,0.3747432797966996
EC004272,RES_B,Residential,21,Monday,2,29.0,79.8,209.0,50.9,52.5,0,0.3795508924528264
EC006413,ADM_A,Administration,11,Monday,1,29.1,87.3,92.0,39.1,36.7,0,0.22180859679128623
EC002025,LIB_A,Library,6,Friday,2,26.4,81.7,0.0,27.0,31.5,4,0.5103332102424548
EC001541,RES_B,Residential,1,Tuesday,10,25.5,85.5,138.0,44.6,39.3,1,0.4046310543358293
EC002293,RES_A,Residential,1,Thursday,1,27.5,75.3,112.0,41.8,50.1,3,0.44028194996930164
EC004544,SCI_A,Science,11,Monday,12,28.0,70.0,174.0,87.5,90.2,0,1.3493683723500285
EC005384,BUS_A,Business,5,Saturday,3,27.8,76.1,,28.0,34.1,5,4.181049193763356
EC002904,LIB_A,Library,10,Tuesday,5,30.2,70.9,77.0,44.4,53.0,1,0.5605397267157398
EC005011,BUS_B,Business,13,Tuesday,1,,70.9,153.0,65.1,73.0,1,2.606101972814196
EC004163,BUS_B,Business,21,Saturday,1,27.3,77.2,2.0,33.3,30.7,5,0.8200639867177477
EC002166,SPT_A,Sports,21,Thursday,11,27.8,79.1,120.0,55.5,57.2,3,0.7172007042940353
EC006889,SCI_A,Science,4,Tuesday,7,27.4,80.1,4.0,62.1,68.1,1,1.5970310150696854
EC001086,LIB_A,Library,1,Thursday,12,24.7,81.3,10.0,21.0,26.4,3,0.9348897479811874
EC002064,SCI_A,Science,8,Monday,11,27.7,78.2,66.0,73.4,79.8,0,0.43879395364974194
EC000398,LEC_A,LectureHall,15,Wednesday,8,30.2,68.6,193.0,86.0,73.9,2,1.0269014616087313
EC002770,SPT_A,Sports,3,Sunday,2,25.8,84.7,28.0,37.0,35.1,6,0.5398978566120906
EC003332,ADM_A,Administration,6,Friday,5,27.4,81.0,5.0,29.8,29.5,4,0.7376069611288643
EC004808,RES_A,Residential,5,Saturday,8,28.1,,229.0,50.9,53.4,5,1.2109975880351176
EC003841,ENG_B,Engineering,4,Thursday,4,27.1,72.2,0.0,39.3,43.8,3,0.5889441068504706
EC001298,SCI_B,Science,3,Thursday,11,24.7,92.5,2.0,80.0,59.6,3,5.76268002842499
EC006002,ENG_A,Engineering,17,Tuesday,3,29.2,74.2,107.0,72.8,67.4,1,0.6428725908329807
EC001991,ENG_B,Engineering,6,Monday,1,26.9,80.7,27.0,45.3,43.8,0,0.41389370841423084
EC003194,LEC_A,LectureHall,18,Saturday,4,31.3,76.5,273.0,90.1,93.4,5,6.972175049035081
EC006014,LEC_A,LectureHall,8,Friday,9,27.3,90.0,209.0,39.4,61.2,4,5.123839921475112
EC002855,SCI_A,Science,10,Friday,6,28.7,78.6,98.0,98.9,98.8,4,0.5126986377316713
EC002973,LEC_A,LectureHall,19,Friday,3,30.7,71.3,21.0,45.4,46.1,4,0.6040461166111031
EC003274,ENG_A,Engineering,22,Friday,5,29.0,74.2,23.0,55.9,58.8,4,0.5731672777189752
EC003318,SCI_A,Science,9,Thursday,5,27.9,77.4,85.0,82.7,86.2,3,0.7801221139799501
EC002196,ENG_B,Engineering,0,Thursday,5,27.0,77.2,0.0,40.3,40.2,3,0.6179919870664515
EC000885,RES_B,Residential,5,Sunday,6,26.0,76.7,224.0,48.0,53.3,6,0.7045288575008422
EC004401,BUS_A,Business,16,Sunday,11,,78.3,6.0,27.8,26.9,6,1.6575665338361667
EC003609,ENG_B,Engineering,14,Wednesday,8,29.6,73.9,142.0,63.7,66.7,2,0.6100555984106995
EC005111,SCI_A,Science,9,Saturday,1,28.0,77.0,3.0,65.9,70.9,5,1.213575452662554
EC007937,LIB_A,Library,1,Saturday,12,26.7,83.2,31.0,33.9,35.2,5,0.6512118302368819
EC005714,BUS_B,Business,7,Thursday,11,26.7,80.2,0.0,32.2,33.4,3,0.5755656286449419
EC005670,ENG_B,Engineering,9,Saturday,4,27.8,80.2,42.0,37.8,47.3,5,0.5586044156144255
EC007024,BUS_B,Business,23,Wednesday,11,25.4,77.5,0.0,28.0,28.8,2,0.5438278916571146
EC000271,ADM_A,Administration,20,Saturday,6,29.0,74.2,6.0,26.2,26.5,5,0.6407320675754835
EC004109,SCI_B,Science,8,Tuesday,4,26.7,85.5,65.0,71.3,75.8,1,0.8760578163179288
EC002353,ENG_A,Engineering,9,Sunday,4,29.3,68.6,35.0,,53.0,6,0.8508753396345169
EC006145,ADM_A,Administration,1,Monday,6,25.6,77.7,4.0,21.2,20.5,0,0.5190367088436032
EC006540,ENG_A,Engineering,6,Thursday,1,26.5,87.2,0.0,40.6,40.7,3,0.41884201662007137
EC002858,RES_A,Residential,5,Friday,8,25.6,83.6,234.0,41.2,49.0,4,0.7002752486151649
EC002626,ENG_A,Engineering,16,Friday,12,28.2,78.8,128.0,69.5,69.2,4,0.5972656246516279
EC004312,BUS_A,Business,3,Saturday,1,25.1,85.6,0.0,7.0,21.5,5,2.6568283231936434
EC004761,SCI_B,Science,0,Tuesday,10,27.2,84.1,3.0,68.7,65.2,1,1.01145866220557
EC003677,BUS_B,Business,22,Saturday,8,26.9,78.7,23.0,31.6,35.0,5,0.5248688483854214
EC005485,LEC_A,LectureHall,20,Thursday,10,27.8,76.6,11.0,34.3,31.9,3,0.6854211512282995
EC003279,LIB_A,Library,3,Sunday,8,25.8,85.3,4.0,27.5,27.7,6,0.7599190985279456
EC002833,ENG_A,Engineering,7,Tuesday,4,26.4,77.1,31.0,42.6,49.0,1,0.5977493805310056
EC007200,SCI_A,Science,14,Sunday,7,29.1,73.2,37.0,71.2,73.5,6,0.6755975029539455
EC001420,SPT_A,Sports,19,Wednesday,5,29.3,79.6,200.0,68.0,75.5,2,2.832426782095727
EC000515,SCI_B,Science,7,Thursday,7,28.6,79.6,0.0,63.5,69.2,3,0.6888887339941718
EC001277,ENG_A,Engineering,21,Monday,11,27.4,79.3,40.0,46.3,43.7,0,0.3703947310720181
EC000609,SCI_B,Science,1,Wednesday,8,27.9,79.0,8.0,61.7,65.5,2,1.160044532594363
EC005417,ADM_A,Administration,21,Friday,6,28.9,76.3,10.0,27.9,28.4,4,0.6418158287182857
EC007021,SCI_B,Science,11,Sunday,6,29.5,74.9,51.0,82.5,76.6,6,0.7037829080403548
EC007668,ENG_B,Engineering,23,Monday,8,27.2,91.3,24.0,36.7,39.3,0,0.4793068764866935
EC006268,SPT_A,Sports,23,Monday,6,25.6,77.4,43.0,37.5,41.3,0,0.6724629204125154
EC007614,RES_B,Residential,19,Tuesday,12,29.5,69.2,177.0,43.8,43.4,1,0.4005203853249172
EC003957,SCI_A,Science,13,Sunday,4,30.3,76.7,52.0,92.1,93.1,6,0.6249097504012397
EC000948,SCI_A,Science,0,Wednesday,2,25.6,82.8,46.0,76.9,74.8,2,0.9558193786067898
EC004188,LIB_A,Library,17,Saturday,10,29.3,69.2,185.0,54.7,57.1,5,0.5709609577883429
EC003899,RES_B,Residential,0,Wednesday,5,29.1,81.7,96.0,45.7,45.7,2,0.49802365830021994
EC001674,BUS_A,Business,5,Monday,2,27.3,78.5,15.0,34.4,36.5,0,0.3744097073916836
EC002660,BUS_A,Business,0,Tuesday,12,23.8,84.4,0.0,26.6,25.8,1,0.5457429766620021
EC003442,SCI_A,Science,5,Sunday,6,25.9,82.5,0.0,62.6,66.2,6,0.6333130724228405
EC004758,ENG_A,Engineering,18,Tuesday,7,30.3,66.9,63.0,67.9,62.1,1,0.4531425050097678
EC007230,LIB_A,Library,0,Tuesday,9,27.4,76.6,15.0,30.3,31.3,1,0.451926425654869
EC002972,LEC_A,LectureHall,9,Wednesday,6,28.6,76.2,111.0,,56.9,2,1.3966761786831627
EC001232,RES_B,Residential,18,Friday,12,28.8,82.3,149.0,39.9,42.7,4,0.6061756329216051
EC005903,LEC_A,LectureHall,13,Saturday,11,30.5,73.5,231.0,75.5,76.6,5,2.161892940322776
EC002452,LEC_A,LectureHall,21,Sunday,1,27.2,82.2,0.0,26.0,22.0,6,0.7341028980205646
EC001472,RES_B,Residential,20,Saturday,8,27.3,78.1,188.0,40.4,43.1,5,0.4316052530560346
EC003632,LEC_A,LectureHall,4,Wednesday,10,26.4,79.5,41.0,27.7,33.9,2,0.6786410206792981
EC005448,BUS_B,Business,1,Monday,8,,84.3,22.0,32.9,33.3,0,1.5391295307659187
EC004661,LEC_A,LectureHall,23,Friday,8,27.0,80.1,13.0,83.7,46.0,4,5.288747275308598
EC005645,LEC_A,LectureHall,2,Thursday,5,26.3,78.5,0.0,22.1,25.1,3,0.5940658060502555
EC005369,ADM_A,Administration,18,Wednesday,1,29.1,72.6,52.0,33.9,36.5,2,0.6487863977936561
EC000670,BUS_A,Business,22,Thursday,9,27.7,83.8,18.0,35.0,33.6,3,0.4713241300368594
EC000029,SCI_A,Science,7,Wednesday,5,27.4,77.7,3.0,66.7,66.4,2,1.1886940274872093
EC002241,LEC_A,LectureHall,6,Saturday,7,26.4,79.7,18.0,22.3,24.7,5,0.5339294196819623
EC007185,SPT_A,Sports,0,Saturday,2,27.0,77.1,0.0,31.3,31.9,5,1.1476353502758683
EC001274,SCI_B,Science,17,Friday,11,28.6,82.7,42.0,76.3,69.3,4,0.8607704267834156
EC004766,SPT_A,Sports,18,Monday,3,29.9,68.0,127.0,60.8,61.1,0,0.29381388318948615
EC002811,ADM_A,Administration,6,Sunday,4,27.5,76.1,0.0,22.3,24.8,6,0.6219230364984
EC003009,ENG_A,Engineering,2,Sunday,8,26.4,86.8,0.0,37.8,42.5,6,0.6399351201300889
EC005918,BUS_A,Business,14,Thursday,1,30.4,67.7,124.0,62.5,55.8,3,0.7389214487274587
EC006805,BUS_B,Business,0,Tuesday,2,24.9,82.9,20.0,44.3,35.0,1,0.5340974614141659
EC004395,RES_A,Residential,17,Thursday,6,29.9,71.6,189.0,48.0,48.8,3,0.6546201570914709
EC004195,SCI_B,Science,15,Sunday,10,30.4,73.2,40.0,73.2,79.4,6,0.6309832362176024
EC002990,ENG_A,Engineering,14,Saturday,4,29.9,72.8,57.0,51.0,58.2,5,0.501555099463813
EC007863,ADM_A,Administration,2,Friday,2,25.5,76.3,0.0,21.0,20.7,4,0.69409859073667
EC005557,RES_B,Residential,2,Thursday,2,26.3,81.4,126.0,42.3,48.2,3,0.6602438070023812
EC005015,RES_B,Residential,13,Friday,11,28.9,80.0,124.0,33.7,39.6,4,0.5637136950971255
EC006803,ADM_A,Administration,13,Friday,10,29.5,81.4,99.0,37.5,35.6,4,0.38401349840948334
EC006356,SPT_A,Sports,3,Thursday,8,25.1,86.4,0.0,32.7,33.4,3,0.5561920094828766
EC002364,SPT_A,Sports,22,Monday,11,28.2,77.8,39.0,96.7,61.7,0,1.719960547621414
EC001428,ENG_B,Engineering,13,Wednesday,4,30.5,76.6,159.0,77.1,77.3,2,0.8978465049048204
EC006086,LEC_A,LectureHall,7,Sunday,9,26.2,84.3,5.0,21.7,21.0,6,0.651273565139482
EC003612,RES_A,Residential,13,Thursday,3,29.9,77.1,125.0,48.0,45.8,3,0.5816386017825143
EC001932,BUS_A,Business,3,Monday,10,27.7,83.5,6.0,31.2,31.1,0,0.36121562116158207
EC006813,LEC_A,LectureHall,4,Monday,5,26.2,78.7,12.0,28.9,25.8,0,0.5472986152952165
EC000101,RES_A,Residential,22,Thursday,1,26.5,81.3,239.0,48.0,48.9,3,0.40393210705026333
EC001777,BUS_B,Business,10,Wednesday,4,30.0,65.9,118.0,56.6,60.3,2,0.3246517231255348
EC007262,ENG_B,Engineering,15,Monday,9,,71.1,127.0,71.3,68.7,0,2.208902827968933
EC007976,BUS_B,Business,21,Thursday,3,28.5,72.5,9.0,44.3,44.2,3,0.6362622901537429
EC005293,LEC_A,LectureHall,12,Friday,11,28.4,84.7,236.0,81.7,76.7,4,2.5271022896560065
EC007144,ENG_B,Engineering,5,Tuesday,7,28.6,69.3,22.0,46.5,48.7,1,0.5734057074604519
EC005198,SCI_A,Science,5,Thursday,2,26.3,74.2,0.0,60.8,59.1,3,0.7333830974051727
EC001529,ENG_A,Engineering,22,Thursday,8,26.3,89.0,27.0,44.4,46.0,3,0.4282065977391308
EC005720,ENG_B,Engineering,9,Tuesday,1,27.2,76.0,91.0,44.7,53.2,1,0.5804565662536326
EC006016,ADM_A,Administration,16,Friday,7,30.4,75.6,73.0,41.2,40.8,4,0.4489914774129136
EC002685,ENG_A,Engineering,6,Tuesday,1,25.8,78.9,19.0,37.1,37.0,1,0.6017883570453078
EC001786,RES_A,Residential,10,Saturday,4,29.1,74.4,154.0,53.3,47.8,5,0.5923888423276229
EC005190,BUS_A,Business,10,Monday,6,29.9,78.7,90.0,51.0,53.4,0,0.4617554284985573
EC001315,ADM_A,Administration,1,Tuesday,1,27.2,86.1,0.0,22.1,27.8,1,0.8435790120471934
EC000363,RES_A,Residential,8,Sunday,4,29.4,77.0,245.0,51.3,52.4,6,0.925403061658098
EC000161,LIB_A,Library,15,Friday,10,29.8,72.5,209.0,62.8,60.4,4,1.0457567060918336
EC000993,SCI_B,Science,23,Saturday,5,,75.7,0.0,64.3,71.7,5,1.1787522756103817
EC005220,RES_A,Residential,21,Tuesday,10,27.4,80.9,230.0,51.6,57.6,1,0.48753240249496327
EC007985,BUS_A,Business,22,Wednesday,4,29.0,84.9,0.0,32.0,40.9,2,0.4820967208170433
EC003136,RES_B,Residential,11,Thursday,5,30.0,71.3,102.0,36.6,38.5,3,0.7582857871223014
EC001485,SPT_A,Sports,0,Monday,12,25.5,84.8,0.0,28.6,33.1,0,0.2955106968694685
EC000452,ADM_A,Administration,16,Tuesday,8,28.9,82.1,62.0,29.4,35.2,1,0.6182618405326116
EC007919,ENG_B,Engineering,11,Friday,4,30.1,75.3,119.0,55.8,67.3,4,0.6395819218637271
EC003629,SPT_A,Sports,16,Monday,12,31.1,78.3,73.0,52.0,60.9,0,0.306518392919448
EC006918,RES_A,Residential,18,Sunday,2,29.2,72.2,175.0,31.2,41.7,6,1.6783092435034825
EC005078,LEC_A,LectureHall,11,Wednesday,1,28.2,83.8,191.0,65.6,65.6,2,2.2466215929306292
EC005171,BUS_A,Business,7,Sunday,7,27.8,82.1,0.0,29.0,28.4,6,0.4505732155097797
EC005529,SCI_B,Science,20,Saturday,4,30.5,82.8,9.0,87.7,77.3,5,1.8153166878007605
EC007954,BUS_B,Business,15,Wednesday,11,30.3,78.8,150.0,68.5,67.5,2,0.6080900092030556
EC001136,LIB_A,Library,17,Thursday,8,30.3,72.4,232.0,76.6,69.9,3,1.529765318457833
EC004437,LIB_A,Library,4,Thursday,11,26.7,75.9,7.0,25.3,26.7,3,0.7533386376049921
EC006410,BUS_A,Business,15,Monday,4,31.5,75.1,118.0,53.4,59.2,0,0.9215833136110554
EC001967,SCI_A,Science,4,Saturday,4,27.3,79.8,0.0,79.3,77.5,5,1.8285525841299934
EC002373,BUS_A,Business,1,Friday,4,26.8,80.4,0.0,36.5,38.0,4,0.4702272947173999
EC004831,RES_A,Residential,21,Wednesday,4,29.0,75.4,253.0,61.6,57.0,2,0.8209082142609294
EC005169,SCI_A,Science,3,Sunday,6,25.9,83.7,0.0,57.7,66.2,6,0.6530976194697874
EC001914,BUS_B,Business,19,Thursday,12,27.7,76.2,11.0,41.2,39.6,3,0.6311953141706468
EC001944,ENG_B,Engineering,10,Monday,11,28.7,74.0,147.0,59.0,59.3,0,0.6211978948364478
EC006997,BUS_A,Business,0,Tuesday,5,26.6,82.9,8.0,33.9,34.0,1,0.339983673468159
EC003578,ENG_B,Engineering,11,Sunday,1,29.1,75.2,35.0,,51.2,6,1.5471824190161776
EC007235,SPT_A,Sports,18,Tuesday,8,29.4,78.0,153.0,72.7,66.6,1,0.8906956008103449
EC000961,ENG_B,Engineering,7,Saturday,10,23.8,98.7,0.0,30.8,28.4,5,17.75857131679787
EC001286,LIB_A,Library,15,Tuesday,9,28.8,75.1,233.0,49.4,54.8,1,0.8292021634058796
EC005852,SCI_A,Science,5,Tuesday,9,26.5,75.7,5.0,62.6,64.8,1,1.5107622377916408
EC005412,BUS_B,Business,19,Thursday,6,28.8,76.1,22.0,48.5,46.9,3,0.6011809413574922
EC000470,SCI_A,Science,7,Sunday,6,27.2,79.3,11.0,59.3,65.9,6,0.9715039133322709
EC004245,ENG_B,Engineering,18,Thursday,1,28.0,80.6,61.0,42.5,48.2,3,0.46419055696244943
EC007688,ENG_A,Engineering,6,Wednesday,7,27.1,83.5,14.0,48.9,46.4,2,0.5904417116599864
EC004832,ENG_A,Engineering,13,Tuesday,9,31.0,72.2,202.0,78.4,86.9,1,0.8379247874395632
EC002307,ENG_B,Engineering,15,Sunday,3,30.2,72.2,27.0,49.7,57.1,6,0.5615541283018687
EC007244,SPT_A,Sports,22,Sunday,4,29.5,74.4,98.0,58.8,57.8,6,0.5840084065856018
EC005571,SCI_B,Science,23,Tuesday,11,27.0,79.9,7.0,63.2,56.0,1,1.089137214281839
EC007923,ENG_A,Engineering,2,Wednesday,10,26.0,81.5,0.0,36.3,38.3,2,0.518968082561209
EC000966,SPT_A,Sports,12,Tuesday,10,28.8,81.6,29.0,37.3,40.2,1,0.5277955092971491
EC003513,ENG_B,Engineering,8,Sunday,3,29.3,71.4,46.0,47.0,52.3,6,0.5444922321385567
EC003967,ENG_A,Engineering,14,Saturday,4,30.0,79.3,46.0,59.8,62.5,5,0.6587878223640494
EC000520,SCI_B,Science,11,Sunday,7,31.3,73.4,1.0,84.2,83.3,6,4.066797118914547
EC005269,RES_A,Residential,8,Tuesday,9,28.5,79.2,234.0,45.3,55.3,1,0.6223153991535842
EC001219,RES_A,Residential,4,Sunday,1,28.1,77.2,187.0,49.5,58.5,6,0.618338046421676
EC005357,LEC_A,LectureHall,23,Saturday,11,26.8,82.2,39.0,29.0,23.5,5,0.5540528907049087
EC002718,BUS_A,Business,17,Monday,4,31.1,,96.0,62.5,58.8,0,1.059072342066409
EC005967,SCI_B,Science,9,Monday,11,28.2,82.5,85.0,85.4,86.6,0,0.574138407449019
EC004196,RES_B,Residential,1,Sunday,6,27.2,76.2,169.0,48.2,52.8,6,0.5010553250914986
EC001359,SPT_A,Sports,3,Friday,6,25.7,87.2,39.0,37.3,35.8,4,0.36695888717377245
EC006626,SCI_B,Science,6,Wednesday,12,26.3,80.1,13.0,61.8,62.1,2,0.9449470634932225
EC004241,LIB_A,Library,18,Saturday,6,30.9,71.1,146.0,56.4,60.4,5,0.5396148524216283
EC001828,LIB_A,Library,8,Saturday,10,27.6,72.9,60.0,39.5,34.5,5,0.520937679174463
EC007451,BUS_B,Business,12,Sunday,11,29.4,80.2,36.0,43.5,43.5,6,0.5448557994773107
EC007203,SPT_A,Sports,19,Thursday,2,29.1,77.6,136.0,64.2,62.1,3,0.7821119472770262
EC004902,RES_B,Residential,12,Thursday,7,29.7,73.2,107.0,44.3,41.6,3,0.5208032596087463
EC005071,LIB_A,Library,14,Sunday,8,28.1,68.4,195.0,47.6,58.1,6,0.9333810168151943
EC003516,SCI_A,Science,8,Friday,11,27.7,81.1,52.0,71.4,71.7,4,0.6599562769000732
EC007731,ENG_B,Engineering,16,Wednesday,1,30.4,73.0,140.0,72.5,69.4,2,0.7961366656141013
EC007204,RES_B,Residential,23,Wednesday,5,28.4,75.2,269.0,52.4,56.1,2,0.7072214839933673
EC006565,RES_B,Residential,13,Wednesday,5,29.0,74.9,109.0,40.0,35.4,2,0.4803419720073502
EC003915,ADM_A,Administration,23,Saturday,10,27.7,74.7,0.0,17.0,19.9,5,2.092390459197941
EC005274,RES_A,Residential,22,Monday,6,27.6,75.2,271.0,57.9,61.0,0,1.3469736380406994
EC002217,SCI_B,Science,2,Wednesday,8,25.7,81.2,0.0,63.7,59.1,2,0.7725881215349354
EC004251,LEC_A,LectureHall,22,Tuesday,4,27.7,78.7,9.0,26.3,32.2,1,0.860853317140122
EC005328,RES_B,Residential,14,Sunday,9,30.9,72.0,119.0,43.7,43.8,6,0.6310543769235782
EC002407,ENG_B,Engineering,12,Saturday,6,30.5,73.7,55.0,53.5,57.5,5,0.5720579513227968
EC002728,ENG_A,Engineering,3,Friday,3,27.4,76.7,13.0,48.2,49.2,4,0.6253240516054878
EC004325,SCI_A,Science,14,Wednesday,5,29.6,77.1,135.0,79.5,95.7,2,0.7565521467937889
EC002000,LEC_A,LectureHall,19,Wednesday,12,29.2,73.2,9.0,33.6,31.8,2,0.7019757086681525
EC003096,RES_B,Residential,20,Monday,10,28.3,77.1,231.0,34.5,44.7,0,0.5812172728336548
EC002731,SCI_B,Science,16,Thursday,9,30.1,74.7,88.0,69.5,83.4,3,0.538170227051085
EC005774,ENG_B,Engineering,13,Monday,9,30.1,75.7,145.0,56.5,62.7,0,0.717836487217783
EC004153,RES_A,Residential,9,Wednesday,8,28.7,84.7,174.0,42.8,40.1,2,0.6502668000293261
EC002396,BUS_B,Business,13,Sunday,3,,69.2,37.0,52.1,54.0,6,2.050042738628277
EC003445,LEC_A,LectureHall,7,Friday,11,26.0,82.9,235.0,33.2,60.5,4,8.54984906708018
EC006208,LIB_A,Library,2,Tuesday,11,25.9,80.9,2.0,22.8,27.8,1,0.8078796207976886
EC004669,RES_B,Residential,6,Friday,1,28.3,73.8,174.0,49.4,49.2,4,0.3682298644335593
EC000332,LIB_A,Library,14,Saturday,12,29.4,77.9,123.0,42.9,41.3,5,0.6155298262940039
EC001178,ENG_B,Engineering,19,Sunday,1,28.5,79.3,6.0,45.0,46.2,6,0.5660398530359231
EC001735,LIB_A,Library,9,Tuesday,12,26.7,79.2,25.0,30.1,30.3,1,0.6625968388513926
EC006053,SCI_A,Science,20,Tuesday,9,29.7,72.8,11.0,78.8,84.6,1,2.5435453085081683
EC002088,ENG_A,Engineering,19,Friday,11,30.7,78.7,26.0,53.4,56.2,4,0.5643590408680446
EC004803,RES_A,Residential,5,Tuesday,7,26.6,81.9,194.0,52.1,52.0,1,0.7569520967377317
EC004753,ENG_A,Engineering,13,Tuesday,9,30.4,80.0,210.0,83.9,92.7,1,0.9195160368102335
EC007783,BUS_B,Business,11,Saturday,7,29.7,71.6,21.0,42.8,38.0,5,0.5388002418102634
EC001241,ENG_A,Engineering,8,Saturday,11,26.2,,0.0,32.1,32.8,5,2.7864557759099857
EC002779,LIB_A,Library,11,Wednesday,2,28.4,71.6,72.0,38.4,41.1,2,0.5247012597158532
EC007164,LIB_A,Library,18,Thursday,5,30.4,75.0,186.0,71.1,64.8,3,0.7524540003627423
EC007259,RES_A,Residential,16,Saturday,6,30.7,78.8,122.0,40.0,45.0,5,0.5147255816399688
EC007090,LEC_A,LectureHall,4,Tuesday,11,27.5,78.8,0.0,23.3,23.9,1,0.9778401619399167
EC000802,SPT_A,Sports,23,Sunday,3,28.4,78.6,50.0,35.0,47.2,6,0.5358084951560593
EC004776,SCI_B,Science,5,Saturday,9,24.8,88.1,10.0,55.3,54.1,5,1.1505641608618047
EC003896,ENG_B,Engineering,6,Friday,5,28.4,78.9,0.0,41.9,41.5,4,0.6543068350464227
EC003846,SPT_A,Sports,3,Friday,3,27.2,78.7,13.0,41.6,42.6,4,0.6705774711181292
EC004165,ADM_A,Administration,11,Sunday,2,28.5,70.1,16.0,26.8,28.7,6,0.485913565425978
EC007411,BUS_B,Business,4,Thursday,6,,,24.0,44.2,41.8,3,8.580243993625606
EC001498,SCI_B,Science,19,Tuesday,5,30.9,79.2,9.0,79.2,76.9,1,2.152644857295924
EC004752,SCI_A,Science,11,Thursday,9,29.4,80.1,173.0,115.3,107.7,3,1.490864772903247
EC005885,SCI_A,Science,21,Thursday,12,27.4,72.5,41.0,66.0,68.6,3,0.5460109921540289
EC001378,RES_A,Residential,8,Tuesday,6,27.7,75.2,174.0,44.5,40.8,1,0.709678383208965
EC003236,LIB_A,Library,22,Wednesday,8,27.8,78.5,74.0,38.6,42.2,2,0.48006284637053415
EC000891,RES_A,Residential,6,Monday,3,27.7,85.3,210.0,54.5,56.2,0,0.506610014089152
EC003033,BUS_B,Business,4,Friday,2,25.4,85.1,0.0,34.5,33.4,4,0.5691958435611333
EC002520,RES_A,Residential,14,Wednesday,3,31.2,69.7,131.0,41.5,49.2,2,0.6530133679148549
EC004687,SPT_A,Sports,23,Sunday,1,26.6,78.8,18.0,90.1,57.2,6,4.99869596921943
EC001460,ENG_B,Engineering,22,Sunday,5,,79.1,6.0,42.4,47.0,6,1.7701692143799903
EC006632,ENG_B,Engineering,6,Thursday,9,26.2,81.8,1.0,33.8,31.4,3,0.7430388488332978
EC004632,BUS_B,Business,19,Wednesday,10,29.1,74.6,0.0,47.9,47.6,2,0.6924459432295329
EC000191,SCI_B,Science,21,Thursday,11,27.6,80.1,18.0,61.3,61.2,3,0.5515646973614168
EC004549,SCI_A,Science,3,Wednesday,2,28.5,81.1,2.0,69.9,70.3,2,1.8522595535394055
EC001200,SCI_B,Science,19,Friday,11,28.4,80.5,4.0,60.1,65.3,4,1.2307101704857535
EC003949,SCI_A,Science,22,Tuesday,3,26.5,80.3,4.0,65.5,68.7,1,0.8948117582836328
EC001025,ENG_A,Engineering,22,Monday,3,27.6,83.2,24.0,41.3,48.1,0,0.41424944244896156
EC000562,ENG_B,Engineering,15,Monday,4,31.2,70.1,133.0,78.1,72.6,0,0.920016890050796
EC003740,BUS_B,Business,8,Thursday,12,27.5,79.5,77.0,53.3,51.9,3,0.5013127403665454
EC006095,SCI_A,Science,22,Sunday,5,27.0,84.7,12.0,62.1,71.9,6,0.9112776980719912
EC004680,SPT_A,Sports,19,Monday,1,30.4,75.7,147.0,58.5,63.2,0,0.6605970557982229
EC002820,SCI_B,Science,17,Thursday,6,31.6,77.4,62.0,92.1,96.6,3,0.6140993845634991
EC005323,RES_A,Residential,4,Sunday,3,26.1,80.8,219.0,45.4,50.7,6,0.6499302602609928
EC005254,RES_B,Residential,4,Thursday,12,26.5,84.0,176.0,42.7,43.3,3,0.5873025705738413
EC005388,BUS_A,Business,7,Saturday,8,26.1,81.3,0.0,21.8,25.0,5,0.5225220897015397
EC005030,SPT_A,Sports,15,Wednesday,5,30.4,74.7,42.0,48.0,46.2,2,0.5527969962155098
EC002816,RES_B,Residential,4,Monday,8,26.8,87.7,159.0,44.5,42.9,0,0.38021425619044785
EC001926,RES_B,Residential,6,Tuesday,2,27.7,86.1,193.0,46.7,48.5,1,0.5788450063725386
EC000288,SCI_B,Science,3,Sunday,8,25.4,86.3,1.0,54.0,54.4,6,0.6134793776828872
EC006322,SPT_A,Sports,15,Friday,10,29.9,73.3,21.0,39.4,40.3,4,0.5759297840784231
EC000871,RES_B,Residential,15,Saturday,6,30.2,78.6,130.0,41.9,41.0,5,0.44887959486947693
EC007479,LEC_A,LectureHall,13,Tuesday,10,29.5,77.3,218.0,71.7,78.0,1,1.7589250001800385
EC001922,ADM_A,Administration,12,Friday,1,30.1,72.3,103.0,45.9,48.3,4,0.7742883333021547
EC001427,SCI_A,Science,13,Thursday,7,31.0,73.9,139.0,106.0,106.2,3,0.9101680710229076
EC002829,ENG_A,Engineering,21,Friday,1,26.4,76.5,0.0,41.7,42.5,4,0.5404716492576443
EC006098,ENG_A,Engineering,5,Friday,5,26.7,80.0,19.0,40.2,46.9,4,0.5891262848413014
EC006741,LIB_A,Library,2,Wednesday,1,26.0,84.9,19.0,32.1,30.7,2,0.7372298876127156
EC004656,SCI_B,Science,15,Saturday,10,30.6,78.0,2.0,61.8,68.7,5,0.9850873742879657
EC007969,RES_A,Residential,10,Friday,11,28.2,82.7,139.0,45.2,42.1,4,0.5850285005067444
EC003003,BUS_A,Business,10,Monday,10,25.8,86.0,94.0,35.9,38.5,0,0.30092743041219966
EC006012,SPT_A,Sports,13,Saturday,2,28.8,76.0,22.0,37.0,40.5,5,0.5725903298613368
EC003160,RES_B,Residential,16,Monday,3,34.3,90.6,239.0,69.9,62.4,0,2.296090401521538
EC003250,SCI_B,Science,17,Wednesday,4,28.8,71.2,62.0,80.8,79.6,2,0.6652134916138477
EC006751,SCI_A,Science,21,Saturday,2,27.5,84.4,2.0,54.7,70.8,5,0.620084370829295
EC007383,LEC_A,LectureHall,11,Monday,1,29.8,70.3,167.0,61.6,61.2,0,1.0114230079101552
EC004020,ADM_A,Administration,4,Wednesday,7,26.4,89.7,12.0,24.9,23.1,2,0.560840525879223
EC003013,LIB_A,Library,7,Monday,10,26.3,78.2,6.0,26.5,30.1,0,0.47632087422131686
EC007308,LEC_A,LectureHall,6,Friday,1,27.2,81.7,0.0,26.2,28.8,4,0.6386543630035669
EC007978,ENG_A,Engineering,14,Wednesday,11,29.1,80.6,157.0,64.9,72.1,2,0.5855663695247911
EC003751,ADM_A,Administration,0,Tuesday,3,26.6,74.0,5.0,,30.2,1,2.4357619345695127
EC001321,LEC_A,LectureHall,16,Saturday,4,31.8,68.7,46.0,53.0,48.3,5,0.36378994656618235
EC000311,ENG_B,Engineering,5,Thursday,7,26.4,76.6,0.0,38.0,40.1,3,0.5739914100445715
EC004516,RES_B,Residential,0,Thursday,1,26.0,80.0,118.0,43.6,41.7,3,0.37935015086033713
EC004528,LEC_A,LectureHall,14,Sunday,10,31.1,67.1,31.0,33.5,38.8,6,0.3777851724769273
EC002853,SPT_A,Sports,20,Sunday,7,28.7,73.2,176.0,65.8,67.0,6,0.8662742703278528
EC004222,ENG_A,Engineering,9,Saturday,12,27.6,73.3,53.0,53.7,48.3,5,0.5333460857862359
EC001072,BUS_A,Business,3,Monday,2,24.9,80.3,15.0,33.6,30.6,0,0.39590566244693576
EC007664,SCI_B,Science,20,Sunday,12,29.0,68.8,0.0,48.6,61.0,6,0.5978686965971666
EC007238,BUS_B,Business,22,Saturday,4,28.7,78.2,21.0,35.3,40.9,5,0.5245657272885692
EC005308,BUS_B,Business,11,Saturday,6,31.2,74.2,67.0,59.1,63.5,5,0.5293338194114673
EC005121,LIB_A,Library,18,Saturday,7,29.7,69.0,121.0,64.5,55.8,5,0.5204355028007435
EC006877,BUS_B,Business,7,Monday,9,26.3,71.6,134.0,30.7,44.7,0,3.167456019016255
EC000682,ENG_B,Engineering,12,Friday,4,30.9,65.2,153.0,61.5,64.9,4,0.2640828006916798
EC005846,BUS_B,Business,5,Sunday,11,25.1,82.6,0.0,25.2,26.8,6,0.6223481624454836
EC003573,RES_A,Residential,17,Sunday,2,29.9,71.3,145.0,40.2,44.1,6,0.5944649028398252
EC000369,ENG_B,Engineering,4,Wednesday,5,25.9,83.0,0.0,29.7,35.3,2,0.5423321720469576
EC002186,ADM_A,Administration,6,Tuesday,7,26.3,90.2,0.0,21.5,23.7,1,0.9260683219568427
EC005102,ENG_B,Engineering,8,Thursday,4,28.1,76.2,77.0,57.6,56.2,3,1.1478871699525852
EC002551,SPT_A,Sports,20,Tuesday,1,29.6,77.2,139.0,55.7,67.9,1,0.5963795247928729
EC006802,ENG_B,Engineering,21,Wednesday,10,27.3,78.1,21.0,38.2,38.4,2,0.5397969373302952
EC000977,LEC_A,LectureHall,11,Monday,1,29.6,72.6,190.0,72.3,71.8,0,2.3321904989365048
EC001425,SPT_A,Sports,13,Saturday,6,32.0,78.0,5.0,54.9,54.6,5,0.7268867361177288
EC007557,SCI_B,Science,22,Saturday,6,28.6,76.1,0.0,67.7,65.2,5,0.6436482205407476
EC007905,SCI_A,Science,14,Tuesday,1,29.6,76.5,2.0,69.7,79.4,1,1.6292915427351669
EC001950,LEC_A,LectureHall,20,Sunday,6,,70.3,0.0,28.6,27.5,6,1.9183458632388728
EC005019,SCI_A,Science,13,Saturday,12,29.9,79.1,24.0,77.0,80.3,5,0.6541632487550727
EC007441,LIB_A,Library,14,Saturday,6,30.3,71.8,143.0,50.2,52.7,5,0.5678294735453004
EC006763,RES_A,Residential,13,Monday,1,28.7,72.2,145.0,41.4,46.1,0,0.8587454191187412
EC002775,RES_B,Residential,5,Sunday,4,26.2,78.5,187.0,51.3,47.1,6,0.5725959736287279
EC007424,LEC_A,LectureHall,19,Tuesday,2,30.1,77.3,12.0,36.6,35.6,1,0.7527872783763594
EC005933,ENG_B,Engineering,12,Tuesday,10,30.9,70.5,154.0,70.3,67.7,1,0.44161527498117015
EC004425,SCI_A,Science,14,Friday,11,30.5,73.6,133.0,111.3,105.4,4,0.7911047968606186
EC007111,ADM_A,Administration,11,Monday,3,28.2,72.4,82.0,36.6,37.0,0,0.7266132593210942
EC001490,ENG_A,Engineering,2,Tuesday,7,28.4,76.0,,56.7,57.1,1,2.893663381123792
EC005942,LIB_A,Library,20,Thursday,6,28.7,73.6,104.0,56.2,52.5,3,0.6358807866714885
EC004764,SCI_A,Science,10,Tuesday,7,29.0,78.7,105.0,77.7,91.9,1,0.6551462477998486
EC005857,SCI_A,Science,8,Sunday,2,26.6,83.0,4.0,67.8,70.8,6,1.1265598648958206
EC003674,LEC_A,LectureHall,12,Thursday,11,28.9,76.9,173.0,61.0,63.4,3,0.7749075234640855
EC004169,BUS_B,Business,22,Monday,11,28.4,77.2,4.0,45.3,38.9,0,0.6924281428215036
EC001373,ADM_A,Administration,15,Sunday,3,32.2,68.8,19.0,33.6,37.2,6,0.695080849012727
EC005042,ADM_A,Administration,2,Friday,5,25.1,81.3,22.0,27.9,25.9,4,0.5617322060325072
EC004893,LEC_A,LectureHall,22,Sunday,4,28.1,70.8,30.0,27.7,32.4,6,0.5636095546644088
EC003027,ENG_A,Engineering,7,Tuesday,5,27.6,81.1,21.0,51.9,50.1,1,0.6616962266733799
EC002374,ENG_A,Engineering,21,Monday,1,26.8,89.6,81.0,55.4,55.3,0,0.4454205769115174
EC000423,ADM_A,Administration,19,Wednesday,12,26.8,81.4,8.0,27.7,24.8,2,0.6603602074034832
EC005932,LEC_A,LectureHall,10,Wednesday,6,29.9,74.1,174.0,69.7,65.0,2,0.9572598903302673
EC001224,SCI_B,Science,5,Saturday,7,26.6,82.0,0.0,65.2,69.2,5,0.6126182890677744
EC003482,LEC_A,LectureHall,10,Tuesday,12,27.7,73.6,145.0,48.2,54.7,1,1.390981710663443
EC001367,ENG_A,Engineering,7,Sunday,8,27.7,79.2,5.0,46.6,47.0,6,0.6542818323081908
EC007068,RES_A,Residential,0,Monday,1,25.8,84.7,130.0,43.2,50.5,0,0.34195785715624955
EC000245,RES_B,Residential,7,Saturday,1,28.1,83.0,190.0,51.6,57.0,5,0.5430449176073829
EC003832,ADM_A,Administration,20,Friday,3,27.4,78.5,0.0,28.1,30.3,4,0.6137832696870881
EC005624,BUS_B,Business,21,Thursday,6,28.3,69.2,0.0,38.3,39.9,3,0.7937934647663227
EC000816,BUS_B,Business,9,Tuesday,10,26.5,83.2,181.0,22.7,44.6,1,8.589927811932641
EC004015,LEC_A,LectureHall,12,Tuesday,4,31.2,74.4,185.0,77.2,73.9,1,1.123617415509368
EC007540,BUS_B,Business,10,Monday,7,29.5,82.3,219.0,66.7,74.1,0,1.1117677342982761
EC003323,SPT_A,Sports,1,Monday,12,25.3,83.8,0.0,31.0,27.2,0,0.362773263594391
EC002116,BUS_A,Business,7,Friday,5,27.8,80.0,6.0,38.5,37.7,4,0.5725043526737743
EC003451,LIB_A,Library,20,Friday,1,28.1,,101.0,45.9,47.7,4,1.9834285804626186
EC006665,BUS_B,Business,17,Sunday,1,30.0,72.3,7.0,40.2,40.6,6,0.9680519289864908
EC001811,RES_B,Residential,9,Friday,12,27.5,,172.0,,40.8,4,10.09282831158179
EC001337,SCI_A,Science,12,Saturday,7,31.1,71.9,26.0,98.0,88.9,5,0.7175730205415042
EC001228,LIB_A,Library,19,Tuesday,8,24.2,96.8,149.0,39.6,44.4,1,6.603271541770327
EC001108,RES_B,Residential,22,Tuesday,12,27.8,77.3,260.0,60.7,53.3,1,0.6040818823378378
EC007584,ADM_A,Administration,21,Friday,4,28.1,78.3,2.0,27.1,27.0,4,0.6465365194257784
EC001703,BUS_B,Business,12,Wednesday,5,29.3,74.6,165.0,,70.1,2,2.618151570139042
EC007593,BUS_A,Business,22,Monday,5,28.3,75.7,3.0,,38.4,0,1.3777230008559411
EC004359,BUS_A,Business,1,Thursday,12,25.3,78.8,2.0,27.5,29.2,3,0.4817696427442008
EC005318,LIB_A,Library,13,Sunday,7,30.2,75.3,96.0,43.1,44.9,6,0.4042981690218771
EC000878,SCI_B,Science,19,Tuesday,5,28.5,84.3,11.0,68.5,70.5,1,1.2438510105729783
EC005339,SCI_B,Science,20,Sunday,2,27.9,81.9,11.0,67.9,68.4,6,0.9662520514186275
EC000724,LIB_A,Library,4,Saturday,8,25.5,82.6,0.0,24.2,25.7,5,0.6106685214831898
EC006726,ENG_A,Engineering,8,Thursday,1,23.7,96.2,71.0,51.9,47.0,3,4.145361081963001
EC002927,ADM_A,Administration,2,Tuesday,12,25.8,83.9,0.0,22.0,23.1,1,1.060653602316694
EC007569,RES_A,Residential,7,Saturday,8,28.2,77.5,269.0,50.7,52.8,5,0.7599247975144193
EC004854,ENG_A,Engineering,19,Wednesday,7,28.5,73.8,67.0,57.8,63.1,2,0.4853937760449125
EC000238,SCI_B,Science,12,Thursday,2,30.9,70.4,5.0,71.5,79.1,3,2.8741088600127584
EC000659,LIB_A,Library,10,Saturday,7,29.1,72.0,86.0,35.3,40.4,5,0.4207038006992815
EC002100,BUS_A,Business,2,Friday,12,25.8,83.7,0.0,27.4,32.8,4,0.4766990651331129
EC002230,SCI_B,Science,0,Saturday,5,26.4,82.3,0.0,54.6,60.4,5,0.3048284366458299
EC006541,RES_A,Residential,3,Monday,7,26.2,84.5,218.0,56.3,60.6,0,0.5549244312589545
EC007992,RES_A,Residential,0,Saturday,6,25.5,83.8,136.0,45.6,50.6,5,0.48735324506336186
EC007246,ENG_A,Engineering,2,Friday,8,,80.8,37.0,43.2,43.5,4,1.5877257253606607
EC006778,LIB_A,Library,12,Wednesday,3,29.4,76.1,100.0,49.5,51.2,2,0.5049021224077659
EC000286,RES_A,Residential,12,Sunday,10,29.1,73.6,125.0,35.2,40.8,6,0.560381527100879
EC007818,LEC_A,LectureHall,7,Wednesday,7,28.2,77.6,191.0,34.7,59.6,2,4.156859861500895
EC004093,ENG_B,Engineering,5,Monday,5,27.9,85.5,0.0,41.6,41.1,0,0.5349356294235323
EC003030,RES_B,Residential,20,Saturday,10,29.4,77.4,217.0,41.9,50.9,5,0.3754247660080185
EC006981,LIB_A,Library,16,Thursday,7,29.5,72.7,215.0,52.0,59.5,3,0.7019008337318764
EC003913,SCI_A,Science,7,Wednesday,1,27.7,77.6,29.0,67.1,73.8,2,0.7614611386945953
EC005424,BUS_A,Business,0,Sunday,10,26.5,79.8,11.0,26.2,24.0,6,0.32507656225974474
EC004508,BUS_B,Business,16,Saturday,7,29.4,63.4,27.0,38.9,41.8,5,0.26058781312980833
EC007506,ENG_A,Engineering,22,Wednesday,6,27.9,75.8,26.0,52.7,50.3,2,0.568894908837009
EC005839,SCI_A,Science,19,Thursday,4,30.9,73.8,23.0,77.6,85.4,3,0.7906747831972084
EC006524,RES_B,Residential,12,Monday,8,31.4,72.5,122.0,40.4,44.2,0,0.5860120530925037
EC006529,RES_A,Residential,2,Sunday,8,26.5,81.8,155.0,52.8,46.5,6,0.5201647882700126
EC000316,SCI_A,Science,8,Thursday,10,26.4,79.1,44.0,67.4,75.9,3,0.6409632522147611
EC005970,SCI_A,Science,18,Saturday,11,30.2,81.9,31.0,75.8,82.8,5,0.5757850375117242
EC002365,ENG_B,Engineering,12,Sunday,9,28.6,71.4,39.0,43.9,47.2,6,0.7230892311883695
EC004920,BUS_B,Business,19,Saturday,1,29.5,83.1,1.0,40.0,41.5,5,0.8533056640945125
EC007779,ENG_B,Engineering,2,Friday,10,25.2,84.5,16.0,34.2,35.3,4,0.5057273857469299
EC006316,ADM_A,Administration,12,Saturday,5,30.7,80.4,22.0,34.4,33.8,5,0.5570223545502706
EC005524,RES_A,Residential,9,Sunday,5,29.6,74.2,194.0,41.4,54.4,6,0.5921368435060613
EC003895,SCI_A,Science,9,Tuesday,10,28.2,80.7,92.0,72.5,85.5,1,0.5482482269888764
EC001350,ENG_A,Engineering,4,Thursday,11,23.6,84.3,27.0,38.1,35.3,3,0.6777498870999248
EC003112,LIB_A,Library,10,Monday,3,28.5,72.9,63.0,37.0,40.0,0,0.8451084976814434
EC007414,LIB_A,Library,16,Monday,7,31.9,75.3,197.0,62.9,68.1,0,0.8467304200245773
EC004546,SCI_A,Science,18,Wednesday,2,30.1,73.3,63.0,104.0,97.4,2,0.5581010124595609
EC006677,ADM_A,Administration,13,Monday,5,,72.3,114.0,52.3,45.1,0,3.9334443530887024
EC004711,ENG_A,Engineering,13,Wednesday,10,29.0,81.8,203.0,71.2,72.4,2,0.6889819686875515
EC005935,ENG_A,Engineering,4,Friday,2,25.7,89.9,0.0,35.3,40.2,4,0.4540115716198325
EC000915,SCI_A,Science,2,Friday,2,27.4,76.2,7.0,68.1,72.0,4,1.550504412772944
EC000721,LEC_A,LectureHall,10,Saturday,2,30.0,68.2,20.0,38.2,36.5,5,0.4966371886755946
EC006286,SCI_B,Science,9,Tuesday,10,27.1,81.0,89.0,74.5,77.9,1,1.1071605859447253
EC007710,LIB_A,Library,1,Thursday,11,26.0,76.7,0.0,23.4,25.9,3,0.5969388625310919
EC006548,ADM_A,Administration,17,Saturday,10,28.3,78.2,20.0,27.6,24.9,5,0.5692635479661755
EC002059,SPT_A,Sports,17,Thursday,4,31.3,69.8,122.0,65.3,70.8,3,0.7011515992252516
EC003331,ADM_A,Administration,4,Wednesday,4,27.5,74.8,3.0,28.2,30.3,2,0.7532620060828945
EC006183,SCI_B,Science,0,Monday,5,28.7,73.7,0.0,61.2,62.3,0,0.7327737178528241
EC002664,BUS_A,Business,23,Saturday,5,28.6,71.2,12.0,31.5,33.1,5,0.6177605198546108
EC006523,SPT_A,Sports,6,Wednesday,7,27.5,80.2,109.0,50.2,51.3,2,0.6021396593802986
EC000677,SCI_A,Science,18,Wednesday,11,28.9,,61.0,68.7,86.1,2,0.9285010889395725
EC003463,BUS_B,Business,23,Monday,7,26.8,82.0,0.0,35.6,33.7,0,0.52932221828879
EC003269,SCI_A,Science,21,Tuesday,12,28.3,75.0,5.0,68.9,77.2,1,1.0072134367818433
EC007076,ADM_A,Administration,4,Thursday,6,26.9,72.9,0.0,19.0,21.8,3,1.183710324194211
EC002075,ENG_B,Engineering,11,Sunday,3,30.8,73.2,31.0,57.4,57.1,6,0.8130261218341215
EC007210,RES_B,Residential,15,Monday,7,31.2,61.8,101.0,43.1,41.3,0,0.17841445390497734
EC002197,BUS_A,Business,16,Tuesday,12,29.6,75.3,103.0,38.8,50.9,1,0.7602593171895973
EC002434,LIB_A,Library,23,Thursday,8,27.6,81.8,34.0,86.4,51.7,3,3.7036025283721314
EC004451,SCI_A,Science,14,Monday,3,29.4,79.6,111.0,80.9,92.7,0,0.3895082618253802
EC004597,LEC_A,LectureHall,0,Friday,11,27.5,84.7,0.0,25.0,29.7,4,0.673675203172083
EC004913,LIB_A,Library,12,Monday,4,29.4,78.1,110.0,46.0,51.4,0,0.4443465747134833
EC003775,LEC_A,LectureHall,7,Monday,8,28.0,78.0,215.0,33.4,59.1,0,6.89945392998973
EC002865,SPT_A,Sports,21,Friday,11,27.0,73.7,148.0,53.8,49.3,4,0.9441410691982877
EC003309,SCI_A,Science,10,Monday,3,29.3,67.9,106.0,93.2,96.2,0,0.1950310400774145
EC000040,ENG_A,Engineering,16,Friday,5,31.5,76.7,138.0,84.0,84.4,4,0.5386981798010543
EC006745,BUS_B,Business,22,Monday,7,26.3,79.4,0.0,31.9,37.7,0,0.5098021107414563
EC003538,SCI_A,Science,19,Monday,8,29.5,75.2,58.0,74.5,78.4,0,0.4068855427404657
EC000015,LIB_A,Library,5,Friday,2,27.2,76.5,6.0,31.4,31.1,4,0.7575820450885629
EC002456,ADM_A,Administration,9,Tuesday,8,28.0,76.5,40.0,30.0,31.3,1,0.6839795273010381
EC001837,SCI_B,Science,7,Tuesday,10,28.1,66.4,5.0,62.9,62.9,1,1.4412920177000184
EC005099,LEC_A,LectureHall,6,Wednesday,8,26.1,86.0,0.0,26.1,26.3,2,0.5623041799320045
EC005505,SCI_B,Science,3,Monday,10,26.5,73.7,9.0,52.8,53.2,0,0.5899369284840429
EC002265,LEC_A,LectureHall,2,Tuesday,7,25.6,77.0,0.0,17.7,22.3,1,1.4529950976375887
EC002986,BUS_B,Business,1,Monday,4,26.7,83.2,2.0,39.7,42.8,0,0.576844437661245
EC004253,LIB_A,Library,15,Thursday,4,29.7,71.9,218.0,61.3,62.4,3,1.0279424751222181
EC007776,BUS_A,Business,7,Thursday,7,29.5,74.6,0.0,31.7,36.2,3,0.5831820715550614
EC005270,BUS_A,Business,20,Monday,2,27.8,78.2,13.0,39.0,40.4,0,0.4222966593276935
EC000378,RES_A,Residential,23,Wednesday,11,27.1,72.7,261.0,47.2,52.6,2,0.7558512308166504
EC003021,ADM_A,Administration,3,Tuesday,5,26.0,80.7,0.0,26.1,20.7,1,0.7095301236370863
EC003150,ENG_A,Engineering,2,Monday,8,26.4,80.4,16.0,46.6,41.8,0,0.38587101820390496
EC002782,RES_A,Residential,17,Thursday,7,30.6,75.7,148.0,46.0,44.9,3,0.5996414567634205
EC007917,BUS_A,Business,1,Saturday,3,26.6,75.6,0.0,31.4,29.0,5,0.590916642711168
EC002482,SPT_A,Sports,15,Wednesday,12,28.9,76.4,49.0,45.7,45.9,2,0.5674367531830693
EC002776,SCI_A,Science,10,Monday,12,27.9,79.4,60.0,65.6,74.6,0,0.372046144802966
EC000706,SCI_B,Science,19,Saturday,1,28.2,81.2,10.0,70.1,66.6,5,1.6746697728134203
EC005873,ENG_A,Engineering,14,Saturday,9,30.6,76.8,64.0,61.2,53.2,5,0.4422065636982883
EC005355,BUS_B,Business,1,Sunday,4,25.8,81.6,2.0,30.1,28.7,6,0.6689238390667546
EC002600,ENG_A,Engineering,10,Thursday,12,29.1,79.9,114.0,69.6,64.1,3,0.7052752894490381
EC003458,RES_A,Residential,11,Sunday,3,27.1,81.8,153.0,39.6,45.0,6,0.6141527394147874
EC000746,ENG_A,Engineering,8,Friday,9,29.3,74.9,97.0,61.8,59.8,4,0.3935666663773345
EC001465,SPT_A,Sports,11,Sunday,8,29.9,69.5,7.0,39.7,44.5,6,0.770151433751015
EC002810,BUS_A,Business,9,Sunday,3,29.5,66.6,8.0,35.9,28.9,6,0.6274637510454458
EC007811,SCI_B,Science,22,Thursday,11,26.3,89.4,14.0,54.5,54.9,3,0.4240569263244599
EC002409,LIB_A,Library,9,Sunday,7,27.6,79.8,40.0,38.6,36.5,6,0.5660526418379369
EC002548,ENG_B,Engineering,20,Tuesday,12,30.4,72.5,46.0,47.9,51.2,1,0.527955877695083
EC003216,LEC_A,LectureHall,15,Saturday,11,29.5,76.5,58.0,47.5,44.0,5,0.5420245825028432
EC004827,ADM_A,Administration,17,Monday,11,29.8,69.1,69.0,40.5,36.7,0,0.16174792951164993
EC002618,ENG_A,Engineering,4,Tuesday,3,26.9,79.6,0.0,39.0,42.8,1,0.5427855670705163
EC002126,LIB_A,Library,2,Friday,7,27.0,81.7,0.0,26.7,28.5,4,0.6078170351401863
EC001624,ENG_A,Engineering,21,Saturday,4,27.5,85.2,0.0,46.2,47.5,5,0.6986234938853928
EC004338,LEC_A,LectureHall,23,Wednesday,5,26.4,81.9,0.0,27.7,29.0,2,0.6672860765084463
EC005002,LEC_A,LectureHall,10,Saturday,10,27.5,77.1,27.0,28.4,24.3,5,0.6018381191367265
EC001488,LEC_A,LectureHall,18,Monday,5,30.0,73.0,94.0,50.7,53.0,0,0.505769016633113
EC001412,LIB_A,Library,19,Friday,9,29.8,,152.0,48.7,50.9,4,1.5041769496214787
EC003746,ENG_B,Engineering,5,Monday,10,25.5,76.9,6.0,35.8,33.8,0,0.4893567312140366
EC002030,ENG_B,Engineering,13,Thursday,12,30.5,76.1,147.0,76.8,72.1,3,0.8913680918594965
EC005425,SCI_B,Science,3,Friday,6,26.0,85.7,5.0,66.6,64.4,4,1.3272177074197502
EC000568,BUS_A,Business,16,Monday,8,,72.7,83.0,55.1,60.4,0,2.0078478620316806
EC007640,ENG_A,Engineering,17,Saturday,12,30.2,67.5,22.0,54.9,55.0,5,0.5198701195396561
EC004643,SCI_B,Science,17,Sunday,1,29.2,74.5,12.0,60.0,66.1,6,1.4539205624631513
EC000569,SCI_A,Science,4,Monday,7,26.8,81.7,19.0,64.3,70.9,0,0.5820067164853719
EC003615,RES_B,Residential,16,Thursday,10,35.0,88.4,205.0,54.2,59.5,3,1.9051633654192957
EC007822,BUS_A,Business,19,Friday,6,31.0,77.0,23.0,46.6,46.4,4,0.5885649954578008
EC005106,RES_B,Residential,16,Thursday,12,29.9,70.5,105.0,35.9,35.4,3,0.40100481086761175
EC005995,RES_B,Residential,11,Saturday,8,29.7,75.6,136.0,35.9,36.2,5,0.4895301458660072
EC003861,BUS_A,Business,1,Sunday,10,26.6,84.3,0.0,25.2,25.7,6,0.4300756101185506
EC006891,ENG_A,Engineering,12,Saturday,2,29.9,72.8,60.0,50.0,60.5,5,0.501555099463813
EC003422,ENG_A,Engineering,7,Sunday,10,26.7,82.6,32.0,40.3,40.0,6,0.5713176319965881
EC007373,SCI_A,Science,21,Friday,9,28.8,81.6,23.0,70.0,75.9,4,0.6872416362763776
EC007353,SPT_A,Sports,22,Saturday,8,28.0,81.1,45.0,,63.4,5,2.0956786043944815
EC006543,RES_A,Residential,19,Thursday,4,29.1,71.6,209.0,52.8,53.3,3,0.6153686613449392
EC000787,LEC_A,LectureHall,7,Wednesday,7,27.2,84.4,6.0,30.3,30.0,2,0.7464674237782603
EC007730,BUS_A,Business,13,Tuesday,11,29.6,72.2,133.0,60.9,54.1,1,0.6116471396434878
EC001451,LIB_A,Library,7,Tuesday,3,27.2,75.8,0.0,33.1,35.5,1,0.5926767812477152
EC004216,ADM_A,Administration,13,Thursday,12,,73.4,108.0,47.1,47.8,3,2.207176415569174
EC005812,RES_B,Residential,20,Wednesday,2,25.0,96.9,,45.3,41.9,2,8.199349247641113
EC002138,SPT_A,Sports,8,Tuesday,4,27.6,78.4,131.0,53.3,58.5,1,0.787499304591185
EC006729,LIB_A,Library,14,Tuesday,1,28.4,76.3,176.0,51.8,54.6,1,0.8067405033648893
EC006818,SCI_A,Science,16,Friday,1,30.2,77.3,83.0,86.2,92.1,4,0.7123050138562058
EC004965,ENG_B,Engineering,11,Tuesday,3,29.0,75.3,145.0,64.0,72.5,1,0.6700341554684888
EC003103,RES_B,Residential,5,Wednesday,6,26.7,80.9,188.0,56.6,49.0,2,0.491536317323607
EC001589,SCI_B,Science,11,Monday,5,29.8,78.3,107.0,75.2,86.0,0,0.5403103899056637
EC006682,BUS_A,Business,12,Monday,4,29.5,84.1,135.0,,68.0,0,2.226669263469536
EC003105,LIB_A,Library,18,Tuesday,5,30.8,80.3,223.0,62.1,66.0,1,1.1562798524789422
EC001760,BUS_B,Business,19,Wednesday,8,23.7,96.0,0.0,29.5,34.4,2,12.696239251375292
EC004345,BUS_B,Business,5,Thursday,7,27.6,77.6,6.0,32.8,38.5,3,0.7535835250696575
EC005820,ENG_A,Engineering,13,Monday,3,29.9,75.0,206.0,88.8,90.5,0,0.5715320377525251
EC006247,SCI_A,Science,21,Friday,5,28.6,76.2,29.0,90.9,83.6,4,0.8122307652110984
EC006907,BUS_B,Business,3,Saturday,9,26.2,81.3,0.0,16.2,25.7,5,2.588294850188383
EC004262,LIB_A,Library,3,Wednesday,1,25.2,83.5,0.0,25.3,27.0,2,0.4898323059193771
EC001504,SPT_A,Sports,22,Thursday,7,27.4,74.8,14.0,72.0,53.6,3,3.0867641471314298
EC003666,ENG_B,Engineering,6,Saturday,11,26.5,82.7,8.0,36.1,34.7,5,0.6917842971367452
EC007030,ENG_A,Engineering,4,Friday,12,26.3,82.9,0.0,39.1,36.4,4,0.5128040165289398
EC005764,ADM_A,Administration,7,Wednesday,6,25.9,76.8,0.0,26.0,22.7,2,0.56052597105362
EC000684,ENG_B,Engineering,4,Saturday,5,26.9,83.4,19.0,43.6,44.2,5,0.5014804367621429
EC002525,SPT_A,Sports,2,Saturday,3,27.0,82.3,14.0,36.4,41.0,5,0.762990520934572
EC001215,LIB_A,Library,23,Friday,5,26.6,75.0,40.0,26.9,34.8,4,0.5520424936558719
EC000565,LEC_A,LectureHall,3,Friday,6,26.2,82.0,0.0,26.9,25.6,4,0.5800263827022019
EC007782,LEC_A,LectureHall,20,Tuesday,8,29.4,71.8,19.0,34.2,33.3,1,0.7170866526015796
EC000806,LIB_A,Library,21,Sunday,3,28.1,73.5,78.0,45.0,48.4,6,0.5944868012550826
EC007461,SPT_A,Sports,23,Saturday,11,26.6,83.6,56.0,38.8,40.7,5,0.5542733951366492
EC007239,ENG_B,Engineering,6,Thursday,6,26.6,75.2,6.0,38.6,37.2,3,0.7449495420521721
EC006490,RES_A,Residential,23,Friday,12,27.0,79.6,231.0,55.8,54.4,4,0.4951467649868849
EC002316,SCI_A,Science,16,Thursday,6,30.9,68.7,93.0,98.0,102.4,3,0.5241317475807968
EC000749,SCI_A,Science,14,Thursday,12,28.0,78.1,118.0,85.3,89.9,3,0.8548382844735732
EC006355,SCI_B,Science,4,Monday,2,26.4,82.4,20.0,67.5,66.2,0,0.6271361423365468
EC007182,RES_B,Residential,17,Friday,6,31.6,76.7,126.0,44.3,43.1,4,0.4928604054930599
EC005797,ADM_A,Administration,20,Saturday,6,28.6,83.5,12.0,27.8,28.7,5,0.6761733065609403
EC003415,SPT_A,Sports,23,Saturday,9,27.3,79.7,11.0,90.0,54.9,5,5.672463418356782
EC003681,LIB_A,Library,19,Monday,12,29.3,82.5,158.0,64.2,61.1,0,0.44477275836810587
EC004239,ADM_A,Administration,15,Sunday,9,29.6,71.0,37.0,25.1,24.3,6,0.7097155670678732
EC002742,ADM_A,Administration,6,Tuesday,5,25.3,80.2,4.0,21.9,24.3,1,0.7481821023062905
EC003342,BUS_A,Business,21,Saturday,5,27.4,88.0,0.0,25.4,24.6,5,0.40162214287684767
EC003493,ENG_A,Engineering,4,Thursday,9,26.0,82.9,0.0,37.1,40.1,3,0.4456932668777563
EC002791,SCI_B,Science,4,Thursday,11,25.8,88.1,5.0,69.1,61.9,3,1.6479053883241976
EC006278,BUS_A,Business,21,Wednesday,11,29.0,73.0,12.0,32.5,37.7,2,0.5634995151524549
EC002180,BUS_B,Business,9,Wednesday,5,28.7,73.0,75.0,48.7,54.8,2,0.5346990908870002
EC002354,SCI_B,Science,0,Friday,6,27.6,75.4,13.0,57.2,59.2,4,0.7656540226518227
EC007065,ENG_A,Engineering,6,Tuesday,10,27.2,84.4,0.0,32.0,42.2,1,0.5829263926361116
EC004219,SPT_A,Sports,16,Sunday,3,30.8,72.9,62.0,47.7,46.3,6,0.5064712443366955
EC002836,ENG_B,Engineering,9,Friday,7,28.6,79.1,78.0,57.8,52.9,4,0.5075211691622494
EC007458,BUS_A,Business,6,Sunday,1,26.0,77.8,0.0,24.9,25.7,6,0.47510947937932685
EC007113,SCI_B,Science,6,Friday,3,26.8,83.7,7.0,69.7,63.5,4,1.9442361081577568
EC006858,RES_B,Residential,4,Tuesday,2,26.5,80.0,168.0,48.5,46.7,1,0.5231285900670027
EC007438,ENG_A,Engineering,10,Saturday,6,30.0,77.4,35.0,65.7,62.4,5,0.6824751399195775
EC005446,SCI_A,Science,16,Tuesday,4,35.1,85.4,143.0,113.7,132.3,1,3.0446108889755115
EC002466,LEC_A,LectureHall,22,Friday,1,27.1,78.1,48.0,107.7,65.3,4,4.737487602233314
EC004444,ENG_A,Engineering,17,Sunday,3,30.1,75.9,53.0,53.8,62.1,6,0.531455082570767
EC006007,RES_A,Residential,11,Monday,2,29.5,81.5,176.0,43.6,48.2,0,0.48576836316679683
EC007564,ENG_B,Engineering,16,Monday,9,29.9,,119.0,59.8,61.3,0,1.8052195461488887
EC004709,BUS_A,Business,4,Thursday,4,27.4,80.0,0.0,13.0,24.7,3,2.4145978508592907
EC004956,SCI_A,Science,20,Wednesday,3,29.1,75.7,25.0,76.9,84.8,2,0.7797848087299545
EC000299,RES_B,Residential,12,Saturday,7,31.1,76.4,131.0,45.9,45.5,5,0.47903551059277294
EC007327,ADM_A,Administration,17,Saturday,6,31.8,73.4,18.0,30.1,34.6,5,0.397362597645531
EC000656,ENG_B,Engineering,2,Friday,11,25.1,79.7,1.0,62.3,37.0,4,1.7304084685691783
EC003711,LEC_A,LectureHall,23,Wednesday,8,25.8,84.4,0.0,21.6,26.2,2,0.6160648810033929
EC005200,SPT_A,Sports,22,Monday,9,26.9,83.2,52.0,,52.4,0,1.588701003271728
EC003655,RES_A,Residential,18,Thursday,11,28.6,75.7,209.0,50.5,50.6,3,0.6374865126028426
EC001941,SPT_A,Sports,19,Sunday,4,30.5,71.0,195.0,76.5,74.9,6,3.1232695113307893
EC006940,SCI_A,Science,7,Sunday,8,27.4,88.1,14.0,71.6,68.4,6,1.4514051560366619
EC000110,LEC_A,LectureHall,2,Wednesday,8,25.9,78.1,0.0,22.0,19.3,2,0.5783620954079544
EC000551,ADM_A,Administration,19,Monday,5,30.4,75.7,10.0,29.8,32.5,0,0.555721213401058
EC001880,ADM_A,Administration,9,Thursday,4,,79.7,47.0,29.1,30.7,3,2.2648633055618417
EC002451,SCI_A,Science,21,Friday,7,26.8,73.1,27.0,54.1,62.2,4,0.5600733829100392
EC007393,SCI_B,Science,3,Tuesday,11,27.8,82.7,2.0,48.9,60.2,1,0.6774459828569765
EC004041,ENG_A,Engineering,5,Saturday,2,26.3,82.2,0.0,42.5,39.7,5,0.599241036501473
EC007124,LEC_A,LectureHall,4,Tuesday,2,26.3,85.1,6.0,27.9,27.9,1,0.8141980782189269
EC000056,LIB_A,Library,23,Tuesday,5,28.8,80.5,49.0,40.0,44.7,1,0.616664847130807
EC002900,ADM_A,Administration,3,Wednesday,4,26.5,80.2,13.0,26.5,28.1,2,0.6563881035601495
EC007972,ENG_B,Engineering,18,Saturday,10,27.5,83.3,46.0,44.3,44.8,5,0.5122678678389547
EC002704,SCI_A,Science,2,Monday,2,26.9,72.1,10.0,66.0,71.6,0,2.06334873013843
EC002018,RES_A,Residential,20,Monday,6,29.1,74.5,216.0,46.6,47.6,0,0.6279146912147389
EC001616,LIB_A,Library,6,Saturday,4,28.4,70.9,18.0,29.2,33.4,5,0.6154802278488103
EC003724,ADM_A,Administration,13,Sunday,1,30.1,74.6,30.0,30.7,29.5,6,0.5495763351141185
EC006768,LEC_A,LectureHall,17,Sunday,11,29.5,70.7,36.0,30.8,31.8,6,0.5919902788763493
EC002764,ENG_A,Engineering,21,Friday,10,25.0,95.2,37.0,45.9,45.6,4,1.884421723052639
EC003606,LEC_A,LectureHall,16,Saturday,12,30.3,73.2,44.0,35.8,34.4,5,0.5505043350943728
EC006829,RES_A,Residential,6,Wednesday,4,28.0,76.3,220.0,53.7,60.8,2,0.5485134409024074
EC001853,ENG_A,Engineering,17,Tuesday,11,29.2,76.1,98.0,63.9,61.4,1,0.5036091540565505
EC000723,RES_B,Residential,4,Tuesday,7,26.9,80.5,,41.0,49.0,1,1.0602160369770017
EC006255,ENG_B,Engineering,8,Friday,11,,80.9,172.0,33.7,57.8,4,3.499001613946531
EC006641,ENG_A,Engineering,21,Wednesday,6,29.7,78.4,59.0,53.4,60.4,2,0.5133083904336171
EC002350,SCI_A,Science,5,Sunday,8,26.3,78.3,,48.8,60.7,6,3.0978680099211493
EC001417,LIB_A,Library,16,Saturday,2,29.8,69.4,156.0,57.5,60.1,5,0.4775366392479804
EC000617,ENG_A,Engineering,23,Friday,8,,78.3,0.0,43.4,43.1,4,1.222717587773763
EC000667,LEC_A,LectureHall,2,Saturday,9,26.4,84.8,26.0,26.7,28.6,5,0.5027445606016382
EC001268,RES_B,Residential,12,Tuesday,6,34.9,90.7,291.0,65.4,70.7,1,3.052770950149464
EC004079,BUS_A,Business,8,Wednesday,11,28.3,71.4,110.0,17.8,42.1,2,1.9674442019691714
EC006519,LIB_A,Library,18,Thursday,11,30.0,73.6,220.0,65.1,66.4,3,1.0858628523454867
EC001444,RES_B,Residential,18,Tuesday,6,30.2,69.7,152.0,44.1,45.1,1,0.6116369575942993
EC002965,ENG_A,Engineering,19,Sunday,1,29.0,76.6,3.0,49.3,52.0,6,0.5326842254903205
EC007618,BUS_A,Business,18,Sunday,4,30.7,77.5,,38.0,39.2,6,1.4914270127130673
EC002278,LEC_A,LectureHall,12,Monday,12,30.6,67.6,198.0,75.2,78.4,0,0.45308717822777406
EC002310,SCI_B,Science,22,Sunday,9,27.8,73.7,9.0,44.7,57.7,6,0.549304151686142
EC005122,ENG_A,Engineering,6,Saturday,7,27.7,75.8,0.0,38.4,42.4,5,0.5946567596796154
EC000360,ENG_B,Engineering,7,Monday,8,25.0,99.5,0.0,34.5,37.2,0,2.86743658734634
EC005241,ENG_A,Engineering,9,Thursday,6,29.5,78.4,135.0,74.9,70.3,3,0.6214113649804416
EC006448,LEC_A,LectureHall,0,Saturday,11,26.3,81.8,0.0,19.1,21.2,5,1.8044005417776303
EC004580,LIB_A,Library,0,Monday,10,26.3,81.6,0.0,27.1,23.6,0,0.22634920492179503
EC000722,RES_A,Residential,2,Wednesday,4,27.8,79.0,160.0,52.9,52.5,2,0.5563510369341182
EC002682,ADM_A,Administration,0,Friday,1,27.5,86.0,6.0,25.7,24.8,4,0.7618615014882
EC006785,ENG_A,Engineering,18,Thursday,1,30.7,73.9,107.0,75.7,78.9,3,0.6087552617742545
EC002651,SCI_B,Science,1,Wednesday,1,26.4,83.0,7.0,62.8,58.5,2,2.053661732864388
EC003682,LEC_A,LectureHall,11,Thursday,10,28.2,76.3,191.0,63.0,64.9,3,1.7045884867250762
EC007596,SCI_A,Science,16,Thursday,7,30.4,74.9,87.0,91.6,89.7,3,0.4810608952641286
EC000057,ADM_A,Administration,15,Sunday,12,28.9,80.1,14.0,26.4,28.5,6,0.7532971917762321
EC001372,RES_A,Residential,17,Thursday,11,29.9,76.0,84.0,43.9,45.4,3,0.5396608664196784
EC002752,SCI_A,Science,0,Thursday,9,25.3,88.1,1.0,66.1,61.2,3,1.772388407376617
EC003397,ENG_A,Engineering,7,Wednesday,12,27.6,75.3,,46.2,39.2,2,3.094980960681762
EC005262,ENG_B,Engineering,11,Thursday,4,29.0,80.3,144.0,65.4,70.2,3,0.6413198909583023
EC005039,ADM_A,Administration,18,Tuesday,12,28.8,75.0,48.0,32.5,38.7,1,0.6372865650345154
EC006634,RES_B,Residential,18,Monday,12,29.5,77.5,297.0,54.6,51.3,0,2.1492448862476614
EC001638,SCI_A,Science,1,Monday,11,25.3,88.3,6.0,83.1,72.3,0,2.981772366273481
EC007136,BUS_B,Business,19,Thursday,10,29.3,73.9,3.0,36.1,41.4,3,0.6727015632443887
EC005175,BUS_A,Business,1,Thursday,6,26.4,73.1,0.0,8.1,23.4,3,6.405174833156403
EC000523,ENG_A,Engineering,7,Tuesday,8,26.5,82.4,0.0,41.7,41.1,1,0.5830271919409241
EC003179,BUS_B,Business,8,Thursday,12,27.6,75.3,79.0,48.7,51.1,3,0.5267629807393147
EC000087,SCI_A,Science,7,Sunday,2,26.6,84.7,0.0,68.4,74.4,6,0.6422536046435833
EC006168,ENG_A,Engineering,17,Wednesday,7,29.8,79.6,257.0,89.3,97.1,2,2.293512893589576
EC001314,LEC_A,LectureHall,15,Sunday,6,30.1,76.7,212.0,80.0,77.0,6,2.4105341116980545
EC004742,LEC_A,LectureHall,23,Tuesday,4,27.9,80.7,9.0,30.5,32.6,1,0.7904739771580559
EC006204,SPT_A,Sports,15,Sunday,11,29.7,76.2,27.0,40.0,45.4,6,0.5806623984683509
EC006515,LEC_A,LectureHall,22,Wednesday,2,27.5,82.3,0.0,26.3,26.5,2,0.6899371940314027
EC003520,SCI_B,Science,0,Saturday,2,25.9,77.8,,65.2,58.3,5,2.022490146706774
EC002684,SCI_A,Science,10,Wednesday,4,29.0,70.5,86.0,96.7,98.0,2,0.6125386793698131
EC006495,SCI_A,Science,12,Wednesday,1,29.1,69.4,131.0,83.6,88.7,2,0.829421393080207
EC005438,ENG_A,Engineering,4,Saturday,7,26.1,83.1,0.0,41.2,41.3,5,0.5558740043437103
EC000282,RES_A,Residential,16,Monday,10,30.9,69.9,153.0,49.9,48.1,0,0.6812356505311116
EC000260,RES_B,Residential,14,Wednesday,10,29.1,82.2,101.0,33.2,39.0,2,0.5989385629359383
EC000545,ENG_A,Engineering,10,Wednesday,11,27.3,88.4,135.0,65.5,66.2,2,0.538401517926466
EC005525,BUS_A,Business,7,Friday,7,28.0,78.3,12.0,35.9,40.1,4,0.5590974941671316
EC002501,ADM_A,Administration,16,Saturday,9,30.0,75.2,21.0,34.5,30.9,5,0.7272924425547396
EC004379,BUS_A,Business,16,Monday,4,31.3,74.3,108.0,57.1,61.2,0,0.7382154971081927
EC007623,SCI_A,Science,9,Tuesday,10,27.0,75.4,66.0,69.3,77.7,1,0.7444185302398885
EC007655,LEC_A,LectureHall,4,Sunday,10,25.1,84.4,0.0,20.1,16.2,6,0.7710088005865545
EC007786,BUS_A,Business,9,Thursday,9,28.1,77.4,152.0,22.9,42.7,3,5.1162682953236605
EC001066,BUS_B,Business,11,Thursday,6,29.6,75.7,145.0,57.2,60.2,3,0.6022052385557458
EC000918,ENG_B,Engineering,10,Sunday,2,28.8,81.1,31.0,49.9,48.3,6,0.5717609713514581
EC003621,SCI_A,Science,10,Friday,3,27.7,84.1,102.0,77.2,82.3,4,0.7164914685027588
EC001846,BUS_B,Business,10,Wednesday,11,28.8,77.0,120.0,56.4,62.8,2,0.6567932962977663
EC006730,BUS_A,Business,22,Monday,11,27.3,81.2,0.0,31.8,31.4,0,0.3864770269605856
EC004443,ENG_A,Engineering,17,Tuesday,5,31.9,65.4,94.0,69.5,74.2,1,0.49744563886410714
EC001645,BUS_A,Business,9,Saturday,12,27.6,87.6,16.0,28.1,29.6,5,0.449805088334831
EC001798,RES_A,Residential,3,Thursday,10,25.9,77.6,,51.7,44.3,3,1.06484899596069
EC003519,LIB_A,Library,18,Wednesday,8,29.5,79.3,193.0,62.9,61.7,2,1.0950242118931541
EC002273,BUS_A,Business,10,Wednesday,11,28.5,72.4,83.0,48.4,42.4,2,0.5833645241649367
EC000455,LEC_A,LectureHall,15,Saturday,11,28.0,82.1,84.0,42.6,44.9,5,0.546788199935276
EC004366,SCI_B,Science,0,Saturday,12,23.7,91.0,0.0,50.1,48.2,5,0.9156385522979482
EC002360,RES_B,Residential,22,Tuesday,7,28.5,79.4,234.0,50.7,58.5,1,0.478955152188169
EC003135,ENG_A,Engineering,16,Saturday,1,29.0,78.3,35.0,54.6,54.8,5,0.7427564595471962
EC001783,ENG_A,Engineering,9,Thursday,6,29.1,73.7,129.0,69.5,73.1,3,0.5865038159103179
EC002984,ENG_A,Engineering,19,Sunday,12,28.7,79.5,,50.1,55.2,6,1.1945089938172229
EC000581,SPT_A,Sports,15,Friday,12,30.2,,22.0,53.0,51.9,4,1.3377103666368328
EC000669,ADM_A,Administration,3,Saturday,12,24.6,81.2,5.0,21.0,20.0,5,1.0143236869329806
EC000506,LEC_A,LectureHall,20,Saturday,11,29.6,72.7,15.0,33.4,32.3,5,0.5524550232328447
EC005993,SCI_A,Science,4,Saturday,10,26.5,75.9,6.0,59.3,61.4,5,1.5459598292525278
EC007678,LIB_A,Library,1,Monday,6,27.0,76.7,40.0,42.3,38.8,0,0.6363187201256254
EC002464,SCI_A,Science,11,Saturday,11,27.1,82.4,17.0,71.4,67.0,5,0.9712647678793477
EC002624,BUS_A,Business,4,Tuesday,8,26.4,77.8,22.0,32.8,34.1,1,0.49822873394433714
EC001289,BUS_B,Business,21,Sunday,11,27.0,81.1,24.0,31.8,33.3,6,0.5531478654197001
EC002486,SPT_A,Sports,20,Saturday,9,29.9,72.2,158.0,62.4,70.9,5,0.9750287801444036
EC005020,BUS_B,Business,23,Tuesday,9,27.2,75.9,9.0,31.0,40.2,1,0.6314220079055457
EC004531,LEC_A,LectureHall,15,Tuesday,2,31.7,70.7,191.0,69.1,84.6,1,0.9833142296519799
EC000978,ENG_B,Engineering,5,Saturday,4,25.5,80.9,9.0,31.5,40.1,5,0.6976696333351033
EC001106,LEC_A,LectureHall,17,Monday,10,29.5,74.9,126.0,55.8,58.9,0,0.5246676272863268
EC006273,ADM_A,Administration,23,Wednesday,10,26.2,91.4,5.0,23.9,23.0,2,0.5859669608468983
EC005439,RES_A,Residential,22,Wednesday,10,27.1,,228.0,46.7,51.6,2,0.9019654157481098
EC007723,RES_B,Residential,16,Saturday,3,30.8,76.7,131.0,44.5,44.8,5,0.5495747565409662
EC005832,ENG_A,Engineering,19,Sunday,9,29.1,79.7,43.0,48.9,55.9,6,0.6250455512496648
EC004452,SCI_B,Science,18,Thursday,10,29.4,69.6,56.0,72.5,77.2,3,0.4817182814824132
EC003418,ENG_B,Engineering,14,Sunday,9,30.2,71.2,62.0,54.4,53.6,6,0.43829443049454253
EC006427,ADM_A,Administration,3,Tuesday,5,27.0,87.1,1.0,26.6,21.3,1,0.7167244468979156
EC007263,BUS_B,Business,8,Tuesday,6,28.1,76.2,52.0,47.1,44.8,1,0.5792190162180383
EC002033,SCI_A,Science,0,Sunday,9,24.6,84.8,16.0,64.5,62.8,6,1.3609767587947657
EC004958,SCI_B,Science,0,Monday,7,28.5,74.3,1.0,100.6,82.3,0,3.365317668871951
EC005276,RES_B,Residential,19,Thursday,8,29.1,73.1,200.0,46.5,48.6,3,0.5436516682635034
EC002191,LIB_A,Library,5,Thursday,9,26.6,78.1,0.0,28.7,29.0,3,0.4784001943264688
EC004327,ENG_B,Engineering,23,Wednesday,10,27.2,80.2,0.0,37.3,37.4,2,0.6224252648145684
EC007650,BUS_B,Business,3,Sunday,5,26.1,74.9,9.0,32.2,33.3,6,0.6682086379594447
EC001940,ENG_B,Engineering,5,Thursday,12,25.8,86.4,14.0,34.8,40.9,3,0.5427809168553662
EC003153,RES_B,Residential,10,Monday,9,29.9,71.4,116.0,31.1,44.1,0,1.3216486126400626
EC001344,BUS_A,Business,2,Sunday,6,25.2,85.7,5.0,22.3,19.2,6,0.6335570649188949
EC007439,BUS_B,Business,16,Sunday,11,29.7,,21.0,41.2,43.5,6,1.3202762171414137
EC001695,BUS_A,Business,19,Sunday,7,30.7,71.6,0.0,36.6,35.1,6,0.5368951794126161
EC002934,RES_A,Residential,10,Tuesday,4,29.5,75.9,143.0,46.2,45.0,1,0.5979658079462228
EC005416,LEC_A,LectureHall,23,Monday,5,28.0,82.4,28.0,104.4,55.7,0,3.588149526128426
EC006325,RES_B,Residential,2,Tuesday,3,25.5,80.2,117.0,46.1,45.1,1,0.734241384357117
EC005798,ENG_A,Engineering,11,Monday,9,29.0,84.0,138.0,73.4,66.1,0,0.4409052693282844
EC005695,BUS_B,Business,0,Saturday,6,27.5,81.9,12.0,40.2,36.8,5,0.4712641313657384
EC004068,RES_B,Residential,6,Sunday,10,27.0,76.8,208.0,46.1,45.9,6,0.5130906195298734
EC004107,ENG_A,Engineering,13,Tuesday,4,,73.4,207.0,94.3,95.2,1,7.538859175660571
EC003316,BUS_B,Business,9,Tuesday,1,28.9,73.3,97.0,55.7,52.0,1,0.5654695220087276
EC006391,BUS_A,Business,18,Monday,5,31.1,71.3,53.0,48.4,53.3,0,0.46401890058035467
EC005976,ENG_A,Engineering,21,Friday,9,26.7,84.5,,41.0,42.6,4,1.1206099418794264
EC006199,ADM_A,Administration,1,Tuesday,8,27.0,80.7,10.0,19.5,24.2,1,0.939978333182594
EC001279,RES_A,Residential,12,Tuesday,5,32.2,71.1,106.0,53.8,49.1,1,0.8826500931120763
EC005204,ADM_A,Administration,15,Sunday,7,30.7,72.2,32.0,28.9,37.1,6,0.5514280061484959
EC000866,BUS_B,Business,13,Sunday,5,30.1,70.7,49.0,44.6,45.4,6,0.5174009118101746
EC004382,LIB_A,Library,15,Tuesday,5,29.5,74.1,252.0,63.7,67.6,1,1.6375723549068057
EC001293,BUS_B,Business,17,Monday,2,29.0,80.4,94.0,57.4,54.9,0,0.3800011272261868
EC005189,LEC_A,LectureHall,16,Tuesday,2,30.1,75.3,151.0,49.3,62.4,1,1.1661376000635557
EC007933,BUS_B,Business,1,Sunday,10,25.6,86.7,19.0,29.0,31.6,6,0.5149614886505798
EC002002,ENG_B,Engineering,9,Monday,1,28.2,79.2,78.0,49.4,54.3,0,0.38914841556344165
EC001120,LIB_A,Library,0,Thursday,10,27.4,84.2,46.0,30.3,34.4,3,0.6829783557728105
EC002923,ADM_A,Administration,9,Sunday,3,29.2,80.3,30.0,29.4,32.0,6,0.5408742462417929
EC006560,LEC_A,LectureHall,10,Monday,8,29.8,77.9,128.0,64.0,59.1,0,0.5281576671348833
EC002719,RES_A,Residential,5,Thursday,3,25.4,74.3,217.0,58.4,60.5,3,0.6719200890690091
EC001806,SPT_A,Sports,12,Friday,11,29.0,77.2,32.0,44.0,42.9,4,0.5815785996387844
EC006585,RES_A,Residential,16,Thursday,7,30.1,75.9,107.0,42.0,50.1,3,0.5326839752843742
EC004703,BUS_A,Business,18,Friday,1,29.5,82.8,66.0,37.6,49.6,4,0.45364729259425113
EC004842,ADM_A,Administration,17,Wednesday,9,30.9,76.3,63.0,42.2,43.9,2,0.4025797939480182
EC003560,ADM_A,Administration,11,Friday,9,30.4,76.0,99.0,42.8,44.1,4,0.3364923922786458
EC002570,BUS_B,Business,13,Tuesday,10,29.1,77.0,170.0,63.4,68.3,1,0.7108178924250332
EC002256,BUS_A,Business,13,Sunday,12,29.0,75.2,26.0,35.4,36.5,6,0.48153804342431555
EC000921,ENG_B,Engineering,1,Friday,3,24.6,83.2,0.0,34.2,39.3,4,0.916317423003024
EC003604,LIB_A,Library,2,Wednesday,12,,83.3,29.0,29.5,31.8,2,2.113100385019281
EC005845,ENG_A,Engineering,3,Thursday,5,27.2,83.2,16.0,35.4,46.2,3,0.5018695546908389
EC007796,BUS_A,Business,21,Thursday,7,28.9,77.3,0.0,33.9,37.1,3,0.5098961717266163
EC005546,BUS_A,Business,14,Wednesday,7,30.1,73.2,137.0,57.7,58.0,2,0.8676512035704047
EC000420,SCI_A,Science,3,Monday,8,26.7,78.0,0.0,62.2,64.1,0,0.5641821042642811
EC000686,RES_B,Residential,1,Wednesday,5,26.0,80.4,125.0,39.8,40.9,2,0.5593281873186308
EC001775,LIB_A,Library,15,Monday,11,34.7,85.1,222.0,67.2,79.2,0,3.283986699109596
EC006133,RES_B,Residential,0,Wednesday,6,27.5,74.7,104.0,37.4,42.9,2,0.3279560109240101
EC004834,LEC_A,LectureHall,4,Saturday,5,26.6,86.2,23.0,28.4,31.0,5,0.5233905954283505
EC005264,SPT_A,Sports,17,Sunday,3,29.7,70.6,90.0,58.7,63.6,6,0.6109600809957886
EC003581,LIB_A,Library,6,Sunday,7,27.2,87.9,28.0,35.4,34.8,6,0.4115683187885779
EC005708,RES_A,Residential,4,Monday,8,25.4,76.0,204.0,50.5,54.4,0,0.6487430974924135
EC002398,ADM_A,Administration,19,Friday,11,28.0,78.7,21.0,22.1,29.7,4,0.5171199161244825
EC000776,RES_A,Residential,1,Saturday,11,,80.6,165.0,42.1,46.3,5,2.3464507658699256
EC001954,SPT_A,Sports,16,Saturday,1,29.5,78.9,48.0,47.8,51.3,5,0.5190941545890185
EC006038,ENG_A,Engineering,20,Friday,12,27.3,75.4,35.0,43.0,44.9,4,0.5618257220978045
EC007915,SPT_A,Sports,18,Wednesday,3,29.8,75.8,167.0,,70.1,2,3.218992143080608
EC002017,BUS_B,Business,6,Sunday,3,27.0,78.9,,36.3,34.8,6,2.8940425312743145
EC005194,LEC_A,LectureHall,8,Wednesday,1,28.0,80.9,83.0,41.9,46.5,2,0.6806411336445514
EC001984,LEC_A,LectureHall,20,Sunday,7,27.8,68.6,44.0,29.9,31.1,6,0.5292621243073801
EC006514,BUS_A,Business,13,Thursday,10,29.5,73.2,138.0,53.6,56.4,3,0.700249184991724
EC001830,SPT_A,Sports,13,Saturday,5,30.6,75.0,24.0,55.5,51.6,5,0.572138412847874
EC001506,BUS_B,Business,23,Wednesday,5,28.5,78.6,0.0,45.5,41.8,2,0.6922857705828532
EC004660,LEC_A,LectureHall,6,Thursday,6,,74.6,3.0,24.4,28.1,3,2.02485479958663
EC007831,ENG_A,Engineering,17,Thursday,3,31.4,74.4,127.0,83.5,82.5,3,0.5672516020837047
EC002872,BUS_A,Business,10,Sunday,9,28.0,72.6,41.0,30.4,32.7,6,0.5664462131155923
EC002549,LEC_A,LectureHall,5,Sunday,2,24.4,83.5,15.0,19.9,19.7,6,0.6428611484387505
EC005514,BUS_B,Business,20,Monday,2,28.4,73.6,35.0,44.0,45.2,0,0.6147131479707576
EC001704,ENG_B,Engineering,17,Friday,11,28.0,81.8,85.0,55.2,51.1,4,0.5521352138470266
EC003133,SCI_B,Science,1,Wednesday,4,26.4,84.4,7.0,81.8,69.0,2,4.629118201998741
EC000529,BUS_B,Business,22,Monday,12,25.1,93.3,0.0,31.8,30.7,0,0.7050234212910721
EC007870,RES_A,Residential,20,Monday,9,27.1,81.5,234.0,49.0,46.1,0,0.4887876316902095
EC001886,BUS_B,Business,22,Friday,4,27.2,82.2,0.0,34.9,43.9,4,0.6608406676990674
EC003961,SPT_A,Sports,6,Friday,8,27.4,77.4,94.0,47.6,54.8,4,0.4105439563744516
EC005808,RES_A,Residential,17,Monday,7,30.0,70.0,153.0,47.0,45.8,0,0.7589191851504481
EC004023,ADM_A,Administration,23,Tuesday,2,,77.2,11.0,28.0,28.8,1,2.34443743673651
EC000553,SPT_A,Sports,21,Sunday,8,26.1,83.1,137.0,60.1,52.0,6,1.009103110373826
EC000442,BUS_A,Business,20,Thursday,8,30.0,77.7,27.0,40.4,44.4,3,0.5130209090417311
EC007607,RES_A,Residential,20,Tuesday,7,29.3,75.9,211.0,42.0,47.0,1,0.6595877154380272
EC004064,ENG_B,Engineering,22,Monday,12,27.3,,0.0,39.3,37.9,0,1.9655496442002476
EC006265,ADM_A,Administration,19,Saturday,7,29.1,84.0,8.0,24.4,22.2,5,0.6340924951075243
EC002897,SCI_A,Science,1,Wednesday,9,26.9,85.9,15.0,67.1,65.1,2,0.9782895048010604
EC001369,RES_B,Residential,19,Monday,2,29.6,73.5,174.0,34.2,41.4,0,0.5593526436093225
EC005914,BUS_A,Business,1,Saturday,2,25.9,83.3,36.0,32.1,33.2,5,0.5625206420554695
EC002131,ENG_A,Engineering,21,Tuesday,6,28.6,79.6,22.0,51.8,49.3,1,0.6592016153526329
EC006484,LIB_A,Library,12,Friday,1,29.1,80.4,137.0,50.2,52.0,4,0.5809774143498256
EC001214,LEC_A,LectureHall,14,Monday,7,30.5,74.8,188.0,81.4,73.9,0,1.0784648139938313
EC004540,ENG_B,Engineering,23,Friday,10,26.1,80.6,3.0,26.1,31.3,4,0.6277162825139728
EC007840,ENG_A,Engineering,5,Monday,4,28.1,77.7,18.0,51.0,50.1,0,0.4532859367795861
EC003893,BUS_A,Business,12,Wednesday,2,31.2,78.5,117.0,64.3,61.5,2,0.9910108564376902
EC007961,ADM_A,Administration,1,Friday,3,26.4,85.6,3.0,28.8,28.5,4,0.9684223395399492
EC002470,SCI_A,Science,19,Wednesday,3,30.2,75.3,17.0,95.2,87.8,2,0.6505405913947688
EC002562,SCI_A,Science,17,Sunday,1,30.5,72.1,5.0,85.2,81.0,6,6.72299126384738
EC003294,RES_B,Residential,13,Thursday,8,29.3,78.0,82.0,31.6,35.4,3,0.39345418422342204
EC005347,ADM_A,Administration,3,Friday,12,26.4,83.2,0.0,16.6,20.7,4,2.2815842905711374
EC002954,ENG_B,Engineering,9,Friday,12,27.6,77.9,75.0,48.6,45.7,4,0.5256873403051745
EC004368,SCI_B,Science,16,Thursday,1,30.3,78.5,82.0,82.6,79.3,3,0.7876234890528546
EC007995,ADM_A,Administration,22,Thursday,6,28.8,75.5,6.0,32.6,31.3,3,0.6457500205632946
EC004895,RES_B,Residential,20,Wednesday,2,29.4,69.3,200.0,44.5,48.7,2,0.522522935969264
EC000112,SCI_A,Science,12,Monday,1,29.3,72.5,133.0,97.0,97.2,0,1.3643659799416596
EC002667,ENG_A,Engineering,13,Tuesday,12,29.3,75.2,205.0,84.9,82.1,1,0.7454435036317427
EC001534,ADM_A,Administration,5,Thursday,5,27.4,77.4,0.0,24.3,28.2,3,0.5539690374374878
EC005142,RES_B,Residential,17,Wednesday,7,30.9,67.9,137.0,50.9,50.9,2,0.36783649473371943
EC001271,SCI_B,Science,19,Sunday,4,29.0,78.9,0.0,74.1,72.3,6,1.1067081124085136
EC003897,LEC_A,LectureHall,15,Sunday,7,32.2,73.3,2.0,38.2,39.3,6,0.8313756041146391
EC001339,BUS_B,Business,7,Monday,12,,83.9,17.0,26.9,30.7,0,1.0495558835131236
EC003665,BUS_B,Business,2,Sunday,7,25.2,84.0,15.0,31.1,30.8,6,0.5681998084010141
EC006348,ADM_A,Administration,17,Thursday,12,30.3,73.5,69.0,41.0,36.3,3,0.5490840491026525
EC003958,SPT_A,Sports,19,Thursday,6,30.1,74.2,184.0,83.7,81.1,3,1.1800757390070988
EC002977,SCI_B,Science,0,Wednesday,4,29.1,73.8,16.0,56.9,70.9,2,0.40380358345667766
EC003433,LEC_A,LectureHall,15,Saturday,5,29.0,77.6,,32.8,40.0,5,2.1500492998711938
EC007534,SCI_B,Science,20,Sunday,10,24.0,95.7,15.0,53.3,55.4,6,1.6614472370659756
EC003374,LIB_A,Library,13,Monday,12,31.1,66.2,182.0,64.4,59.8,0,0.19938913535292527
EC003530,SPT_A,Sports,0,Saturday,6,26.8,75.8,0.0,44.1,38.6,5,0.5853317703789886
EC005403,BUS_A,Business,22,Thursday,6,27.5,73.4,22.0,42.3,37.4,3,0.6216865050843758
EC006270,ENG_A,Engineering,10,Wednesday,8,28.9,75.1,134.0,69.1,76.3,2,0.5934278036464109
EC007768,LIB_A,Library,21,Saturday,2,27.3,80.3,60.0,41.9,42.4,5,0.5434530096694705
EC000280,ADM_A,Administration,19,Wednesday,4,29.7,68.8,0.0,31.2,27.9,2,0.640121275628832
EC004411,SPT_A,Sports,22,Thursday,11,26.5,88.8,80.0,46.8,46.2,3,0.45254877282096617
EC001308,LIB_A,Library,21,Monday,11,26.8,89.3,51.0,40.2,34.9,0,0.3385335561301292
EC000424,ENG_B,Engineering,7,Sunday,3,27.1,79.5,2.0,39.5,40.3,6,0.685092482111884
EC002537,RES_A,Residential,7,Thursday,1,26.4,82.0,215.0,52.1,52.3,3,0.8602904600865621
EC005386,BUS_B,Business,9,Friday,6,,76.0,89.0,49.7,52.5,4,1.5910059433907915
EC005128,SCI_A,Science,20,Monday,2,28.6,75.3,41.0,79.9,79.5,0,0.6848834839376924
EC003015,SCI_B,Science,15,Thursday,2,30.8,73.5,84.0,75.3,89.0,3,0.6539092032689159
EC003139,ENG_A,Engineering,10,Monday,1,28.6,71.5,107.0,63.5,73.4,0,1.3294978832552597
EC003344,SCI_A,Science,20,Friday,10,27.0,75.5,15.0,62.1,70.0,4,0.6355884346603277
EC007562,LIB_A,Library,2,Wednesday,2,25.6,82.3,0.0,24.7,28.2,2,0.4431287345912129
EC004128,BUS_B,Business,22,Thursday,2,27.8,75.1,7.0,36.3,40.1,3,0.6341243487458266
EC003137,SPT_A,Sports,8,Saturday,4,26.3,74.4,123.0,54.4,50.8,5,0.4868033699681189
EC003882,SCI_A,Science,7,Monday,5,26.9,78.3,6.0,58.9,70.7,0,1.5055911914786582
EC006672,RES_B,Residential,20,Wednesday,7,28.9,75.9,190.0,48.1,46.6,2,0.49319810970915645
EC002762,RES_A,Residential,6,Monday,2,26.5,84.8,175.0,42.5,49.1,0,0.3817123358695295
EC003423,LIB_A,Library,6,Wednesday,9,25.4,79.8,12.0,22.9,29.8,2,0.5506203887101128
EC004636,LIB_A,Library,23,Thursday,5,25.9,84.5,33.0,77.1,48.9,3,6.1001751203864645
EC004266,ENG_B,Engineering,1,Sunday,3,28.4,78.4,1.0,39.3,42.0,6,0.5250655817955375
EC002745,BUS_A,Business,21,Thursday,2,29.5,77.2,0.0,44.0,37.5,3,0.5293242367028181
EC006649,RES_A,Residential,20,Friday,1,28.6,78.8,208.0,49.6,49.7,4,0.4361392745200455
EC001024,RES_A,Residential,0,Friday,12,25.5,91.8,108.0,44.5,42.9,4,0.4379000612698537
EC000315,BUS_B,Business,10,Wednesday,1,28.0,79.4,138.0,54.6,63.1,2,0.7002369663384774
EC000351,RES_A,Residential,6,Saturday,12,26.4,89.0,247.0,57.7,54.6,5,0.6072284045949851
EC004941,SCI_B,Science,6,Tuesday,1,26.1,88.9,18.0,62.9,61.3,1,1.5775289639516412
EC004840,SCI_B,Science,19,Monday,7,30.1,77.2,34.0,68.1,74.7,0,0.999962975927295
EC003678,RES_B,Residential,4,Tuesday,2,27.0,81.1,187.0,52.1,53.7,1,0.5217535838183768
EC005657,BUS_A,Business,19,Saturday,9,29.5,79.4,0.0,36.4,31.0,5,0.3694765225089919
EC003960,BUS_A,Business,3,Friday,3,27.8,80.5,0.0,32.0,32.3,4,0.36377349871705766
EC007945,ENG_B,Engineering,10,Thursday,1,29.6,69.0,105.0,61.4,66.8,3,0.7867173702813212
EC000055,ADM_A,Administration,2,Friday,7,27.3,83.7,3.0,29.7,27.2,4,0.5471129042505302
EC000041,SPT_A,Sports,6,Sunday,10,26.9,74.0,125.0,53.2,50.5,6,0.5919585453835209
EC006874,LEC_A,LectureHall,2,Sunday,8,26.0,85.2,0.0,5.3,13.2,6,5.451909082370411
EC000967,SPT_A,Sports,11,Sunday,9,29.8,73.9,,43.2,44.4,6,4.177213104571966
EC001999,RES_B,Residential,1,Wednesday,10,25.6,81.5,,35.8,38.4,2,0.9295403320602348
EC005056,ENG_A,Engineering,9,Wednesday,3,29.2,75.7,92.0,69.6,68.5,2,0.6626927260591305
EC001910,RES_A,Residential,1,Wednesday,5,28.7,76.0,112.0,46.6,45.8,2,0.5297350228833307
EC003536,ADM_A,Administration,4,Sunday,2,26.9,80.8,16.0,25.9,22.4,6,0.37631437129962914
EC005210,RES_B,Residential,19,Wednesday,4,29.2,74.5,129.0,39.7,47.9,2,0.5207254758823141
EC002264,SPT_A,Sports,17,Monday,6,31.2,69.6,98.0,52.5,59.7,0,0.5460298439463682
EC001628,SCI_B,Science,4,Monday,8,26.4,82.5,5.0,56.4,60.9,0,0.7844807310385085
EC004568,BUS_A,Business,10,Wednesday,2,29.6,74.9,89.0,50.0,51.9,2,0.6643112451299666
EC003302,ADM_A,Administration,10,Thursday,8,29.4,75.7,74.0,36.5,36.9,3,0.49264290063474875
EC004563,SCI_B,Science,19,Wednesday,11,28.5,79.8,14.0,66.5,60.5,2,1.0242581412558138
EC006430,ENG_A,Engineering,2,Wednesday,10,25.7,84.1,0.0,36.8,41.0,2,0.41250906334644377
EC002502,BUS_B,Business,21,Saturday,1,27.6,77.5,15.0,38.2,36.5,5,0.4694713252046736
EC000194,LIB_A,Library,15,Sunday,7,30.3,73.2,176.0,61.3,64.1,6,0.7510724495282903
EC000994,SCI_B,Science,7,Friday,11,26.8,75.6,12.0,50.8,58.9,4,0.6350032372260065
EC005615,SPT_A,Sports,8,Tuesday,10,27.2,78.1,83.0,53.7,52.7,1,0.526022156930058
EC003652,BUS_B,Business,8,Thursday,6,28.6,77.3,52.0,50.7,54.7,3,0.5062858408303234
EC004439,LIB_A,Library,10,Saturday,8,28.9,81.4,69.0,41.4,41.2,5,0.3762654141062239
EC003668,SCI_A,Science,16,Wednesday,12,31.1,69.7,103.0,93.2,104.7,2,0.48594280019362324
EC003673,RES_B,Residential,22,Thursday,10,27.0,80.1,209.0,37.8,46.5,3,0.40062207332719363
EC006782,RES_A,Residential,8,Saturday,10,27.6,82.9,212.0,45.2,44.1,5,0.4337723933458321
EC005348,ENG_B,Engineering,5,Sunday,1,26.6,82.1,26.0,46.3,37.4,6,0.6733567866434083
EC001915,SCI_B,Science,0,Sunday,5,26.5,70.7,0.0,61.5,62.6,6,0.6898232577419255
EC003739,BUS_B,Business,11,Thursday,4,29.8,78.4,135.0,74.6,67.7,3,0.5804395007509252
EC006500,BUS_B,Business,9,Tuesday,10,28.6,81.9,109.0,56.5,56.5,1,0.5867713553182135
EC003557,ENG_A,Engineering,18,Thursday,8,29.8,74.4,137.0,64.3,73.0,3,0.6037224327781564
EC007184,ADM_A,Administration,15,Tuesday,6,31.8,75.4,85.0,45.2,45.7,1,0.5899725479960286
EC000094,ENG_A,Engineering,13,Sunday,9,29.7,75.2,5.0,52.1,52.4,6,0.666373336379274
EC000102,RES_A,Residential,23,Sunday,6,29.3,74.2,262.0,53.4,60.9,6,0.5722461696901829
EC002895,SPT_A,Sports,14,Friday,10,29.4,76.1,42.0,45.7,51.3,4,0.6139068291719959
EC002771,SPT_A,Sports,3,Friday,3,25.6,85.6,6.0,38.6,39.6,4,0.6315651022958002
EC004749,SCI_B,Science,16,Saturday,10,29.9,69.0,28.0,71.3,69.3,5,0.6378739014109541
EC006075,ENG_A,Engineering,12,Saturday,6,30.6,71.4,53.0,55.7,60.4,5,0.47791699749105815
EC006084,RES_A,Residential,17,Wednesday,11,26.8,87.9,176.0,42.6,44.7,2,0.48681062691272214
EC006831,LEC_A,LectureHall,22,Saturday,9,27.7,73.7,10.0,21.7,26.0,5,0.7688264435122134
EC007173,LIB_A,Library,8,Monday,5,26.8,80.3,43.0,35.6,43.1,0,0.48004693424503525
EC002260,BUS_A,Business,6,Monday,1,27.0,73.8,0.0,31.2,27.4,0,0.5957700985526229
EC001804,BUS_B,Business,8,Friday,10,26.2,77.3,100.0,47.3,48.7,4,0.5163124270693662
EC005221,RES_B,Residential,0,Friday,9,26.3,80.6,84.0,31.4,33.7,4,0.5577800207228707
EC001081,ENG_A,Engineering,6,Monday,2,25.9,86.7,0.0,42.1,44.8,0,0.4976354211627001
EC000798,SPT_A,Sports,10,Sunday,7,28.9,,8.0,40.4,42.3,6,2.6907589642116156
EC000266,RES_A,Residential,8,Friday,2,28.3,74.3,176.0,46.6,49.0,4,0.6755804434649616
EC004826,LIB_A,Library,1,Sunday,7,26.7,72.6,0.0,19.4,25.6,6,1.2542190414643335
EC005048,SCI_B,Science,15,Saturday,2,29.6,71.4,20.0,86.1,76.8,5,1.0448747677342272
EC005295,LEC_A,LectureHall,11,Sunday,8,30.0,73.5,40.0,34.6,37.0,6,0.5255398642646174
EC000622,BUS_B,Business,18,Wednesday,6,30.6,73.4,52.0,47.1,56.2,2,0.568884975002015
EC004689,SCI_A,Science,19,Saturday,8,29.6,75.2,4.0,79.8,81.3,5,1.745590979715239
EC006069,ENG_B,Engineering,0,Monday,1,27.2,74.0,21.0,36.5,41.5,0,0.9897907215882368
EC001407,SCI_B,Science,8,Thursday,7,27.7,77.5,72.0,70.5,70.5,3,0.6597830065387414
EC004390,RES_B,Residential,20,Tuesday,8,28.7,78.1,200.0,45.2,48.8,1,0.4718764535781787
EC005201,LEC_A,LectureHall,9,Tuesday,8,29.3,73.0,85.0,44.0,47.3,1,0.583626383462433
EC000247,SPT_A,Sports,10,Tuesday,3,29.1,78.4,35.0,41.4,42.4,1,0.51063879551059
EC001134,SCI_B,Science,18,Tuesday,11,28.7,70.3,33.0,64.2,72.3,1,0.8564520857710541
EC001753,ENG_A,Engineering,20,Monday,4,30.0,75.2,30.0,55.9,62.4,0,0.7065900456303764
EC001461,SPT_A,Sports,23,Saturday,10,27.2,83.4,41.0,71.5,54.9,5,1.8506377144559154
EC000663,ADM_A,Administration,2,Monday,11,25.9,83.0,2.0,22.1,22.2,0,0.5505199807774008
EC004237,SCI_A,Science,20,Saturday,7,28.1,80.4,7.0,75.5,75.1,5,1.9075210857410265
EC006684,LEC_A,LectureHall,10,Wednesday,4,29.9,79.0,125.0,55.2,58.1,2,0.7459652184156335
EC000026,LEC_A,LectureHall,18,Thursday,3,31.1,69.3,278.0,81.9,96.2,3,5.603738195170445
EC005148,SCI_B,Science,8,Monday,10,26.8,81.2,62.0,70.9,70.5,0,0.4838888896712511
EC004992,SCI_B,Science,5,Saturday,6,28.1,76.8,12.0,65.4,66.8,5,0.8502239947504665
EC007017,LIB_A,Library,9,Thursday,8,27.6,79.3,36.0,34.7,37.7,3,0.5438632588684154
EC001240,LEC_A,LectureHall,7,Monday,10,26.2,84.2,35.0,32.8,27.5,0,0.48927689541454583
EC003119,ENG_A,Engineering,1,Saturday,12,26.3,83.0,7.0,34.1,35.1,5,0.746403051051042
EC000607,LEC_A,LectureHall,12,Thursday,8,31.0,70.9,207.0,75.7,77.3,3,0.6951235960496932
EC006382,SPT_A,Sports,15,Saturday,4,30.4,67.4,25.0,46.4,47.4,5,0.4367128140480453
EC002011,LIB_A,Library,9,Sunday,8,29.1,73.8,0.0,34.1,35.5,6,0.9900011475865667
EC003556,SCI_A,Science,19,Friday,3,30.5,76.5,13.0,80.0,80.4,4,1.426064574132043
EC001604,BUS_B,Business,1,Saturday,4,27.2,76.7,0.0,33.4,32.3,5,0.6331374121723123
EC000178,BUS_B,Business,4,Tuesday,10,26.8,85.8,0.0,28.0,34.4,1,0.4935840847523211
EC007918,LEC_A,LectureHall,1,Tuesday,6,26.6,77.4,0.0,11.9,23.2,1,5.4289928726240255
EC005613,RES_A,Residential,16,Friday,5,31.1,71.1,150.0,58.1,53.0,4,0.6123560523304704
EC000372,SPT_A,Sports,22,Monday,3,29.3,77.7,79.0,56.8,52.4,0,0.4356807215509287
EC001759,BUS_B,Business,5,Wednesday,6,28.3,77.3,7.0,41.2,43.7,2,0.626777685511347
EC005862,SCI_B,Science,4,Saturday,7,26.0,90.3,0.0,56.5,55.9,5,0.7070296875838903
EC004105,ENG_B,Engineering,22,Monday,6,28.7,77.7,0.0,,44.8,0,1.7332401185333044
EC002238,BUS_B,Business,6,Sunday,8,26.7,81.1,0.0,25.4,32.6,6,0.5627841235206498
EC004833,BUS_A,Business,12,Tuesday,8,30.1,75.9,128.0,39.8,49.2,1,0.9923260052891261
EC000530,LIB_A,Library,10,Tuesday,11,27.9,86.8,73.0,41.3,32.3,1,0.5321778610400205
EC006527,LEC_A,LectureHall,5,Saturday,4,26.9,74.9,27.0,27.8,32.6,5,0.5810388868008957
EC005553,LIB_A,Library,2,Wednesday,12,25.1,81.8,35.0,25.0,27.5,2,0.5488352125027122
EC001343,SCI_A,Science,1,Sunday,1,27.2,81.2,9.0,62.2,67.3,6,1.3378331931301248
EC005068,RES_B,Residential,0,Sunday,2,25.1,84.1,104.0,43.8,42.5,6,0.4630099822432731
EC000873,ENG_A,Engineering,16,Wednesday,5,30.1,73.3,97.0,68.1,73.1,2,0.6313889656717
EC005028,RES_B,Residential,14,Tuesday,12,29.3,72.2,100.0,35.8,38.7,1,0.4042183572039075
EC006756,ENG_A,Engineering,3,Thursday,6,27.1,75.4,2.0,57.4,46.5,3,0.7020607354914394
EC002946,BUS_B,Business,0,Sunday,1,27.7,80.3,0.0,34.1,31.7,6,0.847505220574897
EC004456,LIB_A,Library,8,Saturday,1,27.6,81.5,34.0,33.4,37.9,5,0.7884800813250552
EC000206,RES_B,Residential,16,Wednesday,3,31.5,70.6,126.0,52.9,46.2,2,0.738670899254098
EC004100,ENG_B,Engineering,3,Thursday,2,25.0,90.0,21.0,36.7,38.0,3,0.5251860015594169
EC005986,ENG_A,Engineering,16,Tuesday,2,29.6,78.4,128.0,71.4,77.4,1,0.5535370462692545
EC006605,SPT_A,Sports,17,Monday,3,31.0,69.8,113.0,60.3,60.4,0,0.7557881182108114
EC003924,LEC_A,LectureHall,7,Monday,1,26.7,77.6,0.0,26.2,27.0,0,0.7814956342201355
EC001938,RES_A,Residential,0,Wednesday,8,26.1,79.6,95.0,,41.0,2,1.7831149019508965
EC004142,ADM_A,Administration,16,Thursday,7,31.3,71.7,75.0,38.9,38.2,3,0.6688157815791514
EC001865,RES_A,Residential,8,Monday,8,27.5,76.9,159.0,34.6,37.7,0,0.6465234409512092
EC002859,ADM_A,Administration,14,Tuesday,10,29.4,79.8,97.0,30.6,39.6,1,0.4398262661416773
EC003735,SPT_A,Sports,21,Wednesday,9,28.2,84.9,129.0,47.5,52.6,2,0.5643323899419045
EC007467,SCI_B,Science,13,Thursday,7,30.5,73.2,114.0,82.8,85.7,3,0.7054705726656003
EC001206,SCI_B,Science,8,Tuesday,2,27.9,79.2,36.0,70.9,74.6,1,0.8267744132885215
EC002200,BUS_A,Business,5,Wednesday,10,26.2,82.7,13.0,32.0,30.3,2,0.480952777539859
EC007594,LIB_A,Library,22,Tuesday,10,28.5,79.8,47.0,,44.5,1,2.3252814379238527
EC003077,RES_A,Residential,3,Thursday,1,26.6,81.7,137.0,49.1,48.7,3,0.48268566790933853
EC002935,LIB_A,Library,12,Sunday,9,30.3,71.6,88.0,40.2,42.7,6,0.5601487132870548
EC003588,LIB_A,Library,21,Sunday,5,29.5,75.2,64.0,53.5,51.0,6,0.5229829911277681
EC004785,ENG_B,Engineering,4,Friday,6,26.5,81.9,18.0,42.7,40.2,4,0.5675172767050056
EC000913,ENG_B,Engineering,15,Monday,6,31.1,77.6,134.0,64.0,61.4,0,0.7066367310367483
EC001678,BUS_A,Business,10,Tuesday,10,30.1,76.4,74.0,48.7,50.8,1,0.5376101648585523
EC005228,LEC_A,LectureHall,16,Saturday,9,30.0,73.3,255.0,69.7,74.6,5,2.701143673296234
EC001701,LEC_A,LectureHall,0,Tuesday,6,26.0,81.2,9.0,26.5,24.6,1,0.6077149422844365
EC003265,RES_A,Residential,1,Wednesday,6,26.8,72.1,77.0,47.2,47.3,2,0.6267371275365615
EC004317,LIB_A,Library,0,Saturday,9,25.6,83.9,0.0,24.4,22.6,5,0.5861320782909819
EC004154,ENG_A,Engineering,17,Wednesday,10,30.5,74.2,116.0,74.3,69.2,2,0.6576439150751492
EC000103,ADM_A,Administration,7,Wednesday,3,27.0,80.9,5.0,28.8,25.6,2,0.5483688566674765
EC005989,SCI_B,Science,21,Thursday,1,24.7,97.0,28.0,50.6,61.0,3,4.798121199644731
EC007729,SCI_A,Science,22,Saturday,1,28.0,77.8,0.0,73.9,71.4,5,1.385834617543526
EC007306,ADM_A,Administration,9,Friday,10,27.5,74.2,139.0,41.6,46.9,4,1.3653674659384851
EC003414,RES_B,Residential,2,Monday,8,25.5,87.2,139.0,47.9,47.5,0,0.2605152641982968
EC003766,ENG_A,Engineering,23,Tuesday,11,27.9,77.5,23.0,47.3,51.6,1,0.5773217951817412
EC003503,ENG_B,Engineering,17,Thursday,1,30.3,78.2,59.0,57.9,59.7,3,0.7033805553876902
EC004389,RES_B,Residential,23,Monday,11,26.3,81.1,261.0,43.7,43.4,0,0.3669118813748769
EC000707,RES_B,Residential,15,Wednesday,12,31.8,70.1,94.0,43.6,42.4,2,0.48769051733492264
EC000084,LEC_A,LectureHall,18,Friday,6,29.5,76.4,69.0,48.1,48.7,4,0.6320616372518697
EC007349,SCI_B,Science,12,Tuesday,5,35.3,91.0,142.0,113.2,115.7,1,5.594298857686564
EC004430,SPT_A,Sports,12,Friday,5,28.7,72.9,2.0,36.6,40.3,4,0.7134019284266458
EC003275,SCI_B,Science,6,Sunday,7,26.7,79.6,4.0,64.8,61.9,6,1.4158883339102717
EC003568,SCI_A,Science,3,Saturday,11,25.5,76.5,0.0,53.4,57.6,5,0.41701846973883905
EC000556,ENG_B,Engineering,16,Tuesday,7,30.5,83.1,109.0,63.6,63.4,1,0.8084175749140223
EC003800,ENG_A,Engineering,6,Sunday,2,28.0,74.8,0.0,48.0,42.9,6,0.8180959981839578
EC000389,BUS_B,Business,3,Wednesday,7,25.9,83.8,8.0,39.1,35.2,2,0.6425048265498013
EC007944,ENG_A,Engineering,19,Monday,5,30.5,68.8,8.0,53.9,56.6,0,0.4940959591486472
EC007959,BUS_A,Business,19,Wednesday,5,31.4,64.3,4.0,34.9,41.8,2,0.487003861027148
EC004647,SPT_A,Sports,15,Saturday,12,29.3,72.4,235.0,61.6,58.9,5,6.394011220352431
EC002082,SCI_B,Science,17,Saturday,9,29.1,79.7,8.0,63.3,66.9,5,0.8551502267299718
EC007631,SCI_A,Science,18,Saturday,4,29.7,72.6,33.0,72.8,86.6,5,0.6312549420094233
EC001814,BUS_B,Business,13,Tuesday,5,30.2,71.4,176.0,,66.6,1,6.15502780609006
EC007665,SPT_A,Sports,18,Friday,1,28.6,81.4,157.0,53.4,61.9,4,0.7662607193126768
EC003951,ENG_A,Engineering,20,Sunday,9,27.8,82.8,40.0,47.9,51.5,6,0.481891965405534
EC003306,SCI_A,Science,7,Thursday,10,26.5,85.1,4.0,66.3,65.2,3,1.3709916478887327
EC005947,RES_B,Residential,17,Thursday,6,28.3,85.9,150.0,36.1,37.5,3,0.7031290763614855
EC003330,RES_A,Residential,10,Wednesday,11,27.1,82.6,194.0,48.4,46.2,2,0.4876787846637043
EC003603,ENG_B,Engineering,9,Monday,8,29.2,76.6,169.0,26.9,55.4,0,3.2567138096965453
EC005598,LEC_A,LectureHall,19,Monday,6,31.0,69.2,0.0,35.5,37.3,0,0.3706929451523639
EC002534,ADM_A,Administration,11,Friday,5,28.4,73.8,74.0,35.8,37.2,4,0.535868665175379
EC002449,RES_A,Residential,4,Tuesday,8,27.4,82.1,196.0,51.9,49.2,1,0.5502748809335957
EC007403,RES_A,Residential,6,Saturday,9,25.3,90.2,236.0,45.0,50.6,5,0.49081141230792763
EC003062,LIB_A,Library,15,Monday,12,30.8,67.7,197.0,58.9,65.5,0,0.47682875676710523
EC007849,SPT_A,Sports,2,Wednesday,12,25.0,80.2,0.0,31.1,31.8,2,0.5761390261843355
EC003855,LEC_A,LectureHall,13,Monday,2,29.5,66.5,195.0,68.9,65.1,0,0.7289170497694052
EC006231,ENG_B,Engineering,15,Sunday,11,30.5,67.8,20.0,45.9,47.7,6,0.5151873152661963
EC000825,SCI_A,Science,5,Sunday,10,26.5,80.4,0.0,60.6,59.4,6,0.5663677134530402
EC002556,LEC_A,LectureHall,10,Tuesday,1,28.4,82.3,156.0,58.2,64.6,1,1.2705432440815785
EC002306,ENG_A,Engineering,4,Tuesday,3,25.1,85.3,5.0,36.1,46.5,1,0.7259734698087803
EC001300,RES_A,Residential,1,Wednesday,7,26.3,89.1,133.0,44.2,40.8,2,0.4177289856926474
EC003459,BUS_A,Business,11,Wednesday,9,29.0,77.9,109.0,56.3,54.7,2,0.5396967288277572
EC004193,LIB_A,Library,14,Wednesday,10,29.0,75.3,221.0,50.4,57.1,2,0.5173395401370339
EC004530,ADM_A,Administration,17,Sunday,2,28.6,80.1,,23.5,28.0,6,1.9568075651714671
EC006817,ADM_A,Administration,21,Wednesday,1,27.9,77.8,15.0,25.5,25.5,2,0.5512660799779603
EC004071,LIB_A,Library,4,Monday,5,26.9,78.3,0.0,30.3,31.0,0,0.32164236081845
EC002432,LEC_A,LectureHall,8,Saturday,9,27.6,,47.0,31.3,33.9,5,1.119927459456513
EC005855,BUS_A,Business,18,Wednesday,7,24.1,98.6,44.0,38.1,35.6,2,6.209331859943881
EC004372,LEC_A,LectureHall,23,Friday,1,26.3,83.6,0.0,28.2,27.3,4,0.7244111207669407
EC003945,ENG_B,Engineering,7,Monday,2,26.9,72.2,7.0,34.8,36.0,0,0.8995208880695722
EC002485,LEC_A,LectureHall,2,Friday,5,26.8,83.1,13.0,31.1,32.3,4,0.6045508261253676
EC002854,ADM_A,Administration,8,Tuesday,10,26.2,76.9,38.0,26.0,26.3,1,0.5660622011065229
EC004214,LEC_A,LectureHall,5,Tuesday,5,27.2,79.2,8.0,32.1,34.0,1,0.6794041278404146
EC006056,SCI_B,Science,4,Saturday,3,26.5,80.2,0.0,59.8,60.1,5,0.7030143405537915
EC007962,SCI_B,Science,2,Sunday,12,25.0,79.4,0.0,50.0,59.3,6,0.3496837474064796
EC003649,ADM_A,Administration,11,Friday,10,27.9,74.6,86.0,39.3,37.8,4,0.5398406077232665
EC005936,LEC_A,LectureHall,19,Monday,11,29.2,79.2,2.0,28.1,31.5,0,0.5224087205166005
EC002073,BUS_B,Business,8,Saturday,1,29.8,73.8,5.0,40.6,41.6,5,1.0715029199598418
EC000017,LEC_A,LectureHall,5,Tuesday,8,25.5,84.3,0.0,17.5,21.4,1,2.8782319850660194
EC002867,SPT_A,Sports,13,Wednesday,2,32.1,71.8,16.0,56.3,50.8,2,0.6405639199788117
EC004257,SPT_A,Sports,11,Thursday,9,28.9,76.1,39.0,41.1,41.6,3,0.5656345835393685
EC000170,BUS_A,Business,4,Friday,10,24.9,81.6,0.0,22.6,24.0,4,0.7250233958357106
EC004993,SPT_A,Sports,8,Friday,4,28.8,76.6,88.0,58.5,59.4,4,0.5578121841891959
EC002896,SCI_B,Science,6,Sunday,1,25.5,83.1,5.0,56.4,60.9,6,1.1063419653046018
EC001311,ADM_A,Administration,17,Thursday,5,31.6,76.2,48.0,36.9,39.5,3,0.6499844843246141
EC007619,BUS_B,Business,8,Friday,10,27.1,87.7,76.0,41.0,47.4,4,0.46936809294722576
EC007269,SPT_A,Sports,23,Friday,1,28.1,79.8,44.0,83.7,56.5,4,2.0216814372181258
EC006379,RES_B,Residential,4,Wednesday,1,25.4,76.6,171.0,44.2,45.0,2,0.5422973755768179
EC006883,ADM_A,Administration,13,Friday,1,29.3,68.9,105.0,48.7,44.1,4,0.5164408692556016
EC004460,RES_A,Residential,1,Wednesday,4,27.1,74.0,94.0,38.8,44.1,2,0.6150664359163699
EC006050,LIB_A,Library,12,Friday,6,31.5,69.5,132.0,48.5,51.8,4,0.536459969064395
EC007572,SPT_A,Sports,20,Sunday,7,30.6,73.0,205.0,69.9,75.3,6,3.8099651327909503
EC001188,RES_B,Residential,8,Friday,7,25.2,84.3,199.0,37.0,38.2,4,0.6525134056806703
EC007624,ENG_B,Engineering,21,Wednesday,11,28.0,67.4,21.0,34.5,40.6,2,0.5572941682669742
EC004102,LEC_A,LectureHall,23,Tuesday,4,27.1,80.0,16.0,34.2,30.1,1,0.6033301293731516
EC002914,RES_A,Residential,19,Wednesday,6,28.6,79.5,181.0,49.6,58.7,2,0.4190382032278158
EC001527,SCI_B,Science,4,Wednesday,11,24.2,90.8,22.0,51.6,54.8,2,0.668342842179522
EC003450,LEC_A,LectureHall,3,Monday,2,24.1,83.5,20.0,27.3,28.7,0,0.9105067633503269
EC004943,LEC_A,LectureHall,18,Friday,8,27.5,81.9,113.0,45.0,47.0,4,1.2056713632163945
EC006933,ENG_A,Engineering,15,Wednesday,4,31.0,75.7,153.0,62.7,75.3,2,0.6088363810847401
EC006647,RES_B,Residential,14,Wednesday,7,30.8,72.5,133.0,40.7,40.8,2,0.9599924038554629
EC007117,BUS_A,Business,6,Saturday,3,27.2,79.4,0.0,28.3,31.3,5,0.30757028390747354
EC001633,BUS_A,Business,1,Monday,3,26.1,76.2,8.0,32.6,29.1,0,0.6009929136934542
EC001842,BUS_B,Business,14,Tuesday,8,30.8,70.6,170.0,73.8,70.5,1,0.6209518012309194
EC003943,ENG_A,Engineering,21,Sunday,9,28.2,77.5,21.0,47.9,45.2,6,0.6987246617714981
EC006339,RES_B,Residential,19,Sunday,12,29.5,75.3,156.0,46.1,45.3,6,0.6306052345125238
EC004117,RES_B,Residential,1,Sunday,7,26.3,88.1,131.0,36.6,40.0,6,0.5236537274852197
EC006791,SCI_A,Science,20,Saturday,5,29.5,69.6,0.0,74.3,75.8,5,1.058031383346778
EC004970,SCI_A,Science,7,Friday,9,27.2,78.7,129.0,48.7,76.4,4,0.8977359076255751
EC003389,LEC_A,LectureHall,12,Monday,12,28.1,79.9,169.0,56.0,62.7,0,0.7541611131407363
EC003159,RES_A,Residential,8,Wednesday,11,26.0,86.5,163.0,42.7,43.2,2,0.569166122064864
EC000028,SCI_B,Science,19,Sunday,3,31.2,73.6,17.0,65.0,75.7,6,0.8623076036611669
EC006995,SCI_B,Science,17,Monday,1,29.1,77.0,62.0,77.1,77.7,0,0.36034763710802503
EC004487,LEC_A,LectureHall,5,Thursday,6,26.5,80.4,6.0,25.7,22.1,3,0.5768590720345254
EC007186,BUS_B,Business,19,Tuesday,3,24.9,98.6,0.0,35.0,36.9,1,4.098757479410605
EC005284,RES_A,Residential,14,Wednesday,8,31.4,79.0,139.0,49.6,49.9,2,0.6875469348650118
EC004791,SCI_A,Science,20,Sunday,12,24.3,97.7,0.0,53.2,56.1,6,8.513209436679206
EC002295,ENG_A,Engineering,20,Sunday,10,28.4,76.6,3.0,42.7,47.8,6,0.626423484085789
EC000472,SCI_B,Science,15,Tuesday,9,30.4,80.5,159.0,95.8,99.9,1,1.2398339221857742
EC000305,LIB_A,Library,11,Saturday,6,28.5,75.6,49.0,47.7,44.0,5,0.48358473768560895
EC004092,ENG_A,Engineering,5,Sunday,12,24.5,80.7,0.0,29.6,36.1,6,0.65166597732045
EC001393,LIB_A,Library,4,Wednesday,8,26.0,80.0,16.0,25.9,28.6,2,0.5341786857519993
EC000745,RES_B,Residential,3,Tuesday,1,26.8,76.3,158.0,44.1,44.7,1,0.627762469007079
EC002392,ENG_B,Engineering,11,Friday,10,28.5,77.1,135.0,57.4,58.7,4,0.6419237567740153
EC001107,LIB_A,Library,10,Sunday,3,29.1,79.3,74.0,43.5,46.7,6,0.4044527698743385
EC001975,LEC_A,LectureHall,5,Thursday,10,26.3,79.8,20.0,26.9,30.4,3,0.5892969049111415
EC007197,ADM_A,Administration,21,Sunday,4,29.4,75.0,4.0,18.6,26.5,6,0.7026819534622899
EC007662,BUS_A,Business,12,Saturday,1,29.1,79.2,35.0,34.5,39.6,5,0.5271421515824962
EC002259,ENG_A,Engineering,7,Saturday,7,27.9,74.8,48.0,52.7,52.1,5,0.5965829465306456
EC007673,SPT_A,Sports,21,Thursday,10,25.4,80.2,96.0,41.5,43.1,3,0.5171038352520198
EC007317,RES_B,Residential,15,Monday,5,31.2,69.3,105.0,49.3,48.1,0,0.3257733225776967
EC007888,LEC_A,LectureHall,9,Wednesday,10,27.3,82.2,127.0,46.2,52.1,2,0.8274103563319215
EC001562,SCI_B,Science,21,Thursday,3,29.5,74.3,26.0,78.5,78.8,3,1.017023553096672
EC001500,BUS_A,Business,23,Monday,3,25.7,77.5,34.0,28.0,30.1,0,0.7132879034745548
EC001648,ADM_A,Administration,17,Friday,11,29.7,66.7,45.0,33.3,33.3,4,0.48127961972270317
EC007092,LIB_A,Library,11,Wednesday,8,28.7,78.8,98.0,37.4,44.0,2,0.5391413015020179
EC004276,LIB_A,Library,13,Wednesday,4,29.5,81.2,167.0,51.2,56.3,2,0.4919037057162852
EC002597,LIB_A,Library,13,Tuesday,4,30.4,68.6,183.0,55.6,61.2,1,0.5074494951016222
EC006433,BUS_B,Business,14,Thursday,6,31.0,74.1,171.0,73.0,68.6,3,0.7946709678839511
EC002506,RES_B,Residential,19,Sunday,2,29.1,77.5,203.0,48.1,48.6,6,0.4000362549634286
EC001698,ADM_A,Administration,0,Saturday,3,25.3,81.8,0.0,18.6,17.4,5,0.8395228979467549
EC002140,BUS_A,Business,16,Sunday,12,28.9,78.4,22.0,32.6,33.2,6,0.4340985892841877
EC005740,BUS_A,Business,7,Tuesday,10,26.5,74.7,0.0,33.7,35.5,1,0.44515981780813374
EC006487,ENG_A,Engineering,3,Thursday,7,26.1,87.5,11.0,41.4,40.9,3,0.5167159818357946
EC002774,SCI_A,Science,23,Saturday,2,26.5,80.7,7.0,68.5,66.7,5,1.0672033375661405
EC007132,SCI_B,Science,23,Friday,1,28.1,82.4,0.0,65.8,64.1,4,1.0714525782480504
EC003470,LIB_A,Library,2,Thursday,1,25.9,87.2,8.0,26.4,26.0,3,0.41098914280801524
EC006669,LIB_A,Library,2,Saturday,2,25.9,86.2,9.0,25.0,24.7,5,0.5291246110757811
EC006385,BUS_A,Business,9,Monday,6,27.2,83.6,64.0,41.2,44.3,0,0.37514281444176706
EC007363,ADM_A,Administration,8,Sunday,12,25.3,83.2,26.0,20.7,22.3,6,0.48379126430182845
EC003218,LIB_A,Library,13,Saturday,12,29.2,63.6,143.0,37.8,46.2,5,0.20080040947085312
EC001263,RES_B,Residential,12,Monday,11,28.9,74.2,,45.3,43.1,0,1.3222548920757244
EC002729,BUS_A,Business,8,Sunday,4,24.1,96.3,8.0,25.1,26.5,6,3.998162479995354
EC002026,RES_A,Residential,19,Saturday,12,28.5,75.4,185.0,44.4,43.2,5,0.5272962778417767
EC005261,BUS_B,Business,3,Friday,1,27.6,79.5,1.0,37.6,34.0,4,0.7310546866415077
EC001763,LEC_A,LectureHall,14,Monday,12,29.5,74.9,212.0,72.6,80.1,0,0.694381991446012
EC004726,RES_A,Residential,20,Friday,3,28.0,81.4,218.0,43.5,50.1,4,0.4922312317365246
EC005224,SCI_B,Science,21,Thursday,7,28.0,73.5,23.0,69.8,65.9,3,0.8193373092371803
EC000752,ADM_A,Administration,20,Thursday,8,28.8,76.0,0.0,26.1,26.0,3,0.5698222105165605
EC007357,SCI_A,Science,11,Monday,8,29.0,66.9,124.0,88.6,91.9,0,0.343091392545047
EC007035,SCI_A,Science,8,Wednesday,6,27.0,85.1,50.0,83.4,77.9,2,0.7477102386175558
EC007202,ENG_A,Engineering,3,Thursday,6,27.4,75.6,4.0,46.8,46.0,3,0.7527931306415735
EC005643,ENG_A,Engineering,17,Wednesday,10,29.2,79.5,105.0,56.5,66.0,2,0.5695429820678952
EC004145,ENG_A,Engineering,11,Monday,1,27.3,81.8,149.0,66.6,66.3,0,0.6326277463455166
EC000438,ENG_B,Engineering,22,Wednesday,12,26.7,79.9,0.0,41.2,39.3,2,0.43359042999551306
EC001672,SCI_B,Science,1,Monday,1,24.6,81.6,22.0,52.3,54.1,0,1.2243352211246767
EC004127,ENG_A,Engineering,3,Thursday,12,26.9,77.4,0.0,37.1,45.1,3,0.5281143183872272
EC001998,ENG_A,Engineering,14,Monday,6,31.8,74.4,193.0,73.3,86.9,0,0.6020605757513549
EC006839,LIB_A,Library,14,Sunday,2,31.9,67.2,190.0,64.0,65.0,6,1.6503378277192653
EC004951,ENG_A,Engineering,3,Saturday,3,26.4,81.3,19.0,44.5,48.2,5,0.5253730218820809
EC005861,RES_B,Residential,9,Tuesday,12,26.7,80.6,127.0,35.8,32.2,1,0.5741976854084573
EC002190,BUS_A,Business,20,Thursday,3,29.0,76.7,13.0,43.1,40.9,3,0.6016548127990217
EC000141,SCI_A,Science,2,Thursday,7,25.9,87.4,0.0,67.4,68.8,3,0.937926919748857
EC003824,RES_A,Residential,3,Saturday,12,25.0,87.3,158.0,32.1,41.1,5,2.1010473004996078
EC003008,LEC_A,LectureHall,18,Monday,9,28.8,77.5,71.0,47.1,43.8,0,0.6778903538449808
EC005464,BUS_B,Business,2,Monday,3,25.8,89.2,0.0,31.3,39.6,0,0.5727442387377504
EC006528,SPT_A,Sports,23,Thursday,6,28.2,78.8,27.0,109.5,71.6,3,1.34155480194651
EC001408,ENG_A,Engineering,16,Tuesday,2,29.6,75.5,123.0,72.4,74.1,1,0.5990961375389267
EC005247,SCI_A,Science,23,Tuesday,4,27.0,80.5,16.0,69.6,72.9,1,0.7715124791833158
EC000240,ENG_A,Engineering,22,Tuesday,1,26.4,79.3,0.0,41.7,37.6,1,0.6830105818962697
EC007654,BUS_A,Business,0,Wednesday,11,26.1,79.4,0.0,30.4,30.5,2,0.31477705832058445
EC004459,SPT_A,Sports,11,Monday,3,29.3,78.2,33.0,46.5,47.7,0,0.43509371409696657
EC005329,SCI_A,Science,5,Saturday,4,28.9,76.4,0.0,71.2,75.2,5,0.9263301692470414
EC007095,ENG_B,Engineering,8,Sunday,12,27.1,80.9,1.0,38.6,39.9,6,0.5118992046149357
EC006869,SCI_B,Science,5,Saturday,2,26.7,81.1,1.0,60.4,62.9,5,0.8269197066055692
EC002844,LIB_A,Library,9,Wednesday,1,29.8,73.6,42.0,42.7,41.9,2,0.6655173119590951
EC004434,BUS_B,Business,22,Friday,3,27.7,77.7,20.0,38.2,42.6,4,0.5481365035661248
EC000687,ENG_B,Engineering,18,Thursday,11,29.5,78.2,64.0,48.3,53.9,3,0.5425248665679692
EC004543,ENG_B,Engineering,13,Thursday,12,29.5,76.2,168.0,62.3,67.2,3,0.7365278835183684
EC007952,ENG_A,Engineering,14,Wednesday,2,29.2,77.1,208.0,88.9,84.5,2,0.7211283212925998
EC002484,LEC_A,LectureHall,4,Saturday,5,26.1,75.8,7.0,24.2,24.1,5,0.6476057570731584
EC003436,BUS_B,Business,0,Monday,9,26.4,77.6,0.0,31.7,32.8,0,0.4500762997433756
EC004655,ENG_B,Engineering,16,Saturday,4,29.6,75.7,46.0,56.5,55.7,5,0.7077840757590894
EC007907,SCI_B,Science,18,Wednesday,4,29.8,69.0,51.0,77.5,75.9,2,0.6218727648267259
EC006493,LEC_A,LectureHall,22,Monday,2,27.6,74.5,11.0,28.8,27.8,0,0.706798204710399
EC006941,ENG_B,Engineering,18,Sunday,1,27.6,73.8,15.0,45.3,45.9,6,0.6538238955157262
EC007964,BUS_A,Business,13,Saturday,3,30.7,73.5,18.0,46.0,44.4,5,0.7048345786351857
EC004084,RES_B,Residential,6,Thursday,11,27.1,79.8,186.0,40.4,45.8,3,0.5331044575550875
EC007105,LIB_A,Library,18,Thursday,7,29.9,77.3,,64.5,64.1,3,1.3615490602530342
EC000487,LIB_A,Library,7,Wednesday,6,27.3,69.7,3.0,,30.3,2,4.494292338001606
EC000633,BUS_A,Business,13,Wednesday,11,29.4,71.5,153.0,60.8,61.1,2,0.8176466486856926
EC003814,ENG_B,Engineering,1,Saturday,10,23.2,86.4,10.0,30.0,33.8,5,0.658303855796627
EC002539,RES_A,Residential,11,Sunday,6,30.6,67.0,144.0,45.7,49.6,6,0.4941827165367034
EC000908,SCI_A,Science,18,Saturday,6,30.7,75.4,13.0,94.8,92.4,5,2.180065025871541
EC002046,BUS_B,Business,0,Monday,6,25.8,81.8,12.0,34.6,35.9,0,0.3622825297476294
EC001978,SPT_A,Sports,3,Wednesday,5,25.4,83.7,0.0,31.3,35.0,2,0.4124787151003303
EC000813,LEC_A,LectureHall,16,Friday,5,30.5,69.5,145.0,69.9,68.3,4,0.6721610648736838
EC001573,RES_A,Residential,19,Monday,3,28.5,76.2,242.0,48.8,55.9,0,0.7059509512210959
EC002192,SPT_A,Sports,0,Monday,4,26.9,81.9,0.0,39.3,38.6,0,0.47686698533956434
EC000954,BUS_A,Business,10,Saturday,11,28.4,78.9,30.0,34.9,31.2,5,0.4452612392686935
EC006852,RES_B,Residential,14,Friday,12,35.5,87.5,229.0,60.8,59.0,4,3.2543274822187063
EC004263,BUS_B,Business,20,Saturday,3,29.0,75.9,14.0,44.0,43.2,5,0.40665901400269494
EC005895,ADM_A,Administration,0,Tuesday,4,26.3,84.0,7.0,25.2,28.7,1,0.5755471154519309
EC001135,LEC_A,LectureHall,11,Wednesday,5,28.9,68.6,166.0,66.1,67.0,2,0.6053699531252563
EC001005,SPT_A,Sports,11,Thursday,4,29.3,78.1,31.0,43.7,54.4,3,0.5382419662581571
EC004137,LIB_A,Library,4,Tuesday,11,26.0,80.1,13.0,27.7,32.6,1,0.5491692977097781
EC000341,SPT_A,Sports,19,Sunday,3,29.7,82.4,175.0,55.7,65.6,6,0.5175996340078349
EC007990,RES_A,Residential,18,Saturday,10,30.0,64.2,202.0,46.7,46.4,5,0.23918903660130664
EC004969,BUS_B,Business,17,Sunday,11,30.4,79.2,18.0,44.9,41.5,6,0.4138544814498024
EC005139,BUS_A,Business,10,Monday,1,28.5,72.8,87.0,48.5,47.2,0,1.3864528455325302
EC000002,LEC_A,LectureHall,0,Saturday,5,26.9,82.7,0.0,27.1,23.6,5,0.5532195324540077
EC005684,RES_A,Residential,11,Tuesday,9,30.1,76.7,170.0,40.0,42.5,1,0.5772152593885207
EC000169,ENG_A,Engineering,2,Sunday,7,25.8,83.4,27.0,43.8,43.3,6,0.49802732832713015
EC002571,RES_B,Residential,1,Friday,7,27.4,73.9,90.0,39.4,40.4,4,0.7797775996155046
EC000624,SPT_A,Sports,8,Tuesday,10,27.4,75.6,94.0,45.0,49.4,1,0.5266917019616971
EC000142,SCI_A,Science,10,Wednesday,3,30.1,73.1,94.0,98.4,99.1,2,0.5683114626232355
EC002997,ENG_A,Engineering,21,Tuesday,5,27.4,82.9,58.0,56.4,61.9,1,0.7242155307132035
EC003174,ENG_B,Engineering,0,Wednesday,11,25.4,84.0,10.0,36.4,32.2,2,0.6693552658406454
EC006925,SCI_A,Science,21,Friday,8,,86.8,0.0,66.7,65.3,4,1.639255746521885
EC001071,RES_A,Residential,22,Monday,1,27.8,82.1,220.0,51.1,50.2,0,0.36963943385843556
EC005550,SCI_B,Science,3,Tuesday,1,26.4,80.6,7.0,61.8,61.3,1,2.474351510112108
EC001042,SPT_A,Sports,23,Wednesday,12,25.8,83.5,31.0,35.9,37.2,2,0.5159047343838662
EC006526,BUS_A,Business,16,Wednesday,8,29.0,72.0,86.0,37.4,49.8,2,0.4905360404415148
EC001603,LEC_A,LectureHall,1,Sunday,7,27.0,86.6,0.0,24.3,23.4,6,0.7425868355903422
EC001058,RES_B,Residential,18,Saturday,6,29.4,88.8,170.0,49.8,45.7,5,0.41193968866079717
EC001291,LEC_A,LectureHall,5,Thursday,7,27.8,76.8,24.0,32.1,34.9,3,0.6082258502197633
EC001096,ADM_A,Administration,5,Wednesday,8,24.3,87.4,24.0,,24.1,2,16.17008886386224
EC002368,SCI_A,Science,21,Wednesday,6,29.7,76.3,7.0,64.6,74.7,2,1.0514279746714195
EC007684,ENG_A,Engineering,0,Wednesday,3,26.6,77.7,0.0,43.9,44.3,2,0.48111158119871955
EC002006,SCI_A,Science,19,Saturday,12,30.5,70.5,11.0,73.6,82.8,5,1.180807640936425
EC001988,SPT_A,Sports,11,Monday,2,29.3,69.6,0.0,48.2,47.4,0,0.5377452791726048
EC002616,RES_B,Residential,10,Tuesday,9,28.8,75.9,120.0,36.3,36.8,1,0.504483617218882
EC005917,LIB_A,Library,13,Saturday,4,30.8,76.9,94.0,49.3,52.7,5,0.5079401458524557
EC007757,LIB_A,Library,17,Saturday,11,30.1,68.3,184.0,49.8,52.2,5,0.4788252304737463
EC000149,BUS_B,Business,22,Friday,9,27.0,76.0,0.0,29.1,31.0,4,0.46835131332853314
EC001141,RES_A,Residential,12,Saturday,3,30.4,71.9,138.0,53.4,47.3,5,0.6716661697954904
EC002545,SCI_B,Science,11,Saturday,9,28.1,84.1,30.0,60.8,66.5,5,0.6477425809392054
EC005299,ENG_B,Engineering,21,Monday,4,28.2,75.6,,43.2,42.5,0,1.8951312872725272
EC006298,SPT_A,Sports,3,Monday,11,26.3,88.2,23.0,29.7,37.0,0,0.3525279677601705
EC000602,ENG_B,Engineering,20,Monday,2,27.9,73.4,21.0,45.6,47.8,0,0.7292523576648013
EC005237,SPT_A,Sports,16,Thursday,10,30.3,78.1,38.0,46.0,49.3,3,0.6272062167238229
EC006205,SCI_A,Science,11,Sunday,9,30.5,71.6,21.0,95.1,82.6,6,0.6686604354990268
EC002701,BUS_B,Business,19,Friday,3,28.5,77.9,7.0,44.6,47.5,4,0.5543107218974205
EC004066,ADM_A,Administration,21,Wednesday,8,29.3,,4.0,29.8,29.5,2,2.613710569090866
EC002527,SCI_A,Science,23,Sunday,5,28.0,73.6,0.0,63.2,64.9,6,0.9511722506626165
EC004912,SCI_B,Science,8,Friday,5,27.7,74.2,54.0,68.0,76.1,4,0.6557570504715927
EC005736,ENG_B,Engineering,0,Tuesday,10,25.7,92.7,0.0,34.8,39.5,1,0.7057395402168523
EC005673,ADM_A,Administration,15,Wednesday,2,29.7,77.2,132.0,53.1,55.4,2,0.7759938925187684
EC001548,LEC_A,LectureHall,4,Friday,10,24.7,78.0,0.0,8.1,17.9,4,8.366311459855485
EC000672,RES_A,Residential,11,Monday,9,28.9,76.6,176.0,42.6,50.6,0,0.6307618191594224
EC002355,LIB_A,Library,22,Tuesday,4,27.4,81.1,62.0,43.5,43.7,1,0.6269372094293326
EC001652,BUS_B,Business,13,Friday,2,29.5,79.8,182.0,65.5,71.7,4,0.584210732019234
EC005410,BUS_B,Business,14,Sunday,4,31.3,73.9,65.0,46.8,56.6,6,0.5893130054494758
EC003064,RES_A,Residential,21,Saturday,11,24.4,97.6,291.0,53.9,54.4,5,3.969287792950933
EC003474,ENG_A,Engineering,21,Friday,12,28.2,75.6,42.0,56.3,54.6,4,0.653209306006056
EC001679,ENG_A,Engineering,14,Thursday,12,26.8,70.7,,62.2,70.9,3,1.5792486192424187
EC001522,SCI_A,Science,14,Saturday,3,29.8,73.8,51.0,88.3,82.4,5,0.5137162900661147
EC004821,SCI_B,Science,16,Saturday,6,30.6,80.3,17.0,61.7,76.8,5,0.6289547210297439
EC002460,SCI_A,Science,16,Monday,3,31.9,70.3,101.0,97.0,104.8,0,0.4213485152704272
EC000739,BUS_B,Business,10,Thursday,2,29.1,76.3,106.0,54.8,59.0,3,0.5363510040727737
EC007119,LIB_A,Library,21,Wednesday,10,29.1,75.1,123.0,50.4,52.2,2,0.5572659125697136
EC005547,SCI_A,Science,7,Thursday,9,26.9,76.3,20.0,55.1,62.8,3,0.6606628227902945
EC001676,ENG_A,Engineering,2,Monday,8,25.6,83.1,0.0,34.9,32.9,0,0.33848819871405345
EC001299,LEC_A,LectureHall,12,Wednesday,3,29.1,70.5,211.0,79.3,77.6,2,0.837920965483058
EC002314,BUS_B,Business,5,Monday,7,28.6,80.7,8.0,39.3,39.6,0,0.5249299586263063
EC004004,BUS_A,Business,0,Monday,11,26.5,79.2,0.0,30.1,29.7,0,0.24347464492210177
EC004963,RES_A,Residential,9,Tuesday,3,29.0,75.9,157.0,48.7,47.5,1,0.6179743683611496
EC007646,ENG_A,Engineering,11,Monday,7,30.3,73.1,260.0,87.4,96.3,0,1.9595264446106646
EC004619,ENG_A,Engineering,9,Sunday,12,27.0,76.9,39.0,46.5,44.9,6,0.727357323831139
EC000202,BUS_B,Business,19,Tuesday,11,27.7,87.1,33.0,44.5,48.6,1,0.525971542891085
EC003671,RES_B,Residential,13,Saturday,7,30.1,72.6,132.0,34.4,38.5,5,0.44493514521821276
EC001169,ADM_A,Administration,3,Saturday,5,26.4,80.5,7.0,21.4,23.3,5,0.6411327229173343
EC006666,BUS_A,Business,19,Sunday,5,28.8,79.9,0.0,32.1,35.2,6,0.35595696288260725
EC004281,ENG_A,Engineering,0,Tuesday,1,26.1,83.2,7.0,45.7,44.7,1,0.9046239663458369
EC006466,RES_B,Residential,2,Tuesday,2,26.3,83.2,111.0,43.2,43.1,1,0.5826098645120924
EC001281,RES_B,Residential,18,Friday,4,30.4,75.0,130.0,39.2,43.6,4,0.7139737712540112
EC002103,RES_A,Residential,7,Friday,11,27.8,,177.0,49.5,47.5,4,1.1325931852576678
EC006800,ENG_B,Engineering,14,Thursday,11,28.6,80.2,140.0,61.7,61.8,3,0.8775338838549782
EC003020,BUS_B,Business,9,Sunday,7,28.1,77.6,24.0,40.3,37.3,6,0.5787777074955114
EC003336,SCI_A,Science,3,Tuesday,7,26.7,84.6,0.0,60.6,67.1,1,0.7258608175376693
EC003543,SCI_B,Science,23,Monday,11,27.8,82.2,12.0,70.0,69.0,0,1.2378330565649722
EC003426,BUS_B,Business,21,Wednesday,8,28.4,72.3,28.0,35.2,39.3,2,0.5204246555483693
EC007715,ADM_A,Administration,7,Monday,8,26.5,83.8,13.0,25.7,23.3,0,0.45429695937714787
EC002199,ENG_A,Engineering,3,Saturday,8,25.7,79.4,3.0,77.9,52.4,5,6.902066429702036
EC005470,ENG_A,Engineering,14,Tuesday,6,32.3,73.3,179.0,81.3,82.6,1,0.5101528266542986
EC003083,SCI_B,Science,5,Sunday,7,26.2,82.0,5.0,63.9,64.3,6,1.0150141207943102
EC001102,LEC_A,LectureHall,19,Tuesday,4,29.3,78.3,25.0,33.1,36.7,1,0.552339897688264
EC002657,RES_A,Residential,2,Wednesday,7,26.3,82.7,131.0,46.5,47.6,2,0.4246041370753195
EC002765,SCI_A,Science,17,Sunday,8,31.7,78.1,40.0,86.6,93.3,6,0.803840035295955
EC002546,LEC_A,LectureHall,1,Friday,10,25.7,81.7,,22.5,21.2,4,3.3565907968322577
EC007232,ENG_A,Engineering,17,Tuesday,7,30.7,68.1,104.0,59.1,74.8,1,0.6650079303808323
EC007080,SCI_B,Science,20,Friday,10,26.9,79.6,14.0,51.8,60.4,4,0.6511268385117005
EC001790,BUS_B,Business,18,Friday,2,30.4,71.2,81.0,53.7,60.9,4,0.6273932599316931
EC003589,SPT_A,Sports,0,Thursday,2,26.0,81.6,7.0,35.6,36.6,3,0.6625017219656111
EC001364,SPT_A,Sports,1,Sunday,10,27.2,74.3,1.0,34.2,32.3,6,0.8369887164241443
EC005907,SPT_A,Sports,18,Friday,4,30.8,72.7,151.0,65.0,66.8,4,1.1860457449908242
EC004087,ENG_B,Engineering,12,Wednesday,2,35.6,84.7,174.0,99.9,101.5,2,4.837449896482183
EC002418,SCI_A,Science,3,Thursday,3,25.9,89.2,11.0,63.5,69.6,3,1.1234007389113598
EC000440,BUS_A,Business,22,Sunday,6,28.8,74.2,28.0,30.8,33.4,6,0.47799332206876355
EC003190,ENG_A,Engineering,5,Thursday,4,26.8,75.3,10.0,42.1,44.5,3,0.7477737688234878
EC007750,SCI_A,Science,7,Sunday,7,27.0,71.5,20.0,67.4,66.9,6,0.6918562860260804
EC004620,SCI_B,Science,2,Sunday,8,26.3,81.1,1.0,53.5,50.0,6,0.5310430149382742
EC002675,LEC_A,LectureHall,23,Saturday,11,26.6,82.7,13.0,19.3,21.1,5,0.717759665457245
EC000273,LEC_A,LectureHall,19,Monday,5,29.0,80.7,26.0,35.9,39.6,0,0.44631107986468804
EC006859,SCI_B,Science,19,Sunday,10,27.9,72.2,0.0,64.8,56.2,6,0.6616176620709138
EC007102,ENG_A,Engineering,9,Tuesday,5,30.4,76.1,100.0,67.7,72.8,1,0.618768796685093
EC004982,LEC_A,LectureHall,21,Saturday,12,27.6,83.1,0.0,27.4,20.5,5,0.533127079609566
EC000578,SCI_A,Science,16,Thursday,5,30.9,72.7,90.0,107.1,111.0,3,0.5918133022693811
EC002700,RES_B,Residential,22,Friday,11,27.3,76.4,263.0,46.7,47.5,4,0.4943709463273536
EC007542,LIB_A,Library,12,Monday,10,28.4,81.9,151.0,54.5,56.9,0,0.4560566883327595
EC004890,BUS_A,Business,23,Wednesday,12,27.1,88.1,14.0,37.0,36.3,2,0.44192910774962546
EC000227,LEC_A,LectureHall,19,Wednesday,7,30.4,65.2,20.0,38.7,39.7,2,0.3248506575699024
EC001722,ENG_B,Engineering,9,Sunday,3,30.0,78.6,42.0,59.5,54.9,6,1.128990498291882
EC001881,BUS_A,Business,18,Friday,8,30.3,76.4,38.0,40.4,43.4,4,0.6622026618013799
EC006446,RES_B,Residential,6,Wednesday,12,26.5,83.1,172.0,38.5,44.3,2,0.6315229099898991
EC007819,ENG_B,Engineering,14,Monday,3,31.0,76.4,140.0,,72.4,0,2.4060656314654274
EC007806,BUS_B,Business,0,Sunday,2,28.2,73.3,0.0,33.5,34.4,6,1.2058815889934644
EC006861,SCI_B,Science,12,Friday,4,34.7,84.9,141.0,122.0,121.4,4,8.282143283081206
EC002056,ENG_A,Engineering,21,Friday,4,30.5,77.6,43.0,54.4,64.4,4,0.6513826869172155
EC001854,ENG_B,Engineering,16,Thursday,9,29.8,78.4,113.0,73.7,60.9,3,0.758269063938595
EC006200,RES_B,Residential,0,Monday,10,27.2,84.4,112.0,41.3,42.2,0,0.39739538739480995
EC000984,ENG_B,Engineering,0,Sunday,4,27.9,74.9,28.0,45.1,48.1,6,0.5624100175146264
EC000563,SCI_A,Science,13,Friday,4,31.4,76.4,176.0,101.4,121.9,4,0.9465409846862884
EC002189,ENG_B,Engineering,12,Saturday,1,28.6,82.2,57.0,47.9,54.3,5,0.507194937937472
EC006003,LEC_A,LectureHall,8,Friday,4,28.5,68.3,96.0,50.9,55.0,4,0.6423792018156832
EC000381,ADM_A,Administration,19,Tuesday,5,28.8,68.8,9.0,31.8,32.2,1,0.6813263985277751
EC004966,BUS_A,Business,19,Sunday,3,28.5,86.8,13.0,36.7,32.8,6,0.3908951326998982
EC003181,BUS_A,Business,7,Friday,2,28.7,75.0,0.0,39.6,40.2,4,0.6379228532826429
EC005863,LIB_A,Library,19,Thursday,2,28.5,68.5,158.0,60.2,57.9,3,0.8764578425099496
EC000608,SCI_B,Science,9,Sunday,8,28.8,72.9,23.0,69.3,75.4,6,0.7229719978133573
EC002098,ENG_A,Engineering,23,Wednesday,12,27.3,84.0,0.0,44.3,45.9,2,0.6035301819599388
EC000285,BUS_A,Business,7,Monday,3,29.1,75.6,104.0,24.0,47.8,0,0.7320803685467756
EC002462,ADM_A,Administration,15,Wednesday,12,28.5,75.0,95.0,36.6,35.9,2,0.534007244727814
EC004336,ENG_A,Engineering,21,Saturday,5,29.3,71.9,41.0,48.5,50.9,5,0.5169094368508818
EC004983,RES_B,Residential,8,Sunday,7,28.5,75.0,215.0,45.3,44.9,6,0.6462108367087367
EC003981,BUS_A,Business,4,Saturday,10,26.8,80.8,0.0,21.7,26.5,5,0.39430389413838046
EC007916,BUS_B,Business,8,Thursday,4,28.4,77.3,69.0,51.0,55.6,3,0.5142609483648957
EC006593,RES_B,Residential,16,Monday,9,29.6,72.5,106.0,41.5,40.6,0,0.36716844756144357
EC006652,SCI_B,Science,11,Saturday,8,28.7,72.8,9.0,68.9,63.6,5,0.9308274257159264
EC002255,SCI_A,Science,11,Thursday,4,29.2,74.6,109.0,80.4,92.7,3,0.6225346645361538
EC001731,ENG_A,Engineering,17,Thursday,12,29.7,84.6,82.0,74.7,71.7,3,0.7419607680381946
EC005437,LEC_A,LectureHall,22,Saturday,6,29.1,74.7,16.0,32.9,33.9,5,0.47408690860666436
EC001059,SCI_A,Science,17,Friday,6,31.2,73.6,67.0,101.4,104.2,4,0.49390317456737964
EC007627,RES_B,Residential,10,Wednesday,7,29.2,80.3,138.0,42.0,40.6,2,0.6056858971311209
EC005127,SCI_B,Science,17,Thursday,6,29.7,71.7,151.0,95.5,97.0,3,0.970983448779851
EC006370,RES_B,Residential,13,Friday,2,30.1,68.9,75.0,40.0,42.7,4,0.47611149579072853
EC000715,SPT_A,Sports,22,Thursday,12,27.5,79.2,89.0,52.2,50.1,3,0.5330340610216652
EC001398,ENG_A,Engineering,1,Wednesday,1,27.5,82.0,25.0,49.3,49.8,2,1.033624598802863
EC001233,ENG_B,Engineering,2,Saturday,7,26.5,81.0,0.0,37.2,35.4,5,0.5326861308311575
EC002912,LEC_A,LectureHall,20,Friday,3,30.0,74.8,15.0,38.3,42.6,4,0.5891098929216144
EC002292,ENG_A,Engineering,17,Tuesday,8,29.6,76.5,122.0,67.4,72.1,1,0.5285035167490157
EC004055,ENG_B,Engineering,3,Wednesday,3,25.0,77.1,23.0,40.7,42.9,2,0.6278003476440489
EC006130,BUS_A,Business,17,Monday,7,30.8,75.2,92.0,60.5,60.6,0,0.6093612055785219
EC000018,BUS_A,Business,19,Monday,3,30.1,77.3,0.0,36.6,43.8,0,0.8452617573944158
EC001761,SCI_A,Science,19,Thursday,10,23.9,95.9,30.0,59.6,67.2,3,2.9080732241445326
EC004114,BUS_B,Business,18,Monday,4,30.2,73.8,81.0,42.2,52.3,0,0.831417736918641
EC007755,SCI_B,Science,8,Sunday,6,,79.8,10.0,57.3,64.3,6,1.4473900394486934
EC000392,LIB_A,Library,4,Wednesday,11,25.7,82.2,4.0,22.3,24.7,2,0.6547677727918519
EC002068,RES_B,Residential,10,Sunday,4,28.3,74.2,150.0,39.4,38.7,6,0.7832518719512942
EC007287,ENG_B,Engineering,16,Friday,9,29.1,75.6,131.0,65.8,67.3,4,0.7323820730564661
EC002550,SCI_A,Science,8,Wednesday,12,26.8,77.6,59.0,61.4,75.0,2,0.607383109780037
EC005860,LIB_A,Library,15,Sunday,11,31.0,70.9,192.0,66.4,64.3,6,1.3892261413165286
EC000080,LEC_A,LectureHall,22,Tuesday,12,28.6,85.6,17.0,35.7,37.6,1,0.5960787847164174
EC004507,ENG_B,Engineering,11,Friday,5,30.3,77.9,134.0,66.9,77.0,4,0.8172571926601172
EC003291,ENG_B,Engineering,16,Tuesday,12,31.3,70.8,109.0,67.4,58.1,1,0.7829182113669069
EC006211,LEC_A,LectureHall,0,Sunday,8,27.3,77.4,0.0,20.5,21.9,6,0.8172168586712198
EC005466,LEC_A,LectureHall,23,Friday,9,27.9,75.7,8.0,30.7,33.3,4,0.5574278362694478
EC007183,BUS_A,Business,6,Tuesday,1,27.3,75.1,0.0,,33.4,1,3.112882774304136
EC003501,BUS_B,Business,5,Thursday,7,25.4,87.0,20.0,36.5,33.1,3,0.5249157561081057
EC001849,SCI_A,Science,7,Monday,3,26.5,74.6,11.0,68.4,62.1,0,1.3668811501894282
EC005344,RES_A,Residential,6,Wednesday,9,26.5,85.9,206.0,47.1,53.0,2,0.513203888860243
EC007101,ENG_A,Engineering,23,Tuesday,9,27.6,76.4,16.0,47.1,48.2,1,0.48911912239260424
EC004482,RES_A,Residential,18,Thursday,3,29.8,69.2,190.0,40.1,49.2,3,0.5084379030251212
EC006407,ADM_A,Administration,16,Thursday,9,29.0,76.6,65.0,35.9,35.3,3,0.4828121930723862
EC000495,LEC_A,LectureHall,2,Sunday,10,25.8,81.2,0.0,19.8,17.3,6,0.814978006475579
EC001161,RES_B,Residential,20,Friday,7,29.2,73.2,237.0,43.2,49.4,4,0.5425379247974232
EC007039,SPT_A,Sports,18,Sunday,10,29.3,74.5,186.0,63.8,56.5,6,1.607088446697506
EC004529,RES_A,Residential,9,Friday,8,29.1,78.5,179.0,44.8,51.6,4,0.5240989657688865
EC005955,RES_A,Residential,18,Friday,1,30.2,76.6,,43.4,45.4,4,0.9732195991930023
EC007838,SPT_A,Sports,0,Thursday,1,25.4,85.1,25.0,28.5,32.2,3,0.6145908938776652
EC005245,ADM_A,Administration,4,Friday,4,27.8,83.3,2.0,26.5,26.1,4,0.546632960203318
EC003186,RES_A,Residential,16,Sunday,5,31.7,72.3,157.0,51.4,56.2,6,0.6319447298474051
EC004331,SCI_A,Science,2,Monday,12,24.0,85.5,0.0,72.7,68.5,0,4.365358743771227
EC007299,ENG_B,Engineering,12,Monday,9,30.7,78.2,154.0,68.4,74.3,0,0.588776096373551
EC005968,SCI_B,Science,6,Saturday,8,27.9,76.2,0.0,63.0,62.7,5,0.5700710766328196
EC002081,SCI_B,Science,6,Saturday,3,27.1,85.5,9.0,67.9,68.6,5,1.090813050959627
EC005523,ENG_A,Engineering,3,Monday,12,27.4,83.9,24.0,49.3,49.3,0,0.4086914476322478
EC003387,RES_A,Residential,16,Saturday,9,28.6,79.9,168.0,46.7,45.2,5,0.4464542736003035
EC002235,BUS_B,Business,9,Monday,7,28.6,80.4,72.0,42.7,46.9,0,0.3898336077912193
EC004159,ADM_A,Administration,0,Saturday,3,27.0,78.1,4.0,24.0,25.0,5,0.744326933510704
EC003509,ENG_A,Engineering,20,Monday,5,30.1,74.2,0.0,54.0,56.0,0,1.0836395234343872
EC006058,BUS_A,Business,12,Sunday,5,30.8,66.4,37.0,47.6,42.5,6,0.4579481898481173
EC003844,ENG_B,Engineering,5,Saturday,8,25.5,82.4,34.0,38.3,42.7,5,0.5228825941814531
EC000750,SPT_A,Sports,5,Thursday,1,25.7,72.9,61.0,40.2,42.9,3,0.6134191211583998
EC005174,RES_A,Residential,13,Saturday,10,30.0,72.1,167.0,45.8,41.9,5,0.5546034481948285
EC006821,LIB_A,Library,19,Monday,3,32.3,74.8,184.0,,73.7,0,10.01424571259795
EC001765,LEC_A,LectureHall,12,Wednesday,7,29.4,83.7,199.0,67.4,72.0,2,1.0566412771897824
EC007456,RES_A,Residential,18,Friday,12,29.4,76.4,153.0,47.6,46.3,4,0.5820946846398359
EC001032,ADM_A,Administration,16,Friday,2,30.5,67.2,59.0,43.5,40.7,4,0.5286967251086281
EC007701,SCI_A,Science,7,Thursday,7,29.4,68.5,7.0,72.2,67.4,3,1.7744364982095313
EC002608,ENG_B,Engineering,6,Thursday,1,25.8,81.4,19.0,37.9,41.4,3,0.8256703947246142
EC007292,RES_B,Residential,22,Saturday,12,26.6,77.7,247.0,51.7,53.6,5,0.4654359738026217
EC003461,ENG_A,Engineering,14,Sunday,12,29.6,69.9,66.0,61.1,63.6,6,0.6126743959025529
EC000525,RES_B,Residential,1,Wednesday,4,27.2,75.7,109.0,43.2,48.2,2,0.5359580243917672
EC006175,RES_B,Residential,7,Thursday,3,27.0,84.5,210.0,50.7,45.9,3,0.5524639797491635
EC004106,ENG_B,Engineering,10,Thursday,11,28.4,75.5,89.0,49.6,55.6,3,0.5697943009636263
EC006369,RES_A,Residential,1,Saturday,3,27.1,78.8,138.0,44.9,46.2,5,0.40490233383388674
EC006600,ADM_A,Administration,3,Saturday,1,26.0,84.4,4.0,15.9,21.3,5,3.862215833806049
EC007682,BUS_A,Business,16,Wednesday,9,31.4,77.5,110.0,46.3,51.1,2,0.7415003211076702
EC005830,RES_A,Residential,23,Saturday,2,27.3,80.4,308.0,62.3,60.9,5,0.49748806087086406
EC005535,ADM_A,Administration,7,Tuesday,3,27.8,80.8,9.0,25.3,27.1,1,0.6153751761560159
EC001742,ENG_A,Engineering,22,Thursday,2,28.1,75.0,0.0,45.8,46.5,3,0.7113298657955412
EC001992,SCI_B,Science,14,Friday,8,30.1,72.9,116.0,94.1,93.4,4,1.30526665393436
EC004642,SPT_A,Sports,14,Saturday,2,29.8,78.7,33.0,46.6,49.0,5,0.4965191458251216
EC006922,SPT_A,Sports,6,Thursday,10,26.6,81.5,128.0,52.1,51.0,3,0.5405823620617259
EC004177,BUS_B,Business,3,Thursday,8,25.9,82.9,0.0,25.5,31.1,3,0.47800622037076873
EC002066,RES_A,Residential,14,Tuesday,7,29.7,78.2,109.0,42.9,45.7,1,0.46451035351788245
EC005573,RES_A,Residential,9,Tuesday,6,26.7,86.4,181.0,43.4,49.4,1,0.591811620966702
EC000583,BUS_B,Business,18,Tuesday,12,29.9,76.3,220.0,73.7,80.2,1,1.7499120047787768
EC003345,BUS_A,Business,11,Saturday,10,28.1,82.6,41.0,36.3,34.8,5,0.4265719524632148
EC004879,SCI_A,Science,14,Friday,12,29.6,76.2,134.0,104.3,100.5,4,0.652988505923539
EC007427,BUS_B,Business,2,Thursday,12,25.1,80.4,0.0,,24.8,3,2.3579634520125525
EC001784,ADM_A,Administration,23,Monday,7,27.4,74.4,0.0,24.6,24.9,0,0.5022435908794871
EC007580,SCI_A,Science,9,Thursday,11,26.9,73.8,152.0,44.7,71.7,3,2.620178504298111
EC005488,SCI_B,Science,23,Tuesday,9,27.4,81.4,1.0,61.4,59.6,1,1.2541627652444949
EC007048,BUS_A,Business,10,Thursday,9,27.6,78.3,73.0,39.5,41.1,3,0.46987069428787437
EC006946,RES_B,Residential,19,Monday,5,29.8,71.8,194.0,47.3,49.5,0,0.6704400812501944
EC001982,BUS_A,Business,23,Thursday,11,28.5,78.1,0.0,35.9,32.8,3,0.40046097344453707
EC002497,SCI_A,Science,0,Thursday,5,27.5,77.2,16.0,55.7,66.5,3,0.5937901429119631
EC006759,LIB_A,Library,19,Tuesday,1,28.1,80.7,177.0,57.7,55.0,1,0.5434209326148068
EC007743,LEC_A,LectureHall,14,Thursday,8,30.1,73.9,209.0,72.5,71.5,3,0.877165973393639
EC003170,LIB_A,Library,18,Thursday,5,30.7,74.4,179.0,64.0,63.3,3,0.7286508529016057
EC000086,SCI_A,Science,5,Thursday,2,26.3,80.6,0.0,68.3,62.6,3,0.7242626942541048
EC005373,ENG_B,Engineering,9,Saturday,9,28.2,74.2,44.0,45.8,40.6,5,0.5523205515535133
EC006342,ENG_B,Engineering,7,Wednesday,10,26.2,82.4,0.0,33.3,32.1,2,0.4194900209015807
EC007780,BUS_B,Business,16,Saturday,3,29.6,72.4,18.0,35.7,33.6,5,0.4236941218977787
EC006261,RES_B,Residential,21,Friday,1,27.0,86.5,169.0,49.9,47.9,4,0.3826693527618896
EC005578,BUS_A,Business,9,Saturday,10,26.9,84.6,26.0,26.9,28.8,5,0.43852441064661823
EC003351,ENG_A,Engineering,9,Tuesday,5,28.0,79.5,,60.9,61.0,1,1.3217513258559759
EC002985,BUS_B,Business,9,Thursday,10,28.3,81.2,79.0,50.7,53.2,3,0.4966568117871596
EC007265,ENG_B,Engineering,11,Tuesday,11,27.2,79.5,139.0,62.3,63.8,1,0.9669447669645984
EC005055,BUS_B,Business,7,Monday,11,26.3,85.0,13.0,35.2,36.7,0,0.4519648461948984
EC007224,SCI_B,Science,5,Tuesday,2,25.8,82.9,0.0,53.5,52.0,1,0.5234355525969249
EC007845,SPT_A,Sports,23,Friday,9,27.8,83.2,53.0,37.0,39.2,4,0.4539412056091819
EC006128,ENG_A,Engineering,0,Tuesday,4,28.4,78.2,11.0,71.8,55.4,1,2.832333234514648
EC007493,SPT_A,Sports,1,Tuesday,11,24.9,87.9,0.0,,27.4,1,7.677002359605468
EC002715,SCI_B,Science,12,Tuesday,9,28.4,79.0,108.0,,84.6,1,1.6799348509803635
EC003620,SPT_A,Sports,22,Saturday,7,27.2,77.3,62.0,46.2,52.1,5,0.5099034977932086
EC006815,LEC_A,LectureHall,2,Monday,4,26.8,84.3,0.0,23.7,30.0,0,0.47468915491586733
EC003392,LEC_A,LectureHall,20,Monday,1,29.2,74.5,11.0,34.4,36.8,0,0.6157468714569979
EC003780,SCI_A,Science,16,Thursday,5,33.0,68.5,172.0,101.4,117.4,3,4.630269107898506
EC006218,SCI_A,Science,15,Saturday,9,31.8,66.7,51.0,86.6,85.5,5,0.7015583915802306
EC001963,ENG_A,Engineering,12,Sunday,3,30.1,71.6,64.0,63.2,63.2,6,0.557529037721634
EC003760,RES_B,Residential,22,Thursday,8,28.1,68.2,244.0,56.4,54.2,3,0.49440696436974396
EC002348,SCI_A,Science,4,Monday,2,24.7,84.9,4.0,60.6,61.1,0,3.646815190216428
EC007407,ADM_A,Administration,18,Tuesday,7,29.7,75.1,32.0,28.1,27.1,1,0.5764311641672459
EC006125,LIB_A,Library,22,Saturday,9,28.0,83.0,36.0,86.3,56.7,5,3.7002229685122003
EC006154,SCI_B,Science,18,Thursday,10,30.2,71.0,54.0,82.4,71.4,3,0.6569321447391323
EC005975,BUS_B,Business,18,Sunday,11,27.4,80.5,0.0,26.6,33.8,6,0.5001540562807409
EC006798,SCI_A,Science,2,Monday,11,25.9,76.7,6.0,52.7,61.9,0,0.608620571789347
EC002821,LIB_A,Library,3,Tuesday,10,26.7,78.9,11.0,28.7,33.2,1,0.5247148638235221
EC004675,SCI_B,Science,22,Saturday,11,27.1,80.8,0.0,54.0,57.1,5,0.4794377456127686
EC005567,ENG_B,Engineering,14,Sunday,12,29.7,76.5,66.0,58.1,57.2,6,0.6137154620332218
EC000502,SCI_A,Science,21,Monday,7,30.0,76.0,19.0,80.5,85.0,0,0.5467482873691776
EC001627,ADM_A,Administration,19,Thursday,10,28.6,80.0,0.0,22.2,25.6,3,0.6025981857979582
EC007774,LIB_A,Library,7,Saturday,5,27.3,71.6,0.0,29.2,29.5,5,0.6661296965641778
EC004175,SCI_B,Science,10,Thursday,1,27.5,83.3,72.0,75.6,79.9,3,0.6868326597023557
EC003667,SCI_B,Science,8,Monday,7,28.2,75.6,44.0,73.0,75.9,0,0.8078867460668028
EC000343,RES_A,Residential,1,Wednesday,12,26.9,85.7,169.0,45.2,49.2,2,0.470789314511249
EC006389,LIB_A,Library,9,Sunday,4,29.0,70.8,70.0,41.0,37.8,6,0.46341704394279754
EC001075,SPT_A,Sports,5,Tuesday,11,25.8,83.7,49.0,43.2,41.9,1,0.5357387681563214
EC000445,LIB_A,Library,16,Sunday,11,31.1,67.2,246.0,63.5,70.8,6,3.841342556428048
EC007085,ENG_B,Engineering,3,Wednesday,7,25.5,,0.0,32.0,33.6,2,2.518133944406306
EC001221,SCI_A,Science,18,Thursday,3,30.6,,42.0,85.0,87.9,3,1.4513166329678937
EC001618,BUS_A,Business,23,Friday,1,28.1,86.0,6.0,31.9,38.2,4,0.37930185483232093
EC002095,ENG_B,Engineering,2,Tuesday,7,25.2,89.0,1.0,59.5,40.0,1,3.3539961090518666
EC005100,ADM_A,Administration,19,Wednesday,4,29.6,71.4,13.0,38.1,38.2,2,0.6233207795405337
EC001061,RES_B,Residential,20,Saturday,7,27.9,83.0,187.0,44.5,42.9,5,0.4597744338467963
EC005641,SCI_B,Science,6,Thursday,10,25.9,78.0,0.0,48.6,55.7,3,0.4206790296528408
EC002352,SCI_B,Science,10,Saturday,4,28.8,80.6,39.0,59.2,75.6,5,0.6571194922780127
EC007690,BUS_A,Business,0,Friday,5,26.3,76.0,0.0,24.7,29.6,4,0.573579456189423
EC006258,LIB_A,Library,10,Thursday,6,29.8,70.5,85.0,35.6,41.4,3,0.5214516639654867
EC003898,ENG_A,Engineering,5,Monday,6,27.3,72.1,0.0,39.8,45.2,0,0.8513335499317907
EC007756,LIB_A,Library,22,Friday,12,27.1,82.3,13.0,72.8,48.8,4,3.555901152920291
EC003435,RES_A,Residential,21,Thursday,4,28.9,74.9,241.0,62.6,60.1,3,0.5472945651140757
EC003359,SCI_A,Science,21,Wednesday,9,26.7,84.3,52.0,74.2,74.6,2,0.817205901779293
EC001835,RES_B,Residential,0,Tuesday,9,27.0,82.5,132.0,39.7,45.6,1,0.5994107462260042
EC001793,SCI_A,Science,0,Thursday,12,25.6,80.7,0.0,58.0,58.9,3,0.3946179594111916
EC002143,ENG_A,Engineering,10,Tuesday,7,30.4,71.5,100.0,58.2,62.7,1,0.580492150477544
EC006701,SCI_A,Science,9,Saturday,11,26.5,83.0,12.0,66.7,72.4,5,0.9725794629778168
EC002909,LEC_A,LectureHall,21,Thursday,4,28.6,83.4,22.0,33.2,37.1,3,0.6115331395529945
EC003372,RES_A,Residential,23,Friday,1,25.5,83.9,232.0,56.0,56.0,4,0.5510933272814542
EC002388,SCI_B,Science,8,Tuesday,5,27.7,75.3,50.0,74.2,70.4,1,0.8302846839900324
EC002104,LEC_A,LectureHall,9,Wednesday,9,26.9,77.1,131.0,49.4,48.5,2,0.8645527458783976
EC000457,RES_A,Residential,4,Thursday,10,25.6,83.4,207.0,52.0,50.1,3,0.5040527645114786
EC004731,SCI_B,Science,15,Tuesday,8,30.5,76.6,107.0,72.2,86.1,1,0.5640808107413802
EC004468,SCI_B,Science,8,Sunday,6,28.3,79.0,0.0,67.1,69.3,6,0.6407555368506452
EC003559,SCI_B,Science,7,Friday,11,27.6,76.7,0.0,55.4,61.5,4,0.556324394969325
EC006755,LIB_A,Library,23,Sunday,4,26.8,79.0,40.0,34.8,36.4,6,0.4592276721144886
EC002244,LEC_A,LectureHall,1,Friday,8,26.2,83.1,17.0,29.2,32.0,4,0.5823772696211609
EC003036,ADM_A,Administration,23,Friday,3,26.8,,0.0,24.0,30.2,4,3.695521269850647
EC004880,SCI_A,Science,11,Sunday,12,28.4,77.4,28.0,88.8,85.1,6,1.0535347956416816
EC001246,BUS_A,Business,15,Sunday,3,29.6,75.1,44.0,45.6,45.8,6,0.7581407721742625
EC002115,ENG_B,Engineering,0,Sunday,6,28.2,77.7,18.0,46.5,46.4,6,0.5858577082228356
EC003867,ADM_A,Administration,0,Friday,6,27.3,79.1,14.0,30.2,27.5,4,0.5165282490226345
EC004809,SCI_A,Science,0,Wednesday,2,27.5,83.8,12.0,70.0,75.2,2,1.4660769050662659
EC005623,SCI_B,Science,18,Wednesday,1,30.4,73.0,50.0,92.7,86.0,2,0.5987141484205629
EC000270,SPT_A,Sports,0,Sunday,12,25.1,88.2,26.0,34.0,37.3,6,0.45190928489367543
EC006439,RES_B,Residential,22,Sunday,7,26.3,70.4,254.0,47.0,48.5,6,0.8412372954996914
EC000671,SCI_A,Science,4,Friday,4,26.0,93.7,18.0,77.5,72.7,4,2.2766621742842537
EC003931,ADM_A,Administration,8,Thursday,5,29.9,65.1,39.0,38.4,38.9,3,0.26157031603130226
EC007190,BUS_A,Business,21,Tuesday,4,28.8,84.6,9.0,45.1,40.3,1,0.552248352882955
EC004058,BUS_B,Business,19,Wednesday,7,28.2,70.9,0.0,32.2,38.3,2,0.4421095294129113
EC004909,RES_A,Residential,16,Wednesday,3,29.5,67.5,109.0,36.5,43.8,2,0.571029469621294
EC006945,BUS_B,Business,19,Friday,8,30.2,69.7,0.0,38.0,44.0,4,0.40545521409589635
EC002845,BUS_B,Business,7,Tuesday,7,27.1,80.9,11.0,32.7,41.0,1,0.6473082752771491
EC002327,SCI_A,Science,22,Thursday,1,26.0,82.5,21.0,66.5,65.9,3,0.8137025021506047
EC006520,ENG_A,Engineering,9,Sunday,6,28.3,78.7,19.0,52.5,50.5,6,0.5185683711227542
EC003346,ENG_A,Engineering,11,Saturday,9,27.8,79.1,52.0,51.0,55.0,5,0.5487306066224769
EC001647,ENG_A,Engineering,11,Friday,8,28.1,80.8,166.0,71.4,73.1,4,0.6746525098250664
EC003268,ENG_B,Engineering,23,Tuesday,9,27.1,78.1,4.0,36.9,37.1,1,0.7368358062728758
EC000957,LIB_A,Library,11,Saturday,4,29.8,71.9,96.0,38.1,47.7,5,0.5005276996758113
EC007544,ENG_A,Engineering,15,Sunday,2,29.3,84.1,39.0,57.1,61.3,6,0.5157419353751058
EC004026,BUS_B,Business,4,Thursday,1,27.4,75.9,0.0,9.8,24.1,3,2.9215550825046477
EC003891,ENG_B,Engineering,21,Thursday,11,27.1,74.1,47.0,41.1,46.6,3,0.6265663255392455
EC002905,LIB_A,Library,2,Saturday,1,24.9,86.4,29.0,26.2,28.0,5,0.6277353314812184
EC002544,RES_A,Residential,4,Monday,11,26.7,82.7,213.0,58.1,52.8,0,0.4359751603646029
EC004147,ENG_A,Engineering,2,Wednesday,8,27.8,74.3,0.0,40.4,42.9,2,0.5619468228507074
EC000616,LIB_A,Library,15,Friday,11,28.8,80.3,195.0,49.0,56.4,4,0.5994919216475483
EC007941,SPT_A,Sports,20,Monday,6,30.2,75.1,186.0,64.1,66.4,0,1.0520008846600426
EC003982,BUS_A,Business,2,Saturday,1,25.8,82.6,0.0,22.5,22.6,5,0.5445891215884879
EC007589,BUS_A,Business,3,Friday,11,26.1,78.6,1.0,26.3,30.9,4,0.3835869050128114
EC001256,SCI_B,Science,14,Wednesday,7,30.0,76.4,117.0,93.1,89.8,2,1.1021361600143542
EC007147,BUS_B,Business,15,Wednesday,7,31.2,66.8,,73.3,69.0,2,4.023211254813809
EC004267,BUS_B,Business,12,Wednesday,7,29.4,74.1,165.0,70.4,63.4,2,0.5896917000525427
EC000518,ENG_B,Engineering,10,Tuesday,9,28.6,85.0,104.0,44.5,54.3,1,0.5216826821850326
EC000162,SCI_B,Science,22,Sunday,10,26.9,74.9,0.0,62.9,59.9,6,0.6372425808304287
EC005107,RES_B,Residential,17,Thursday,8,29.2,76.8,123.0,43.4,37.4,3,0.519707988360252
EC003234,ADM_A,Administration,1,Wednesday,10,25.5,86.4,11.0,17.2,23.0,2,2.7427118198508533
EC002874,BUS_A,Business,0,Thursday,12,25.5,82.7,13.0,23.1,25.6,3,0.46293862529442686
EC007004,ENG_A,Engineering,20,Tuesday,6,29.6,73.7,12.0,59.0,59.5,1,1.140627510693585
EC003768,BUS_A,Business,19,Tuesday,12,29.2,78.2,16.0,30.4,35.3,1,0.48075268149710354
EC001667,BUS_A,Business,13,Friday,11,29.0,84.7,133.0,60.3,63.0,4,1.1170959224080852
EC003046,BUS_A,Business,3,Tuesday,5,25.9,81.2,33.0,25.1,30.3,1,0.5327263282040968
EC007420,SCI_B,Science,10,Saturday,10,27.4,80.1,30.0,64.5,67.5,5,0.6694112088095331
EC006302,BUS_B,Business,0,Tuesday,6,27.2,79.7,0.0,41.9,38.7,1,0.42305671825077434
EC001227,BUS_B,Business,9,Saturday,9,27.4,75.1,59.0,36.6,40.8,5,0.49056739243258
EC003006,RES_B,Residential,14,Saturday,10,30.2,69.6,119.0,38.6,43.9,5,0.41599161317196254
EC001708,BUS_B,Business,8,Friday,5,27.7,81.1,182.0,35.4,55.2,4,1.181393344583915
EC003313,LIB_A,Library,19,Saturday,5,28.7,76.1,235.0,64.1,65.3,5,2.1172947410110075
EC003378,SCI_B,Science,23,Sunday,10,26.6,86.5,11.0,56.3,57.3,6,0.7240189895958082
EC005005,RES_A,Residential,2,Friday,1,25.8,85.5,150.0,45.5,47.7,4,0.4531113690591128
EC004151,BUS_A,Business,20,Sunday,7,29.9,69.9,0.0,31.8,29.3,6,0.2798632124727076
EC000943,SCI_B,Science,12,Monday,9,28.5,79.4,110.0,62.0,71.9,0,0.5586170098048824
EC000253,RES_A,Residential,6,Saturday,10,26.9,86.2,227.0,52.2,58.2,5,0.5302794425624168
EC006876,ENG_B,Engineering,1,Saturday,1,25.3,83.2,15.0,41.4,36.5,5,0.6599773670949982
EC007760,BUS_A,Business,6,Thursday,5,26.5,79.8,0.0,27.3,27.0,3,0.30343153679851387
EC003709,SCI_B,Science,0,Sunday,8,26.9,79.2,2.0,51.8,62.1,6,0.495399008499096
EC004283,LEC_A,LectureHall,13,Friday,8,31.2,71.8,213.0,71.0,82.3,4,0.8854891483203706
EC007893,BUS_B,Business,20,Monday,7,28.5,79.3,0.0,42.8,38.8,0,0.4955291948757223
EC006639,ADM_A,Administration,12,Thursday,6,31.2,73.9,101.0,52.1,53.8,3,0.5895641418828065
EC000070,SPT_A,Sports,9,Monday,7,28.7,68.8,63.0,51.3,44.4,0,0.41593401391356843
EC006979,SCI_A,Science,20,Tuesday,4,29.6,70.7,28.0,87.5,89.9,1,0.6553532629042412
EC003942,SCI_A,Science,23,Sunday,3,26.0,86.5,0.0,68.1,59.1,6,0.6255303403622458
EC004576,ADM_A,Administration,12,Wednesday,4,31.0,84.5,94.0,47.7,48.9,2,0.6794051667400247
EC001516,BUS_B,Business,3,Friday,3,24.9,77.5,0.0,32.4,32.6,4,0.47727448580086196
EC003158,LIB_A,Library,17,Wednesday,9,29.2,83.7,218.0,63.9,59.2,2,1.0783713905909733
EC002038,ENG_B,Engineering,6,Wednesday,9,28.0,84.2,15.0,43.2,45.2,2,0.5483356892107075
EC004773,ENG_A,Engineering,8,Saturday,2,28.4,81.2,24.0,48.1,51.0,5,0.5028032379491907
EC000458,BUS_B,Business,1,Friday,7,27.4,76.8,24.0,38.9,38.2,4,0.5553612271012852
EC005700,RES_A,Residential,17,Friday,2,30.3,76.4,124.0,48.8,49.6,4,0.723668516971628
EC007298,SCI_A,Science,6,Sunday,1,25.0,82.4,2.0,54.0,64.4,6,0.8600367653591513
EC001875,SPT_A,Sports,0,Wednesday,12,25.8,80.6,0.0,,33.3,2,2.5253047421331485
EC002748,SCI_A,Science,23,Monday,5,26.7,76.3,4.0,66.4,72.7,0,1.281763330430059
EC001259,ADM_A,Administration,11,Monday,1,28.6,75.8,84.0,37.2,35.1,0,0.6954046508488017
EC005156,SCI_B,Science,3,Sunday,7,27.3,82.3,8.0,76.2,67.9,6,1.9869074089280092
EC007871,RES_B,Residential,13,Monday,11,28.6,75.7,91.0,39.8,38.9,0,0.4725188937949672
EC003225,RES_A,Residential,6,Tuesday,7,27.0,74.3,215.0,54.7,53.5,1,0.5295994671476625
EC005549,BUS_A,Business,7,Monday,7,27.2,83.8,1.0,34.7,32.2,0,0.5185995415556963
EC001225,BUS_B,Business,11,Thursday,12,29.5,82.1,152.0,69.4,69.2,3,0.6150219792091913
EC006426,LEC_A,LectureHall,23,Wednesday,3,26.6,76.3,0.0,,25.2,2,2.4297805932765475
EC005680,SPT_A,Sports,10,Monday,1,28.4,70.2,77.0,58.9,56.9,0,1.4297062840932757
EC007545,SPT_A,Sports,16,Friday,10,29.3,72.4,72.0,46.7,48.9,4,0.5116363066692765
EC007435,ENG_B,Engineering,20,Saturday,11,27.6,83.3,,37.2,33.9,5,1.53633330449394
EC007744,LEC_A,LectureHall,1,Wednesday,6,27.2,86.3,10.0,,32.4,2,3.0530154489485506
EC007334,BUS_A,Business,6,Friday,9,27.2,79.6,21.0,31.9,30.4,4,0.478103413750748
EC007766,RES_B,Residential,11,Tuesday,5,31.2,68.7,117.0,47.2,42.2,1,0.4278178325405036
EC001103,ENG_B,Engineering,10,Sunday,4,29.0,75.3,25.0,47.7,51.0,6,0.5432954038747216
EC006083,LEC_A,LectureHall,4,Monday,5,26.2,83.5,53.0,31.0,33.8,0,0.5029818131711664
EC007582,SCI_A,Science,14,Thursday,3,35.4,88.4,149.0,149.4,143.9,3,5.256605695116793
EC002107,SPT_A,Sports,19,Monday,10,28.8,82.5,182.0,49.0,61.2,0,0.6174793844468635
EC006721,LIB_A,Library,14,Wednesday,10,29.2,75.2,160.0,50.7,54.3,2,0.47911327416286026
EC000350,LIB_A,Library,7,Sunday,2,28.1,73.8,0.0,35.7,31.1,6,0.7514937885503353
EC002714,ENG_B,Engineering,15,Tuesday,2,30.4,70.5,146.0,71.9,79.9,1,1.032833780175334
EC002134,SPT_A,Sports,10,Saturday,7,29.0,75.6,45.0,46.6,44.0,5,0.4594348378277734
EC006956,ENG_A,Engineering,0,Sunday,3,26.7,82.5,0.0,42.1,41.1,6,0.46832263065334884
EC000111,BUS_B,Business,2,Friday,6,27.5,77.6,0.0,33.4,39.5,4,0.5794261997003682
EC003456,ENG_A,Engineering,19,Tuesday,7,28.8,65.6,20.0,43.3,45.8,1,0.5356895342428569
EC007405,LIB_A,Library,5,Tuesday,2,26.3,86.1,39.0,26.0,30.6,1,0.6746546565887152
EC007003,RES_B,Residential,11,Sunday,5,29.5,78.5,98.0,40.0,37.0,6,0.37663482621444244
EC003988,ENG_A,Engineering,19,Friday,2,28.8,79.8,73.0,53.9,60.9,4,0.5690032209140017
EC002670,RES_A,Residential,10,Friday,1,28.4,84.3,157.0,49.5,49.4,4,0.4692767201780358
EC004157,SCI_A,Science,12,Tuesday,8,29.8,74.3,114.0,102.1,97.7,1,0.6233151143677987
EC006587,BUS_A,Business,1,Monday,9,26.3,82.3,0.0,26.5,27.5,0,0.2506831316706114
EC000145,BUS_A,Business,9,Monday,5,29.9,72.3,75.0,51.0,57.0,0,0.5442695108940679
EC006210,ADM_A,Administration,16,Friday,12,28.5,77.2,70.0,29.7,32.2,4,0.534007244727814
EC000783,SCI_A,Science,12,Monday,6,29.9,71.2,140.0,88.4,99.5,0,0.9661577639407215
EC005734,RES_A,Residential,5,Saturday,12,25.5,90.8,253.0,55.7,54.5,5,0.5920012701154185
EC004198,ADM_A,Administration,1,Thursday,8,27.5,85.4,23.0,28.9,29.8,3,0.5410493703360914
EC002119,LIB_A,Library,2,Saturday,12,25.0,83.1,2.0,28.2,29.1,5,0.9182858595160649
EC002298,RES_A,Residential,4,Monday,2,27.6,81.9,270.0,57.7,59.6,0,0.6981443633507298
EC000160,RES_B,Residential,9,Saturday,4,30.0,75.8,172.0,45.5,45.1,5,0.5835193867921356
EC006028,ENG_B,Engineering,2,Tuesday,9,26.1,78.6,6.0,32.1,38.5,1,0.6014551858355938
EC003039,BUS_A,Business,12,Sunday,9,30.1,76.6,58.0,38.6,45.1,6,0.48371914112774683
EC003831,LIB_A,Library,7,Friday,11,26.1,83.9,23.0,30.2,27.2,4,0.5513983436399505
EC001273,ENG_B,Engineering,1,Saturday,10,25.6,78.8,18.0,37.2,38.7,5,0.543167782597981
EC006772,BUS_A,Business,22,Tuesday,2,26.6,85.2,2.0,30.0,30.4,1,0.5048779910173322
EC001868,ENG_B,Engineering,20,Wednesday,5,31.1,63.4,14.0,53.9,49.2,2,0.4691905401933493
EC000375,LIB_A,Library,6,Wednesday,11,27.4,77.7,26.0,34.5,34.3,2,0.5561872001221182
EC001826,LIB_A,Library,5,Monday,6,26.8,80.5,0.0,30.5,30.7,0,0.29268105803855216
EC007228,ADM_A,Administration,2,Friday,10,25.8,86.1,0.0,23.3,25.8,4,0.5405847330525878
EC001017,BUS_B,Business,8,Saturday,10,25.8,79.2,0.0,25.0,27.8,5,0.5553841457181884
EC005216,ENG_A,Engineering,5,Wednesday,6,27.9,75.3,16.0,49.7,45.2,2,0.5439441304670029
EC002639,RES_B,Residential,0,Sunday,11,26.1,83.1,106.0,45.7,41.7,6,0.4244616824378915
EC003299,RES_A,Residential,12,Monday,1,30.3,78.6,85.0,53.0,47.4,0,0.4415353841596348
EC007309,SCI_A,Science,1,Friday,2,27.3,83.5,10.0,70.0,72.5,4,1.8122535542881522
EC004765,ENG_B,Engineering,11,Sunday,11,28.7,76.7,24.0,44.2,47.8,6,0.6956999630240109
EC000123,BUS_B,Business,14,Sunday,9,28.4,80.0,53.0,40.2,39.4,6,0.4873000371934133
EC006992,SCI_A,Science,22,Friday,11,26.0,80.2,0.0,58.1,61.1,4,0.3930330911132084
EC002929,SPT_A,Sports,8,Wednesday,1,26.5,81.9,124.0,56.6,57.4,2,0.5567807578621575
EC006477,ENG_A,Engineering,12,Monday,3,29.5,75.5,205.0,76.9,79.9,0,0.5571080676545185
EC007911,SCI_B,Science,19,Thursday,7,29.5,72.8,15.0,71.5,75.7,3,0.7679088181366307
EC002020,SCI_B,Science,9,Wednesday,8,28.5,86.7,69.0,60.6,70.5,2,0.6070490136525626
EC004481,LIB_A,Library,20,Monday,2,30.0,74.2,92.0,55.6,53.6,0,0.9715696896768804
EC000011,SCI_A,Science,0,Monday,1,26.7,74.7,28.0,72.9,75.8,0,1.3881841649239406
EC002279,RES_A,Residential,18,Sunday,2,30.5,71.7,170.0,50.3,50.5,6,0.6667494580593152
EC000307,SCI_A,Science,6,Thursday,6,27.0,83.9,3.0,72.6,68.7,3,1.894855570078072
EC007018,SCI_A,Science,3,Tuesday,5,27.3,80.0,0.0,69.5,71.6,1,1.0968726955844443
EC002490,ENG_A,Engineering,5,Wednesday,12,25.6,78.1,0.0,41.2,42.4,2,0.4239199939610426
EC002576,ADM_A,Administration,16,Monday,1,35.0,87.0,119.0,49.5,56.6,0,2.4297140371090533
EC001004,ENG_A,Engineering,20,Friday,8,29.2,80.1,29.0,54.9,49.8,4,0.5707308575237722
EC002573,ENG_B,Engineering,8,Friday,7,27.7,82.4,69.0,45.2,50.2,4,0.5555036443614496
EC001792,SCI_A,Science,18,Wednesday,3,30.1,74.4,54.0,73.6,86.0,2,0.6464399489215157
EC007639,LIB_A,Library,3,Monday,11,25.8,79.7,12.0,24.5,30.3,0,0.41155421823239197
EC005090,LEC_A,LectureHall,5,Friday,5,26.4,82.4,0.0,23.3,25.6,4,0.5737198046938634
EC004519,SCI_B,Science,1,Sunday,1,25.5,79.0,0.0,50.2,55.6,6,0.7278424809770051
EC000106,RES_B,Residential,10,Thursday,11,29.5,71.3,116.0,35.0,37.0,3,0.46087067044045527
EC001697,SPT_A,Sports,2,Friday,2,26.3,82.9,6.0,33.4,31.6,4,0.6373800822929415
EC001901,ENG_A,Engineering,13,Tuesday,4,30.4,74.0,195.0,81.0,82.7,1,0.5658006321743981
EC001326,LIB_A,Library,19,Monday,5,29.3,79.2,160.0,65.5,61.8,0,0.5950695249746266
EC000992,BUS_B,Business,15,Monday,11,30.8,73.2,136.0,67.9,67.2,0,0.39879110982120575
EC003935,BUS_A,Business,18,Wednesday,10,28.5,75.6,47.0,29.3,34.1,2,0.5722722696613992
EC006330,RES_B,Residential,5,Monday,1,23.8,95.6,204.0,44.2,46.0,0,1.9704931201264095
EC001267,SCI_B,Science,10,Monday,10,29.5,79.6,65.0,79.4,79.6,0,0.4361491228512493
EC001306,BUS_B,Business,19,Friday,5,30.6,71.8,25.0,44.3,54.5,4,0.5351377732318693
EC000805,LEC_A,LectureHall,4,Saturday,4,27.5,78.9,27.0,27.2,24.8,5,0.4316050530290279
EC000962,LEC_A,LectureHall,1,Saturday,5,26.7,80.1,0.0,22.3,24.4,5,0.6927820197399345
EC004779,BUS_A,Business,17,Wednesday,11,29.8,77.6,50.0,43.7,41.7,2,0.5122512405651517
EC002615,SCI_A,Science,16,Sunday,5,31.5,76.1,31.0,84.4,82.6,6,0.9915996907278843
EC007032,ADM_A,Administration,21,Saturday,10,26.9,83.8,8.0,22.5,27.9,5,0.7318641228695132
EC007191,LIB_A,Library,17,Thursday,1,30.9,78.4,239.0,62.4,68.9,3,3.0342495157372307
EC006811,LIB_A,Library,4,Sunday,9,24.8,89.0,2.0,27.1,29.3,6,0.9815830452382753
EC007751,BUS_B,Business,20,Thursday,1,28.5,77.3,5.0,44.2,42.2,3,0.7948974821747856
EC007837,SCI_B,Science,6,Tuesday,6,26.8,76.2,7.0,63.5,63.8,1,1.488215920664141
EC002039,BUS_B,Business,21,Monday,2,29.0,,0.0,40.1,42.0,0,5.194904650219779
EC006854,RES_B,Residential,18,Thursday,5,32.0,79.3,139.0,44.5,47.5,3,0.8557076783765133
EC001499,SPT_A,Sports,9,Monday,1,26.2,85.0,67.0,51.0,50.9,0,0.3844164909282401
EC006257,ENG_A,Engineering,13,Saturday,4,31.0,74.6,77.0,66.7,68.7,5,0.5439096846715955
EC002504,RES_B,Residential,2,Sunday,5,27.3,78.9,168.0,51.1,43.4,6,0.37570306186405433
EC002371,BUS_A,Business,2,Friday,1,25.8,83.2,4.0,25.7,28.2,4,0.46995449942738887
EC004971,SCI_A,Science,0,Wednesday,5,27.0,77.3,17.0,68.7,64.0,2,0.8288429479971283
EC006832,BUS_A,Business,15,Thursday,4,33.3,67.7,187.0,69.1,78.0,3,2.5877479109272583
EC002468,BUS_B,Business,20,Sunday,6,27.8,79.7,2.0,35.9,42.6,6,0.5837983026832483
EC007884,RES_B,Residential,17,Monday,2,29.8,73.1,177.0,,46.2,0,3.7818707620745484
EC000224,BUS_A,Business,13,Thursday,1,30.9,79.8,146.0,65.0,68.5,3,0.919845624176229
EC004207,RES_B,Residential,9,Saturday,5,28.9,74.1,140.0,38.9,42.4,5,0.5668760751724009
EC000064,BUS_A,Business,13,Thursday,8,30.2,73.8,152.0,65.5,69.2,3,0.9542945335355238
EC000462,BUS_A,Business,8,Wednesday,8,27.3,80.3,48.0,45.3,43.5,2,0.46685335410910245
EC004309,ENG_B,Engineering,23,Monday,7,27.5,82.5,0.0,35.6,38.9,0,0.5334511753301574
EC000004,ENG_A,Engineering,18,Sunday,10,29.5,70.9,22.0,45.8,51.3,6,0.6300809001528797
EC003059,RES_B,Residential,1,Sunday,6,26.6,83.0,158.0,43.7,47.5,6,0.5444280712226219
EC004027,ENG_A,Engineering,13,Wednesday,2,29.3,70.5,,85.0,89.5,2,3.1428953088876654
EC006988,ADM_A,Administration,13,Wednesday,2,28.9,65.8,130.0,42.8,36.4,2,0.6982152223080342
EC002583,SCI_A,Science,9,Wednesday,12,28.1,76.7,59.0,74.1,82.9,2,0.6559325170541088
EC006797,ENG_B,Engineering,13,Tuesday,1,30.1,68.2,151.0,70.1,71.1,1,0.7706093843063462
EC001351,SCI_B,Science,22,Saturday,4,26.3,78.9,8.0,65.2,62.7,5,1.0727667179936264
EC007020,SCI_B,Science,17,Sunday,8,29.6,77.7,9.0,72.0,67.8,6,1.3380024593379318
EC003783,ENG_B,Engineering,17,Saturday,7,31.1,70.1,25.0,46.4,53.4,5,0.5707654069839527
EC004101,LIB_A,Library,20,Sunday,7,27.4,78.5,113.0,38.3,43.5,6,0.6789021778392468
EC002499,SPT_A,Sports,21,Monday,10,28.6,79.1,126.0,58.6,60.8,0,0.6454731950537942
EC007613,RES_A,Residential,22,Saturday,1,27.7,80.4,278.0,56.6,62.6,5,0.39107451271490595
EC007767,RES_A,Residential,11,Tuesday,3,29.0,80.0,140.0,40.0,47.3,1,0.5291915062631326
EC001410,RES_B,Residential,10,Wednesday,6,27.8,76.9,153.0,39.5,42.6,2,0.6394823953154117
EC006390,LEC_A,LectureHall,22,Monday,6,28.5,70.4,0.0,28.2,26.9,0,0.8221103424858213
EC007508,SCI_A,Science,22,Sunday,2,25.3,85.2,0.0,54.7,57.9,6,0.5026556586156951
EC001057,RES_A,Residential,16,Tuesday,3,31.2,70.7,130.0,44.7,48.4,1,0.74675565088751
EC003108,ENG_B,Engineering,7,Wednesday,7,26.8,83.5,10.0,34.8,41.4,2,0.6890684080965293
EC005819,ADM_A,Administration,12,Wednesday,2,29.8,79.7,114.0,50.3,44.9,2,0.6838982109377975
EC000325,ENG_B,Engineering,15,Wednesday,12,29.3,75.5,139.0,70.2,68.6,2,0.8036168584671138
EC000838,SCI_B,Science,5,Thursday,10,25.6,80.9,2.0,51.7,57.5,3,0.5719007771421052
EC003019,ADM_A,Administration,3,Sunday,8,26.2,80.8,2.0,16.5,19.9,6,2.7749764536072505
EC001824,SCI_B,Science,14,Friday,5,32.5,64.6,7.0,82.8,88.7,4,2.101657383626606
EC002521,SCI_B,Science,3,Monday,3,,80.5,0.0,64.1,62.7,0,0.7080301831772742
EC004763,ENG_A,Engineering,20,Monday,2,29.2,76.6,37.0,52.2,47.2,0,0.5892990430218019
EC007612,LEC_A,LectureHall,9,Saturday,12,26.7,75.1,57.0,30.0,32.1,5,0.6302099750179463
EC005724,LIB_A,Library,16,Wednesday,8,31.2,77.0,,62.3,56.6,2,1.632945613341836
EC004191,ENG_A,Engineering,23,Thursday,2,27.0,81.2,12.0,45.7,46.2,3,0.6185109473253222
EC000763,RES_B,Residential,19,Wednesday,7,28.7,68.4,172.0,38.6,38.9,2,0.6188872893870678
EC005788,BUS_B,Business,2,Thursday,9,26.1,77.4,0.0,9.8,25.1,3,8.704269718916448
EC003554,BUS_A,Business,7,Friday,7,28.2,75.7,128.0,33.6,48.1,4,0.921295765561298
EC007490,SCI_B,Science,14,Sunday,4,30.9,63.0,21.0,76.1,81.7,6,0.3425110928575113
EC005211,RES_A,Residential,10,Tuesday,5,28.4,72.6,165.0,42.1,44.8,1,0.6758935313719825
EC004200,BUS_A,Business,4,Wednesday,10,25.4,84.4,30.0,26.9,30.9,2,0.49015353833263015
EC006108,SCI_B,Science,9,Monday,10,27.8,73.2,72.0,72.8,73.8,0,0.9626809323645884
EC002522,ENG_A,Engineering,23,Wednesday,2,26.6,88.2,22.0,37.3,41.5,2,0.5305178564974212
EC006783,ENG_A,Engineering,7,Sunday,11,26.1,80.6,11.0,38.0,41.2,6,0.6450562529510766
EC002819,RES_B,Residential,18,Wednesday,7,29.5,80.2,139.0,41.2,39.8,2,0.6217680082220209
EC006283,SPT_A,Sports,22,Friday,6,27.6,79.9,72.0,44.1,48.7,4,0.5167628406297535
EC003244,ENG_B,Engineering,8,Monday,12,26.8,82.4,58.0,42.2,47.3,0,0.43851531516691145
EC000664,LIB_A,Library,5,Thursday,8,25.6,87.5,0.0,22.4,23.1,3,0.4497388637059292
EC005706,SCI_A,Science,15,Tuesday,6,31.1,69.1,130.0,103.7,101.6,1,0.8114458391194601
EC000604,RES_A,Residential,5,Tuesday,3,24.6,99.3,215.0,52.0,50.8,1,1.691122702995184
EC001467,RES_B,Residential,1,Saturday,3,27.5,77.9,137.0,54.1,54.0,5,0.41501099791778134
EC001586,RES_B,Residential,5,Sunday,11,26.2,79.6,207.0,40.4,46.0,6,0.5354619820103895
EC005888,LEC_A,LectureHall,3,Wednesday,11,25.4,77.5,11.0,24.7,21.1,2,0.6182922053981497
EC007667,SCI_A,Science,12,Tuesday,4,30.8,77.3,9.0,85.8,89.3,1,2.569111078033261
EC002706,ENG_A,Engineering,9,Thursday,6,28.1,73.9,115.0,54.5,64.1,3,0.8318379925809696
EC007495,BUS_B,Business,17,Friday,3,31.8,73.6,63.0,73.6,63.6,4,0.6660676395106426
EC002613,SCI_A,Science,21,Sunday,10,27.9,80.2,26.0,71.3,66.0,6,0.7652072751311012
EC006833,SCI_A,Science,10,Monday,1,28.5,85.8,177.0,118.5,113.4,0,1.276340051129204
EC003226,LEC_A,LectureHall,12,Sunday,8,29.3,75.5,45.0,40.6,36.5,6,0.5577529074478147
EC001307,ENG_B,Engineering,13,Saturday,10,29.3,74.7,7.0,35.3,42.2,5,0.6884267505027598
EC002735,ADM_A,Administration,11,Sunday,8,,73.8,21.0,24.5,23.6,6,1.0363892593660637
EC003669,RES_B,Residential,6,Sunday,9,25.7,84.7,179.0,44.9,44.8,6,0.6012099963446479
EC003714,LIB_A,Library,6,Saturday,2,25.7,75.7,0.0,27.9,32.3,5,0.5225431003012715
EC002198,BUS_B,Business,1,Sunday,12,25.3,82.5,15.0,27.2,29.7,6,0.39755938962307263
EC000217,RES_A,Residential,13,Tuesday,1,29.3,78.8,,49.7,46.7,1,0.9245875188184542
EC007628,SCI_A,Science,0,Wednesday,6,27.8,72.0,9.0,69.8,73.8,2,2.3546329538155883
EC004043,SCI_A,Science,10,Wednesday,10,28.7,72.1,71.0,83.6,85.1,2,0.6189395110439719
EC000499,SCI_A,Science,5,Sunday,9,27.0,76.8,3.0,48.4,49.4,6,0.7838873621575373
EC005745,LEC_A,LectureHall,13,Friday,9,29.9,71.0,208.0,65.0,71.8,4,0.9355393465406178
EC007748,ENG_B,Engineering,9,Friday,9,27.5,86.1,75.0,53.7,52.7,4,0.5455232694010155
EC003729,LIB_A,Library,5,Friday,11,26.0,81.7,71.0,37.8,36.5,4,0.5416320520347974
EC005792,BUS_A,Business,15,Monday,6,31.8,67.1,135.0,72.0,70.9,0,0.7036689523664383
EC003320,BUS_B,Business,16,Friday,5,30.2,74.9,133.0,76.2,71.6,4,0.625895765705777
EC001030,BUS_A,Business,6,Monday,5,28.8,80.4,0.0,35.0,35.1,0,0.35462397692097175
EC006695,RES_A,Residential,10,Tuesday,9,28.5,72.9,123.0,37.9,43.9,1,0.6032318144656383
EC007312,SCI_A,Science,7,Sunday,9,28.8,81.4,0.0,66.3,71.4,6,0.7570820033297775
EC003350,RES_A,Residential,1,Sunday,5,27.0,81.4,137.0,47.7,50.3,6,0.3754497216328037
EC004984,RES_A,Residential,18,Sunday,10,29.6,73.2,156.0,40.4,48.6,6,1.2125053759142288
EC003229,BUS_A,Business,19,Wednesday,11,29.9,79.6,11.0,38.1,41.5,2,0.47332997720556613
EC001767,RES_A,Residential,5,Thursday,11,26.4,72.6,226.0,44.9,52.9,3,0.6910058994748768
EC002553,ENG_A,Engineering,8,Wednesday,11,27.6,87.1,85.0,47.7,56.2,2,0.5953252785450369
EC005605,ENG_A,Engineering,8,Monday,1,28.6,75.0,83.0,68.7,67.9,0,0.8146498586337062
EC005327,LEC_A,LectureHall,13,Wednesday,12,30.6,75.4,185.0,60.9,68.0,2,0.7241431915523432
EC000444,SPT_A,Sports,12,Tuesday,1,29.0,78.3,25.0,46.5,43.1,1,0.5716036588490978
EC000510,LIB_A,Library,15,Saturday,8,30.1,76.2,158.0,52.9,54.3,5,0.36368219387221085
EC004621,RES_A,Residential,8,Saturday,3,29.4,79.1,178.0,48.5,50.4,5,0.4482940151198807
EC004972,BUS_B,Business,8,Sunday,2,27.3,73.1,19.0,39.7,39.0,6,0.5906022637214609
EC000931,RES_B,Residential,21,Friday,2,28.3,74.7,229.0,55.6,57.8,4,0.6928655674506674
EC004783,ADM_A,Administration,8,Sunday,1,25.4,91.4,3.0,18.2,20.3,6,0.9997791388955802
EC007314,SPT_A,Sports,21,Wednesday,2,28.4,78.1,,60.2,60.5,2,1.5043021097432845
EC003051,ENG_A,Engineering,0,Sunday,7,27.7,76.9,0.0,36.1,43.9,6,0.6137617833457588
EC006291,SCI_B,Science,22,Saturday,10,26.6,82.4,11.0,52.4,57.8,5,0.5817826761477287
EC000284,LEC_A,LectureHall,13,Friday,10,29.8,78.2,216.0,65.6,71.8,4,0.9415617620177363
EC001355,ADM_A,Administration,19,Wednesday,6,30.9,77.9,0.0,25.4,27.4,2,0.5887202925076152
EC002732,ENG_B,Engineering,8,Thursday,6,27.8,79.2,69.0,47.8,49.3,3,0.5490858498723309
EC002560,RES_A,Residential,22,Wednesday,3,26.8,83.7,,50.4,51.2,2,0.7039729519045637
EC006152,ADM_A,Administration,15,Thursday,1,29.9,73.1,94.0,48.8,50.7,3,0.6459075086943569
EC004381,SCI_A,Science,9,Saturday,4,29.4,76.7,3.0,90.0,81.3,5,2.5766818110713205
EC000689,BUS_B,Business,3,Thursday,10,24.8,85.0,0.0,17.3,27.0,3,3.858875985301554
EC006892,LIB_A,Library,14,Sunday,12,28.9,75.2,150.0,47.9,52.8,6,0.41543963047134347
EC005894,RES_B,Residential,11,Wednesday,5,29.3,71.5,112.0,40.2,38.5,2,0.6608618437393099
EC004512,RES_A,Residential,21,Saturday,3,28.4,76.3,297.0,72.6,68.1,5,1.4838759076527046
EC007177,ENG_A,Engineering,13,Thursday,10,29.6,75.8,212.0,87.1,86.6,3,0.6333634038730178
EC003375,ENG_A,Engineering,13,Wednesday,12,30.2,80.6,210.0,81.2,88.8,2,0.6994360921536641
EC007801,ADM_A,Administration,22,Friday,3,25.5,72.4,17.0,22.7,26.9,4,0.5368015455630677
EC000709,RES_B,Residential,17,Sunday,11,28.7,74.7,130.0,37.6,33.1,6,0.8561809060198905
EC002733,RES_B,Residential,0,Friday,5,27.4,79.4,107.0,43.5,44.1,4,0.47793311267515376
EC004491,LEC_A,LectureHall,3,Wednesday,7,26.5,76.6,47.0,39.0,34.3,2,0.6107490499155156
EC003658,BUS_A,Business,15,Sunday,9,30.7,67.6,12.0,36.2,37.8,6,0.408764444139362
EC007571,RES_A,Residential,21,Wednesday,7,29.7,70.4,234.0,58.2,57.9,2,0.6127569673143799
EC006575,ENG_B,Engineering,15,Monday,10,35.5,,171.0,96.7,94.2,0,15.34435363234892
EC005380,SCI_B,Science,2,Sunday,2,26.5,75.1,9.0,60.4,58.8,6,1.2896904258581954
EC002996,SPT_A,Sports,19,Tuesday,1,28.1,78.5,166.0,60.0,64.1,1,0.861440048124869
EC007313,BUS_A,Business,10,Tuesday,7,29.1,71.4,99.0,,53.8,1,1.3016419239774233
EC000864,SCI_A,Science,17,Saturday,4,29.8,75.0,8.0,75.5,79.1,5,1.6886451228117243
EC003325,ADM_A,Administration,12,Saturday,5,29.3,82.5,37.0,37.7,35.0,5,0.4371826213870936
EC005802,LIB_A,Library,10,Friday,12,27.1,84.6,67.0,34.7,36.8,4,0.5520481032557174
EC000426,ENG_A,Engineering,23,Wednesday,7,26.4,76.0,0.0,39.0,40.7,2,0.45583195006721267
EC007248,SCI_A,Science,22,Tuesday,3,29.5,73.5,20.0,82.9,79.4,1,0.889358528275303
EC006790,RES_B,Residential,14,Tuesday,1,30.3,78.7,95.0,37.9,38.7,1,0.5406055765055608
EC002738,LIB_A,Library,4,Tuesday,6,27.1,84.5,19.0,32.9,39.3,1,0.5818901166532461
EC007621,ADM_A,Administration,21,Monday,7,28.9,76.0,0.0,27.7,27.7,0,0.48648616671059514
EC002601,ADM_A,Administration,8,Saturday,5,27.9,75.7,28.0,23.6,24.6,5,0.3495448074039802
EC007591,LEC_A,LectureHall,8,Monday,5,25.6,86.4,75.0,48.4,45.1,0,0.47170924672967535
EC006872,SCI_B,Science,21,Sunday,8,26.1,87.6,22.0,61.4,60.9,6,0.8212863848774096
EC000615,LIB_A,Library,11,Thursday,10,29.3,78.7,84.0,37.0,37.0,3,0.5025686497843501
EC007519,SCI_A,Science,5,Monday,5,25.8,92.3,4.0,61.1,58.5,0,2.130942407504126
EC004417,RES_B,Residential,0,Monday,11,26.7,81.8,110.0,36.9,38.3,0,0.4595455153395339
EC006508,LEC_A,LectureHall,3,Friday,8,25.7,85.3,11.0,21.1,21.2,4,0.7610322810806849
EC002863,SPT_A,Sports,1,Tuesday,12,25.7,83.4,35.0,39.0,33.2,1,0.5355351148432985
EC006112,BUS_B,Business,22,Saturday,5,27.6,74.0,12.0,35.5,34.7,5,0.648360868616581
EC007331,BUS_A,Business,8,Saturday,9,27.4,76.6,9.0,30.0,32.9,5,0.45827554780676455
EC007142,LEC_A,LectureHall,23,Tuesday,3,26.9,83.1,38.0,86.0,54.4,1,4.283026227600331
EC004083,BUS_A,Business,17,Thursday,10,30.6,71.0,70.0,45.8,46.7,3,0.570247030657796
EC007436,RES_A,Residential,9,Thursday,10,28.6,77.2,181.0,36.2,42.1,3,0.43833223760926987
EC006150,RES_B,Residential,5,Friday,7,25.4,83.8,175.0,49.1,48.0,4,0.5176985496544267
EC006509,SCI_A,Science,3,Wednesday,3,25.5,76.9,1.0,88.9,71.7,2,5.793913030720386
EC004490,BUS_A,Business,23,Tuesday,1,27.3,73.9,18.0,32.2,40.9,1,0.7807975742504647
EC003430,ENG_B,Engineering,7,Friday,8,26.1,85.2,1.0,32.8,33.9,4,0.5605981216542668
EC001399,SPT_A,Sports,11,Friday,7,29.3,75.3,245.0,76.1,72.0,4,5.5954109192824895
EC006676,BUS_A,Business,19,Saturday,6,31.1,66.9,19.0,37.1,42.8,5,0.4252501446172338
EC005060,RES_B,Residential,14,Thursday,6,30.3,76.2,91.0,40.8,38.7,3,0.5705157205449272
EC005084,LEC_A,LectureHall,2,Thursday,11,27.3,74.6,24.0,30.8,29.8,3,0.6598808240471543
EC006326,SCI_A,Science,18,Thursday,12,30.0,69.6,31.0,79.0,77.5,3,0.6503934042432751
EC001482,RES_A,Residential,9,Friday,7,28.8,76.7,218.0,36.1,48.8,4,0.4578827778637359
EC001923,BUS_A,Business,16,Friday,7,28.6,80.0,91.0,41.5,49.5,4,0.469457489296976
EC001251,SPT_A,Sports,12,Monday,3,30.6,69.1,13.0,49.3,46.1,0,0.3797244657182073
EC007987,LEC_A,LectureHall,14,Sunday,7,30.2,74.3,43.0,31.5,41.2,6,0.5864847443731793
EC001165,SCI_B,Science,17,Thursday,12,30.0,71.4,56.0,73.9,76.6,3,0.6588770605822609
EC004256,ENG_B,Engineering,11,Friday,9,29.5,77.0,110.0,67.4,68.4,4,0.7265487890763124
EC007328,LEC_A,LectureHall,0,Friday,11,28.0,70.0,6.0,24.8,29.2,4,0.7469419741192562
EC006486,LEC_A,LectureHall,22,Monday,12,27.3,78.2,8.0,24.0,28.0,0,0.4974636798017794
EC004056,ADM_A,Administration,11,Friday,11,30.1,69.2,83.0,34.2,37.2,4,0.47710102922483616
EC005231,SCI_A,Science,10,Tuesday,2,28.1,71.3,88.0,84.9,83.3,1,0.79424253972959
EC003529,LEC_A,LectureHall,12,Saturday,2,28.3,81.7,52.0,38.6,36.9,5,0.5342549136744508
EC000179,BUS_B,Business,22,Monday,6,26.3,82.3,24.0,38.2,37.1,0,0.3799510724854163
EC005950,BUS_B,Business,5,Thursday,2,25.7,86.6,15.0,35.4,34.9,3,0.5243530329463818
EC006405,BUS_A,Business,13,Thursday,10,30.0,77.3,132.0,63.6,58.8,3,0.8490532640028919
EC004108,RES_B,Residential,12,Sunday,8,29.7,67.0,142.0,45.8,47.6,6,0.5370395513730888
EC001170,ENG_B,Engineering,10,Sunday,8,28.8,80.1,34.0,46.2,50.2,6,0.4774228963405014
EC002099,LIB_A,Library,3,Saturday,11,26.0,78.1,0.0,19.6,22.8,5,0.685297746704309
EC007214,RES_B,Residential,12,Friday,9,29.1,76.7,106.0,39.5,40.2,4,0.447662235287991
EC003525,LIB_A,Library,7,Friday,1,26.9,73.3,5.0,31.1,32.9,4,0.7022694682260244
EC007166,LIB_A,Library,10,Thursday,4,30.0,70.5,100.0,48.3,55.5,3,0.5139357893521614
EC001773,LEC_A,LectureHall,13,Monday,6,30.1,75.0,,65.4,81.4,0,2.18721903682756
EC004706,RES_A,Residential,11,Sunday,2,27.5,68.5,173.0,39.4,47.0,6,0.8598265202099166
EC007064,SCI_A,Science,21,Tuesday,1,27.7,77.1,36.0,81.9,76.3,1,0.9398378944111738
EC004284,RES_A,Residential,17,Saturday,9,31.4,71.7,140.0,50.9,47.1,5,0.5433068539962196
EC002939,ENG_B,Engineering,9,Sunday,9,27.4,79.7,34.0,38.6,43.7,6,0.5327934072142502
EC003364,RES_A,Residential,21,Wednesday,8,25.8,81.9,251.0,46.5,51.0,2,0.519378449962818
EC006461,SPT_A,Sports,17,Saturday,5,31.7,73.4,109.0,70.5,71.0,5,0.777730946169662
EC005925,BUS_A,Business,16,Saturday,5,29.2,79.4,33.0,37.7,36.4,5,0.43439476001282906
EC006762,LEC_A,LectureHall,17,Saturday,12,30.5,65.1,25.0,38.5,35.2,5,0.25880980219344013
EC003080,ENG_A,Engineering,21,Tuesday,3,29.3,77.1,24.0,52.9,54.8,1,0.6286145228309747
EC006041,RES_A,Residential,0,Monday,7,27.8,74.4,142.0,47.1,49.5,0,0.6573562668992586
EC004688,SCI_B,Science,6,Tuesday,11,24.5,84.5,7.0,41.0,53.8,1,0.9871682250346501
EC001723,SCI_A,Science,8,Tuesday,1,26.2,83.3,54.0,65.1,73.1,1,0.595271303872635
EC004634,LIB_A,Library,2,Tuesday,5,26.1,77.5,14.0,32.6,33.4,1,0.6209779955454763
EC007957,BUS_A,Business,6,Monday,8,27.0,84.9,30.0,32.0,33.7,0,0.3803848504085936
EC002076,LIB_A,Library,11,Saturday,3,29.7,74.1,33.0,39.0,41.4,5,0.5159102644321351
EC004686,ADM_A,Administration,7,Thursday,3,27.2,84.9,0.0,30.9,27.7,3,0.5102227898222057
EC006411,LIB_A,Library,11,Sunday,1,29.3,76.8,92.0,49.7,45.2,6,0.4360172367592948
EC000559,SCI_A,Science,19,Friday,2,30.7,72.3,20.0,66.8,81.2,4,0.6788841243631476
EC005290,ENG_B,Engineering,16,Saturday,2,30.3,76.2,48.0,60.3,59.6,5,0.9282496529225742
EC003633,SCI_A,Science,22,Monday,3,29.6,83.9,0.0,81.4,80.3,0,1.2968295501541087
EC001743,RES_B,Residential,18,Friday,5,29.8,76.5,140.0,39.1,46.2,4,0.6644436731705277
EC001175,RES_B,Residential,8,Monday,3,28.6,,179.0,43.3,48.5,0,1.536461498847272
EC006436,RES_B,Residential,19,Tuesday,10,28.8,83.1,162.0,40.4,41.0,1,0.7197679552014662
EC004991,LIB_A,Library,15,Saturday,2,29.5,69.6,185.0,51.3,53.0,5,0.3719658724497624
EC001621,ENG_A,Engineering,11,Monday,4,29.8,77.5,166.0,62.3,76.5,0,0.7625374814607608
EC003835,LEC_A,LectureHall,15,Sunday,2,29.8,69.7,72.0,39.0,46.9,6,0.5185583797210839
EC006350,SPT_A,Sports,16,Sunday,9,29.9,65.0,80.0,55.8,54.0,6,0.24076633180835624
EC001630,SCI_A,Science,3,Sunday,11,26.6,77.9,0.0,55.8,61.8,6,0.4688106291957785
EC000281,BUS_B,Business,13,Sunday,4,30.6,68.4,40.0,51.5,50.5,6,0.45225852691812096
EC002425,RES_A,Residential,21,Thursday,11,27.8,74.8,226.0,44.7,53.4,3,0.6042249124090403
EC007671,BUS_B,Business,23,Friday,11,27.6,81.4,24.0,35.8,41.6,4,0.4223167415338617
EC000269,LIB_A,Library,13,Saturday,6,30.7,61.1,152.0,60.9,59.4,5,0.22449897875767844
EC006898,SCI_A,Science,16,Friday,12,28.9,77.7,85.0,84.5,82.1,4,0.475970281580222
EC001520,SCI_B,Science,4,Wednesday,2,24.0,88.1,4.0,42.5,53.8,2,1.0481047324007289
EC007346,BUS_A,Business,17,Friday,1,30.3,75.0,102.0,58.0,56.4,4,0.9056112843647331
EC003776,SPT_A,Sports,6,Wednesday,6,27.7,80.1,143.0,62.8,55.0,2,1.2111029620072937
EC007890,LEC_A,LectureHall,6,Friday,1,27.2,82.8,0.0,27.0,30.7,4,0.6010486007661973
EC006144,SCI_A,Science,19,Saturday,1,29.7,73.9,5.0,83.5,80.1,5,2.547695999522605
EC002975,SCI_B,Science,6,Wednesday,9,26.3,83.5,14.0,52.4,59.8,2,0.6163829807727534
EC002057,SPT_A,Sports,5,Tuesday,5,26.4,77.8,88.0,44.8,45.3,1,0.5544313068505935
EC005786,SPT_A,Sports,13,Saturday,3,29.9,73.9,41.0,53.5,54.6,5,0.6851922513924065
EC001558,ENG_B,Engineering,1,Monday,4,26.6,87.3,32.0,39.6,48.3,0,0.34644782212251457
EC001131,BUS_A,Business,9,Friday,9,27.8,76.7,82.0,50.5,49.3,4,0.5389859048164166
EC003974,RES_B,Residential,20,Thursday,12,27.7,74.0,202.0,39.6,38.5,3,0.6237535560330681
EC000507,LEC_A,LectureHall,20,Wednesday,6,29.8,73.9,0.0,29.7,35.0,2,0.9320743189298559
EC000181,RES_A,Residential,23,Tuesday,8,26.7,83.4,281.0,56.6,55.9,1,0.7246476055449045
EC002376,BUS_B,Business,15,Saturday,7,30.8,78.5,41.0,44.7,44.7,5,0.4881753979566887
EC001890,BUS_B,Business,4,Sunday,2,27.6,81.9,17.0,31.5,38.6,6,0.4250803638362847
EC004060,ENG_B,Engineering,18,Monday,12,,69.7,90.0,57.3,58.7,0,2.0050244268783
EC002693,ENG_A,Engineering,15,Wednesday,9,29.7,,148.0,74.5,73.7,2,1.3029502765862062
EC006598,LEC_A,LectureHall,9,Sunday,10,28.5,79.9,18.0,26.8,27.3,6,0.4381436216709371
EC006337,ENG_B,Engineering,16,Saturday,12,29.0,,33.0,46.1,46.4,5,1.0247970143673721
EC002074,SCI_B,Science,0,Wednesday,12,26.4,88.9,7.0,85.0,69.5,2,2.7901725642710065
EC005147,ENG_B,Engineering,8,Friday,5,29.8,71.9,78.0,60.5,59.7,4,0.7187933749585375
EC000683,ENG_A,Engineering,5,Saturday,5,25.6,79.4,3.0,36.4,39.3,5,1.0020375954306164
EC001585,BUS_A,Business,23,Tuesday,2,26.3,79.4,8.0,27.8,33.8,1,0.4619697701921604
EC005287,BUS_A,Business,0,Wednesday,12,26.9,75.1,4.0,31.5,33.1,2,0.7434822572500688
EC000485,SCI_B,Science,1,Wednesday,7,26.0,79.5,0.0,64.4,62.7,2,0.7183109777682839
EC006646,SCI_A,Science,22,Saturday,10,27.5,75.1,0.0,76.7,68.9,5,1.1064848678136732
EC001575,SCI_B,Science,14,Friday,5,30.7,68.4,118.0,95.6,85.4,4,0.9519784328362358
EC004800,BUS_B,Business,4,Monday,5,26.1,72.7,5.0,,39.5,0,6.992014461090113
EC000128,BUS_B,Business,18,Monday,4,30.0,76.5,89.0,47.2,59.0,0,0.84348333768235
EC002887,RES_B,Residential,1,Wednesday,9,27.1,76.2,122.0,42.3,49.4,2,0.530046944454684
EC000229,RES_B,Residential,9,Saturday,1,28.5,80.6,155.0,44.0,44.1,5,0.5610313680094243
EC004725,RES_A,Residential,13,Monday,5,30.7,,137.0,45.7,51.3,0,1.5423046934553797
EC001822,BUS_B,Business,19,Friday,3,27.5,82.2,17.0,,45.9,4,2.4718536578929537
EC004007,SCI_A,Science,12,Wednesday,4,34.6,81.9,129.0,99.4,120.0,2,4.662466794952133
EC001198,SPT_A,Sports,16,Sunday,12,28.8,70.4,87.0,41.7,45.8,6,0.717913095600936
EC005658,ADM_A,Administration,11,Sunday,11,28.1,81.4,31.0,28.7,21.7,6,0.5679491369939228
EC003280,SCI_B,Science,20,Monday,10,28.1,78.2,17.0,71.4,67.3,0,0.6731004840309585
EC007233,SCI_A,Science,10,Monday,6,30.8,66.2,100.0,97.8,93.8,0,0.31784100769157303
EC006190,SCI_B,Science,17,Monday,4,29.3,79.7,61.0,67.9,80.9,0,0.4779810117875816
EC003272,BUS_B,Business,5,Wednesday,5,26.8,82.8,13.0,41.2,41.3,2,0.5392482138995097
EC005325,SCI_A,Science,11,Sunday,12,27.8,77.7,33.0,65.0,78.3,6,0.8195536680644435
EC006156,LIB_A,Library,22,Thursday,8,27.2,79.1,61.0,39.1,41.4,3,0.5358500199720336
EC007866,ADM_A,Administration,9,Wednesday,3,27.1,83.2,41.0,33.5,30.2,2,0.5488157621671892
EC004469,SPT_A,Sports,16,Wednesday,6,31.3,66.4,95.0,60.2,61.5,2,0.5319268648842277
EC000095,BUS_B,Business,11,Friday,4,30.9,74.7,153.0,63.6,70.0,4,0.6556646862277452
EC004210,LIB_A,Library,11,Sunday,7,29.0,78.4,229.0,61.8,61.9,6,2.8431262645539435
EC000051,BUS_B,Business,14,Sunday,3,29.2,81.8,,39.1,43.8,6,1.673605746730943
EC003964,SPT_A,Sports,7,Friday,3,27.1,74.7,130.0,56.0,52.9,4,0.6480225785441135
EC005098,SCI_A,Science,22,Thursday,4,27.8,78.7,0.0,75.5,70.1,3,1.2320931953975796
EC004158,ENG_A,Engineering,0,Thursday,2,26.8,81.9,0.0,42.4,43.3,3,0.5058600534457549
EC003889,LEC_A,LectureHall,9,Thursday,11,27.8,79.3,96.0,47.0,45.8,3,0.5918449448454135
EC006327,BUS_A,Business,9,Wednesday,7,29.2,73.1,86.0,47.1,51.0,2,0.5304344859999128
EC001130,LEC_A,LectureHall,3,Tuesday,1,25.2,80.2,12.0,27.7,26.4,1,0.652335148032081
EC007131,SCI_A,Science,13,Thursday,10,28.7,82.1,125.0,90.4,97.0,3,0.7516470592365617
EC006692,RES_A,Residential,4,Monday,2,24.6,84.6,233.0,47.4,50.2,0,1.0808484592372525
EC007910,SCI_B,Science,3,Wednesday,12,25.5,77.7,11.0,60.6,58.3,2,1.628765198749261
EC000796,SCI_A,Science,17,Tuesday,7,29.7,74.4,88.0,83.5,92.7,1,0.5243478686662109
EC000436,LEC_A,LectureHall,9,Sunday,2,28.0,76.1,6.0,29.5,30.1,6,0.721042672281556
EC001578,LEC_A,LectureHall,10,Friday,4,30.5,70.5,151.0,57.0,63.2,4,0.8476970062297934
EC003817,BUS_A,Business,1,Thursday,6,27.6,77.2,16.0,31.6,35.5,3,0.5115638099705153
EC004953,SCI_B,Science,2,Tuesday,5,26.7,84.9,0.0,70.6,68.3,1,1.1532297137908702
EC006671,RES_B,Residential,5,Friday,10,25.9,78.0,181.0,45.5,42.2,4,0.4733008721127798
EC002204,SCI_A,Science,4,Tuesday,12,25.9,82.9,9.0,63.4,74.8,1,1.7132795017321205
EC007592,LEC_A,LectureHall,19,Tuesday,7,31.0,71.4,6.0,35.4,35.4,1,0.7492104283469123
EC006246,LEC_A,LectureHall,23,Friday,5,28.1,76.2,39.0,73.6,53.5,4,3.1867519746570308
EC005767,ADM_A,Administration,5,Wednesday,4,27.9,78.9,0.0,30.2,30.1,2,0.509520584496634
EC007486,ENG_A,Engineering,2,Sunday,11,26.5,80.2,0.0,36.1,37.8,6,0.5457102032658662
EC002510,ENG_B,Engineering,4,Sunday,5,26.6,78.6,34.0,49.4,44.3,6,0.528750187050248
EC002707,LIB_A,Library,11,Monday,10,28.7,83.4,78.0,40.0,44.1,0,0.39388264504517095
EC007118,BUS_B,Business,12,Sunday,1,29.3,75.6,41.0,40.9,42.6,6,0.37027221531913457
EC007134,BUS_B,Business,19,Wednesday,4,30.5,72.8,31.0,52.0,53.5,2,0.5265206699091066
EC001437,BUS_A,Business,12,Monday,3,35.3,80.7,142.0,80.0,82.9,0,8.332400918831022
EC006564,RES_B,Residential,13,Tuesday,2,30.5,79.9,92.0,44.1,39.7,1,0.5371826831582125
EC005620,BUS_B,Business,19,Tuesday,5,30.4,73.6,0.0,52.5,55.2,1,0.8592198528124984
EC004794,ENG_A,Engineering,13,Thursday,6,34.8,90.3,217.0,120.0,115.8,3,7.205353520177499
EC007154,SPT_A,Sports,23,Thursday,5,26.8,89.0,38.0,38.5,45.4,3,0.5162507150994199
EC006498,ENG_A,Engineering,0,Wednesday,3,27.0,74.7,16.0,43.3,43.4,2,0.5648825626803279
EC002991,ENG_A,Engineering,12,Monday,4,29.2,75.3,198.0,92.2,87.9,0,0.6027823681739293
EC004161,ENG_A,Engineering,1,Monday,6,26.7,,8.0,65.2,54.3,0,3.3314017349828253
EC000898,SPT_A,Sports,16,Tuesday,7,29.5,76.5,61.0,56.5,49.3,1,0.4939593023807099
EC005854,ENG_A,Engineering,8,Saturday,7,27.7,73.4,46.0,45.1,51.6,5,0.5303187029040407
EC003439,BUS_B,Business,12,Thursday,10,30.3,77.5,140.0,69.8,71.8,3,0.5454305298327133
EC006173,ENG_A,Engineering,13,Friday,5,30.2,78.5,197.0,85.2,88.2,4,0.6782007180279839
EC006425,RES_A,Residential,3,Monday,5,26.3,82.1,147.0,44.7,51.2,0,0.3568599329495541
EC004006,SPT_A,Sports,15,Friday,2,30.7,73.8,63.0,51.3,54.2,4,0.5625267834228914
EC001796,LIB_A,Library,14,Monday,9,28.9,77.7,187.0,57.9,57.0,0,0.43188107153669614
EC006594,LEC_A,LectureHall,3,Wednesday,2,25.9,87.8,0.0,16.0,21.7,2,3.104570338750467
EC005110,SPT_A,Sports,17,Saturday,5,31.4,64.7,132.0,54.1,66.6,5,0.4720058683475002
EC005001,BUS_A,Business,1,Wednesday,3,26.4,83.3,0.0,29.6,27.9,2,0.3166263150890329
EC001110,ENG_B,Engineering,16,Tuesday,2,30.6,75.2,144.0,75.8,74.8,1,0.7829457238531169
EC003348,RES_B,Residential,11,Friday,3,29.0,78.4,149.0,47.3,45.4,4,0.4995951545659715
EC005972,ENG_A,Engineering,23,Thursday,4,29.1,77.2,0.0,48.1,50.9,3,0.6205752567793119
EC005545,ADM_A,Administration,4,Saturday,12,27.1,83.2,11.0,17.1,19.7,5,3.2796063967619995
EC006740,LEC_A,LectureHall,21,Sunday,10,27.5,77.5,0.0,20.9,21.0,6,0.733545637835779
EC004557,ADM_A,Administration,4,Thursday,10,25.7,82.8,11.0,23.5,18.0,3,0.5630783652885855
EC006894,SCI_A,Science,21,Saturday,12,28.1,81.5,15.0,54.7,72.5,5,0.4782569463870087
EC001839,RES_A,Residential,12,Sunday,4,28.5,71.0,144.0,51.8,46.6,6,0.528004036266749
EC007093,ENG_A,Engineering,11,Saturday,4,30.0,73.2,62.0,65.3,65.8,5,0.5253370968163552
EC000570,ENG_A,Engineering,2,Sunday,5,28.0,78.8,0.0,42.8,48.0,6,0.4594556396807389
EC004122,SPT_A,Sports,11,Saturday,1,28.0,71.0,29.0,42.8,45.8,5,0.6391100427222106
EC007943,SPT_A,Sports,4,Thursday,4,27.0,81.5,50.0,43.0,43.2,3,0.5383496074146682
EC000699,RES_A,Residential,12,Friday,10,28.5,78.6,160.0,43.7,48.4,4,0.5979804802637587
EC002746,RES_B,Residential,7,Saturday,4,26.7,91.3,222.0,53.7,48.8,5,0.3804384571601033
EC007459,RES_B,Residential,12,Saturday,3,30.1,70.3,110.0,38.1,38.2,5,0.6963598180268973
EC000751,SPT_A,Sports,9,Tuesday,9,26.7,82.9,59.0,40.1,47.4,1,0.5244845693181788
EC006936,SPT_A,Sports,19,Friday,8,29.3,66.8,150.0,62.6,64.1,4,0.7567420529882746
EC000925,LIB_A,Library,14,Sunday,6,30.7,73.7,154.0,46.8,51.7,6,0.4415206276311983
EC001906,BUS_B,Business,14,Monday,9,28.9,75.6,183.0,71.1,64.7,0,0.4839744873909452
EC004934,RES_B,Residential,3,Tuesday,3,25.0,87.1,181.0,39.8,44.4,1,0.6688214067906483
EC005577,LIB_A,Library,22,Thursday,2,28.5,80.1,72.0,51.5,52.3,3,0.5554200002757147
EC003420,SCI_A,Science,9,Tuesday,7,28.9,81.4,95.0,80.8,88.7,1,0.453239154576658
EC007708,SPT_A,Sports,17,Saturday,2,29.0,72.0,190.0,71.4,63.6,5,1.7285943939218806
EC003803,SCI_A,Science,22,Tuesday,1,29.2,72.6,9.0,76.2,77.2,1,2.268175792961278
EC006300,RES_B,Residential,22,Friday,8,28.6,76.4,266.0,53.2,55.4,4,0.5173020096856543
EC004365,SPT_A,Sports,19,Sunday,5,31.2,75.4,158.0,47.3,65.6,6,0.7579987260901341
EC003998,BUS_B,Business,14,Thursday,1,35.0,83.5,203.0,93.6,89.4,3,7.00604878360732
EC006659,SPT_A,Sports,15,Tuesday,11,29.9,75.5,24.0,41.6,36.8,1,0.5652629308899411
EC006685,RES_B,Residential,20,Sunday,10,27.7,77.4,213.0,43.0,47.6,6,0.6511289373641411
EC007279,SCI_B,Science,2,Monday,5,25.3,78.7,0.0,57.0,62.1,0,0.39192977268914103
EC001272,RES_B,Residential,23,Tuesday,5,,84.0,212.0,57.1,53.4,1,1.7771762415005394
EC004770,RES_A,Residential,6,Tuesday,9,28.2,82.0,214.0,50.5,51.2,1,0.5326107442574907
EC003794,SCI_A,Science,6,Sunday,9,27.0,83.5,13.0,69.0,69.8,6,1.050275190346984
EC003233,ENG_A,Engineering,16,Monday,8,30.1,77.9,168.0,69.8,75.7,0,0.4784138245266149
EC004648,SCI_B,Science,17,Friday,10,28.8,74.9,66.0,81.7,78.2,4,0.7152153095121074
EC004849,RES_A,Residential,2,Tuesday,1,25.2,86.9,169.0,44.6,44.8,1,0.6551328998923726
EC007429,BUS_B,Business,8,Thursday,5,26.7,82.8,90.0,54.8,49.9,3,0.555845811499872
EC007629,ADM_A,Administration,0,Friday,4,26.6,79.5,0.0,22.8,23.5,4,0.5574614176661516
EC006008,SCI_A,Science,3,Friday,7,25.9,85.8,10.0,50.6,61.5,4,0.6869820552494716
EC005747,RES_B,Residential,14,Wednesday,1,29.5,72.4,76.0,34.6,39.8,2,0.4813990743373399
EC003207,LIB_A,Library,4,Monday,11,27.7,80.7,0.0,27.2,28.0,0,0.3140444308995016
EC003029,ADM_A,Administration,6,Monday,3,27.1,84.3,15.0,24.9,25.7,0,0.42455225847652234
EC004208,ENG_B,Engineering,18,Thursday,3,28.8,74.9,69.0,60.0,59.0,3,0.8398032017275603
EC005351,SCI_A,Science,10,Thursday,9,29.0,75.0,99.0,83.7,85.1,3,0.5098390820986428
EC007215,SCI_A,Science,10,Wednesday,4,29.5,86.1,84.0,79.5,90.0,2,0.6022636177167436
EC004950,BUS_B,Business,10,Monday,12,27.8,73.6,99.0,48.2,50.8,0,0.6400070524512635
EC001238,BUS_B,Business,22,Wednesday,5,28.4,75.7,0.0,45.4,43.3,2,0.5710197086049148
EC003197,BUS_B,Business,13,Friday,5,30.2,67.8,172.0,70.9,65.4,4,0.6796876374654688
EC006580,SCI_A,Science,10,Monday,11,28.1,76.2,91.0,96.9,81.4,0,0.5023697136437498
EC003300,LIB_A,Library,0,Friday,12,25.8,85.5,6.0,25.1,27.1,4,0.4904960928738959
EC003616,BUS_B,Business,19,Wednesday,3,29.1,83.2,0.0,42.5,44.8,2,0.5177801942693754
EC007216,BUS_A,Business,1,Thursday,3,26.0,76.9,0.0,30.6,32.7,3,0.5029572799116058
EC005240,BUS_B,Business,0,Wednesday,8,27.0,82.9,5.0,36.8,37.4,2,0.573714160955025
EC003327,ENG_B,Engineering,14,Thursday,9,30.8,75.2,139.0,72.1,71.5,3,0.8073136668964888
EC000541,SCI_A,Science,8,Saturday,3,29.0,77.9,21.0,71.8,75.8,5,0.6010879725589742
EC006428,LEC_A,LectureHall,15,Sunday,9,31.1,73.3,35.0,38.6,39.5,6,0.5402857500262187
EC002948,BUS_B,Business,18,Wednesday,2,29.2,80.6,217.0,80.9,75.6,2,2.291646795389234
EC005008,BUS_A,Business,2,Friday,6,26.5,83.1,12.0,35.4,31.5,4,0.4754931460241793
EC006522,LIB_A,Library,23,Wednesday,7,26.6,85.5,91.0,43.2,53.1,2,0.6388392568022603
EC002937,ADM_A,Administration,6,Sunday,4,28.1,73.8,,24.1,27.6,6,3.8004677946794367
EC007764,ADM_A,Administration,19,Sunday,9,30.2,72.1,0.0,27.9,29.8,6,0.6973973916386709
EC006232,SCI_B,Science,13,Wednesday,7,29.6,77.2,125.0,91.2,92.6,2,0.8756771637405819
EC006394,RES_B,Residential,1,Thursday,6,27.2,77.1,128.0,41.6,44.4,3,0.5142589458628678
EC001813,ENG_B,Engineering,8,Friday,9,27.2,83.3,39.0,46.3,43.8,4,0.5525487754918108
EC004682,ENG_B,Engineering,12,Wednesday,9,30.2,68.6,142.0,67.5,70.1,2,0.6266767207148619
EC006076,LIB_A,Library,2,Sunday,6,26.0,87.1,26.0,29.0,36.7,6,0.4689698044933377
EC003405,RES_A,Residential,4,Tuesday,2,25.9,76.4,198.0,41.5,50.1,1,0.5498634023605232
EC002949,LIB_A,Library,15,Wednesday,3,29.9,73.1,209.0,69.0,64.0,2,0.8797802783426001
EC000235,LEC_A,LectureHall,13,Tuesday,11,29.0,86.9,191.0,53.9,64.4,1,0.7400217947186779
EC002308,LEC_A,LectureHall,22,Sunday,12,27.7,89.9,44.0,32.8,38.5,6,0.5235267720043423
EC004629,SCI_B,Science,8,Saturday,4,28.8,75.6,12.0,65.0,65.7,5,0.8743896050778903
EC004185,RES_A,Residential,8,Saturday,1,26.4,84.1,220.0,36.6,43.4,5,0.6446105545417998
EC001905,SCI_A,Science,15,Friday,3,35.3,82.1,119.0,123.5,120.8,4,7.455878016903277
EC003791,SCI_A,Science,16,Sunday,11,28.8,77.0,18.0,69.6,77.1,6,0.7228988031356854
EC005315,LEC_A,LectureHall,6,Sunday,8,23.8,96.8,0.0,15.1,14.4,6,27.61778640724094
EC001572,RES_A,Residential,16,Monday,12,29.1,78.4,112.0,34.0,43.5,0,0.49044756354596236
EC002232,LEC_A,LectureHall,4,Monday,1,24.9,88.8,20.0,24.6,26.0,0,1.3377044469323647
EC007350,LIB_A,Library,5,Tuesday,8,26.4,91.5,23.0,26.4,29.3,1,0.489659879292475
EC000313,ADM_A,Administration,14,Friday,10,28.7,74.6,119.0,38.9,45.4,4,0.8472526106665001
EC000312,BUS_B,Business,11,Wednesday,4,29.2,78.2,180.0,67.0,70.2,2,0.5747780581184431
EC007348,SCI_B,Science,8,Monday,10,27.3,84.3,53.0,62.1,66.1,0,0.5060839432493729
EC000601,ENG_A,Engineering,11,Saturday,7,30.3,74.1,,57.7,57.1,5,1.548625577923734
EC005712,RES_B,Residential,20,Tuesday,3,27.9,71.9,189.0,43.0,45.6,1,0.6854050939966697
EC006694,LEC_A,LectureHall,1,Wednesday,11,26.2,88.9,6.0,20.6,26.2,2,0.6890395929897554
EC003748,ENG_B,Engineering,7,Tuesday,4,26.8,73.1,34.0,35.3,42.7,1,0.5994221223943724
EC001596,BUS_A,Business,21,Friday,5,27.9,75.9,0.0,36.0,34.2,4,0.4861846958350771
EC000512,SPT_A,Sports,12,Monday,6,30.0,77.8,8.0,40.5,43.3,0,0.6541328512110143
EC003813,LIB_A,Library,12,Saturday,6,30.3,68.5,150.0,59.3,54.7,5,0.4573711677532527
EC004699,RES_B,Residential,7,Wednesday,12,26.8,81.0,229.0,46.2,54.1,2,0.5723338138614874
EC001388,LEC_A,LectureHall,20,Monday,8,27.8,71.9,45.0,34.3,38.8,0,0.5759251155046633
EC003175,SCI_B,Science,7,Thursday,10,27.8,72.7,3.0,62.7,61.8,3,1.4548327704258837
EC006680,BUS_A,Business,12,Monday,9,30.3,74.2,139.0,53.0,56.4,0,0.8765251710403613
EC004903,ENG_B,Engineering,2,Saturday,7,24.4,89.2,5.0,29.0,34.4,5,0.6940032307680434
EC003914,ADM_A,Administration,4,Thursday,5,25.5,77.3,0.0,22.6,21.6,3,0.5694150607475753
EC003500,ADM_A,Administration,9,Friday,9,28.4,84.0,50.0,33.5,32.8,4,0.5661632153732667
EC005990,ENG_A,Engineering,11,Friday,8,28.9,83.9,194.0,81.1,84.8,4,0.6070838893587028
EC003699,ENG_B,Engineering,19,Wednesday,3,28.6,76.1,30.0,41.1,46.9,2,0.6125935648448163
EC005660,BUS_B,Business,3,Thursday,1,26.3,77.9,4.0,36.5,33.5,3,1.1443485417851418
EC001671,RES_A,Residential,23,Wednesday,11,27.2,77.5,261.0,49.3,55.1,2,0.45241047173459054
EC005428,RES_A,Residential,8,Monday,4,28.1,81.4,164.0,47.5,49.4,0,0.3846595888195395
EC001349,BUS_B,Business,13,Tuesday,1,30.5,75.8,157.0,71.6,71.9,1,0.6988312430381165
EC002697,LIB_A,Library,15,Wednesday,8,31.7,72.4,151.0,60.8,58.5,2,0.6008035966579018
EC001185,SCI_A,Science,16,Friday,12,29.8,78.9,108.0,91.4,106.5,4,0.6363154486571421
EC006107,BUS_A,Business,17,Tuesday,2,29.6,69.7,75.0,45.2,48.3,1,0.6344768079663355
EC006965,RES_A,Residential,21,Tuesday,6,29.1,72.8,225.0,59.7,59.2,1,0.5538118930821766
EC001406,SCI_A,Science,9,Friday,8,28.4,71.9,56.0,73.3,77.1,4,0.6410217057451445
EC002335,LEC_A,LectureHall,19,Monday,3,30.1,78.3,0.0,37.2,36.3,0,0.7937722172407927
EC001186,RES_B,Residential,22,Friday,2,26.3,81.6,235.0,48.4,50.0,4,0.5063712848148088
EC005822,BUS_B,Business,1,Monday,3,26.9,81.7,19.0,39.0,40.3,0,0.40803129234396474
EC004525,BUS_A,Business,21,Sunday,3,23.8,95.5,6.0,24.3,25.6,6,2.0667168310869872
EC000727,BUS_A,Business,2,Sunday,6,25.6,82.3,0.0,23.2,25.2,6,0.40205856956850544
EC007431,LIB_A,Library,4,Monday,6,27.5,80.8,0.0,36.7,34.1,0,0.35095721914201744
EC007810,BUS_B,Business,10,Wednesday,5,30.1,72.2,116.0,74.6,67.2,2,0.6545058898203886
EC007474,LEC_A,LectureHall,5,Thursday,5,26.6,70.8,0.0,23.3,21.0,3,0.49645353002233616
EC003391,BUS_A,Business,4,Friday,7,26.6,85.5,0.0,16.8,29.2,4,2.6008090684883562
EC007172,SCI_B,Science,7,Thursday,6,27.6,76.4,6.0,58.9,68.1,3,1.1383996864567503
EC003052,LIB_A,Library,18,Thursday,7,29.4,71.7,168.0,62.8,59.9,3,0.63483520336591
EC004189,BUS_B,Business,5,Wednesday,5,26.7,78.7,13.0,38.1,44.1,2,0.5365747210483945
EC006583,ENG_A,Engineering,11,Saturday,5,29.2,69.2,65.0,48.8,65.5,5,0.46388074110098765
EC007872,LIB_A,Library,6,Tuesday,8,26.4,76.9,0.0,28.6,30.0,1,0.38647224497348476
EC003826,LIB_A,Library,7,Sunday,1,26.2,81.7,0.0,28.5,28.2,6,0.40722093925802927
EC001285,SCI_B,Science,22,Sunday,4,28.6,77.8,0.0,62.2,74.1,6,0.6546627837219557
EC003884,SCI_A,Science,12,Thursday,4,29.8,73.5,154.0,106.8,109.6,3,0.673103544065773
EC005009,SPT_A,Sports,10,Saturday,5,30.3,79.3,56.0,55.1,53.5,5,0.4810041813572105
EC000542,RES_A,Residential,13,Sunday,8,30.5,71.3,139.0,48.7,44.8,6,0.6086898294269051
EC005101,ENG_B,Engineering,8,Friday,6,28.2,71.1,53.0,55.1,54.3,4,0.5621105907483636
EC003076,SPT_A,Sports,9,Wednesday,9,27.1,81.8,38.0,,41.1,2,1.9936931523480144
EC005214,SCI_A,Science,1,Thursday,8,27.5,82.7,3.0,63.7,69.0,3,1.5150960681076366
EC002394,RES_A,Residential,10,Friday,5,27.2,75.3,196.0,43.6,45.9,4,0.5730871476997158
EC004282,SCI_B,Science,5,Monday,8,26.3,80.8,0.0,53.9,51.1,0,0.3624909278613932
EC005928,BUS_B,Business,14,Tuesday,10,31.0,70.1,177.0,66.2,66.6,1,0.5105449101753343
EC007509,SCI_A,Science,19,Sunday,6,30.6,66.1,6.0,78.1,74.9,6,1.7495455255735661
EC006521,ADM_A,Administration,22,Saturday,12,28.8,74.7,14.0,26.2,25.8,5,0.5513993278306534
EC002841,ENG_B,Engineering,3,Friday,11,25.6,78.4,25.0,36.9,39.1,4,0.5640892871585714
EC003026,RES_A,Residential,5,Monday,7,27.8,81.1,239.0,55.5,55.2,0,0.4862974774437733
EC000268,RES_A,Residential,7,Monday,8,27.1,80.6,143.0,45.5,46.5,0,0.38074541853238897
EC001172,LEC_A,LectureHall,6,Thursday,6,27.3,77.7,16.0,23.0,29.1,3,0.5369415519214533
EC001870,ENG_A,Engineering,4,Monday,4,26.6,78.6,10.0,75.6,54.5,0,3.155759497001959
EC002580,ENG_B,Engineering,9,Thursday,3,27.9,69.2,92.0,62.6,58.1,3,1.4045766824296047
EC001561,RES_B,Residential,13,Friday,3,30.7,68.3,64.0,37.2,35.9,4,0.5160972362740621
EC004704,ENG_A,Engineering,14,Wednesday,2,31.2,74.8,208.0,94.3,98.4,2,0.9791165720433118
EC006535,LEC_A,LectureHall,3,Saturday,8,26.9,82.5,0.0,21.7,20.8,5,0.8861966584831878
EC000201,SPT_A,Sports,20,Saturday,6,28.4,73.7,179.0,60.7,61.4,5,0.901655051684392
EC002680,SCI_A,Science,22,Saturday,11,26.6,81.5,6.0,62.1,65.2,5,1.1879695199402125
EC000021,SCI_B,Science,4,Sunday,10,25.6,77.0,0.0,49.1,55.2,6,0.3797931885016768
EC006023,RES_A,Residential,17,Tuesday,3,29.9,83.7,151.0,54.0,53.8,1,0.698736127411348
EC002524,BUS_B,Business,11,Monday,7,29.8,79.1,,66.5,61.1,0,1.2797298805494248
EC007384,LEC_A,LectureHall,17,Sunday,12,29.4,76.6,0.0,26.3,26.4,6,0.5767854166998955
EC001262,BUS_B,Business,7,Sunday,11,28.9,79.0,11.0,31.9,35.4,6,0.5005662139800564
EC003505,BUS_B,Business,11,Saturday,8,30.5,67.8,48.0,43.4,44.7,5,0.48044845143861165
EC003837,LEC_A,LectureHall,7,Saturday,7,28.1,76.2,23.0,33.0,30.8,5,0.5865755111376088
EC007626,ENG_B,Engineering,23,Sunday,8,27.5,78.5,11.0,33.9,39.2,6,0.5343231736471176
EC006455,BUS_A,Business,0,Monday,8,28.8,81.2,0.0,32.8,31.8,0,0.32020983241180895
EC004299,ENG_A,Engineering,13,Monday,2,30.2,80.6,210.0,73.9,86.7,0,0.649566272428854
EC003145,SCI_B,Science,1,Friday,8,26.9,78.0,0.0,62.9,63.1,4,0.8042563203379494
EC006691,LEC_A,LectureHall,23,Thursday,1,28.7,81.8,0.0,31.6,28.3,3,0.7424841943352957
EC004877,RES_B,Residential,3,Tuesday,9,25.6,86.6,176.0,41.8,45.5,1,0.5356516334816807
EC001479,SCI_A,Science,1,Monday,9,24.1,80.7,16.0,54.1,54.4,0,0.7754370173706945
EC004861,SCI_A,Science,0,Monday,3,27.1,80.7,14.0,62.2,68.3,0,0.9447570070404236
EC006534,LIB_A,Library,15,Monday,6,30.7,76.2,249.0,61.8,68.1,0,1.5949840991109308
EC006616,BUS_A,Business,23,Tuesday,1,27.2,73.3,0.0,38.8,33.4,1,0.9027771130971566
EC006105,LIB_A,Library,5,Friday,9,26.5,78.1,22.0,29.5,34.8,4,0.5637740564951026
EC002332,BUS_B,Business,22,Friday,2,28.6,67.2,0.0,43.7,41.5,4,0.7209012824588684
EC005666,RES_A,Residential,3,Monday,10,25.8,74.3,141.0,47.1,49.0,0,0.4909922041005936
EC006784,RES_B,Residential,18,Wednesday,10,28.8,75.7,166.0,37.2,41.4,2,0.590195357360303
EC002183,RES_A,Residential,4,Sunday,9,25.8,83.6,205.0,48.0,52.8,6,0.5195495493112166
EC003210,ENG_B,Engineering,19,Wednesday,8,29.6,71.9,40.0,56.2,59.2,2,0.7116694688566262
EC007979,LIB_A,Library,2,Wednesday,6,26.5,83.6,13.0,32.5,27.5,2,0.5549002353219518
EC007370,SPT_A,Sports,22,Thursday,11,27.0,,63.0,45.1,47.1,3,1.4140940324273432
EC005317,BUS_A,Business,11,Saturday,11,27.5,84.5,28.0,31.2,34.3,5,0.42412758644589965
EC004462,SCI_A,Science,8,Tuesday,11,26.4,77.1,38.0,65.4,69.5,1,0.7326836252361238
EC003767,SCI_A,Science,20,Sunday,11,28.0,77.3,2.0,52.4,64.0,6,0.5582897432259128
EC005283,ENG_B,Engineering,6,Friday,1,26.2,76.0,22.0,38.6,39.2,4,0.8411026957981612
EC002047,ENG_A,Engineering,23,Wednesday,6,28.1,74.7,0.0,45.1,50.1,2,0.7351669622230622
EC001171,LIB_A,Library,5,Wednesday,12,25.4,87.3,,26.3,24.8,2,1.672566156180592
EC003106,ADM_A,Administration,9,Saturday,5,28.6,76.6,16.0,26.3,23.0,5,0.3488287243352646
EC002507,SPT_A,Sports,14,Tuesday,5,29.2,76.4,23.0,41.5,47.3,1,0.572053481647806
EC000584,LEC_A,LectureHall,6,Sunday,3,28.4,77.6,0.0,27.3,23.5,6,0.6671359840471959
EC001166,LEC_A,LectureHall,17,Saturday,6,30.5,72.1,,39.1,44.3,5,3.3439451660516015
EC001597,LIB_A,Library,23,Sunday,5,28.7,75.6,36.0,97.4,61.0,6,2.9550202082600197
EC003319,RES_A,Residential,14,Sunday,4,31.1,73.0,102.0,48.2,45.0,6,0.650305565257712
EC001898,SCI_A,Science,17,Monday,3,31.2,68.7,,80.3,78.3,0,2.844392181345211
EC006793,BUS_B,Business,22,Monday,3,27.8,88.5,16.0,42.1,48.5,0,0.40386563884887505
EC002344,LIB_A,Library,3,Sunday,9,25.9,83.6,0.0,27.8,26.3,6,0.4684414836702819
EC004400,ENG_B,Engineering,8,Tuesday,1,27.6,75.8,149.0,32.9,53.3,1,3.5213075722327396
EC003808,BUS_B,Business,8,Sunday,11,29.0,74.4,0.0,35.6,36.0,6,0.6499037027416743
EC004839,SCI_A,Science,23,Friday,3,28.0,73.4,21.0,76.1,67.2,4,1.2526933015769433
EC001840,RES_B,Residential,1,Tuesday,7,25.2,77.4,108.0,31.7,34.7,1,0.8005053758245023
EC000991,LEC_A,LectureHall,22,Sunday,6,28.5,81.6,9.0,70.2,38.9,6,2.1248361094508503
EC000356,RES_B,Residential,8,Tuesday,8,28.8,72.5,189.0,39.8,44.4,1,0.6582100998039561
EC002219,SCI_B,Science,1,Saturday,9,25.7,92.0,0.0,51.1,54.4,5,0.7416259251872661
EC007857,LEC_A,LectureHall,22,Thursday,12,27.5,76.6,8.0,33.3,30.3,3,0.708384741326544
EC006054,ENG_B,Engineering,16,Saturday,7,31.3,80.7,38.0,58.1,52.6,5,0.6757956965274688
EC002120,RES_A,Residential,1,Wednesday,5,27.2,76.7,186.0,55.0,52.7,2,0.47444937541940563
EC007637,LEC_A,LectureHall,6,Friday,9,26.8,75.7,24.0,25.9,30.2,4,0.6011147124449345
EC004616,ENG_A,Engineering,11,Thursday,8,28.3,72.1,170.0,72.4,66.9,3,0.7470309460556607
EC001316,ENG_A,Engineering,1,Thursday,10,27.6,75.5,0.0,35.6,38.9,3,0.5685496166383034
EC000385,BUS_B,Business,8,Saturday,2,28.1,73.8,1.0,32.5,30.7,5,0.7801994858931267
EC003785,RES_B,Residential,20,Wednesday,8,28.2,81.3,189.0,45.2,46.4,2,0.4474683010882984
EC004926,RES_A,Residential,2,Tuesday,3,26.1,80.8,137.0,51.2,46.6,1,0.5118943112108022
EC001869,BUS_A,Business,8,Tuesday,8,29.1,77.2,69.0,44.6,45.1,1,0.4842870479012699
EC003888,SPT_A,Sports,13,Monday,3,28.7,75.5,34.0,43.1,42.6,0,0.5233077768629121
EC003997,ENG_B,Engineering,19,Monday,12,29.7,74.3,28.0,,54.0,0,1.0954933452839635
EC007761,BUS_A,Business,18,Monday,7,30.9,69.1,72.0,47.6,47.3,0,0.43269087650088617
EC003809,BUS_B,Business,2,Thursday,6,25.5,82.8,16.0,31.5,39.8,3,0.5358048450204619
EC007505,LEC_A,LectureHall,18,Tuesday,9,26.9,,124.0,45.8,52.7,1,1.7310371536313722
EC006338,ADM_A,Administration,13,Saturday,3,30.1,72.9,44.0,36.0,39.7,5,0.6699636486157242
EC001662,SCI_A,Science,20,Friday,5,30.1,72.2,52.0,85.6,84.6,4,0.6082678673848791
EC007430,LIB_A,Library,11,Wednesday,4,29.8,79.6,58.0,43.7,44.5,2,0.6130557898827241
EC004651,SCI_A,Science,2,Thursday,5,26.7,71.6,0.0,57.2,64.9,3,0.5179328014219118
EC001139,RES_B,Residential,6,Monday,4,26.9,79.1,157.0,46.8,49.0,0,0.3909559026217542
EC001781,LEC_A,LectureHall,15,Saturday,8,30.3,74.8,231.0,79.4,75.6,5,1.5112133443089268
EC003687,SCI_B,Science,0,Wednesday,6,28.4,78.6,0.0,60.8,66.5,2,0.9672854145760228
EC002357,RES_B,Residential,8,Saturday,11,25.8,81.4,201.0,37.0,38.6,5,0.41783555557009827
EC002526,SCI_B,Science,17,Wednesday,4,31.7,69.5,59.0,82.1,94.0,2,0.5338936447029188
EC000718,LIB_A,Library,11,Sunday,12,27.9,76.1,50.0,32.7,34.1,6,0.8627893355804682
EC007037,SPT_A,Sports,4,Thursday,2,26.0,80.5,35.0,34.5,39.0,3,0.5395991621240436
EC006225,LIB_A,Library,23,Sunday,3,28.7,72.4,21.0,80.6,58.2,6,3.2251708915132693
EC003728,ENG_A,Engineering,3,Tuesday,1,,85.0,0.0,,36.7,1,44.719472845376025
EC007079,ENG_B,Engineering,6,Wednesday,11,26.4,76.5,16.0,39.0,35.4,2,0.5250890105008372
EC005453,SPT_A,Sports,20,Friday,4,28.9,71.0,143.0,61.2,59.7,4,0.792719152528375
EC002646,LEC_A,LectureHall,17,Friday,9,30.0,66.4,109.0,51.8,52.8,4,0.6682130703602941
EC004277,ENG_B,Engineering,16,Sunday,9,29.6,73.2,21.0,43.2,49.0,6,0.7455879319001275
EC001996,ENG_B,Engineering,21,Wednesday,1,28.3,77.1,10.0,42.7,44.5,2,0.8700833049537804
EC000183,ENG_A,Engineering,3,Tuesday,10,25.3,89.9,0.0,34.2,37.6,1,0.5862829816689361
EC001581,RES_A,Residential,19,Wednesday,7,30.6,74.4,188.0,46.2,48.0,2,0.5252022373282436
EC003664,LEC_A,LectureHall,15,Thursday,10,29.8,76.2,168.0,65.0,69.9,3,0.7156386114542052
EC003930,SCI_A,Science,15,Monday,12,30.6,72.9,144.0,105.6,109.6,0,0.5362213337638051
EC002643,LEC_A,LectureHall,2,Friday,4,27.1,82.5,20.0,33.1,32.7,4,0.598306524884533
EC003762,SCI_B,Science,13,Tuesday,5,30.9,72.3,123.0,81.5,93.3,1,0.7580818541467025
EC005717,ENG_B,Engineering,20,Wednesday,10,27.0,78.1,17.0,32.0,38.9,2,0.5455794766266373
EC002846,ENG_B,Engineering,19,Sunday,1,30.1,69.5,13.0,41.0,48.0,6,0.7205603093584392
EC005141,BUS_A,Business,6,Thursday,8,27.4,75.4,0.0,28.0,31.8,3,0.4277028189013805
EC001333,BUS_B,Business,13,Thursday,1,29.4,77.7,191.0,69.5,69.0,3,0.9700775634961909
EC002994,SCI_B,Science,4,Friday,9,26.5,78.6,0.0,57.4,52.0,4,0.46695780785096663
EC007194,BUS_A,Business,1,Monday,4,25.5,75.9,4.0,32.2,33.0,0,0.5994167292242097
EC002889,LEC_A,LectureHall,2,Saturday,8,25.8,74.2,2.0,21.6,20.0,5,0.747905643262226
EC007862,ENG_A,Engineering,5,Thursday,3,27.7,79.1,27.0,42.9,45.6,3,0.5925609150807786
EC006203,RES_A,Residential,17,Tuesday,1,29.4,75.4,147.0,44.3,46.3,1,0.7410715809318148
EC001718,BUS_A,Business,20,Tuesday,5,29.5,69.0,15.0,38.1,45.2,1,0.4394423324859848
EC007016,LEC_A,LectureHall,17,Wednesday,1,29.4,76.1,134.0,52.5,61.3,2,1.364974921691627
EC005539,ADM_A,Administration,13,Monday,10,27.7,76.4,111.0,45.8,44.1,0,0.5186064982925667
EC005595,RES_B,Residential,11,Monday,4,29.5,84.2,140.0,42.8,41.1,0,0.7357930019497552
EC003035,LEC_A,LectureHall,15,Wednesday,6,30.0,76.1,181.0,73.6,70.2,2,0.7297823620519154
EC006835,LIB_A,Library,17,Saturday,2,29.4,78.6,270.0,59.6,68.3,5,3.9463650761642306
EC005527,ENG_A,Engineering,3,Friday,6,25.9,83.6,0.0,36.5,41.9,4,0.42432840284628737
EC006460,ENG_A,Engineering,21,Tuesday,6,27.9,76.1,24.0,45.6,44.2,1,0.6194749137737787
EC001931,BUS_A,Business,1,Sunday,6,27.0,78.3,0.0,26.6,30.4,6,0.30376831215292804
EC007805,SCI_A,Science,19,Sunday,12,29.0,70.3,13.0,77.2,76.7,6,1.0546267534394969
EC006254,ENG_B,Engineering,10,Wednesday,1,29.6,67.1,110.0,62.6,63.2,2,0.7426723892847715
EC002455,RES_A,Residential,3,Sunday,4,27.8,74.6,233.0,64.7,64.3,6,1.2392602239094157
EC000661,BUS_B,Business,20,Monday,11,28.8,86.7,0.0,38.3,44.8,0,0.5978882980513113
EC004596,LEC_A,LectureHall,5,Friday,12,26.5,82.3,0.0,28.7,27.6,4,0.43758457202623247
EC002188,BUS_B,Business,13,Monday,1,29.8,,158.0,71.6,71.4,0,1.7691659193510734
EC006998,LEC_A,LectureHall,2,Monday,11,25.4,93.7,25.0,31.7,26.7,0,1.0800498512621832
EC001855,RES_A,Residential,18,Tuesday,5,30.7,73.3,128.0,48.7,47.9,1,0.6726294453698889
EC001469,RES_B,Residential,17,Wednesday,6,31.2,73.0,85.0,46.5,44.2,2,0.5468866403887871
EC000828,SCI_A,Science,8,Wednesday,2,27.8,79.6,72.0,69.9,80.9,2,0.5664096707512356
EC003401,LEC_A,LectureHall,6,Tuesday,7,27.1,83.1,25.0,31.8,31.0,1,0.6370612885165757
EC004294,RES_B,Residential,2,Thursday,2,26.1,91.9,132.0,41.8,47.5,3,0.5050750680030237
EC003511,BUS_B,Business,17,Monday,1,29.1,81.5,95.0,54.9,56.2,0,0.5403980030016068
EC002726,LEC_A,LectureHall,21,Wednesday,2,28.4,82.0,0.0,29.5,29.6,2,0.6626683490038475
EC007443,SPT_A,Sports,13,Tuesday,10,28.9,75.3,0.0,41.2,43.7,1,0.6600095937289426
EC003292,SPT_A,Sports,11,Wednesday,2,28.4,85.3,0.0,36.4,45.1,2,0.7553779446076729
EC003596,ENG_B,Engineering,6,Thursday,2,25.9,83.4,28.0,43.8,45.8,3,0.6139553919124486
EC003301,ENG_B,Engineering,20,Thursday,8,27.6,77.0,13.0,52.6,46.2,3,0.6040653940258016
EC000826,ADM_A,Administration,3,Monday,2,26.1,77.3,0.0,24.4,22.2,0,0.4732003005881635
EC003384,SCI_A,Science,3,Wednesday,6,26.1,85.4,21.0,57.1,64.7,2,0.5481998917253446
EC005104,BUS_A,Business,23,Thursday,5,27.0,80.1,0.0,32.6,38.3,3,0.37603372776858013
EC006167,ENG_B,Engineering,13,Thursday,7,30.7,68.8,145.0,63.6,75.3,3,0.6645327630427575
EC006752,LEC_A,LectureHall,0,Tuesday,3,25.5,78.8,13.0,22.0,25.5,1,0.6602453921500305
EC000842,LIB_A,Library,18,Wednesday,8,29.2,76.6,183.0,51.3,58.0,2,0.6694006232775938
EC005140,LIB_A,Library,14,Sunday,8,30.8,74.1,261.0,62.7,67.0,6,4.085954756067876
EC001000,SCI_B,Science,13,Sunday,11,29.4,80.0,31.0,74.6,74.4,6,0.802925779319819
EC002157,ENG_A,Engineering,6,Monday,6,26.2,76.9,12.0,,45.5,0,3.222992040060981
EC007381,ENG_A,Engineering,2,Saturday,8,25.6,82.8,14.0,41.3,36.7,5,0.5108084880517464
EC007894,ENG_B,Engineering,23,Sunday,3,27.1,78.5,0.0,43.7,42.0,6,0.5226540245780895
EC002109,SCI_B,Science,2,Monday,4,25.3,75.7,0.0,59.9,62.4,0,0.747884183973385
EC002440,LEC_A,LectureHall,23,Monday,2,28.2,72.2,16.0,33.1,32.3,0,0.7371353438548134
EC001068,SCI_B,Science,15,Thursday,6,30.5,77.3,105.0,99.2,99.9,3,0.5302748792419051
EC006351,SCI_B,Science,13,Wednesday,12,30.9,67.3,123.0,99.8,90.1,2,0.7764374043497673
EC006909,ENG_B,Engineering,16,Monday,12,30.1,73.6,100.0,69.2,64.0,0,0.582071931086243
EC007656,ENG_B,Engineering,18,Thursday,1,28.4,75.2,63.0,48.3,53.6,3,0.5943643733600783
EC004946,ENG_A,Engineering,8,Tuesday,7,28.0,70.5,108.0,56.2,61.9,1,0.598160094360518
EC002061,ENG_A,Engineering,10,Wednesday,5,29.4,75.8,107.0,65.9,66.5,2,0.6375848374215641
EC004435,SCI_B,Science,13,Thursday,9,28.2,72.5,114.0,78.0,78.5,3,0.7825242453274384
EC002361,ENG_B,Engineering,14,Saturday,11,29.4,71.4,12.0,51.0,44.8,5,0.5981206073941283
EC005930,LIB_A,Library,13,Friday,7,29.8,76.3,124.0,53.6,57.4,4,0.5526191344681867
EC002087,RES_B,Residential,6,Thursday,6,27.2,77.8,198.0,44.8,47.5,3,0.49954903372263226
EC005143,ENG_A,Engineering,7,Monday,2,26.9,80.4,0.0,32.9,39.6,0,0.5759176151113943
EC001916,ADM_A,Administration,6,Wednesday,10,25.8,86.9,8.0,19.5,27.1,2,0.7559547035774095
EC000773,SCI_A,Science,3,Monday,3,26.1,78.1,4.0,77.5,75.8,0,6.333406479243832
EC003067,RES_B,Residential,6,Friday,5,26.6,80.2,238.0,49.3,53.3,4,0.5703867804627608
EC006939,ENG_B,Engineering,18,Sunday,8,31.3,67.7,22.0,52.4,51.6,6,0.5484917204318251
EC006397,BUS_A,Business,23,Saturday,10,28.0,70.7,8.0,30.1,30.5,5,0.4502554194344616
EC006236,SPT_A,Sports,0,Saturday,12,27.7,71.6,17.0,35.8,40.9,5,0.6124240050337446
EC002913,RES_B,Residential,18,Friday,12,29.0,73.4,196.0,35.1,39.0,4,0.45665116759457747
EC004314,ENG_A,Engineering,4,Sunday,9,25.2,83.1,15.0,42.2,38.0,6,0.4810004545559918
EC000522,SCI_A,Science,18,Sunday,4,30.4,,7.0,84.2,83.5,6,4.305469087219788
EC002716,LIB_A,Library,19,Tuesday,4,29.9,77.1,162.0,56.5,61.5,1,0.5823399644800363
EC000702,ENG_A,Engineering,11,Wednesday,11,28.8,71.0,178.0,66.1,73.0,2,0.5965321723991595
EC003514,RES_A,Residential,21,Sunday,12,28.6,,234.0,54.2,60.1,6,1.1601326122068358
EC003146,SCI_B,Science,0,Tuesday,11,26.0,81.7,1.0,,67.4,1,4.798479853490345
EC006902,LIB_A,Library,23,Friday,6,27.0,,40.0,33.2,41.8,4,1.4390737503660278
EC000822,LEC_A,LectureHall,13,Sunday,2,30.1,76.4,270.0,82.7,89.5,6,5.6384499356478255
EC006503,LEC_A,LectureHall,11,Tuesday,9,28.7,73.6,209.0,63.3,64.0,1,0.8998435853569052
EC004865,LIB_A,Library,18,Friday,7,30.5,76.0,207.0,58.4,62.1,4,0.7132965495906095
EC003383,BUS_A,Business,2,Monday,10,26.0,83.0,1.0,31.1,30.7,0,0.3764321800766349
EC002136,ADM_A,Administration,8,Sunday,8,28.2,72.3,27.0,27.5,26.4,6,0.5745312149978116
EC001788,ENG_A,Engineering,15,Saturday,3,29.7,81.4,48.0,63.8,67.1,5,0.667450623351117
EC006536,LEC_A,LectureHall,18,Monday,8,28.6,71.1,119.0,44.0,51.7,0,1.3242839486061524
EC001614,RES_B,Residential,8,Wednesday,6,27.4,78.1,155.0,39.2,35.0,2,0.5933072157259403
EC002840,LEC_A,LectureHall,22,Saturday,5,28.7,76.0,0.0,26.6,27.8,5,0.6323641784384841
EC003041,RES_A,Residential,14,Wednesday,6,29.6,74.0,139.0,45.4,45.5,2,0.5793474324038701
EC002963,BUS_B,Business,11,Saturday,7,29.1,,17.0,33.4,40.9,5,0.9988139629179631
EC001666,ENG_B,Engineering,13,Sunday,5,30.9,69.8,33.0,50.9,57.2,6,0.4830011158564101
EC003805,LIB_A,Library,19,Thursday,9,29.0,78.5,158.0,54.8,57.8,3,0.43633247554000304
EC005389,SCI_B,Science,21,Sunday,11,27.5,80.3,14.0,65.2,60.9,6,0.9098281448392384
EC004606,BUS_A,Business,5,Tuesday,1,24.9,82.5,33.0,31.5,30.1,1,0.884345045680261
EC000528,ADM_A,Administration,13,Thursday,10,29.7,75.1,120.0,36.9,44.4,3,0.8120574750468457
EC000119,SCI_B,Science,10,Wednesday,4,28.4,69.8,89.0,,83.1,2,1.839868830346079
EC001204,RES_A,Residential,13,Saturday,9,30.2,72.0,133.0,47.9,51.0,5,0.527293641796821
EC004371,BUS_A,Business,16,Friday,3,31.9,72.8,,58.7,65.3,4,2.1792782733655574
EC006714,ENG_B,Engineering,20,Monday,10,27.7,74.6,21.0,33.8,38.9,0,0.40419361613048976
EC003492,SCI_B,Science,8,Sunday,1,27.4,88.5,6.0,60.0,62.7,6,2.3460788621760247
EC001873,RES_B,Residential,12,Wednesday,6,29.7,81.7,125.0,39.0,43.0,2,0.7226718761154606
EC003756,SCI_A,Science,10,Thursday,12,29.6,74.6,86.0,85.9,93.4,3,0.5588708017048428
EC005996,RES_A,Residential,21,Saturday,7,29.1,73.8,301.0,64.5,64.3,5,1.3059014540743754
EC005203,BUS_B,Business,10,Wednesday,11,28.1,78.5,123.0,56.0,60.2,2,0.5393507768422569
EC004517,LIB_A,Library,10,Monday,7,28.9,80.1,81.0,46.5,44.4,0,0.357178114606029
EC004123,ADM_A,Administration,13,Tuesday,6,30.3,73.8,110.0,46.5,47.5,1,0.6015396617234269
EC005784,BUS_A,Business,18,Sunday,6,29.8,70.2,17.0,36.6,38.9,6,0.4395754042011827
EC001917,RES_B,Residential,20,Saturday,6,29.7,67.5,210.0,38.9,42.7,5,0.41987083465626207
EC000820,SCI_B,Science,4,Wednesday,4,27.0,78.4,0.0,54.3,59.8,2,0.46758717285063084
EC002832,BUS_A,Business,20,Sunday,5,28.1,71.1,5.0,32.3,34.1,6,0.3810602630792049
EC005654,RES_A,Residential,9,Monday,2,28.4,71.6,174.0,47.5,50.7,0,1.1296289686289342
EC001568,RES_A,Residential,17,Saturday,4,29.5,69.9,198.0,52.2,53.9,5,0.4621250240488631
EC001018,BUS_A,Business,4,Sunday,11,25.5,87.8,20.0,23.7,25.6,6,0.3712990465361617
EC001069,RES_A,Residential,13,Thursday,8,30.4,79.2,99.0,41.5,43.6,3,0.5100771996189424
EC006767,SCI_A,Science,11,Friday,5,29.7,81.7,117.0,100.0,99.4,4,0.7141948930055996
EC006378,ENG_A,Engineering,16,Wednesday,5,30.2,67.9,137.0,64.9,75.7,2,0.5549727043014469
EC002036,RES_A,Residential,23,Tuesday,11,25.0,90.5,284.0,54.8,56.0,1,0.6725026770275845
EC002930,SCI_A,Science,0,Sunday,6,27.7,75.4,10.0,81.2,67.9,6,2.765715526691527
EC004135,BUS_B,Business,11,Tuesday,8,29.9,75.8,135.0,69.3,68.0,1,0.5275649314649404
EC005782,SPT_A,Sports,7,Sunday,12,27.2,74.1,122.0,49.7,51.3,6,0.7083015363044919
EC002769,LIB_A,Library,5,Sunday,11,24.9,85.3,0.0,25.7,27.9,6,1.1957615266320687
EC000200,ADM_A,Administration,11,Monday,12,27.3,84.3,104.0,41.8,42.4,0,0.43717320342038374
EC003394,ENG_B,Engineering,18,Thursday,2,29.7,74.4,196.0,61.4,70.3,3,1.4232956731602147
EC000636,BUS_B,Business,10,Tuesday,7,29.1,76.3,147.0,59.4,61.7,1,0.5730527126234418
EC005093,BUS_A,Business,5,Wednesday,5,27.0,83.5,3.0,39.5,31.7,2,0.5490760105278824
EC004980,SPT_A,Sports,9,Wednesday,6,29.0,75.9,248.0,69.8,68.8,2,5.607851961555103
EC004967,LIB_A,Library,22,Monday,11,25.6,87.4,42.0,100.6,57.2,0,4.430062809628464
EC003395,SPT_A,Sports,11,Wednesday,4,29.2,74.9,10.0,47.8,44.8,2,0.6990950996562788
EC007109,SCI_A,Science,20,Wednesday,1,28.3,76.9,,68.4,71.6,2,1.0884936444428146
EC006963,BUS_A,Business,16,Saturday,10,29.3,81.1,26.0,30.7,31.2,5,0.43993333872601886
EC000241,SCI_B,Science,6,Saturday,10,24.7,83.2,0.0,49.6,53.8,5,0.3738419695795488
EC004874,BUS_B,Business,13,Friday,10,29.2,72.6,216.0,71.6,70.7,4,1.4975474548065812
EC007304,ENG_B,Engineering,7,Saturday,3,28.1,74.8,0.0,47.1,45.6,5,0.5717307876132457
EC003254,LEC_A,LectureHall,20,Saturday,2,28.5,80.1,0.0,26.8,23.9,5,0.618111857569049
EC001812,ENG_A,Engineering,7,Thursday,8,26.4,83.1,0.0,39.4,39.7,3,0.4487106808612534
EC007155,RES_B,Residential,16,Thursday,12,30.8,68.9,108.0,43.6,42.8,3,0.43350459711844924
EC003072,LIB_A,Library,15,Wednesday,10,29.2,79.3,206.0,60.5,60.3,2,0.7164402798641737
EC007128,LIB_A,Library,17,Monday,12,28.5,72.9,213.0,55.0,55.1,0,0.4349083862939048
EC007526,BUS_A,Business,17,Monday,5,29.8,74.7,73.0,53.5,54.5,0,0.6190560313181886
EC004786,SCI_B,Science,8,Sunday,9,27.2,79.5,10.0,57.8,62.6,6,0.7648696295020004
EC006034,SCI_A,Science,14,Saturday,9,30.9,64.4,42.0,83.2,83.3,5,0.4443361741134977
EC002692,SPT_A,Sports,3,Friday,5,26.8,79.5,46.0,46.1,44.7,4,0.5404164904730505
EC002755,ADM_A,Administration,19,Sunday,6,28.7,82.1,0.0,24.7,26.4,6,0.5787324861499725
EC000163,LIB_A,Library,16,Sunday,7,29.9,77.4,281.0,74.6,71.7,6,4.4922776688121155
EC005636,ADM_A,Administration,18,Thursday,7,30.2,76.0,46.0,37.0,36.9,3,0.611883952473656
EC004811,SPT_A,Sports,1,Tuesday,12,25.7,87.7,6.0,34.1,35.7,1,0.5630388450522258
EC004233,LEC_A,LectureHall,11,Monday,1,29.9,72.1,184.0,59.3,64.3,0,1.5620329824524768
EC002690,BUS_A,Business,20,Sunday,2,29.2,75.1,3.0,31.6,34.2,6,0.40661360173085204
EC007691,LEC_A,LectureHall,9,Thursday,4,29.6,72.3,230.0,34.3,62.2,3,2.382405788280169
EC004213,ENG_B,Engineering,0,Thursday,1,27.8,73.7,17.0,38.5,40.0,3,0.890152832853908
EC002663,LIB_A,Library,13,Wednesday,7,30.2,68.7,142.0,53.1,51.3,2,0.5286391919671442
EC005238,LEC_A,LectureHall,7,Tuesday,7,27.1,86.2,23.0,28.8,27.5,1,0.6370612885165757
EC004319,BUS_B,Business,3,Thursday,12,25.6,85.1,43.0,38.9,41.3,3,0.5276872055334229
EC005063,BUS_B,Business,3,Sunday,8,26.5,81.9,0.0,27.8,31.9,6,0.46935740844718243
EC007074,BUS_B,Business,18,Wednesday,7,30.4,76.1,76.0,60.5,62.3,2,0.6025274453156764
EC000975,LEC_A,LectureHall,17,Sunday,3,30.1,76.8,63.0,40.0,40.1,6,0.5451421878339374
EC003085,ENG_B,Engineering,14,Friday,2,29.3,70.6,171.0,64.2,75.2,4,1.021091818453558
EC000164,RES_B,Residential,13,Thursday,2,31.7,71.6,111.0,38.7,44.8,3,0.9979688515097476
EC004172,SPT_A,Sports,16,Tuesday,3,30.6,69.2,93.0,53.8,61.2,1,0.4994566118220872
EC005672,LIB_A,Library,0,Sunday,11,24.2,78.9,0.0,23.3,26.1,6,0.9135537319735187
EC006678,RES_B,Residential,8,Monday,12,25.0,83.5,160.0,,32.5,0,6.177723624254781
EC000107,LIB_A,Library,18,Sunday,8,24.8,,135.0,44.9,47.6,6,4.7947356283113
EC005558,RES_B,Residential,0,Sunday,10,25.5,84.3,146.0,40.7,37.0,6,0.6486398444751433
EC000956,SCI_B,Science,4,Wednesday,1,26.3,77.8,0.0,51.1,57.0,2,0.8270016856812863
EC006134,RES_A,Residential,11,Wednesday,4,29.6,79.3,133.0,51.7,49.8,2,0.5652220597760166
EC001433,LEC_A,LectureHall,22,Saturday,5,26.7,80.8,18.0,24.6,26.3,5,0.39342890144130177
EC002085,SCI_A,Science,18,Tuesday,3,31.0,66.9,65.0,88.6,93.3,1,0.5885852948723294
EC006408,BUS_A,Business,8,Thursday,6,27.7,80.1,99.0,27.6,42.3,3,0.5129376409512049
EC005305,ENG_B,Engineering,0,Wednesday,9,26.5,82.3,2.0,39.0,33.9,2,0.7460821846043002
EC003828,RES_A,Residential,18,Monday,6,29.1,72.4,161.0,41.2,45.3,0,0.9616797855418568
EC003094,LEC_A,LectureHall,20,Thursday,9,26.7,83.4,0.0,25.4,24.8,3,0.6085493867052926
EC003296,RES_B,Residential,15,Monday,12,28.9,74.9,76.0,33.4,34.8,0,0.38729797363876495
EC000054,RES_A,Residential,16,Saturday,6,28.8,77.6,148.0,42.7,44.0,5,0.48577688613856435
EC006082,BUS_A,Business,3,Sunday,5,26.7,71.0,0.0,26.0,28.5,6,0.40384979586829717
EC002638,RES_B,Residential,15,Friday,3,30.8,71.4,168.0,42.9,52.3,4,0.8588188315291264
EC002274,BUS_B,Business,9,Wednesday,5,29.0,,58.0,53.0,53.3,2,0.9782776715363303
EC005838,LIB_A,Library,22,Friday,11,26.9,77.8,57.0,35.3,39.0,4,0.5412993032292929
EC000603,ENG_A,Engineering,16,Saturday,7,30.9,75.9,44.0,62.9,62.2,5,0.7130895270174858
EC005898,SPT_A,Sports,8,Monday,10,26.4,78.8,94.0,49.9,47.0,0,0.45034924181288827
EC004238,SCI_B,Science,13,Tuesday,3,30.7,67.8,145.0,116.5,104.6,1,1.3592619522376432
EC001464,LEC_A,LectureHall,19,Sunday,9,30.3,68.8,0.0,24.9,28.6,6,0.5204071071531979
EC004853,SCI_A,Science,3,Saturday,4,25.3,87.8,3.0,62.8,60.3,5,1.641027680145488
EC001148,SPT_A,Sports,15,Monday,7,31.9,73.1,245.0,70.0,75.5,0,6.837769723659669
EC004736,SPT_A,Sports,14,Monday,5,31.6,71.1,38.0,57.6,58.3,0,0.41618367669270767
EC006462,ENG_A,Engineering,12,Tuesday,1,29.5,76.1,,81.2,80.1,1,1.7117625038588407
EC002857,SCI_A,Science,20,Monday,12,29.3,72.3,19.0,71.0,80.6,0,0.6253827789489684
EC001375,SCI_B,Science,23,Tuesday,3,26.9,79.3,13.0,50.5,62.1,1,0.7089649608991413
EC002602,BUS_B,Business,1,Thursday,10,25.7,83.5,0.0,11.6,28.6,3,5.60487180789862
EC001750,LEC_A,LectureHall,0,Wednesday,12,27.5,76.3,8.0,31.7,31.2,2,0.7501914564805409
EC007073,LIB_A,Library,11,Wednesday,2,29.6,71.8,125.0,47.6,51.4,2,0.6224160093267724
EC006421,ENG_B,Engineering,5,Tuesday,9,24.6,82.2,0.0,31.7,32.2,1,0.5416198633191855
EC001907,SPT_A,Sports,14,Monday,9,31.0,74.5,34.0,47.7,53.1,0,0.5996222750222869
EC003311,RES_B,Residential,17,Friday,9,30.2,69.3,115.0,41.3,37.0,4,0.46393508912682935
EC000923,ENG_A,Engineering,9,Tuesday,1,29.1,73.2,82.0,62.9,69.0,1,0.6894075525265214
EC000712,LIB_A,Library,9,Friday,8,28.1,83.5,45.0,36.6,34.3,4,0.5357654184229242
EC006386,SPT_A,Sports,0,Monday,7,27.0,82.2,0.0,34.3,34.4,0,0.41504099926120724
EC002876,SPT_A,Sports,12,Tuesday,4,,74.0,0.0,41.0,45.4,1,1.3627030490812855
EC003489,SCI_B,Science,7,Monday,10,27.0,81.1,0.0,53.8,55.7,0,0.43234956231434396
EC003282,BUS_A,Business,4,Sunday,1,25.0,85.5,0.0,18.2,21.2,6,0.9102128211233352
EC001567,SCI_A,Science,2,Monday,4,27.0,86.3,0.0,60.6,69.3,0,0.8966799644823559
EC002408,BUS_B,Business,3,Friday,7,27.8,81.2,0.0,45.3,43.8,4,0.44052560455625434
EC003968,SCI_A,Science,1,Sunday,6,26.5,77.4,14.0,65.4,71.9,6,1.0317606521099039
EC006870,RES_B,Residential,22,Wednesday,10,26.8,82.2,227.0,41.9,50.1,2,0.42528030848871684
EC002021,RES_A,Residential,4,Thursday,6,27.7,77.2,198.0,54.9,57.0,3,0.5109558714587096
EC002093,SCI_A,Science,11,Saturday,12,28.6,76.9,48.0,77.7,79.5,5,0.8292364964898186
EC005163,ADM_A,Administration,17,Monday,3,30.3,74.3,77.0,36.3,41.2,0,0.6166572487232281
EC004149,SCI_B,Science,0,Wednesday,5,28.3,77.8,0.0,64.2,63.9,2,1.070065631028358
EC005346,LIB_A,Library,19,Thursday,8,27.8,66.9,155.0,48.6,51.9,3,0.5374870691383788
EC007281,SCI_A,Science,8,Wednesday,10,26.7,75.8,,49.5,80.4,2,2.2462016672123757
EC005025,LIB_A,Library,13,Monday,12,29.2,71.4,148.0,47.8,54.6,0,0.3473041963609987
EC006336,LIB_A,Library,21,Thursday,9,29.1,77.6,71.0,45.0,44.0,3,0.5787529485427514
EC006491,BUS_B,Business,12,Tuesday,4,30.6,75.4,155.0,86.6,75.5,1,0.7691032781128158
EC002666,ENG_A,Engineering,4,Saturday,5,25.4,76.2,30.0,38.3,37.0,5,0.6012535948897563
EC004685,SPT_A,Sports,1,Thursday,12,24.8,85.5,7.0,26.0,32.8,3,0.8366800481473007
EC005791,SCI_A,Science,18,Thursday,4,31.0,67.4,53.0,80.6,85.6,3,0.6170076258313917
EC007457,SPT_A,Sports,6,Wednesday,5,26.7,84.4,109.0,48.2,56.3,2,0.5466274668232729
EC000069,ADM_A,Administration,11,Wednesday,7,30.0,77.3,89.0,37.2,39.2,2,0.49974197996724434
EC007027,RES_B,Residential,1,Sunday,12,24.9,86.1,140.0,39.1,44.7,6,0.7015720685933893
EC007472,SPT_A,Sports,15,Saturday,4,31.2,78.9,,49.0,52.7,5,1.4913447158524284
EC005135,ENG_A,Engineering,7,Saturday,3,28.3,82.2,9.0,55.9,54.8,5,0.6776177389005053
EC007366,BUS_B,Business,12,Wednesday,3,29.8,68.1,173.0,77.9,70.7,2,0.8038167051486025
EC002703,SCI_B,Science,13,Thursday,10,30.4,79.8,,109.3,99.3,3,3.2479924325149985
EC002869,ADM_A,Administration,12,Thursday,3,31.2,72.7,101.0,48.0,50.9,3,0.6428960870549906
EC000254,RES_A,Residential,15,Tuesday,2,32.4,67.3,128.0,50.5,54.0,1,0.47307170907914997
EC001851,BUS_A,Business,15,Tuesday,12,29.3,83.2,111.0,49.0,55.9,1,0.5142601281165338
EC003199,LIB_A,Library,1,Monday,1,25.8,82.2,31.0,30.7,25.5,0,0.44416581610618433
EC005038,ENG_A,Engineering,14,Thursday,1,30.0,73.8,187.0,,82.2,3,5.583125199136322
EC005125,ENG_A,Engineering,20,Thursday,11,30.3,74.1,25.0,51.0,57.4,3,0.5313436114885193
EC005768,BUS_B,Business,15,Sunday,11,28.5,76.5,78.0,46.4,46.2,6,0.6598020310427892
EC003696,BUS_B,Business,17,Monday,10,29.1,76.8,69.0,55.6,57.3,0,0.41538717961801763
EC000225,SPT_A,Sports,12,Sunday,4,29.7,81.1,18.0,39.2,46.9,6,0.45438332646999885
EC001927,BUS_B,Business,14,Monday,2,29.8,78.4,137.0,70.5,62.5,0,0.44321841838872333
EC006252,SPT_A,Sports,1,Thursday,8,25.5,80.0,19.0,31.3,36.2,3,0.5379173719810164
EC004258,RES_A,Residential,9,Tuesday,6,27.6,81.3,146.0,43.2,45.5,1,0.6132800142295076
EC002257,ENG_B,Engineering,22,Sunday,1,28.5,76.8,8.0,39.5,46.2,6,0.6744366511861087
EC001404,SCI_A,Science,2,Saturday,3,26.1,87.1,0.0,54.6,71.5,5,0.5979857491904361
EC004181,SCI_B,Science,8,Wednesday,6,28.4,85.6,44.0,73.5,68.6,2,0.8609400748727684
EC005875,ENG_A,Engineering,8,Tuesday,8,29.3,76.7,84.0,55.7,56.8,1,0.5737362147408908
EC005703,ENG_A,Engineering,16,Thursday,2,29.4,70.9,134.0,71.5,72.6,3,0.609982982937085
EC007344,BUS_B,Business,1,Saturday,5,27.3,84.0,0.0,35.0,36.6,5,0.9042738797025218
EC004523,SCI_B,Science,10,Sunday,6,,77.9,24.0,68.9,69.9,6,1.1079248075416959
EC002164,LEC_A,LectureHall,6,Sunday,4,26.6,80.8,19.0,,29.5,6,1.4551964416221086
EC003104,RES_B,Residential,17,Sunday,7,29.3,74.9,139.0,41.2,44.1,6,0.7424257973256306
EC000155,ADM_A,Administration,4,Tuesday,2,26.4,73.1,17.0,22.7,24.6,1,0.6312717327326482
EC002246,LEC_A,LectureHall,2,Monday,7,27.3,80.7,31.0,31.9,33.2,0,0.440583313696248
EC004465,ADM_A,Administration,8,Friday,4,28.8,76.2,35.0,35.4,34.8,4,0.5426113353357548
EC005587,ADM_A,Administration,9,Monday,2,29.0,76.5,55.0,36.5,42.6,0,0.5809186781570007
EC004017,ENG_B,Engineering,12,Tuesday,1,28.7,77.8,168.0,63.7,65.6,1,0.8336495289573722
EC000503,ENG_A,Engineering,7,Sunday,8,27.6,85.5,9.0,39.7,42.1,6,0.6466463313801544
EC006848,SCI_B,Science,5,Friday,1,28.5,84.6,13.0,64.8,72.7,4,1.6560065799091155
EC002008,LIB_A,Library,0,Monday,1,26.3,89.3,14.0,28.8,27.1,0,0.467766422652795
EC005649,LEC_A,LectureHall,16,Sunday,10,30.8,79.9,,65.2,75.4,6,2.282539234917045
EC001642,RES_A,Residential,9,Wednesday,8,29.0,,145.0,40.9,46.6,2,1.6664866881631848
EC004922,ENG_A,Engineering,13,Sunday,6,30.5,74.0,37.0,61.8,64.5,6,0.7810600388472118
EC003377,BUS_B,Business,20,Tuesday,6,28.5,79.8,20.0,48.5,48.7,1,0.5038037006131522
EC004614,LEC_A,LectureHall,23,Thursday,5,28.0,69.9,21.0,40.2,38.5,3,0.7256885837008064
EC003789,ENG_A,Engineering,13,Saturday,3,30.1,70.0,65.0,,62.6,5,0.9425521563499135
EC006388,ENG_A,Engineering,0,Thursday,3,27.3,81.4,0.0,44.0,44.5,3,0.4849891669301061
EC002459,BUS_A,Business,10,Saturday,11,28.8,75.7,35.0,34.1,35.2,5,0.4812294669078538
EC004201,SPT_A,Sports,1,Wednesday,7,27.3,78.5,7.0,35.9,38.9,2,0.6710051862111119
EC002270,SCI_B,Science,22,Tuesday,11,26.1,82.3,1.0,51.7,56.1,1,0.7261562729957223
EC003796,LIB_A,Library,16,Friday,4,31.2,69.5,199.0,52.9,58.8,4,0.565833904416843
EC002492,ADM_A,Administration,4,Monday,9,26.1,84.2,5.0,17.4,25.4,0,2.743051196472878
EC001441,ADM_A,Administration,3,Wednesday,1,25.5,79.2,0.0,19.1,22.7,2,0.891493428906072
EC002933,LEC_A,LectureHall,19,Saturday,11,29.0,70.9,199.0,60.2,64.1,5,1.4396798935701645
EC007948,BUS_A,Business,16,Thursday,12,29.1,77.5,92.0,40.9,42.0,3,0.4677099841222376
EC006119,LEC_A,LectureHall,5,Wednesday,2,26.3,80.4,0.0,24.7,23.1,2,0.5260980328901502
EC003564,ENG_A,Engineering,14,Wednesday,2,31.7,69.1,167.0,83.6,88.7,2,0.6353374765350565
EC007663,LEC_A,LectureHall,18,Sunday,11,29.9,76.7,6.0,30.5,32.5,6,0.6043471682958504
EC001903,ENG_B,Engineering,16,Tuesday,12,29.7,77.5,117.0,62.5,64.0,1,0.7152695760210905
EC006601,ADM_A,Administration,4,Wednesday,5,26.5,75.5,3.0,27.6,29.6,2,0.7124219790775497
EC000692,RES_B,Residential,18,Tuesday,6,30.3,72.3,115.0,45.4,44.4,1,0.7306007856360424
EC007836,LIB_A,Library,6,Wednesday,9,27.0,78.3,0.0,26.9,31.4,2,0.3742804503328118
EC000794,SPT_A,Sports,7,Thursday,7,25.3,83.2,129.0,44.4,51.8,3,1.4317136801892645
EC004326,LEC_A,LectureHall,4,Saturday,8,26.8,75.8,0.0,18.7,17.5,5,0.9149183498394693
EC006207,ENG_B,Engineering,9,Thursday,9,28.1,73.7,92.0,46.9,53.9,3,0.5595917918794481
EC004510,ENG_A,Engineering,5,Thursday,12,25.5,78.4,16.0,32.9,36.7,3,0.5906789699033512
EC006292,SCI_B,Science,7,Friday,3,27.9,,0.0,60.5,63.7,4,4.198330709046474
EC003038,ADM_A,Administration,16,Sunday,6,30.5,70.9,2.0,30.7,35.1,6,0.6453884470370354
EC004096,LIB_A,Library,9,Monday,10,26.8,83.4,65.0,40.1,38.2,0,0.3969720178670644
EC006952,RES_B,Residential,9,Tuesday,6,30.2,75.9,180.0,51.7,49.6,1,0.5730703947710254
EC004461,RES_B,Residential,4,Sunday,2,26.2,83.6,140.0,39.9,46.1,6,0.611518769199976
EC003847,RES_A,Residential,17,Sunday,10,29.3,76.7,137.0,42.3,44.2,6,0.7043929815509654
EC000058,LEC_A,LectureHall,23,Wednesday,2,27.9,75.6,5.0,,33.5,2,3.5758836486213355
EC007925,ENG_B,Engineering,17,Tuesday,12,29.8,75.8,74.0,43.9,53.5,1,0.5525888229671055
EC005569,ADM_A,Administration,14,Saturday,12,30.4,73.7,30.0,32.4,33.4,5,0.4581868489310462
EC002759,LEC_A,LectureHall,20,Sunday,2,28.2,81.8,23.0,30.4,33.6,6,0.6366917309837165
EC002574,RES_A,Residential,5,Tuesday,3,27.5,,178.0,41.9,47.8,1,0.8096171759897235
EC004021,LIB_A,Library,14,Sunday,9,30.4,73.8,165.0,53.5,55.4,6,0.6339152343504884
EC001789,BUS_A,Business,14,Thursday,12,28.9,71.5,129.0,49.9,52.1,3,0.6828716867515965
EC000139,SPT_A,Sports,0,Tuesday,11,26.3,83.7,,31.0,33.2,1,3.855581892416215
EC007529,RES_A,Residential,15,Tuesday,7,32.4,68.5,84.0,38.8,43.8,1,0.9524128835074684
EC003799,ENG_A,Engineering,20,Tuesday,5,29.6,74.4,23.0,49.9,57.6,1,0.5739184181708383
EC004070,ENG_A,Engineering,1,Saturday,3,25.3,79.7,0.0,42.4,40.3,5,0.5742315640142405
EC004947,RES_A,Residential,22,Thursday,9,27.9,80.5,264.0,57.2,53.7,3,0.7505667057730174
EC004134,SCI_A,Science,7,Tuesday,4,26.6,83.0,0.0,69.5,69.9,1,0.7557169169190026
EC007324,BUS_A,Business,9,Sunday,6,29.7,71.4,20.0,34.8,40.8,6,0.4721699867229923
EC005421,RES_B,Residential,9,Tuesday,12,28.2,71.8,172.0,39.2,37.9,1,0.707300894419717
EC006153,SCI_B,Science,21,Thursday,7,29.0,72.6,20.0,69.5,73.8,3,0.7045538542686421
EC005207,RES_A,Residential,17,Tuesday,12,28.3,78.2,151.0,38.5,40.9,1,0.873284851913506
EC007679,SPT_A,Sports,4,Monday,12,24.5,82.1,52.0,40.5,39.9,0,0.43507957238324735
EC001438,BUS_B,Business,2,Monday,8,25.4,84.0,0.0,35.5,36.5,0,0.41553864058038265
EC001748,LEC_A,LectureHall,12,Sunday,5,29.9,74.5,212.0,74.7,75.9,6,1.8154661124126876
EC006293,SPT_A,Sports,3,Thursday,6,25.3,82.0,29.0,36.2,38.2,3,0.6331189371227632
EC005493,SCI_B,Science,1,Wednesday,9,26.7,79.4,15.0,60.6,58.4,2,0.8186012850936536
EC004297,LIB_A,Library,11,Monday,3,29.3,81.2,76.0,48.0,43.9,0,0.46123854903239914
EC003892,RES_A,Residential,4,Friday,3,25.2,86.0,192.0,49.5,55.5,4,0.48102079573672274
EC001074,SCI_A,Science,18,Thursday,5,30.8,74.2,,,98.8,3,27.039981356645836
EC003614,SCI_A,Science,6,Saturday,7,23.9,95.1,16.0,55.8,62.0,5,1.1004883443626616
EC004896,ENG_A,Engineering,23,Sunday,12,25.2,81.0,0.0,35.6,35.7,6,0.5639563950815757
EC004521,LIB_A,Library,3,Friday,1,24.7,84.5,9.0,27.4,28.5,4,0.40611537008573007
EC006496,BUS_B,Business,4,Thursday,9,26.4,88.3,,33.3,33.8,3,3.7646521115299825
EC005593,LEC_A,LectureHall,15,Tuesday,4,31.1,64.6,162.0,65.8,68.8,1,0.23076071898549302
EC001323,SCI_B,Science,18,Sunday,10,28.9,77.2,10.0,64.6,69.0,6,0.9287663020874022
EC001394,BUS_A,Business,0,Monday,8,25.7,85.9,0.0,29.3,28.1,0,0.26941009311481223
EC006438,RES_A,Residential,20,Friday,12,27.9,76.8,,44.0,51.1,4,0.6789897391317544
EC006986,SPT_A,Sports,22,Thursday,1,27.9,81.3,70.0,53.1,55.8,3,0.45957965437450476
EC004034,LIB_A,Library,8,Wednesday,12,28.3,72.7,32.0,29.3,33.8,2,0.4892103825003903
EC001632,ENG_B,Engineering,22,Tuesday,9,27.4,81.5,0.0,43.1,42.0,1,0.641654858556925
EC005193,RES_B,Residential,15,Thursday,9,29.5,79.1,103.0,34.4,42.8,3,0.4229405397851662
EC000649,LEC_A,LectureHall,2,Thursday,7,26.1,88.8,2.0,23.7,23.7,3,0.6362132003696054
EC004780,ADM_A,Administration,4,Sunday,3,26.2,78.5,0.0,19.5,21.7,6,0.9273592909728698
EC001981,RES_A,Residential,7,Saturday,4,27.6,78.5,243.0,50.6,55.5,5,0.57622353930526
EC001717,SCI_A,Science,9,Wednesday,3,27.1,76.6,66.0,79.3,82.4,2,0.9748468054841747
EC000088,SCI_A,Science,6,Thursday,11,26.0,80.5,14.0,67.1,68.2,3,1.050840391969115
EC002305,BUS_B,Business,22,Wednesday,5,27.5,85.1,8.0,32.1,40.1,2,0.6938132249956663
EC002925,LIB_A,Library,20,Thursday,8,29.2,82.6,129.0,48.2,51.8,3,0.5411292758625672
EC000249,ENG_B,Engineering,3,Friday,1,26.6,78.9,2.0,36.5,35.8,4,0.7949067279177512
EC001258,ENG_A,Engineering,4,Monday,8,25.3,87.7,4.0,35.9,42.8,0,0.43571377649106746
EC002159,LEC_A,LectureHall,18,Sunday,1,29.3,79.0,34.0,32.5,31.0,6,0.5023280096724562
EC006148,ADM_A,Administration,22,Wednesday,4,28.2,68.8,2.0,24.4,26.3,2,1.093482335938334
EC003852,RES_B,Residential,0,Monday,8,28.2,71.3,94.0,40.9,41.0,0,1.4037784220222278
EC002632,BUS_B,Business,9,Wednesday,3,27.8,79.2,117.0,57.9,58.9,2,0.7593923411115203
EC001741,BUS_B,Business,14,Thursday,10,30.9,70.9,161.0,63.2,71.6,3,0.7826634215163921
EC001711,RES_B,Residential,11,Sunday,4,30.1,68.6,136.0,34.5,49.7,6,0.5256273713568339
EC000705,SPT_A,Sports,16,Sunday,2,30.2,71.3,187.0,69.0,61.2,6,1.239598465022997
EC006823,ENG_A,Engineering,17,Thursday,11,31.5,79.4,83.0,65.9,72.3,3,0.5897295140903703
EC006178,ENG_B,Engineering,12,Thursday,5,30.3,78.3,165.0,73.6,76.9,3,0.8897206248364905
EC001297,LIB_A,Library,13,Saturday,11,29.6,73.7,282.0,76.5,73.9,5,7.845335453818106
EC005716,SPT_A,Sports,14,Wednesday,12,31.2,64.5,0.0,46.1,46.0,2,0.4428808424519383
EC007392,SPT_A,Sports,8,Sunday,11,26.2,86.8,111.0,40.9,44.7,6,1.0795970261876546
EC006318,LIB_A,Library,13,Saturday,2,29.2,70.7,110.0,47.3,52.5,5,0.5053026837793297
EC007567,LEC_A,LectureHall,23,Saturday,8,26.9,83.8,35.0,25.8,30.3,5,0.5609569842870853
EC003121,BUS_B,Business,6,Thursday,3,26.6,83.9,0.0,37.4,41.2,3,0.5704362328031926
EC007809,ENG_A,Engineering,15,Saturday,11,28.5,72.7,19.0,46.2,49.5,5,0.5252678676777986
EC002474,BUS_A,Business,18,Tuesday,4,29.1,67.9,62.0,46.8,51.0,1,0.46010930693230717
EC000640,SCI_B,Science,8,Sunday,6,27.9,74.1,1.0,57.3,64.4,6,0.7987063207320342
EC003086,LIB_A,Library,5,Monday,8,27.4,79.5,4.0,31.9,31.4,0,0.4478917896087368
EC001902,SCI_A,Science,0,Friday,6,25.8,74.8,0.0,61.9,67.8,4,0.7750637216214638
EC004155,SCI_A,Science,18,Friday,9,29.6,71.7,65.0,80.6,93.9,4,0.7341405596958287
EC002698,ENG_B,Engineering,1,Saturday,1,26.5,77.9,14.0,34.6,38.1,5,0.7854625577353035
EC007936,ENG_A,Engineering,17,Monday,9,28.2,90.1,111.0,62.7,71.0,0,0.5123235318630653
EC000934,ENG_B,Engineering,2,Wednesday,11,24.3,,15.0,30.9,31.0,2,4.265855721312462
EC005879,ADM_A,Administration,9,Thursday,4,28.0,82.0,51.0,35.5,40.0,3,0.441940169468051
EC007368,SCI_B,Science,4,Monday,8,25.7,86.5,5.0,88.1,69.4,0,3.1367901138207652
EC000377,LEC_A,LectureHall,7,Thursday,4,26.5,76.7,0.0,25.5,23.7,3,0.5370380896110256
EC005239,RES_B,Residential,5,Tuesday,11,25.8,80.6,213.0,43.6,47.9,1,0.5201702109464856
EC007785,SCI_A,Science,14,Wednesday,2,31.3,69.9,178.0,106.0,114.2,2,0.9573148463940873
EC007345,BUS_B,Business,8,Saturday,9,27.7,72.4,13.0,33.8,37.9,5,0.61761053797493
EC001400,SCI_A,Science,20,Wednesday,5,28.7,85.4,26.0,77.7,81.8,2,0.9535535568452221
EC003438,LIB_A,Library,22,Sunday,6,26.8,72.0,54.0,31.7,35.6,6,0.48451587976626587
EC006467,SCI_A,Science,13,Thursday,5,29.8,72.2,144.0,80.4,94.5,3,0.6126157124353998
EC003691,BUS_A,Business,11,Sunday,11,29.7,80.7,31.0,43.1,39.9,6,0.4947675186817582
EC003411,ENG_B,Engineering,12,Tuesday,6,31.6,72.8,174.0,83.4,81.4,1,0.9419917173178163
EC007188,ENG_B,Engineering,20,Wednesday,7,28.4,78.5,49.0,47.0,50.6,2,0.5542480836463767
EC003101,ADM_A,Administration,8,Sunday,7,28.5,80.9,23.0,28.6,32.8,6,0.5231006574810434
EC007487,ENG_B,Engineering,22,Monday,1,27.2,78.9,29.0,40.5,41.0,0,0.4342009648666816
EC004016,SCI_B,Science,16,Monday,10,30.4,71.1,158.0,114.4,105.8,0,1.0292771408474266
EC002530,BUS_A,Business,3,Monday,4,26.6,83.8,0.0,31.6,34.9,0,0.3245473045475835
EC002503,RES_A,Residential,14,Monday,10,29.4,79.4,134.0,45.1,51.9,0,0.42752692065301917
EC006533,SPT_A,Sports,22,Tuesday,11,27.1,77.5,8.0,93.4,55.1,1,4.183761320338818
EC006057,SCI_A,Science,12,Friday,7,28.1,77.3,127.0,106.2,99.4,4,0.9658290326343446
EC002928,ENG_A,Engineering,20,Tuesday,3,29.1,80.6,23.0,51.9,47.0,1,0.6238628342565452
EC003815,SCI_B,Science,10,Wednesday,1,29.3,69.3,74.0,77.1,82.4,2,0.49500848668710895
EC003444,BUS_A,Business,10,Monday,7,30.3,78.2,100.0,53.1,54.1,0,0.41954509407386315
EC000641,LEC_A,LectureHall,1,Thursday,11,26.6,73.2,15.0,28.3,32.0,3,0.9379872800993221
EC005759,ENG_B,Engineering,19,Saturday,8,29.4,76.2,0.0,38.0,48.3,5,0.47598282413549475
EC000784,ADM_A,Administration,15,Thursday,6,30.1,73.4,99.0,48.1,45.7,3,0.4867367057082596
EC005685,LEC_A,LectureHall,15,Saturday,6,31.6,69.0,75.0,51.0,51.7,5,0.45732796385720637
EC005696,SPT_A,Sports,18,Thursday,3,,85.8,176.0,58.9,66.0,3,3.225834600262858
EC001455,ENG_A,Engineering,19,Saturday,11,28.3,71.0,0.0,43.0,48.2,5,0.5626432355490975
EC005235,SPT_A,Sports,19,Friday,4,28.4,75.9,166.0,65.6,68.7,4,0.9778844291092889
EC001650,LEC_A,LectureHall,9,Wednesday,7,27.2,82.7,120.0,57.6,55.4,2,0.7533421640059659
EC004718,ADM_A,Administration,16,Wednesday,9,30.5,68.0,80.0,41.6,44.9,2,0.43539913413788717
EC007159,SCI_A,Science,19,Friday,8,29.3,77.3,33.0,64.3,70.8,4,0.5967472060179837
EC003427,BUS_A,Business,18,Sunday,5,31.7,76.2,23.0,46.4,43.6,6,0.529547125341459
EC004176,ENG_A,Engineering,17,Saturday,10,28.4,67.7,20.0,49.4,49.5,5,0.5798948314562933
EC006146,SCI_A,Science,8,Sunday,5,28.1,80.7,10.0,61.5,65.8,6,0.8904797150593564
EC000380,RES_A,Residential,4,Sunday,10,24.8,81.1,195.0,46.9,48.9,6,0.8746424043359733
EC006620,BUS_B,Business,19,Sunday,8,29.6,73.8,25.0,37.4,43.8,6,0.5273654313726712
EC003811,SCI_B,Science,21,Wednesday,7,29.7,80.8,8.0,67.2,72.6,2,1.1022678262194479
EC003907,BUS_B,Business,10,Thursday,4,28.8,77.3,172.0,70.4,63.5,3,0.8673608743681912
EC007326,ADM_A,Administration,0,Tuesday,5,27.6,87.8,9.0,25.8,23.3,1,0.5406436125928265
EC001946,LEC_A,LectureHall,3,Friday,3,26.0,88.2,0.0,14.7,24.1,4,3.773088628629419
EC004533,ENG_A,Engineering,12,Sunday,4,30.2,68.2,43.0,63.4,65.4,6,0.6004308367517479
EC006062,LEC_A,LectureHall,22,Tuesday,12,28.4,71.0,0.0,28.6,32.7,1,0.4943589598982316
EC006880,RES_B,Residential,14,Thursday,8,31.1,70.4,91.0,40.7,41.9,3,0.57859307690208
EC005799,SCI_B,Science,10,Sunday,1,28.7,69.7,34.0,70.1,73.4,6,0.7387477366635539
EC001848,LIB_A,Library,10,Sunday,1,,73.2,226.0,49.2,55.8,6,2.434862595233958
EC003483,BUS_A,Business,20,Wednesday,8,28.6,76.1,27.0,37.1,39.9,2,0.47675205904655377
EC007617,ENG_A,Engineering,4,Wednesday,5,26.1,76.1,,46.3,46.3,2,1.9071519263886023
EC000648,SPT_A,Sports,18,Wednesday,11,29.1,70.4,133.0,59.4,63.2,2,0.6823789629082547
EC006795,ENG_A,Engineering,15,Monday,11,29.2,70.0,141.0,76.6,75.8,0,0.45132657360686895
EC000535,BUS_B,Business,4,Friday,8,25.4,83.9,1.0,28.2,34.4,4,0.5566815672723838
EC004059,SPT_A,Sports,10,Monday,10,27.0,83.9,15.0,34.8,36.6,0,0.35870723767457685
EC005006,LIB_A,Library,16,Thursday,9,29.1,73.0,241.0,58.3,59.3,3,1.3929613612762446
EC003047,ADM_A,Administration,1,Wednesday,5,27.7,76.4,14.0,21.7,26.6,2,0.5805821262984612
EC000463,RES_B,Residential,5,Wednesday,8,24.1,81.8,175.0,42.2,46.5,2,0.6351116043981754
EC005114,RES_B,Residential,8,Wednesday,6,27.2,77.3,180.0,42.3,42.4,2,0.6050161499243728
EC006456,ENG_B,Engineering,16,Monday,8,29.5,75.1,77.0,55.1,56.4,0,0.44426565825719116
EC001462,ENG_B,Engineering,2,Tuesday,8,25.1,86.7,9.0,57.3,44.4,1,0.8036214035343626
EC003876,SCI_A,Science,5,Friday,3,25.4,80.9,10.0,59.1,57.0,4,1.2877583006601947
EC005311,SCI_A,Science,0,Thursday,10,25.7,83.0,2.0,56.1,55.2,3,0.8748919615075708
EC003338,RES_A,Residential,1,Sunday,11,26.2,77.9,140.0,49.7,50.1,6,0.45971892268223014
EC007302,ENG_A,Engineering,4,Wednesday,7,27.0,77.7,0.0,40.0,38.5,2,0.5953049008010901
EC003356,ENG_B,Engineering,2,Friday,2,26.0,82.4,20.0,38.6,38.3,4,0.5473749765482172
EC007339,RES_A,Residential,7,Tuesday,12,26.7,79.7,211.0,46.9,51.8,1,0.45282925649024736
EC001918,LIB_A,Library,13,Wednesday,3,30.9,73.6,155.0,53.9,63.2,2,0.6659572939587822
EC006622,SCI_B,Science,2,Thursday,5,25.6,76.1,2.0,55.2,59.1,3,0.8655397098308965
EC002187,ENG_B,Engineering,8,Thursday,12,27.4,88.2,66.0,44.1,48.6,3,0.5150508538111501
EC000346,BUS_B,Business,8,Friday,8,28.3,75.2,50.0,50.1,42.1,4,0.5372551899082264
EC000292,ADM_A,Administration,3,Friday,3,27.4,81.3,5.0,23.9,27.7,4,0.8009806625698895
EC002518,LEC_A,LectureHall,23,Tuesday,7,27.7,76.1,0.0,24.5,24.6,1,0.6200468055001889
EC005481,ENG_A,Engineering,9,Saturday,12,28.2,74.4,56.0,54.6,53.0,5,0.5358647760087818
EC007518,RES_A,Residential,8,Monday,1,26.4,86.1,176.0,46.9,45.5,0,0.4953276563214691
EC004845,BUS_A,Business,0,Monday,5,28.0,75.6,12.0,33.3,38.2,0,0.48540232295537883
EC007051,SCI_A,Science,11,Monday,5,31.2,77.1,118.0,101.8,104.3,0,0.9940352150568303
EC004377,SCI_A,Science,14,Friday,4,31.4,72.6,149.0,119.3,113.8,4,1.638474159212525
EC005108,ENG_A,Engineering,10,Tuesday,8,28.7,79.4,132.0,69.2,67.0,1,0.6198589528816467
EC006311,BUS_A,Business,2,Monday,7,27.5,81.5,23.0,31.2,32.5,0,0.4633567100513461
EC000234,RES_B,Residential,8,Sunday,10,27.9,75.5,220.0,43.3,51.6,6,0.5764671053496118
EC004341,ADM_A,Administration,9,Sunday,2,,77.9,24.0,22.6,23.9,6,2.061357089645335
EC003431,ENG_A,Engineering,2,Friday,1,26.7,78.9,0.0,36.2,33.8,4,0.6147719143939314
EC004180,ENG_A,Engineering,14,Tuesday,2,28.7,80.1,171.0,77.7,81.1,1,0.9319787098905684
EC000990,RES_B,Residential,7,Friday,2,27.3,77.4,208.0,41.8,46.4,4,0.5732040301427516
EC007062,LEC_A,LectureHall,19,Friday,3,30.2,77.0,0.0,37.4,40.0,4,0.5259401753966646
EC000168,RES_A,Residential,14,Sunday,12,31.8,67.1,95.0,48.2,46.7,6,0.29624025794427145
EC004806,RES_B,Residential,9,Saturday,3,28.3,79.1,188.0,41.5,43.1,5,0.5276974094348046
EC002757,SCI_B,Science,13,Tuesday,2,35.5,82.3,114.0,136.8,127.4,1,2.8208976164314272
EC006042,SPT_A,Sports,22,Saturday,11,24.7,86.1,104.0,47.9,37.1,5,0.5115224570732358
EC007167,RES_A,Residential,11,Wednesday,5,29.6,71.3,172.0,53.8,53.4,2,0.6249933277786919
EC005415,SCI_A,Science,2,Saturday,1,26.1,89.8,0.0,68.9,71.7,5,0.8722627527512139
EC006026,ENG_B,Engineering,14,Friday,4,31.4,74.1,145.0,75.6,80.5,4,0.8480533075185596
EC004720,SCI_A,Science,8,Wednesday,11,28.0,77.7,56.0,69.7,75.9,2,0.5963770448183178
EC002648,RES_B,Residential,18,Sunday,12,28.6,73.7,155.0,37.1,37.9,6,0.921724329077269
EC003833,ENG_A,Engineering,3,Thursday,11,26.0,85.2,0.0,38.7,35.6,3,0.5281389173477549
EC006480,BUS_A,Business,22,Saturday,9,26.2,76.8,0.0,25.8,24.8,5,0.4026772923906147
EC000198,SPT_A,Sports,6,Friday,6,26.0,83.5,100.0,41.3,43.4,4,0.518692481367184
EC002176,BUS_A,Business,7,Sunday,11,27.7,77.1,1.0,22.5,29.8,6,0.43176829908046394
EC007148,SCI_A,Science,15,Sunday,8,30.0,72.4,11.0,74.4,80.5,6,1.4473623951376942
EC000832,RES_B,Residential,19,Tuesday,2,28.4,74.4,202.0,36.2,40.6,1,0.6314158402638974
EC000290,LEC_A,LectureHall,13,Wednesday,6,29.8,,225.0,85.7,81.6,2,1.3743089153145227
EC007330,RES_B,Residential,13,Monday,1,31.6,70.0,111.0,47.4,48.8,0,0.8924872042887385
EC001202,ENG_A,Engineering,11,Monday,8,29.8,70.9,189.0,83.3,82.3,0,0.5199054375555354
EC003577,BUS_A,Business,22,Saturday,12,27.1,79.4,0.0,26.1,24.0,5,0.3812418657499994
EC001390,ENG_A,Engineering,1,Monday,12,25.9,87.2,23.0,42.3,45.4,0,0.48024782242469893
EC002390,RES_A,Residential,4,Wednesday,3,26.9,80.5,,47.5,50.8,2,0.8284728676248042
EC002610,SCI_A,Science,20,Thursday,4,24.7,98.5,21.0,68.3,70.3,3,3.0672961304281894
EC002084,RES_B,Residential,5,Monday,5,26.7,81.4,165.0,47.9,46.1,0,0.4701225245344613
EC007635,LIB_A,Library,21,Thursday,2,27.4,74.9,101.0,44.5,48.1,3,0.6781985190769587
EC001939,SCI_A,Science,7,Wednesday,10,25.7,85.2,0.0,53.4,58.1,2,0.48475618673340687
EC006123,LEC_A,LectureHall,5,Monday,5,28.0,77.0,0.0,26.6,27.7,0,1.0884807998420556
EC007879,ENG_B,Engineering,18,Sunday,4,28.1,79.7,14.0,40.2,47.2,6,0.5706162346251618
EC005000,RES_A,Residential,23,Saturday,4,26.9,82.5,298.0,55.6,60.3,5,0.6694672573178283
EC002653,RES_A,Residential,18,Wednesday,10,28.9,88.7,112.0,39.4,37.1,2,0.6921181356920646
EC003874,LEC_A,LectureHall,2,Thursday,3,24.6,86.8,16.0,26.9,28.2,3,0.44287750128413655
EC003251,ENG_B,Engineering,4,Thursday,6,25.5,81.7,0.0,29.1,37.2,3,0.5788613082451675
EC001957,RES_B,Residential,2,Wednesday,12,25.7,76.0,165.0,40.6,48.4,2,0.7660527640981959
EC003969,SCI_A,Science,1,Thursday,4,27.4,86.0,0.0,76.5,68.8,3,2.104318415828063
EC003842,LEC_A,LectureHall,5,Wednesday,12,25.1,91.6,0.0,18.3,22.5,2,1.020871419941842
EC005474,RES_A,Residential,2,Friday,10,25.4,87.5,138.0,38.0,42.7,4,0.6306371961404242
EC003546,ADM_A,Administration,19,Monday,3,28.8,78.9,0.0,27.4,32.9,0,0.4300131040086785
EC004089,LIB_A,Library,6,Monday,10,25.8,84.3,53.0,33.1,33.1,0,0.4176552057574689
EC003007,SPT_A,Sports,18,Monday,2,30.3,69.8,174.0,69.9,65.8,0,1.4089085723515569
EC000793,BUS_A,Business,13,Monday,9,30.5,70.5,151.0,59.6,63.7,0,0.7284058549024274
EC003497,SPT_A,Sports,14,Saturday,12,29.8,75.4,213.0,53.8,57.9,5,1.9922843979503917
EC002380,LEC_A,LectureHall,13,Sunday,6,30.7,72.5,61.0,43.8,45.5,6,0.4995958913464788
EC000736,LEC_A,LectureHall,21,Sunday,4,28.5,81.7,0.0,30.3,29.6,6,0.6701727573925628
EC004968,BUS_A,Business,19,Friday,1,28.3,82.0,3.0,30.1,36.1,4,0.5023050569326373
EC003819,SCI_A,Science,4,Wednesday,11,26.2,75.8,7.0,84.9,77.8,2,4.429252328091282
EC005105,RES_B,Residential,7,Saturday,6,27.1,76.3,189.0,47.7,48.0,5,0.5432846556555927
EC006893,SCI_A,Science,21,Friday,2,29.4,77.3,16.0,,80.7,4,1.4368529399487715
EC003363,ENG_A,Engineering,11,Monday,3,29.7,82.5,169.0,89.1,84.2,0,0.45451287955380126
EC003204,RES_A,Residential,10,Thursday,8,30.6,74.6,146.0,47.4,44.3,3,0.6168136150620713
EC006170,BUS_B,Business,9,Wednesday,9,29.4,69.1,72.0,51.4,48.0,2,0.4446018634762365
EC006024,LEC_A,LectureHall,2,Thursday,4,26.3,81.2,15.0,22.1,25.3,3,0.5873965635890942
EC005963,SCI_B,Science,3,Saturday,10,25.0,80.8,10.0,59.0,55.6,5,1.7541284869173122
EC005253,SCI_A,Science,21,Tuesday,5,29.0,72.4,50.0,75.9,82.8,1,0.652223584195829
EC000415,BUS_B,Business,8,Sunday,3,28.1,81.5,1.0,41.5,38.0,6,0.6127356906992268
EC000390,SCI_B,Science,1,Saturday,8,26.5,82.6,1.0,49.9,56.7,5,0.556531056204711
EC006530,SCI_A,Science,15,Thursday,7,31.1,66.7,103.0,105.0,105.9,3,0.3193412474380676
EC000025,ENG_B,Engineering,7,Friday,7,28.3,78.1,183.0,34.7,65.8,4,2.3880162026517797
EC005456,RES_A,Residential,4,Thursday,12,25.3,82.9,251.0,46.2,47.6,3,1.034518845688601
EC003880,ENG_B,Engineering,15,Tuesday,6,30.8,82.1,134.0,76.7,74.3,1,0.7911176446078744
EC007728,SCI_B,Science,6,Sunday,10,24.7,83.3,0.0,50.5,47.6,6,0.46527239869959097
EC004442,ADM_A,Administration,22,Monday,1,29.0,76.8,2.0,28.5,33.2,0,0.8493711655210489
EC005013,BUS_A,Business,4,Tuesday,8,26.0,78.7,36.0,34.6,32.6,1,0.4609838866141213
EC007891,BUS_B,Business,17,Wednesday,10,29.4,79.4,66.0,42.9,51.3,2,0.49050792037416
EC004212,BUS_B,Business,10,Wednesday,4,29.6,70.9,110.0,62.5,57.9,2,0.7117674173492984
EC002215,SCI_A,Science,10,Monday,12,27.8,,101.0,84.8,89.2,0,0.872264595448585
EC006603,ENG_B,Engineering,5,Monday,10,25.8,82.0,9.0,35.1,33.5,0,0.5148780643550984
EC002686,LEC_A,LectureHall,5,Sunday,10,26.7,84.2,9.0,23.6,22.8,6,0.5186943988559006
EC003641,LEC_A,LectureHall,1,Thursday,7,26.8,80.7,0.0,23.0,23.5,3,0.5172209029108576
EC007125,BUS_B,Business,14,Tuesday,4,31.5,79.1,165.0,68.5,72.4,1,0.8609807440414985
EC007369,ENG_B,Engineering,23,Thursday,10,28.3,86.3,4.0,43.4,41.0,3,0.6879248736277493
EC007465,BUS_B,Business,2,Tuesday,6,27.5,81.1,11.0,40.4,36.9,1,0.7302853097879426
EC001714,ADM_A,Administration,1,Wednesday,3,26.4,87.1,0.0,15.8,19.2,2,2.446958698053245
EC006633,ENG_A,Engineering,17,Thursday,6,31.3,65.4,137.0,78.4,84.4,3,0.4424082122711971
EC001027,LEC_A,LectureHall,11,Saturday,2,30.2,79.0,226.0,73.5,77.5,5,2.8405787547740236
EC001973,ADM_A,Administration,22,Tuesday,3,28.0,80.8,1.0,23.2,31.7,1,0.6718882866669814
EC001153,BUS_B,Business,3,Tuesday,2,26.1,79.3,14.0,36.9,35.3,1,0.6029554721187343
EC007647,SCI_A,Science,1,Thursday,3,27.7,72.6,24.0,69.4,73.3,3,0.8953562953818541
EC003183,LEC_A,LectureHall,7,Thursday,6,27.0,81.8,39.0,40.2,38.1,3,0.62105318524479
EC003865,SCI_B,Science,9,Monday,9,,76.2,61.0,71.2,77.1,0,1.2146097513936474
EC003801,SPT_A,Sports,3,Tuesday,3,26.1,82.7,,32.8,40.7,1,4.007437309334962
EC000593,SCI_A,Science,21,Sunday,3,28.4,82.2,25.0,66.5,78.3,6,0.6397315199245014
EC000795,RES_A,Residential,15,Saturday,1,29.8,79.5,121.0,40.6,41.3,5,0.5280190197938287
EC005733,LIB_A,Library,11,Sunday,3,29.1,86.3,268.0,66.0,69.8,6,2.638789216494956
EC004479,SCI_B,Science,4,Sunday,10,26.8,79.2,2.0,64.0,58.5,6,1.2964863386937593
EC002405,SCI_B,Science,4,Monday,5,26.3,75.1,15.0,59.8,60.0,0,0.9083337070450654
EC000716,BUS_A,Business,10,Monday,1,26.6,76.9,98.0,45.3,47.9,0,0.7867547094408405
EC003754,LEC_A,LectureHall,16,Sunday,11,29.4,75.3,23.0,28.9,32.7,6,0.4671308439684049
EC005964,BUS_A,Business,1,Sunday,9,25.9,84.4,0.0,24.2,25.0,6,0.3375000534894308
EC002944,ENG_A,Engineering,15,Monday,2,31.0,69.7,150.0,83.1,86.9,0,0.7398117005735186
EC000939,ENG_A,Engineering,1,Saturday,9,26.3,82.6,0.0,36.5,42.6,5,0.6449895952053506
EC006637,BUS_B,Business,14,Saturday,1,31.7,70.5,78.0,52.4,53.5,5,0.46779735584097204
EC005735,LEC_A,LectureHall,2,Tuesday,6,27.1,75.6,25.0,36.9,32.8,1,0.5621142205410739
EC000901,ADM_A,Administration,6,Monday,2,27.1,72.2,3.0,26.1,28.4,0,0.5609379222481967
EC007072,SCI_A,Science,10,Monday,4,30.8,74.0,98.0,116.7,109.6,0,0.8243632681781814
EC003697,LIB_A,Library,4,Sunday,8,25.9,90.8,2.0,29.8,33.9,6,0.42515094204205617
EC001245,SPT_A,Sports,13,Saturday,9,29.1,77.8,24.0,47.0,43.2,5,0.48246760264838134
EC004306,RES_B,Residential,9,Friday,4,30.7,70.5,134.0,45.4,42.9,4,0.7825512468539638
EC005911,ADM_A,Administration,0,Saturday,2,26.3,79.4,2.0,20.1,23.5,5,0.8370911418844835
EC001176,LIB_A,Library,22,Tuesday,3,27.6,81.9,59.0,45.6,47.0,1,0.5551337363835788
EC004996,SCI_A,Science,21,Thursday,7,29.0,79.4,8.0,64.7,73.6,3,0.9524816308676629
EC005057,ENG_B,Engineering,7,Saturday,6,28.0,80.4,3.0,40.2,38.9,5,0.642464538069339
EC002445,SCI_B,Science,1,Wednesday,8,25.3,85.1,0.0,52.0,55.2,2,0.3336964099803677
EC005729,SCI_A,Science,16,Friday,10,30.8,76.5,106.0,91.1,89.0,4,0.8287242631728061
EC005199,SCI_A,Science,11,Tuesday,3,29.8,71.1,118.0,83.3,95.1,1,0.627616973306534
EC003014,RES_B,Residential,9,Friday,10,28.5,84.5,148.0,33.0,39.2,4,0.8284762813486025
EC001559,SCI_B,Science,3,Thursday,7,26.2,84.8,13.0,60.6,59.7,3,1.273246892998582
EC003437,LIB_A,Library,22,Sunday,9,28.1,77.6,38.0,44.7,43.4,6,0.4874341413173497
EC004226,ADM_A,Administration,1,Tuesday,8,24.4,88.4,0.0,20.9,21.3,1,1.5563903591448713
EC006792,ENG_A,Engineering,16,Friday,6,35.5,79.3,176.0,117.9,106.0,4,5.8106187718871585
EC005869,SCI_A,Science,14,Wednesday,5,34.2,79.0,163.0,117.1,124.9,2,5.810908995287657
EC007554,RES_A,Residential,14,Sunday,12,29.2,81.8,139.0,42.8,44.5,6,0.6390066688071289
EC001143,LEC_A,LectureHall,17,Saturday,4,30.2,81.7,2.0,31.2,28.5,5,0.745175925397606
EC007295,ADM_A,Administration,20,Monday,4,28.9,76.9,11.0,32.1,27.9,0,0.8803085264247265
EC006158,LEC_A,LectureHall,8,Tuesday,12,26.5,81.9,82.0,42.6,43.7,1,0.5475459230435312
EC003287,SPT_A,Sports,17,Tuesday,1,29.2,77.9,92.0,50.0,49.4,1,0.5118074778385148
EC002424,RES_B,Residential,7,Friday,4,28.0,87.7,205.0,51.1,52.3,4,0.49992158907290113
EC000694,LEC_A,LectureHall,17,Thursday,5,28.7,79.3,79.0,40.4,43.2,3,0.5884687813102705
EC005608,SCI_B,Science,8,Monday,7,27.2,80.7,50.0,61.4,67.7,0,0.5505403347403091
EC005746,ENG_A,Engineering,13,Saturday,4,30.1,72.6,39.0,65.2,62.1,5,0.7069440158684284
EC003857,LIB_A,Library,9,Sunday,8,27.6,70.2,0.0,33.0,33.5,6,0.469741642424831
EC004554,ADM_A,Administration,5,Tuesday,1,23.8,99.5,12.0,18.1,21.0,1,6.798706492392475
EC000136,SCI_B,Science,6,Friday,4,27.9,80.2,6.0,59.7,70.3,4,1.1463754756559688
EC001555,LIB_A,Library,21,Sunday,4,29.9,78.2,73.0,54.2,53.2,6,0.5976338775216706
EC005419,ENG_B,Engineering,5,Saturday,4,26.5,81.9,0.0,35.5,39.5,5,0.7475162735062473
EC003797,RES_A,Residential,21,Tuesday,3,28.9,72.8,189.0,53.2,59.3,1,0.5641112207075041
EC000012,ENG_B,Engineering,18,Monday,5,30.4,79.4,64.0,62.3,66.3,0,0.5066776675541244
EC002763,ENG_A,Engineering,1,Friday,1,26.9,72.2,48.0,42.7,46.7,4,0.6270147365082428
EC007220,ENG_B,Engineering,5,Sunday,6,27.4,81.2,4.0,32.6,42.2,6,0.6568676971497299
EC004696,BUS_A,Business,6,Saturday,6,26.7,81.1,0.0,28.7,30.8,5,0.36922170316881475
EC001720,BUS_A,Business,18,Wednesday,1,29.3,82.4,81.0,51.3,55.9,2,0.4812768895910813
EC001177,SPT_A,Sports,7,Tuesday,9,26.5,81.4,131.0,50.2,53.7,1,0.7282129023192913
EC003975,ADM_A,Administration,2,Saturday,1,26.6,87.0,0.0,21.5,20.0,5,0.6659071495225866
EC004635,LIB_A,Library,16,Friday,11,29.7,72.4,199.0,61.9,64.3,4,1.2460644845255464
EC000349,SCI_B,Science,19,Tuesday,4,28.4,75.1,31.0,67.6,69.9,1,0.6648222664127069
EC001523,ENG_A,Engineering,5,Tuesday,3,26.3,76.8,7.0,39.0,38.4,1,0.7059317414220759
EC007968,BUS_B,Business,17,Monday,2,29.8,68.0,73.0,,61.6,0,0.8519189423517538
EC000001,BUS_A,Business,11,Wednesday,2,28.7,80.6,116.0,53.5,54.5,2,0.62806000184166
EC000619,SPT_A,Sports,20,Friday,2,27.6,76.5,143.0,54.6,58.6,4,0.8102781217238725
EC004670,LIB_A,Library,17,Tuesday,4,31.3,69.6,235.0,68.1,64.7,1,0.8219141041964367
EC003246,ENG_B,Engineering,10,Wednesday,10,28.4,78.5,85.0,54.1,55.5,2,0.5512891540679928
EC004436,LIB_A,Library,19,Tuesday,7,29.3,75.2,182.0,58.1,55.2,1,0.6004412653126701
EC004408,SPT_A,Sports,5,Thursday,6,26.5,84.5,36.0,37.8,44.2,3,0.518692481367184
EC003195,BUS_B,Business,16,Monday,8,30.2,78.5,144.0,59.6,58.9,0,0.5589646368425872
EC007199,LIB_A,Library,6,Friday,6,28.1,81.8,0.0,34.2,41.9,4,0.5924703082476613
EC004199,ENG_B,Engineering,14,Monday,10,29.5,76.5,155.0,63.0,68.5,0,0.5347564564161954
EC005828,RES_B,Residential,17,Wednesday,5,31.0,74.3,133.0,47.9,45.7,2,0.6661169586150554
EC003428,SCI_A,Science,9,Thursday,12,28.6,74.3,68.0,85.7,85.2,3,0.7603826070502833
EC005969,ENG_B,Engineering,3,Friday,3,27.3,81.5,15.0,41.2,42.8,4,0.6142533513025801
EC006786,RES_B,Residential,6,Thursday,11,27.2,85.3,178.0,42.1,43.2,3,0.6172619271558701
EC007379,ENG_A,Engineering,19,Sunday,11,30.1,70.2,21.0,50.9,50.8,6,0.5841809745439871
EC007129,LEC_A,LectureHall,6,Thursday,1,25.6,83.2,0.0,21.9,23.2,3,0.5573139701091545
EC003304,RES_B,Residential,20,Saturday,10,29.3,79.7,131.0,42.4,42.1,5,0.5941827138750818
EC003476,BUS_B,Business,20,Monday,6,29.8,70.2,6.0,39.3,39.4,0,0.47174819677805874
EC006501,SCI_A,Science,1,Thursday,11,25.9,79.9,0.0,60.7,64.9,3,0.7513602182215249
EC006308,LEC_A,LectureHall,16,Sunday,1,28.8,76.5,26.0,30.9,33.0,6,0.5627538750800521
EC005796,ENG_B,Engineering,19,Sunday,1,28.5,75.4,2.0,44.5,42.9,6,0.5495090674498065
EC000045,SCI_B,Science,9,Monday,6,28.4,78.1,64.0,71.3,75.5,0,0.514153029771564
EC005396,SCI_A,Science,16,Thursday,7,30.0,73.6,98.0,94.0,91.1,3,0.7142686179187017
EC005842,ENG_A,Engineering,17,Friday,10,29.4,80.2,100.0,60.5,63.8,4,0.6052650294470442
EC006272,RES_A,Residential,3,Saturday,6,25.8,73.9,177.0,42.2,45.3,5,0.6510610192595778
EC000333,SCI_A,Science,12,Friday,11,29.6,79.4,8.0,73.1,76.9,4,2.066131177188077
EC007958,ENG_A,Engineering,10,Thursday,11,28.2,67.7,114.0,59.0,64.6,3,0.5396957290617508
EC002276,BUS_A,Business,12,Tuesday,2,30.2,68.7,119.0,59.8,54.4,1,0.6288675759080256
EC000279,SCI_A,Science,10,Tuesday,2,28.2,77.0,82.0,76.9,82.7,1,0.9747381173435543
EC002289,RES_B,Residential,22,Wednesday,8,27.8,86.6,241.0,52.5,56.3,2,0.5085034309490146
EC001356,ENG_B,Engineering,15,Saturday,1,31.3,74.6,36.0,53.2,59.6,5,0.5658018062551732
EC005583,LIB_A,Library,17,Friday,8,30.4,68.6,188.0,44.3,53.0,4,0.7048557100890905
EC007846,ENG_A,Engineering,1,Wednesday,3,27.3,81.0,0.0,41.0,44.6,2,0.7417826523819696
EC007843,SCI_A,Science,17,Tuesday,10,29.2,74.0,54.0,83.6,84.3,1,0.830895569336586
EC004850,ENG_B,Engineering,21,Thursday,1,28.5,73.8,18.0,44.3,44.9,3,0.5359920616379316
EC000453,BUS_A,Business,4,Monday,6,27.0,80.8,18.0,30.4,34.3,0,0.3715823801738227
EC001038,SCI_A,Science,1,Monday,3,27.1,82.8,0.0,71.3,73.5,0,0.8794554870773162
EC000075,RES_A,Residential,11,Sunday,6,29.7,74.8,178.0,43.5,46.2,6,0.762194572513656
EC003333,LIB_A,Library,15,Wednesday,3,31.3,69.0,201.0,66.9,71.1,2,0.8330692796634185
EC006324,RES_B,Residential,6,Tuesday,11,26.9,81.4,241.0,46.5,47.6,1,0.6018076325240828
EC006504,LEC_A,LectureHall,1,Tuesday,7,26.1,84.1,0.0,29.3,25.4,1,0.4299006522884643
EC000839,LEC_A,LectureHall,20,Tuesday,4,29.5,78.0,0.0,33.8,32.5,1,0.5483938216134263
EC007988,SPT_A,Sports,0,Saturday,7,26.4,83.5,22.0,36.9,43.2,5,0.5162316577707431
EC006287,ENG_B,Engineering,20,Tuesday,10,27.6,79.8,41.0,53.9,49.3,1,0.5042526675064922
EC000037,ENG_A,Engineering,19,Tuesday,1,29.3,78.1,68.0,51.9,66.0,1,0.5455345299541849
EC007165,SPT_A,Sports,11,Thursday,9,29.3,66.4,0.0,36.5,40.2,3,0.6531758157322832
EC005420,LIB_A,Library,20,Tuesday,2,29.2,76.7,135.0,54.1,55.5,1,0.6996430739482388
EC006842,LIB_A,Library,15,Wednesday,11,28.7,76.8,185.0,50.9,49.9,2,0.702686881891645
EC005510,LEC_A,LectureHall,8,Friday,2,28.9,76.5,107.0,45.3,55.7,4,0.7863033671810138
EC007737,RES_A,Residential,12,Sunday,6,30.5,73.9,175.0,47.3,55.1,6,0.6970797428623067
EC004472,BUS_B,Business,8,Tuesday,12,26.0,,192.0,32.9,51.8,1,3.396778706848978
EC001644,LIB_A,Library,18,Sunday,11,29.6,72.7,115.0,41.7,56.3,6,0.6941242904220937
EC004730,BUS_A,Business,2,Sunday,9,26.0,79.3,18.0,27.5,25.0,6,0.4545849951892137
EC003312,SCI_A,Science,5,Thursday,6,26.6,83.5,0.0,61.9,65.0,3,0.6376145208404863
EC000258,SCI_A,Science,21,Thursday,9,28.0,78.5,0.0,72.5,74.7,3,1.0798116388217769
EC002034,BUS_B,Business,10,Monday,9,28.8,,126.0,69.4,62.2,0,1.6171237201506832
EC005627,LIB_A,Library,8,Monday,6,28.1,78.4,42.0,45.3,41.0,0,0.44382418900849235
EC004355,LEC_A,LectureHall,14,Sunday,10,30.9,75.4,59.0,39.3,40.4,6,0.5152849807266338
EC003537,RES_A,Residential,16,Saturday,5,30.2,73.4,153.0,43.9,47.6,5,0.7688907101240453
EC002679,LEC_A,LectureHall,20,Thursday,3,30.0,68.6,0.0,36.1,31.6,3,0.6204448874939634
EC001874,ADM_A,Administration,11,Wednesday,2,28.7,81.6,90.0,41.6,39.2,2,0.5176111866071198
EC006865,SCI_B,Science,19,Wednesday,10,24.7,95.8,19.0,51.6,55.2,2,2.528186354381165
EC007689,LEC_A,LectureHall,13,Sunday,8,28.4,84.6,46.0,37.6,42.0,6,0.48888301561971953
EC001164,SCI_A,Science,2,Monday,9,,82.9,0.0,58.9,62.1,0,1.6188971884794594
EC005659,BUS_B,Business,11,Tuesday,2,30.3,78.2,134.0,57.5,65.7,1,0.6981828026063019
EC002568,ENG_A,Engineering,9,Thursday,6,28.0,75.6,109.0,53.4,62.5,3,0.5746357683509122
EC007904,BUS_B,Business,4,Friday,11,24.8,92.5,17.0,32.1,33.1,4,0.6194202219672074
EC001876,SCI_A,Science,17,Monday,12,30.2,76.0,74.0,93.2,95.5,0,0.3948228921161798
EC005445,RES_B,Residential,20,Tuesday,9,28.7,69.5,214.0,38.3,44.3,1,0.723213238105316
EC000876,SPT_A,Sports,6,Monday,12,27.2,80.5,126.0,56.0,55.0,0,0.5901307300102403
EC007653,LEC_A,LectureHall,15,Monday,2,31.0,66.4,176.0,79.5,79.5,0,0.6239206046252017
EC004419,SPT_A,Sports,8,Monday,8,27.8,76.9,116.0,55.2,50.9,0,1.268114199121102
EC003224,ENG_A,Engineering,6,Tuesday,11,27.0,79.7,0.0,41.8,40.7,1,0.6281404158522601
EC001694,BUS_B,Business,21,Wednesday,3,28.7,78.9,14.0,41.7,41.7,2,0.5663426370218612
EC001265,SCI_A,Science,19,Sunday,3,29.3,,17.0,70.9,78.2,6,1.1920220050886707
EC000804,RES_A,Residential,23,Wednesday,6,27.6,76.9,278.0,50.6,62.9,2,0.6144163802709082
EC000468,SCI_A,Science,23,Wednesday,5,27.3,83.3,6.0,65.3,70.8,2,1.0857370555698151
EC007413,LEC_A,LectureHall,1,Wednesday,6,26.0,81.4,,25.2,22.9,2,4.503167397651723
EC005185,LIB_A,Library,7,Tuesday,1,27.1,77.6,0.0,28.0,27.3,1,0.5299586534829812
EC000228,ADM_A,Administration,13,Saturday,6,31.7,65.9,27.0,35.6,39.1,5,0.411607821278005
EC000688,SCI_A,Science,0,Tuesday,9,26.4,78.9,0.0,57.1,62.6,1,0.4219215117295175
EC003248,LEC_A,LectureHall,0,Thursday,9,27.3,81.1,26.0,31.6,28.6,3,0.5585780744889046
EC007921,ADM_A,Administration,8,Monday,7,29.1,74.9,32.0,33.1,32.1,0,0.49490369186617106
EC005825,SCI_B,Science,17,Wednesday,7,29.6,69.8,69.0,75.9,78.7,2,0.6301584578014404
EC003758,SPT_A,Sports,8,Sunday,2,27.1,86.8,125.0,50.9,51.6,6,0.8737205803635423
EC005502,BUS_B,Business,2,Wednesday,10,24.7,91.1,0.0,28.6,31.6,2,0.5950545166322363
EC005778,SCI_B,Science,6,Monday,2,27.4,75.5,0.0,56.2,59.8,0,0.781782831425566
EC007462,ENG_B,Engineering,14,Tuesday,6,30.1,72.4,148.0,69.2,68.9,1,0.7831131433445573
EC006085,LEC_A,LectureHall,23,Sunday,4,27.8,75.1,13.0,26.6,30.7,6,0.5279709732505377
EC006479,ENG_B,Engineering,21,Sunday,4,29.1,73.0,23.0,47.0,50.3,6,0.4770770604903378
EC007229,LEC_A,LectureHall,8,Monday,9,26.5,77.3,80.0,38.9,38.8,0,0.8877561247020269
EC004146,ENG_B,Engineering,8,Friday,4,27.4,73.3,55.0,46.5,47.3,4,0.5614693022014502
EC001668,SCI_A,Science,8,Tuesday,7,26.6,88.1,61.0,69.0,68.9,1,0.5627626038678596
EC005498,SCI_A,Science,10,Sunday,1,28.9,76.1,35.0,74.7,84.0,6,0.8336289026099956
EC000543,SPT_A,Sports,3,Tuesday,12,25.4,79.6,52.0,31.2,45.7,1,0.49014191659190476
EC003355,RES_A,Residential,14,Saturday,2,29.2,79.1,147.0,37.5,40.2,5,0.6133497969123787
EC006572,LIB_A,Library,10,Wednesday,1,27.6,82.0,66.0,39.6,39.5,2,0.5628861833200004
EC007029,BUS_A,Business,10,Sunday,10,27.3,84.0,41.0,31.2,32.1,6,0.42078262190882615
EC001236,BUS_B,Business,13,Friday,2,28.6,76.7,168.0,65.0,66.1,4,0.8200075144354247
EC002566,RES_A,Residential,21,Monday,3,27.1,86.3,273.0,57.3,60.8,0,0.5468145934907412
EC004740,SCI_B,Science,5,Tuesday,7,27.9,79.5,8.0,63.6,66.4,1,1.0701903416446943
EC006843,ENG_A,Engineering,0,Sunday,10,25.8,80.4,0.0,32.1,38.5,6,0.5509708921072354
EC002488,SCI_B,Science,17,Monday,2,29.0,78.6,71.0,93.4,88.3,0,0.5042558659874825
EC000629,ENG_A,Engineering,8,Friday,1,26.0,85.9,74.0,41.3,43.1,4,0.5488408126033302
EC004457,ENG_A,Engineering,11,Friday,1,28.6,76.3,189.0,64.7,76.8,4,0.7625142567925861
EC001016,SPT_A,Sports,2,Wednesday,11,26.1,81.8,0.0,33.9,32.0,2,0.5348086917675
EC003527,LIB_A,Library,3,Friday,10,26.6,76.7,18.0,26.7,27.6,4,0.5383501050441843
EC007967,SCI_A,Science,15,Friday,2,30.1,76.6,119.0,112.6,103.7,4,0.6692005438620323
EC003297,ADM_A,Administration,22,Wednesday,8,27.8,75.3,0.0,25.2,24.0,2,0.5025903140450894
EC004739,BUS_A,Business,9,Wednesday,10,26.8,70.6,58.0,32.0,32.0,2,0.5042228910115505
EC005937,BUS_A,Business,12,Tuesday,10,35.3,88.7,186.0,85.5,84.6,1,8.84919728711123
EC002554,ENG_A,Engineering,21,Wednesday,9,26.2,78.4,47.0,49.8,49.3,2,0.6199729401836138
EC006418,BUS_B,Business,8,Saturday,5,26.7,76.8,29.0,34.8,38.6,5,0.6819145441509297
EC005229,ADM_A,Administration,20,Sunday,5,31.7,75.5,0.0,32.2,35.8,6,0.5757202283946311
EC000078,RES_A,Residential,19,Tuesday,12,30.0,67.0,176.0,44.1,46.7,1,0.5560833006023231
EC007841,SCI_A,Science,0,Thursday,4,27.4,80.0,13.0,63.8,68.6,3,0.8476112287932734
EC000039,BUS_B,Business,5,Saturday,10,25.7,83.4,6.0,26.9,30.4,5,0.5446281387185016
EC007736,SPT_A,Sports,17,Thursday,2,28.9,72.8,124.0,52.5,54.0,3,0.7558901148570457
EC002299,SPT_A,Sports,7,Wednesday,2,27.0,82.5,95.0,51.0,53.0,2,0.5151734859109894
EC002890,ENG_A,Engineering,16,Tuesday,11,29.8,72.2,128.0,75.2,72.7,1,0.6169254520926375
EC007045,BUS_A,Business,8,Thursday,8,27.8,78.6,47.0,39.0,39.9,3,0.46385885371135027
EC001503,BUS_A,Business,18,Thursday,4,28.1,82.0,72.0,38.8,47.5,3,0.477960028770609
EC003906,BUS_A,Business,8,Wednesday,4,27.0,,119.0,30.4,47.3,2,4.220396082740422
EC004410,BUS_A,Business,7,Saturday,1,26.6,77.6,15.0,28.3,30.9,5,0.4515328148324391
EC002629,LIB_A,Library,22,Saturday,5,28.9,75.5,14.0,72.2,53.6,5,1.844755089664695
EC004278,SCI_A,Science,3,Sunday,5,27.3,82.5,10.0,80.2,75.2,6,1.933123870804773
EC006686,ENG_A,Engineering,22,Monday,5,27.7,83.3,29.0,51.4,48.9,0,0.46419441649830695
EC003910,RES_B,Residential,2,Monday,2,26.4,88.8,176.0,43.1,47.4,0,0.39414908234590845
EC003037,ENG_B,Engineering,3,Saturday,12,25.3,79.2,15.0,30.1,35.0,5,0.4696201074799305
EC005153,RES_B,Residential,22,Monday,3,27.7,76.1,204.0,54.1,53.2,0,0.5462938006301189
EC001847,SCI_A,Science,12,Friday,3,30.0,76.9,137.0,104.0,108.8,4,0.7476022896485938
EC006724,RES_B,Residential,4,Thursday,8,26.5,85.9,180.0,43.9,50.0,3,0.5980216693297209
EC004555,SCI_A,Science,22,Wednesday,3,26.0,88.1,0.0,58.8,66.7,2,0.6206776089227369
EC006879,LEC_A,LectureHall,0,Monday,12,26.8,78.0,0.0,24.6,24.5,0,0.4119721956123359
EC003370,RES_B,Residential,10,Sunday,3,29.1,74.0,143.0,45.1,44.8,6,0.6367582703338055
EC005508,SCI_B,Science,17,Sunday,12,29.7,83.7,13.0,66.5,71.5,6,1.0233768714301235
EC007466,LEC_A,LectureHall,3,Tuesday,1,25.1,80.0,27.0,30.0,26.2,1,0.5433914999277815
EC007126,LEC_A,LectureHall,5,Tuesday,9,26.0,80.3,1.0,24.7,25.3,1,0.6248532063690374
EC002231,SPT_A,Sports,19,Wednesday,12,28.9,77.6,162.0,58.8,58.7,2,0.8502048492684932
EC005874,ADM_A,Administration,2,Sunday,3,26.2,87.2,8.0,21.5,23.1,6,0.5804795038080962
EC004361,RES_A,Residential,23,Friday,9,27.0,78.1,300.0,51.6,58.0,4,0.7678813079952946
EC001805,SCI_B,Science,20,Thursday,6,29.6,76.0,15.0,69.8,72.4,3,0.7433040497202547
EC000834,LEC_A,LectureHall,22,Thursday,5,28.5,80.6,12.0,28.1,33.4,3,0.7262828527939248
EC008000,SPT_A,Sports,23,Friday,7,26.5,79.7,19.0,34.1,34.1,4,0.4176346047243801
EC004589,SCI_B,Science,13,Thursday,12,29.9,78.0,122.0,86.4,99.0,3,0.6230117119640899
EC007799,ADM_A,Administration,21,Friday,5,29.9,71.5,0.0,33.6,34.9,4,0.5362815543668619
EC002824,RES_A,Residential,20,Saturday,3,28.4,87.2,237.0,53.0,50.8,5,0.5272602578452091
EC001570,BUS_A,Business,11,Friday,4,30.4,77.1,140.0,57.1,59.9,4,0.9740281399422008
EC004898,LEC_A,LectureHall,12,Monday,10,,76.7,216.0,65.0,64.5,0,2.2847929496541206
EC007234,SCI_B,Science,1,Thursday,7,25.9,82.4,1.0,50.5,55.3,3,0.5556113242797839
EC007218,RES_A,Residential,9,Tuesday,11,27.1,78.9,196.0,40.6,41.9,1,0.5136081508544328
EC005230,LIB_A,Library,2,Monday,11,25.6,79.5,0.0,24.4,28.4,0,0.37085166240956824
EC000473,BUS_B,Business,9,Thursday,9,27.5,79.0,68.0,43.7,44.3,3,0.5091841900353586
EC006834,RES_B,Residential,16,Saturday,7,30.3,77.2,100.0,39.2,41.2,5,0.5452302306643457
EC001850,LEC_A,LectureHall,20,Saturday,7,28.9,79.1,272.0,77.0,79.6,5,3.7321891606306545
EC000441,LIB_A,Library,19,Thursday,12,28.3,81.4,188.0,58.6,60.7,3,0.952846302164398
EC007513,RES_B,Residential,5,Thursday,10,26.1,81.8,204.0,44.7,47.1,3,0.5062658301947358
EC001383,SCI_A,Science,23,Saturday,9,28.0,77.2,4.0,71.8,69.9,5,1.2867454003147754
EC000761,ENG_A,Engineering,21,Wednesday,8,26.5,75.4,70.0,46.9,48.7,2,0.5349995068079605
EC003252,ADM_A,Administration,6,Friday,9,27.2,79.4,6.0,25.2,23.5,4,0.573033638461899
EC001536,LIB_A,Library,23,Wednesday,3,28.1,79.1,19.0,92.4,57.3,2,3.711902185532162
EC001127,SCI_B,Science,19,Sunday,6,29.1,74.1,4.0,61.1,63.7,6,1.1233723850072206
EC007886,RES_A,Residential,12,Monday,10,29.8,77.1,131.0,41.2,42.1,0,0.8849582995425713
EC000435,ENG_B,Engineering,17,Monday,12,29.9,72.6,80.0,44.2,55.5,0,0.4985984142783388
EC000870,ENG_A,Engineering,17,Friday,3,30.1,77.3,100.0,67.6,69.4,4,0.6195704849063878
EC000466,ENG_A,Engineering,5,Saturday,5,26.3,79.0,0.0,37.2,44.2,5,0.655948347767093
EC004545,ENG_A,Engineering,12,Monday,7,29.2,74.7,139.0,69.8,75.7,0,0.5832832436384273
EC005126,ENG_B,Engineering,6,Tuesday,8,26.4,75.5,,35.7,35.5,1,4.319325549279063
EC005449,SPT_A,Sports,6,Wednesday,6,26.5,78.9,112.0,52.7,48.3,2,0.7163258675369468
EC003816,SCI_A,Science,11,Thursday,1,27.4,78.7,166.0,76.4,98.2,3,1.131010402124444
EC003455,RES_B,Residential,10,Friday,4,29.6,77.1,70.0,34.9,36.5,4,0.48633395825503056
EC006004,BUS_B,Business,12,Wednesday,11,28.4,76.5,166.0,66.2,68.6,2,0.7881301807468476
EC005677,ENG_A,Engineering,7,Friday,7,28.3,81.9,7.0,43.1,39.3,4,0.6376989430834875
EC001737,ENG_A,Engineering,21,Saturday,9,29.2,80.6,0.0,48.7,53.4,5,0.6244615362575718
EC007922,ENG_A,Engineering,14,Thursday,8,30.5,75.1,165.0,54.7,77.7,3,0.7666727367800974
EC005727,ENG_A,Engineering,2,Monday,8,24.5,76.8,0.0,25.7,26.5,0,0.9550052787303392
EC007006,ENG_A,Engineering,10,Saturday,7,30.5,75.3,54.0,71.9,66.1,5,0.638736168642552
EC000606,ADM_A,Administration,6,Friday,9,26.7,84.1,18.0,27.3,22.3,4,0.5317631948186301
EC000336,ADM_A,Administration,6,Friday,8,25.8,87.9,0.0,23.1,25.5,4,0.4503018661992205
EC001116,LEC_A,LectureHall,0,Monday,2,26.6,76.5,25.0,25.1,27.1,0,0.5448453609018938
EC005721,ENG_B,Engineering,10,Tuesday,11,29.2,67.8,128.0,62.0,62.2,1,0.49611293101760473
EC002201,BUS_A,Business,0,Thursday,6,26.2,75.5,3.0,29.0,31.7,3,0.6398623108165745
EC007491,SCI_B,Science,0,Thursday,3,27.7,76.6,1.0,62.8,66.3,3,1.4995421379016207
EC002962,LIB_A,Library,18,Thursday,4,30.9,62.9,189.0,74.5,71.5,3,0.4827331491688173
EC000309,LIB_A,Library,9,Monday,1,28.8,71.9,58.0,26.7,37.5,0,0.591620765859278
EC007997,LEC_A,LectureHall,9,Tuesday,3,26.5,74.5,121.0,58.7,53.6,1,0.9641787346428157
EC004362,ENG_B,Engineering,16,Friday,12,30.2,75.2,98.0,65.5,61.3,4,0.5947252989199396
EC001104,ENG_B,Engineering,15,Saturday,10,28.5,76.8,54.0,45.6,46.3,5,0.5284384115818448
EC005352,RES_B,Residential,2,Sunday,5,26.8,75.7,130.0,37.3,46.1,6,0.604681836820463
EC004205,BUS_B,Business,21,Tuesday,1,27.1,76.2,0.0,35.6,36.9,1,0.45440440886874944
EC006358,LIB_A,Library,2,Wednesday,11,25.4,80.5,0.0,26.6,25.3,2,0.40287866779938264
EC004641,SPT_A,Sports,11,Wednesday,8,30.3,71.4,15.0,42.6,42.8,2,0.5098383167737826
EC000917,BUS_A,Business,1,Tuesday,3,26.7,77.6,0.0,32.7,30.5,1,0.4504926031317335
EC007226,ENG_A,Engineering,6,Thursday,5,27.5,83.0,2.0,40.7,43.4,3,0.598101324930763
EC000772,ADM_A,Administration,4,Tuesday,10,24.7,88.7,3.0,19.9,15.8,1,1.2501166650076199
EC005779,SPT_A,Sports,8,Monday,6,28.3,80.8,105.0,59.5,55.8,0,0.6333349885445418
EC003232,RES_A,Residential,9,Monday,7,29.2,75.9,212.0,52.7,49.2,0,0.3862662990198559
EC004702,LEC_A,LectureHall,23,Friday,6,27.1,81.2,7.0,31.4,29.4,4,0.8276714512478794
EC006574,ENG_B,Engineering,15,Tuesday,9,30.1,76.6,133.0,67.4,62.7,1,0.7360039271005415
EC003113,ENG_B,Engineering,7,Tuesday,8,28.4,77.1,15.0,46.1,47.2,1,0.5261171253125994
EC005109,ENG_A,Engineering,4,Sunday,5,26.9,79.3,2.0,42.3,43.0,6,0.7105599584126255
EC007981,SCI_B,Science,5,Thursday,9,27.1,81.8,11.0,62.2,57.0,3,0.8953073252924864
EC002902,BUS_B,Business,3,Thursday,4,24.8,84.9,7.0,33.9,35.4,3,0.6738984251751359
EC002631,RES_B,Residential,21,Wednesday,4,28.8,73.3,188.0,52.8,52.0,2,0.6701731264349945
EC001382,ENG_B,Engineering,10,Friday,1,28.8,86.1,107.0,56.5,63.5,4,0.7650763713862159
EC007817,ADM_A,Administration,9,Monday,6,29.2,74.3,46.0,29.9,36.5,0,0.5038060812121643
EC003161,BUS_A,Business,8,Saturday,1,26.8,84.6,24.0,32.0,26.7,5,0.44915186558689546
EC002799,SCI_A,Science,19,Monday,3,30.5,67.6,30.0,85.8,88.5,0,0.4246110816359497
EC006976,ADM_A,Administration,1,Thursday,6,26.0,75.6,1.0,20.8,24.3,3,0.7292576109573629
EC002129,BUS_B,Business,18,Saturday,7,30.8,71.8,21.0,43.0,46.9,5,0.5087420313445647
EC003517,ENG_A,Engineering,7,Sunday,10,27.8,77.5,0.0,38.4,40.0,6,0.5452330768271142
EC005233,RES_A,Residential,17,Thursday,2,29.3,72.0,147.0,40.9,41.6,3,0.5911560081221243
EC000823,SCI_B,Science,22,Friday,9,27.8,79.0,25.0,54.2,69.6,4,0.6699393623821989
EC002491,SCI_B,Science,17,Saturday,7,32.2,71.0,15.0,82.0,83.7,5,0.9729164058527326
EC004777,LEC_A,LectureHall,23,Monday,7,27.0,82.2,0.0,27.4,31.2,0,0.6631659951842389
EC001651,LIB_A,Library,4,Saturday,3,25.4,82.5,23.0,31.5,32.7,5,0.5147500275269437
EC003126,LEC_A,LectureHall,11,Monday,5,28.5,78.5,205.0,67.4,72.1,0,1.3699862373537393
EC003636,ENG_B,Engineering,23,Saturday,9,28.1,79.9,13.0,46.0,41.2,5,0.48918260357848337
EC007044,SCI_A,Science,4,Monday,8,25.9,77.0,2.0,65.3,61.4,0,2.6706146130800534
EC006111,SCI_B,Science,9,Sunday,7,28.6,80.3,17.0,74.6,76.1,6,0.8160342555494031
EC001778,ENG_B,Engineering,15,Friday,8,32.0,69.9,135.0,74.8,76.1,4,0.5656856920944671
EC002662,ADM_A,Administration,7,Saturday,4,27.5,80.5,0.0,23.1,23.2,5,0.6334935616290217
EC005040,RES_B,Residential,0,Thursday,8,27.9,73.8,97.0,38.3,46.2,3,0.5762476025320823
EC001740,ENG_B,Engineering,10,Monday,7,30.3,71.6,81.0,56.4,56.2,0,0.57491033045666
EC004755,LEC_A,LectureHall,0,Friday,4,26.7,78.8,19.0,28.0,31.3,4,0.623825256720344
EC004315,LIB_A,Library,17,Tuesday,7,31.5,74.4,194.0,61.6,68.6,1,0.6909271106485674
EC005087,SCI_A,Science,13,Monday,1,34.4,78.1,167.0,130.1,130.5,0,8.167496018258046
EC004428,RES_B,Residential,7,Wednesday,12,26.9,78.2,218.0,43.1,46.3,2,0.5436027289493124
EC006673,ENG_A,Engineering,13,Thursday,11,29.0,71.6,215.0,79.6,81.6,3,0.6163238858027563
EC001254,RES_B,Residential,10,Sunday,9,28.7,86.3,163.0,36.8,38.3,6,0.7579027500923106
EC005134,BUS_B,Business,1,Monday,10,26.2,82.4,7.0,35.9,34.7,0,0.7017441892130657
EC006552,ENG_A,Engineering,16,Wednesday,9,30.5,73.0,114.0,69.3,76.0,2,0.6760169376496129
EC000945,ADM_A,Administration,15,Friday,9,29.7,78.7,82.0,34.0,35.9,4,0.4882523073813641
EC007578,LIB_A,Library,8,Tuesday,12,27.5,91.6,3.0,24.1,24.1,1,0.5018738369964018
EC003109,RES_B,Residential,22,Sunday,5,28.6,77.3,226.0,55.5,55.1,6,0.6524669837833819
EC003602,ENG_A,Engineering,13,Monday,11,30.4,71.7,204.0,86.9,85.3,0,0.5434785135392453
EC003286,BUS_A,Business,7,Thursday,2,27.2,80.1,14.0,40.5,36.6,3,0.451120469036362
EC007600,SPT_A,Sports,2,Monday,10,25.2,85.7,41.0,32.2,32.6,0,0.3607700291761622
EC004863,SCI_A,Science,5,Wednesday,11,27.2,78.6,16.0,66.6,72.8,2,0.6267728055445171
EC004038,LIB_A,Library,17,Saturday,8,30.1,65.1,222.0,67.3,70.7,5,0.5886011864138431
EC003873,SCI_A,Science,15,Tuesday,11,31.6,74.3,90.0,90.4,93.6,1,0.9665419338147658
EC000665,BUS_A,Business,21,Friday,5,28.9,74.6,9.0,37.4,42.5,4,0.4890357408769455
EC006282,SPT_A,Sports,19,Monday,12,29.8,72.9,171.0,79.0,73.3,0,0.7147934768079621
EC007250,RES_B,Residential,15,Friday,8,29.9,78.7,123.0,40.2,44.6,4,0.7644461522099877
EC004787,BUS_A,Business,19,Saturday,8,29.3,78.9,8.0,34.2,35.2,5,0.3904680643657637
EC000301,RES_B,Residential,0,Saturday,9,26.4,89.3,117.0,38.0,39.2,5,0.7183251942369306
EC005920,RES_A,Residential,5,Thursday,7,27.6,81.1,158.0,48.9,51.1,3,0.585105936704531
EC006478,ADM_A,Administration,22,Friday,11,28.7,81.1,13.0,27.6,29.0,4,0.5090536428661568
EC006115,SPT_A,Sports,22,Friday,10,28.1,81.4,60.0,49.5,48.1,4,0.4512700380590284
EC002619,RES_A,Residential,11,Sunday,10,29.0,79.7,168.0,42.6,44.0,6,0.5850463429386372
EC005946,ENG_B,Engineering,13,Sunday,6,30.9,70.2,32.0,54.0,53.9,6,0.5724071517300583
EC004542,SCI_B,Science,12,Thursday,2,29.1,81.9,105.0,89.9,90.8,3,0.5810538138279365
EC002777,RES_B,Residential,10,Friday,11,29.4,78.6,149.0,33.9,41.2,4,0.731954981972246
EC000196,LIB_A,Library,5,Tuesday,6,26.8,81.4,0.0,25.3,27.6,1,0.46534804155533854
EC002304,ENG_A,Engineering,15,Thursday,12,31.4,75.7,154.0,76.0,83.4,3,0.6013612850801439
EC007797,LEC_A,LectureHall,22,Tuesday,10,28.6,77.7,0.0,26.4,25.7,1,0.5725319026638047
EC002178,SCI_A,Science,15,Tuesday,10,30.0,74.7,112.0,95.2,95.5,1,0.9238327734606133
EC004586,ENG_B,Engineering,15,Saturday,12,30.9,68.8,12.0,46.0,50.8,5,0.7134752170659227
EC001958,LEC_A,LectureHall,8,Monday,8,27.1,77.6,100.0,39.0,38.5,0,0.4523047492715969
EC003769,LIB_A,Library,15,Wednesday,12,29.2,76.2,170.0,55.4,53.5,2,0.5787190240570064
EC000159,LEC_A,LectureHall,13,Tuesday,10,29.3,84.2,204.0,73.7,71.8,1,1.0216011902342013
EC004445,LIB_A,Library,11,Sunday,4,30.2,75.6,35.0,38.6,47.5,6,0.47745058700779336
EC005858,ENG_B,Engineering,2,Friday,12,26.2,81.8,0.0,32.8,36.8,4,0.6424479265616694
EC001087,BUS_A,Business,22,Saturday,1,27.6,82.6,9.0,28.8,30.4,5,0.5787498831726717
EC005576,SCI_B,Science,11,Saturday,5,30.1,73.3,26.0,79.8,85.2,5,0.6965029578736968
EC006709,RES_B,Residential,7,Saturday,5,27.4,81.4,184.0,52.9,57.4,5,0.5041870152313889
EC004714,ENG_A,Engineering,9,Monday,4,29.3,84.9,129.0,71.5,75.6,0,0.5221686461010259
EC006938,SCI_B,Science,5,Thursday,6,26.5,79.3,0.0,57.2,57.3,3,0.4529023449692091
EC003672,RES_A,Residential,13,Friday,9,29.0,70.0,100.0,37.0,41.5,4,0.4699876521773106
EC004587,LIB_A,Library,3,Tuesday,9,25.5,86.5,28.0,24.8,27.5,1,0.48321594456428363
EC003576,RES_A,Residential,19,Tuesday,2,28.9,79.4,179.0,51.9,49.5,1,0.5268269352340553
EC003966,BUS_A,Business,13,Monday,6,31.4,66.6,162.0,75.0,72.1,0,0.27093111179598445
EC000501,LEC_A,LectureHall,14,Monday,8,29.1,69.6,189.0,68.8,65.2,0,0.6635995214194832
EC004524,ENG_B,Engineering,19,Wednesday,10,27.9,83.7,41.0,43.8,45.0,2,0.5159753665506502
EC000176,SPT_A,Sports,4,Sunday,11,26.2,86.3,21.0,35.4,36.4,6,0.5645725913018668
EC004053,LIB_A,Library,0,Thursday,5,26.4,83.5,16.0,27.5,28.5,3,0.4966982286472147
EC004887,LEC_A,LectureHall,0,Friday,5,26.6,73.6,0.0,23.9,27.0,4,0.4264240338722187
EC007765,SCI_A,Science,22,Monday,7,26.8,88.8,0.0,61.1,61.9,0,0.5718634865737237
EC002966,LIB_A,Library,7,Saturday,1,26.7,81.9,35.0,31.1,34.3,5,0.5533592230827545
EC002003,LIB_A,Library,6,Tuesday,4,26.4,80.0,11.0,25.5,26.5,1,0.5116777620448302
EC006887,ENG_B,Engineering,13,Friday,5,29.0,74.1,142.0,66.3,72.0,4,0.6431140854762741
EC001376,SCI_A,Science,13,Friday,2,34.6,88.6,120.0,127.9,126.0,4,2.736071068626053
EC000099,LEC_A,LectureHall,7,Wednesday,8,27.8,82.9,15.0,29.7,27.4,2,0.5196418524613526
EC000195,RES_A,Residential,6,Sunday,9,26.8,87.3,241.0,59.2,58.5,6,1.110998950806999
EC002495,ENG_A,Engineering,21,Thursday,9,29.2,,25.0,59.0,56.8,3,1.4678373275186127
EC000922,ENG_B,Engineering,8,Saturday,6,27.5,79.9,31.0,,46.0,5,1.7139951698625995
EC005377,SCI_B,Science,18,Wednesday,3,29.8,74.1,48.0,74.0,79.8,2,0.7072946819920195
EC006377,ADM_A,Administration,11,Thursday,10,28.1,74.3,98.0,40.3,38.0,3,0.48297516396186413
EC005367,RES_B,Residential,14,Monday,4,29.7,76.1,65.0,36.3,35.1,0,0.4665761583540195
EC007040,SCI_B,Science,15,Wednesday,7,31.3,64.8,112.0,82.5,91.6,2,0.17688694702385876
EC004414,SCI_A,Science,10,Tuesday,2,28.5,80.2,105.0,75.4,84.3,1,0.7434471884790147
EC000894,SCI_A,Science,21,Monday,4,28.2,75.5,23.0,74.8,79.4,0,0.6294386594980301
EC003144,LEC_A,LectureHall,14,Friday,8,30.6,69.6,222.0,74.5,81.3,4,0.9426733431154874
EC002911,RES_B,Residential,1,Monday,10,26.5,79.3,138.0,34.8,39.8,0,0.4610972224183249
EC000232,ENG_B,Engineering,18,Monday,5,30.8,74.1,53.0,49.2,53.0,0,0.7607588320034658
EC006321,BUS_A,Business,17,Saturday,12,29.6,72.6,30.0,30.4,33.2,5,0.4574900618734765
EC002397,ENG_A,Engineering,8,Wednesday,10,26.2,89.3,48.0,47.0,54.7,2,0.49497094728260593
EC001473,RES_B,Residential,2,Monday,5,25.0,81.0,123.0,43.1,44.2,0,0.5138677095835824
EC005980,RES_B,Residential,12,Monday,2,34.0,85.7,261.0,57.2,59.0,0,4.785479726254532
EC005053,ENG_B,Engineering,16,Tuesday,4,30.6,72.4,95.0,65.1,60.1,1,0.6000842875847111
EC006013,ENG_A,Engineering,14,Friday,6,31.8,67.6,200.0,88.1,91.5,4,0.6888426434984037
EC007523,ENG_A,Engineering,11,Tuesday,9,29.5,76.3,172.0,81.9,84.3,1,0.6180396461164134
EC006271,ADM_A,Administration,22,Saturday,7,29.6,66.5,3.0,22.1,24.5,5,0.6209167637140282
EC001517,ENG_A,Engineering,11,Tuesday,8,29.5,86.5,154.0,72.2,78.7,1,0.6774325627382418
EC004548,LEC_A,LectureHall,20,Friday,6,29.7,77.4,0.0,32.8,33.1,4,0.5977269051820302
EC006853,BUS_A,Business,6,Sunday,3,27.6,81.6,0.0,28.9,36.1,6,0.4593429156868783
EC004694,ENG_A,Engineering,9,Sunday,10,28.9,76.9,0.0,43.9,45.7,6,0.5453247879829225
EC001580,SPT_A,Sports,22,Monday,1,27.9,77.9,40.0,77.1,56.3,0,2.4858309170736574
EC006472,BUS_B,Business,16,Wednesday,2,30.9,76.6,130.0,59.7,65.0,2,0.8409656580179359
EC007282,BUS_B,Business,3,Wednesday,6,27.5,82.4,7.0,41.9,42.2,2,0.7543972443960583
EC000049,ENG_A,Engineering,18,Monday,3,30.7,80.3,73.0,68.8,68.3,0,0.4735850661368365
EC000174,RES_A,Residential,15,Saturday,1,30.0,81.3,137.0,43.5,44.6,5,0.7193952797384398
EC004797,RES_B,Residential,18,Wednesday,10,29.8,69.1,164.0,40.0,39.3,2,0.7198091867144408
EC005010,ENG_B,Engineering,8,Sunday,11,28.2,74.0,4.0,40.6,44.5,6,0.6031707115288107
EC005988,RES_B,Residential,18,Thursday,9,30.5,68.0,287.0,56.5,56.3,3,1.6671838482414159
EC006789,BUS_A,Business,11,Thursday,12,30.2,86.8,100.0,58.3,51.3,3,0.6099309337315083
EC005739,ENG_A,Engineering,19,Monday,6,30.0,73.3,33.0,49.9,56.2,0,0.4553598441673733
EC004534,BUS_A,Business,11,Monday,4,30.6,74.7,122.0,54.0,59.1,0,1.0950275528706919
EC001538,BUS_B,Business,16,Wednesday,7,30.4,71.5,130.0,63.4,67.7,2,0.7422727354763418
EC002042,ADM_A,Administration,15,Thursday,10,30.2,76.1,92.0,35.4,45.4,3,0.39084009363681155
EC000836,ADM_A,Administration,16,Monday,3,31.0,70.0,76.0,44.0,47.1,0,0.5971202489140225
EC001044,ADM_A,Administration,7,Monday,3,27.5,77.4,0.0,25.6,28.7,0,0.9551220292135506
EC003011,SCI_A,Science,10,Thursday,6,29.6,78.9,103.0,82.2,93.2,3,0.6576413240045283
EC004813,ADM_A,Administration,7,Thursday,11,24.8,90.8,2.0,23.5,17.1,3,0.9075017234993122
EC002326,LEC_A,LectureHall,9,Saturday,3,28.1,71.8,24.0,25.7,27.0,5,0.5999902860286267
EC003054,BUS_B,Business,19,Tuesday,5,28.5,82.3,6.0,44.8,45.9,1,0.5619735623179622
EC006512,RES_A,Residential,7,Sunday,2,27.8,77.0,230.0,53.1,54.2,6,0.5397581127997675
EC004334,BUS_A,Business,23,Wednesday,8,26.6,73.9,15.0,25.4,30.9,2,0.4407235824815104
EC002245,LIB_A,Library,3,Thursday,1,26.1,80.5,37.0,30.6,32.2,3,0.514651413152403
EC002155,ENG_B,Engineering,2,Monday,9,25.9,75.8,19.0,35.7,34.9,0,0.5043396685629377
EC002203,SCI_B,Science,10,Saturday,9,,68.5,30.0,74.9,72.9,5,3.468563361543348
EC002609,ENG_B,Engineering,8,Friday,9,26.9,74.1,21.0,40.1,40.8,4,0.5301588826159528
EC007160,SCI_B,Science,16,Friday,8,30.3,76.3,82.0,84.3,86.8,4,0.612495737380251
EC001448,BUS_B,Business,2,Monday,11,27.5,83.9,0.0,35.0,36.1,0,0.5557606156571662
EC004378,BUS_B,Business,5,Wednesday,8,26.6,80.0,18.0,37.6,40.6,2,0.4829593647551034
EC003125,BUS_B,Business,13,Sunday,5,30.9,66.1,38.0,44.8,43.8,6,0.3462645876124244
EC007056,BUS_B,Business,2,Tuesday,6,28.0,73.7,0.0,15.0,30.3,1,3.191673981120112
EC002916,ENG_A,Engineering,4,Saturday,1,25.3,72.9,0.0,39.0,34.1,5,0.6867209937059977
EC001791,SCI_A,Science,12,Wednesday,12,29.2,76.5,120.0,96.4,91.0,2,0.8289142930627243
EC001729,ENG_B,Engineering,9,Sunday,8,27.5,86.1,22.0,36.5,48.6,6,0.45508475225848144
EC005285,BUS_B,Business,19,Sunday,2,28.9,75.1,25.0,39.4,39.5,6,0.5009089739518615
EC007865,BUS_A,Business,8,Wednesday,4,27.9,80.5,76.0,46.9,47.0,2,0.4884673757346914
EC007408,LEC_A,LectureHall,14,Saturday,8,30.4,68.1,33.0,39.9,39.4,5,0.4157280396909354
EC005294,BUS_A,Business,1,Tuesday,10,25.5,84.5,0.0,7.7,21.7,1,3.5934460242408366
EC004556,LIB_A,Library,18,Thursday,1,28.5,73.5,199.0,58.9,60.0,3,1.6579373493088254
EC003624,SCI_B,Science,5,Thursday,12,25.4,86.5,14.0,,61.2,3,1.8367346753391967
EC005252,BUS_B,Business,18,Sunday,8,28.9,69.5,6.0,33.7,33.7,6,0.7410094907914143
EC006194,ENG_A,Engineering,16,Monday,3,32.0,69.0,122.0,85.3,78.5,0,0.4665742526101271
EC003753,BUS_B,Business,0,Sunday,9,26.7,80.3,0.0,31.5,30.5,6,0.5564799013017553
EC000747,LEC_A,LectureHall,23,Saturday,11,25.8,85.4,20.0,89.0,51.8,5,4.842475722860141
EC001970,SPT_A,Sports,6,Thursday,4,27.0,77.1,112.0,50.3,50.7,3,0.8122767889459089
EC003366,LIB_A,Library,17,Tuesday,2,30.9,65.3,197.0,68.3,64.1,1,0.8287372400765182
EC003111,RES_B,Residential,8,Wednesday,11,26.2,77.6,177.0,33.5,36.7,2,0.6241829776906457
EC002512,LIB_A,Library,6,Tuesday,11,26.4,82.6,0.0,27.4,25.7,1,0.39422353989252806
EC007504,ENG_A,Engineering,2,Friday,3,26.1,80.6,22.0,35.8,44.9,4,0.6978801853518146
EC000374,RES_B,Residential,22,Thursday,12,28.6,76.4,234.0,51.7,50.3,3,0.4710927277608048
EC002575,SCI_B,Science,20,Thursday,2,27.8,75.1,16.0,51.0,61.8,3,0.582622560877749
EC002356,SPT_A,Sports,20,Wednesday,1,29.7,76.7,143.0,60.2,61.6,2,0.766321980101318
EC004485,LEC_A,LectureHall,22,Friday,5,28.3,80.2,0.0,30.3,28.3,4,0.713509642800457
EC003070,ENG_B,Engineering,0,Tuesday,10,26.4,79.6,11.0,27.1,32.1,1,0.7186962261948174
EC004031,ENG_A,Engineering,7,Monday,5,29.2,75.9,216.0,35.2,69.7,0,2.327728783864351
EC001023,SCI_B,Science,10,Saturday,10,28.7,75.8,12.0,69.2,72.5,5,0.987965554729192
EC005866,SCI_B,Science,21,Thursday,5,29.1,65.9,2.0,65.3,68.6,3,1.5390380091289042
EC000509,BUS_B,Business,4,Monday,5,26.5,86.2,0.0,32.5,41.1,0,0.5340235247971409
EC006319,ENG_B,Engineering,8,Thursday,12,27.3,74.7,75.0,48.3,48.1,3,0.5347745621136609
EC005136,ADM_A,Administration,4,Saturday,3,26.5,78.4,11.0,22.0,22.8,5,0.5718070614199937
EC007352,RES_B,Residential,9,Tuesday,4,28.1,73.5,204.0,50.1,49.3,1,0.6113110178308846
EC006704,RES_B,Residential,3,Friday,5,24.6,82.4,145.0,38.0,41.0,4,0.7752049111932477
EC006476,SCI_B,Science,20,Saturday,5,29.0,70.8,10.0,60.8,68.8,5,0.8143620407383961
EC000837,SPT_A,Sports,14,Monday,10,35.4,87.0,197.0,73.3,80.3,0,7.780221942468774
EC005383,SCI_B,Science,4,Sunday,9,24.7,83.0,1.0,46.8,49.1,6,0.5671824072215723
EC001510,LIB_A,Library,3,Thursday,10,25.6,86.7,8.0,24.4,25.7,3,0.48106838152700565
EC004044,RES_B,Residential,20,Sunday,6,29.9,63.6,222.0,49.5,54.5,6,0.27332253771716086
EC001310,SCI_B,Science,13,Wednesday,11,28.8,74.2,99.0,85.1,88.6,2,0.749702930256565
EC007994,LEC_A,LectureHall,7,Tuesday,11,27.3,78.9,0.0,21.3,21.7,1,0.9590313686204383
EC004453,BUS_A,Business,19,Wednesday,12,29.7,78.5,0.0,39.0,38.1,2,0.3845701566758399
EC004974,SCI_A,Science,22,Friday,12,,75.7,9.0,78.6,78.2,4,7.240785498963674
EC006589,BUS_B,Business,8,Friday,9,27.7,81.5,85.0,51.9,57.6,4,0.49982786474082963
EC002423,BUS_A,Business,7,Wednesday,11,26.6,85.2,0.0,29.8,31.8,2,0.42427939499998535
EC005910,SCI_B,Science,10,Friday,1,28.3,75.8,103.0,80.9,82.8,4,0.8635597800438307
EC005766,RES_A,Residential,11,Thursday,2,28.6,84.9,78.0,41.0,47.9,3,0.4843865981450938
EC007762,RES_A,Residential,2,Sunday,5,28.6,78.2,159.0,61.1,53.3,6,0.8156514918277641
EC000175,ENG_A,Engineering,9,Monday,6,27.6,80.3,118.0,60.9,69.7,0,0.5769856798257208
EC006033,RES_B,Residential,8,Friday,4,29.1,63.8,182.0,48.8,50.8,4,0.29947710040623526
EC004605,BUS_B,Business,4,Thursday,1,25.7,89.6,0.0,33.9,36.6,3,0.501117777852965
EC000505,RES_B,Residential,21,Saturday,3,28.2,77.4,235.0,58.9,55.4,5,0.9343843010579339
EC000419,RES_B,Residential,2,Friday,12,24.3,81.7,,36.6,33.7,4,2.7779757001608276
EC002342,SCI_B,Science,5,Sunday,10,26.2,81.6,0.0,45.9,48.8,6,0.4405664173110712
EC000428,BUS_A,Business,21,Saturday,11,27.3,83.5,3.0,25.1,26.4,5,0.4248022996595844
EC002433,BUS_A,Business,6,Wednesday,11,26.6,78.5,7.0,32.4,29.3,2,0.4635217722598938
EC001985,RES_A,Residential,17,Saturday,12,28.8,80.1,168.0,45.2,50.6,5,0.5195022360527575
EC005225,LIB_A,Library,3,Monday,12,24.8,83.5,0.0,24.3,24.7,0,0.4064072441343197
EC005223,BUS_A,Business,10,Saturday,6,30.1,64.9,17.0,35.1,37.0,5,0.1790134996582518
EC001336,SCI_B,Science,1,Sunday,11,25.3,87.1,0.0,52.8,48.1,6,0.5191831864102174
EC000151,LIB_A,Library,19,Thursday,8,29.6,74.4,170.0,61.8,63.2,3,0.6252927445183835
EC002993,BUS_B,Business,10,Tuesday,4,29.1,77.4,104.0,49.7,57.1,1,0.5386343242198799
EC005795,BUS_B,Business,4,Monday,7,27.2,73.6,11.0,37.2,38.2,0,0.7800971808883831
EC004717,LEC_A,LectureHall,17,Monday,12,30.8,69.2,133.0,66.9,64.1,0,0.49612446249846776
EC004916,ENG_B,Engineering,13,Wednesday,7,30.0,83.1,141.0,59.5,66.2,2,0.6357884925046208
EC007551,LIB_A,Library,14,Wednesday,11,30.1,80.8,221.0,67.3,64.8,2,0.9514296161270914
EC001211,LEC_A,LectureHall,9,Friday,3,29.0,75.0,108.0,43.5,53.9,4,1.1317352377812815
EC000129,RES_A,Residential,9,Wednesday,12,27.5,78.9,228.0,47.0,50.5,2,0.49437468661948547
EC000397,BUS_B,Business,0,Saturday,6,27.1,85.7,21.0,29.9,36.6,5,0.47106103549316175
EC005280,ADM_A,Administration,0,Sunday,10,25.2,81.5,0.0,15.8,18.7,6,1.96502575807525
EC000703,ENG_B,Engineering,8,Monday,10,25.4,79.2,61.0,42.0,45.1,0,0.5567312503032135
EC001577,RES_B,Residential,11,Tuesday,6,,70.6,163.0,42.4,41.5,1,2.0093215233937936
EC002351,LIB_A,Library,9,Wednesday,3,29.0,81.5,59.0,37.2,44.4,2,0.58592716346
EC006079,SCI_B,Science,4,Monday,4,27.2,77.3,8.0,55.0,60.0,0,1.1178848271958934
EC000879,RES_B,Residential,20,Saturday,6,29.5,76.5,223.0,51.7,49.1,5,0.5202148861802682
EC000792,SCI_B,Science,9,Thursday,10,28.3,77.6,,78.9,75.1,3,2.9213699507231397
EC006914,LIB_A,Library,13,Wednesday,2,30.0,77.3,160.0,54.0,57.5,2,0.658509267131951
EC005086,BUS_B,Business,10,Thursday,9,28.1,75.1,122.0,48.8,53.6,3,0.7543048468504372
EC001009,ENG_A,Engineering,0,Friday,10,,75.6,9.0,40.7,46.6,4,1.6551592209021229
EC000980,LIB_A,Library,20,Thursday,3,28.9,70.0,114.0,54.8,53.2,3,0.6997772842639849
EC005119,LEC_A,LectureHall,15,Saturday,12,29.7,73.6,47.0,32.4,33.1,5,0.5287611391963793
EC003991,SCI_A,Science,6,Friday,5,27.2,76.2,14.0,72.8,71.7,4,1.3915295857308927
EC005251,LEC_A,LectureHall,8,Thursday,6,29.2,75.7,86.0,46.4,45.6,3,0.5429253140951125
EC004156,SPT_A,Sports,20,Sunday,5,28.0,85.9,140.0,50.2,62.1,6,0.7801893721336389
EC005765,SCI_B,Science,14,Sunday,1,29.8,68.7,37.0,76.0,75.5,6,0.6110848243564702
EC005161,RES_A,Residential,3,Thursday,3,25.9,83.1,183.0,46.2,53.5,3,0.47666463560839173
EC005152,RES_A,Residential,3,Wednesday,6,28.0,77.4,192.0,57.4,57.7,2,0.6244793730862914
EC003782,LIB_A,Library,5,Tuesday,11,25.7,80.8,17.0,28.5,29.7,1,0.5318862357815648
EC007873,BUS_B,Business,3,Saturday,2,25.6,84.0,0.0,28.2,27.6,5,0.6697360437560103
EC003203,LIB_A,Library,8,Wednesday,9,28.0,,21.0,32.7,35.6,2,1.6953826547175577
EC000239,SCI_B,Science,10,Tuesday,8,28.8,74.6,87.0,76.6,77.0,1,0.8029072356889507
EC006027,ADM_A,Administration,20,Tuesday,2,29.6,76.5,16.0,34.0,37.7,1,0.531506407217881
EC001132,BUS_B,Business,5,Wednesday,12,25.2,89.6,15.0,33.0,36.4,2,0.5210957974277204
EC001360,RES_B,Residential,2,Saturday,6,27.6,78.5,156.0,42.7,48.6,5,0.6128757826080485
EC006187,ENG_B,Engineering,14,Thursday,10,31.0,73.0,148.0,68.2,74.3,3,0.8172041570623289
EC005457,BUS_A,Business,11,Friday,2,30.3,66.7,131.0,55.4,60.9,4,0.6990262000839871
EC007156,SCI_B,Science,9,Thursday,6,27.6,79.4,69.0,68.4,78.1,3,0.6152510427686293
EC002516,SCI_A,Science,8,Thursday,1,27.9,74.1,35.0,76.0,78.1,3,0.888958464137466
EC006226,ADM_A,Administration,20,Saturday,7,29.4,76.3,4.0,29.9,28.9,5,0.5214689717896464
EC007333,SPT_A,Sports,14,Monday,1,28.2,75.5,46.0,42.7,48.1,0,0.7196365990897853
EC005435,SPT_A,Sports,21,Sunday,3,23.6,97.6,144.0,44.3,44.8,6,11.13572179091708
EC002411,ADM_A,Administration,4,Sunday,3,24.7,82.0,0.0,10.7,17.4,6,2.74294899647082
EC000960,BUS_A,Business,14,Sunday,12,29.7,78.3,34.0,36.9,34.3,6,0.459934745252435
EC007718,SCI_B,Science,3,Friday,3,24.6,79.1,1.0,62.3,55.8,4,1.3289384514547105
EC001459,SCI_A,Science,8,Thursday,2,26.9,76.3,49.0,71.7,72.1,3,0.969620750336615
EC006344,LIB_A,Library,2,Wednesday,6,27.3,79.7,0.0,,35.1,2,1.9575140020539308
EC005896,RES_B,Residential,23,Thursday,10,26.8,77.7,242.0,44.6,45.7,3,0.4144042293966176
EC005133,ADM_A,Administration,21,Tuesday,12,26.0,79.2,0.0,22.3,18.2,1,0.5559933210868778
EC004837,LIB_A,Library,6,Saturday,9,27.1,74.0,9.0,27.8,27.4,5,0.5462810179127853
EC002866,ENG_B,Engineering,21,Friday,5,28.2,69.3,34.0,48.8,47.1,4,0.7045123258428853
EC004473,LIB_A,Library,14,Sunday,8,31.0,73.0,127.0,45.4,54.5,6,0.4564833789880349
EC002794,BUS_A,Business,2,Wednesday,2,25.5,81.0,0.0,25.9,25.6,2,0.41128494817189065
EC005208,LEC_A,LectureHall,13,Tuesday,3,30.6,72.5,,76.3,78.3,1,1.9509671759159055
EC004138,ENG_A,Engineering,5,Monday,11,26.3,78.0,0.0,35.8,34.8,0,0.4531806121784766
EC005756,LEC_A,LectureHall,9,Sunday,4,28.3,73.1,42.0,,38.5,6,2.5148337202138435
EC001772,RES_B,Residential,23,Friday,12,27.4,80.9,238.0,52.2,56.9,4,0.5051875661051505
EC002297,BUS_A,Business,16,Sunday,6,30.9,68.8,37.0,42.0,43.2,6,0.4558466226841315
EC003115,ENG_B,Engineering,7,Thursday,6,28.0,71.5,0.0,37.9,38.0,3,0.6505671889055522
EC001912,SPT_A,Sports,1,Sunday,3,25.7,76.1,36.0,36.4,34.5,6,0.5392426604405212
EC005987,RES_B,Residential,6,Wednesday,9,26.1,81.2,189.0,44.2,40.9,2,0.5375796229750334
EC007275,RES_A,Residential,15,Friday,1,28.4,79.5,81.0,45.8,41.4,4,0.4763231254969502
EC005678,SCI_B,Science,11,Thursday,9,28.6,79.6,103.0,81.3,83.4,3,0.7700151173405554
EC004691,ENG_B,Engineering,11,Tuesday,3,28.9,69.6,131.0,58.7,60.6,1,0.7751555686681919
EC007889,LEC_A,LectureHall,9,Tuesday,10,27.8,78.6,99.0,46.0,51.3,1,0.5440497169744694
EC007816,SCI_A,Science,8,Thursday,2,25.9,82.4,43.0,79.4,77.2,3,1.968300830559941
EC004271,SPT_A,Sports,19,Wednesday,3,29.6,70.3,186.0,65.1,66.2,2,1.0899238867612937
EC002921,LIB_A,Library,20,Saturday,8,27.3,79.2,99.0,44.5,47.1,5,0.4822838473182059
EC004024,BUS_B,Business,9,Monday,1,27.2,80.1,54.0,45.9,49.2,0,0.4643944945962578
EC006177,RES_A,Residential,20,Sunday,3,28.8,71.3,231.0,52.2,49.6,6,0.5299499969183677
EC007864,LEC_A,LectureHall,14,Sunday,8,30.1,74.5,53.0,45.5,39.4,6,0.46625103348975083
EC005191,RES_B,Residential,4,Monday,2,27.0,84.2,198.0,59.5,59.3,0,0.7173237887965451
EC005787,RES_A,Residential,0,Sunday,5,26.6,84.7,128.0,50.0,47.8,6,0.38541286860930085
EC002674,LEC_A,LectureHall,7,Monday,12,27.3,73.5,0.0,26.9,26.6,0,0.5265745485415286
EC003539,SCI_B,Science,0,Monday,2,27.3,79.8,0.0,68.7,63.8,0,0.6340653764934432
EC007938,ENG_B,Engineering,11,Wednesday,8,28.8,75.9,116.0,51.2,64.3,2,0.6413403403196669
EC006368,ENG_A,Engineering,9,Friday,12,28.9,83.3,111.0,68.1,72.2,4,0.6032171560144075
EC002959,SCI_A,Science,23,Sunday,11,25.3,85.6,5.0,67.7,58.0,6,1.0933646108089152
EC007480,ENG_B,Engineering,15,Wednesday,5,29.2,68.0,150.0,68.8,68.0,2,0.5568433156774314
EC002888,BUS_B,Business,23,Tuesday,1,25.7,82.8,26.0,43.2,40.6,1,0.6902611147770215
EC007920,LEC_A,LectureHall,23,Saturday,9,27.6,80.6,42.0,82.5,51.4,5,4.411399005474995
EC002635,LEC_A,LectureHall,2,Sunday,4,27.1,79.9,0.0,12.8,24.8,6,4.842899832317479
EC007449,BUS_A,Business,3,Sunday,6,28.0,78.8,5.0,33.5,31.4,6,0.587728348017802
EC005465,SCI_A,Science,20,Thursday,8,29.0,77.7,17.0,81.0,78.3,3,1.0183086561852337
EC003848,SCI_B,Science,6,Saturday,10,27.3,81.3,6.0,63.4,60.3,5,1.0419433127957842
EC004871,SPT_A,Sports,22,Saturday,10,27.1,78.7,15.0,97.3,65.8,5,3.5227507474770934
EC004098,ENG_B,Engineering,0,Wednesday,10,26.4,75.7,30.0,38.0,38.4,2,0.5467672714332463
EC003640,LIB_A,Library,4,Wednesday,2,26.3,77.9,0.0,22.9,27.4,2,0.5941632884131907
EC002754,SPT_A,Sports,19,Tuesday,11,30.3,68.9,182.0,64.2,68.5,1,0.7992419910582382
EC001554,LIB_A,Library,14,Friday,4,31.4,71.6,193.0,60.1,64.6,4,0.6952215837292323
EC007853,RES_A,Residential,1,Saturday,4,27.1,74.2,144.0,47.3,49.8,5,0.4775382295256454
EC004232,RES_A,Residential,9,Thursday,2,26.8,73.4,193.0,44.5,43.2,3,0.6315577043546062
EC006465,SCI_A,Science,22,Sunday,9,27.6,74.0,0.0,63.9,66.9,6,0.7441793097599119
EC006037,BUS_B,Business,9,Thursday,5,28.3,79.6,119.0,63.3,68.5,3,0.7879279274777536
EC000059,RES_A,Residential,6,Saturday,12,26.4,84.0,234.0,52.6,49.3,5,0.5141984905648015
EC003929,LIB_A,Library,13,Monday,1,30.7,76.7,142.0,52.9,47.7,0,0.802208844703039
EC006915,ENG_B,Engineering,2,Saturday,6,25.9,77.0,0.0,30.5,29.9,5,0.6894447302286866
EC000450,BUS_B,Business,11,Friday,2,29.5,72.9,150.0,61.2,65.1,4,0.7837416951882364
EC005532,RES_B,Residential,3,Wednesday,5,27.4,77.5,148.0,40.7,46.9,2,0.666526296786813
EC002282,BUS_B,Business,22,Sunday,10,,82.6,12.0,26.5,24.6,6,1.4955743669478765
EC007926,BUS_A,Business,23,Monday,6,28.1,79.8,0.0,29.8,33.4,0,0.40239465195217106
EC001199,ENG_B,Engineering,19,Friday,9,29.4,78.6,36.0,47.5,52.1,4,0.48868156515528355
EC003918,SCI_B,Science,21,Thursday,11,27.5,83.4,24.0,51.6,61.3,3,0.5530762431071757
EC005256,SCI_A,Science,6,Sunday,11,26.6,83.0,9.0,62.5,68.6,6,0.8836038044596185
EC007700,RES_A,Residential,14,Sunday,7,29.8,75.2,79.0,37.5,40.1,6,0.5119568819711817
EC004052,ENG_B,Engineering,0,Friday,11,24.3,81.7,1.0,30.6,31.6,4,1.3520430206564757
EC005731,LEC_A,LectureHall,1,Tuesday,6,26.7,74.8,18.0,25.7,29.4,1,0.5980084570411293
EC001093,ENG_A,Engineering,1,Friday,5,26.7,79.0,36.0,44.6,43.9,4,0.517952047080574
EC005335,BUS_B,Business,14,Friday,8,28.6,76.4,132.0,58.5,59.8,4,0.7046636996170373
EC003082,RES_A,Residential,16,Friday,11,35.5,90.9,300.0,68.0,69.1,4,15.716062186258943
EC001163,LEC_A,LectureHall,23,Saturday,2,25.3,88.7,5.0,22.5,19.8,5,0.5852498275660105
EC000184,ENG_B,Engineering,7,Friday,9,25.7,89.4,0.0,31.7,27.7,4,0.5743328673531912
EC001861,LIB_A,Library,5,Monday,4,26.4,,4.0,32.1,31.9,0,2.8667763328090388
EC003597,ENG_A,Engineering,17,Monday,1,28.1,77.6,75.0,63.0,61.3,0,0.5216714312746252
EC006739,LEC_A,LectureHall,10,Wednesday,10,28.5,83.0,144.0,58.2,58.7,2,0.6912514870264089
EC004626,LEC_A,LectureHall,16,Tuesday,3,29.8,72.0,127.0,50.7,55.2,1,0.7953124424266639
EC001041,BUS_A,Business,16,Tuesday,3,30.9,78.2,99.0,55.0,58.7,1,0.6215503596351871
EC000808,ADM_A,Administration,8,Saturday,8,26.4,80.0,29.0,21.4,25.5,5,0.3902378931542034
EC002329,SCI_A,Science,9,Saturday,10,28.3,73.5,5.0,73.4,71.6,5,1.7922012212524174
EC005023,ADM_A,Administration,15,Wednesday,10,30.5,67.9,86.0,39.3,40.9,2,0.4318852229551666
EC007909,SCI_B,Science,5,Saturday,11,24.4,84.1,10.0,53.6,52.0,5,0.5039246708547929
EC003382,SCI_A,Science,9,Saturday,2,29.7,83.4,6.0,64.2,78.3,5,1.1840070582425333
EC000958,ENG_B,Engineering,15,Sunday,11,30.7,70.9,52.0,51.2,54.0,6,0.5323595508496417
EC001234,BUS_A,Business,16,Sunday,5,29.5,74.5,29.0,32.6,33.3,6,0.4655309123354246
EC002473,RES_B,Residential,0,Thursday,5,25.1,88.0,107.0,39.7,42.9,3,0.7074614543359212
EC001871,RES_A,Residential,10,Monday,4,29.7,76.0,133.0,50.7,50.1,0,0.4870793898396996
EC000637,BUS_A,Business,16,Tuesday,7,31.3,69.0,89.0,46.8,49.8,1,0.47025170370371455
EC000914,RES_A,Residential,14,Saturday,1,27.5,74.9,91.0,34.6,35.3,5,0.4379899322794536
EC004561,LIB_A,Library,19,Saturday,11,27.0,77.8,147.0,,49.3,5,1.6467781955752683
EC002101,LIB_A,Library,19,Monday,1,29.3,73.1,171.0,64.6,65.0,0,0.5339236573585486
EC001823,ENG_A,Engineering,23,Friday,4,27.6,79.3,36.0,51.5,52.7,4,0.6036610769718674
EC000988,LIB_A,Library,10,Sunday,8,28.1,87.7,87.0,45.5,38.1,6,0.4470354625818262
EC000905,ADM_A,Administration,2,Wednesday,3,27.0,78.1,8.0,28.2,29.8,2,0.586422572092306
EC004612,ADM_A,Administration,12,Saturday,8,26.6,77.3,38.0,23.9,29.9,5,0.4501144960052533
EC001348,SCI_B,Science,4,Friday,5,26.8,83.7,4.0,49.5,56.6,4,0.6504093620167981
EC003772,RES_B,Residential,12,Monday,11,29.3,79.7,122.0,36.9,37.8,0,0.4327601926758468
EC005912,SCI_A,Science,14,Tuesday,11,30.7,70.5,118.0,,100.4,1,1.7807209163703985
EC000140,BUS_A,Business,4,Sunday,5,26.7,85.9,0.0,7.2,22.2,6,4.607275821473889
EC006760,RES_B,Residential,3,Tuesday,6,26.4,79.3,174.0,37.7,46.5,1,0.6644000862857938
EC003050,ENG_A,Engineering,22,Friday,5,29.8,73.0,9.0,53.1,59.3,4,0.65401456249273
EC003324,RES_A,Residential,14,Monday,4,31.5,70.3,99.0,47.8,51.0,0,0.6728887901549226
EC000469,ENG_B,Engineering,0,Saturday,9,27.3,80.7,4.0,73.3,47.1,5,5.587547299209363
EC000216,BUS_A,Business,1,Monday,10,24.7,88.4,0.0,23.5,27.5,0,0.5323723445770476
EC004917,ADM_A,Administration,16,Friday,9,29.7,79.7,88.0,38.8,43.3,4,0.4785919143145359
EC001670,LEC_A,LectureHall,11,Friday,8,30.6,75.2,192.0,65.9,70.5,4,0.8650175123736418
EC004125,BUS_B,Business,0,Monday,8,27.2,76.2,0.0,29.3,32.2,0,0.47037859583803227
EC000933,SPT_A,Sports,10,Thursday,10,27.9,79.9,36.0,38.1,38.7,3,0.4681502706423592
EC002953,LEC_A,LectureHall,9,Friday,7,29.3,75.6,218.0,43.6,65.6,4,3.645778210045469
EC003944,RES_A,Residential,1,Thursday,10,25.5,80.3,101.0,43.3,45.9,3,0.39815967689677423
EC006072,RES_A,Residential,9,Wednesday,10,27.9,78.3,197.0,41.3,45.1,2,0.5574825637469543
EC000765,LIB_A,Library,5,Wednesday,9,25.3,82.6,0.0,22.0,24.0,2,0.4572711315714735
EC006470,SCI_B,Science,5,Saturday,9,25.7,83.1,0.0,51.4,56.6,5,0.44113870644794556
EC006930,SPT_A,Sports,1,Wednesday,10,26.1,82.0,0.0,35.5,33.4,2,0.5144401980858565
EC001691,BUS_A,Business,2,Thursday,4,25.9,82.9,0.0,27.1,19.1,3,0.37616116957249823
EC000276,RES_B,Residential,14,Sunday,1,29.0,81.0,70.0,40.9,39.8,6,0.49948322738848033
EC007832,ADM_A,Administration,13,Friday,4,30.2,75.8,121.0,41.5,46.4,4,1.1381248135063915
EC000892,ENG_A,Engineering,21,Sunday,8,27.2,76.7,0.0,41.3,41.4,6,0.5940090890177584
EC007337,ENG_B,Engineering,18,Monday,10,30.7,70.7,64.0,56.6,59.6,0,0.7134669402499967
EC003553,LEC_A,LectureHall,11,Saturday,12,26.7,82.0,15.0,27.5,26.3,5,0.7155208660515155
EC000308,LEC_A,LectureHall,5,Monday,12,24.7,85.5,,20.0,24.5,0,5.2985103340140185
EC006077,SCI_B,Science,22,Friday,6,27.8,83.5,5.0,61.4,67.3,4,0.8969096740524191
EC004269,SCI_A,Science,12,Tuesday,3,29.8,74.4,132.0,104.1,112.7,1,0.6024130356437442
EC005555,RES_A,Residential,14,Friday,6,30.5,67.8,162.0,50.2,46.8,4,0.70446104955179
EC001721,ENG_B,Engineering,19,Friday,6,24.7,98.4,23.0,33.7,38.1,4,2.590310769312981
EC006468,SCI_B,Science,3,Monday,2,26.9,82.9,7.0,72.4,62.6,0,1.7869542117403834
EC007645,ENG_A,Engineering,9,Saturday,6,28.7,81.0,44.0,,56.2,5,1.9850717694017634
EC005938,LEC_A,LectureHall,6,Tuesday,5,28.4,74.4,0.0,28.5,31.4,1,0.6520393319818703
EC006307,RES_A,Residential,15,Monday,3,31.4,67.3,155.0,,55.1,0,0.908206681236558
EC006849,RES_B,Residential,2,Saturday,4,27.1,80.7,132.0,46.5,49.1,5,0.4900704062296037
EC000205,SCI_A,Science,8,Saturday,3,29.2,79.0,0.0,66.8,73.8,5,0.8001187168166274
EC007264,BUS_A,Business,23,Sunday,4,27.9,76.8,9.0,30.4,34.5,6,0.4766303895851394
EC005638,LIB_A,Library,18,Sunday,5,24.8,99.0,149.0,53.0,51.5,6,2.677442110532408
EC004160,SPT_A,Sports,19,Wednesday,1,29.2,76.5,160.0,69.6,63.9,2,0.813934310429491
EC007692,RES_A,Residential,7,Monday,12,24.4,99.1,239.0,52.1,50.7,0,2.120246291620917
EC007813,RES_B,Residential,15,Wednesday,5,31.3,74.8,96.0,45.7,46.9,2,0.5696898460113664
EC002689,BUS_B,Business,21,Thursday,4,29.0,77.9,0.0,35.7,36.5,3,0.46393364721129354
EC007423,ADM_A,Administration,9,Sunday,2,27.3,87.2,17.0,28.2,25.1,6,0.45732012735045763
EC003923,SCI_B,Science,5,Wednesday,9,26.3,78.4,18.0,59.4,59.7,2,0.7772092813807311
EC004025,SCI_A,Science,0,Sunday,11,27.0,78.2,5.0,48.9,62.1,6,0.7012230063049278
EC002133,BUS_A,Business,2,Monday,11,26.3,80.6,3.0,29.3,27.4,0,0.5352270396774591
EC004671,RES_A,Residential,20,Monday,4,29.5,76.4,268.0,51.3,53.2,0,0.4738921278671364
EC003950,RES_A,Residential,3,Tuesday,2,26.3,76.0,140.0,46.2,45.9,1,0.46277138903589415
EC000653,ENG_A,Engineering,5,Thursday,3,26.9,87.3,34.0,45.1,48.0,3,0.5350015165348833
EC000261,BUS_B,Business,14,Thursday,4,31.0,77.4,,75.1,76.5,3,1.8977871036286202
EC006122,BUS_A,Business,4,Thursday,4,26.4,73.4,0.0,29.3,29.3,3,0.5740407818553018
EC000827,ENG_B,Engineering,8,Thursday,5,29.1,69.4,116.0,37.0,53.8,3,3.622266266896341
EC006165,BUS_A,Business,11,Tuesday,12,28.2,77.0,125.0,45.7,50.3,1,0.8411953921945939
EC003317,RES_B,Residential,10,Friday,4,30.5,71.9,172.0,50.6,52.6,4,0.7877725086565849
EC002736,SCI_B,Science,12,Wednesday,6,30.0,76.2,109.0,78.3,89.0,2,0.6091041436429272
EC007236,BUS_B,Business,7,Saturday,11,25.7,91.3,16.0,31.7,32.1,5,0.5122719699492498
EC005834,BUS_B,Business,22,Wednesday,3,28.1,,17.0,39.9,43.3,2,1.0595530391657375
EC002403,SCI_B,Science,19,Wednesday,5,29.5,77.1,0.0,68.7,75.9,2,0.7531249584299141
EC004690,ADM_A,Administration,18,Monday,11,30.6,70.9,19.0,35.5,29.1,0,0.5393220819521628
EC000950,RES_B,Residential,15,Saturday,11,28.7,82.2,94.0,35.8,42.3,5,0.406611190477276
EC006473,SCI_A,Science,21,Saturday,7,27.2,81.1,12.0,67.9,72.6,5,0.8446876998744226
EC002747,BUS_B,Business,19,Sunday,9,28.3,72.5,11.0,32.7,35.0,6,0.5820924467542801
EC006731,SPT_A,Sports,17,Friday,7,31.2,81.0,100.0,56.2,64.1,4,0.5385854210264718
EC006475,BUS_A,Business,2,Saturday,1,25.8,83.2,2.0,24.4,25.4,5,0.4279855973373154
EC006163,ENG_A,Engineering,4,Tuesday,5,26.1,83.7,,75.0,53.8,1,4.3085004260539534
EC003347,LIB_A,Library,18,Saturday,10,29.5,73.9,231.0,66.5,68.2,5,1.5221465464110933
EC004370,ENG_A,Engineering,6,Friday,3,27.3,80.7,6.0,44.3,45.6,4,0.7126721277725493
EC001049,LEC_A,LectureHall,10,Thursday,1,27.9,73.7,122.0,46.6,50.7,3,0.8521898601549919
EC002290,ENG_B,Engineering,8,Monday,12,27.6,82.1,59.0,48.0,47.0,0,0.420948963740149
EC004010,SCI_A,Science,4,Tuesday,5,27.0,77.1,0.0,54.3,65.7,1,0.5670930857107682
EC001879,BUS_B,Business,6,Monday,3,25.0,82.9,2.0,37.0,32.4,0,0.5182745102539296
EC000013,BUS_B,Business,11,Tuesday,4,29.3,78.8,132.0,61.9,66.7,1,0.7273266380226975
EC006969,SCI_A,Science,11,Wednesday,12,29.8,77.2,130.0,107.6,106.2,2,0.6564746525306556
EC002343,BUS_A,Business,19,Wednesday,1,29.2,79.6,0.0,38.6,41.6,2,0.42155983050517387
EC007497,ADM_A,Administration,10,Saturday,3,28.5,76.2,23.0,28.2,27.6,5,0.44314519383144274
EC005574,ADM_A,Administration,10,Thursday,10,27.6,72.9,72.0,31.8,37.4,3,0.4760398333784973
EC001935,BUS_A,Business,7,Thursday,3,27.7,84.9,0.0,37.1,35.2,3,0.43268944699817846
EC003441,LIB_A,Library,20,Tuesday,7,29.7,77.9,140.0,44.9,53.9,1,0.6374727193667336
EC002406,BUS_B,Business,1,Monday,5,28.2,83.2,0.0,8.8,26.5,0,3.868918777208303
EC007415,SCI_A,Science,3,Sunday,5,25.6,84.8,0.0,70.2,66.1,6,1.2506487012154301
EC004075,ENG_A,Engineering,10,Sunday,1,28.2,78.4,42.0,52.7,50.1,6,0.5302204054063122
EC000153,ENG_A,Engineering,13,Wednesday,5,29.6,74.9,180.0,75.2,76.6,2,0.6932739426550827
EC001201,SCI_B,Science,6,Saturday,7,26.3,84.9,0.0,57.6,59.7,5,0.4414929603392985
EC000987,SPT_A,Sports,13,Friday,7,30.2,69.4,0.0,46.6,49.7,4,0.6489051074158529
EC006968,RES_B,Residential,17,Monday,10,30.4,71.5,107.0,37.1,43.3,0,0.664250419508317
EC007975,LIB_A,Library,9,Thursday,10,27.1,80.4,46.0,32.7,34.2,3,0.4856686726962021
EC004774,ENG_A,Engineering,13,Saturday,7,30.6,82.8,39.0,57.0,58.8,5,0.5556834601321267
EC005604,RES_B,Residential,9,Tuesday,10,28.3,82.7,147.0,37.0,37.1,1,0.6135306254954108
EC000920,BUS_B,Business,14,Friday,11,28.9,70.5,166.0,58.1,65.8,4,0.7646100932399874
EC003544,LEC_A,LectureHall,1,Saturday,5,27.5,76.1,0.0,20.3,23.7,5,0.8420753938541444
EC000654,LEC_A,LectureHall,2,Wednesday,6,25.9,86.0,14.0,27.6,28.5,2,0.6111004882249784
EC003485,ENG_B,Engineering,0,Saturday,5,27.4,82.2,0.0,39.7,43.7,5,0.5975872833448479
EC007861,ENG_B,Engineering,2,Wednesday,6,26.5,80.9,0.0,41.0,38.9,2,0.7475343225584762
EC001476,SPT_A,Sports,5,Saturday,3,25.2,85.1,38.0,39.7,41.1,5,0.5200755695769301
EC007434,LEC_A,LectureHall,15,Monday,3,34.0,89.5,249.0,109.2,100.0,0,9.623469713888683
EC000698,RES_B,Residential,18,Tuesday,2,30.5,69.9,299.0,60.2,65.1,1,2.727633251258659
EC001860,ENG_B,Engineering,22,Thursday,4,28.3,74.2,15.0,42.7,43.0,3,0.4750998825518303
EC007391,BUS_A,Business,18,Tuesday,3,30.3,74.1,75.0,48.4,48.7,1,0.5756210764582756
EC003532,SCI_A,Science,13,Tuesday,11,30.1,79.7,132.0,102.1,102.2,1,0.6677071044404307
EC001661,SCI_B,Science,5,Friday,12,26.6,85.0,0.0,50.5,59.2,4,0.42121793169993144
EC003638,SCI_A,Science,8,Thursday,4,26.7,78.9,35.0,65.4,73.4,3,0.6553617785545732
EC006000,LEC_A,LectureHall,7,Thursday,9,27.3,76.2,10.0,27.2,27.8,3,0.6965446349173471
EC000146,ENG_A,Engineering,6,Sunday,12,25.6,86.7,10.0,35.8,35.0,6,0.6363615738953124
EC001431,RES_A,Residential,1,Tuesday,8,26.2,86.0,112.0,43.3,45.7,1,0.4082015797469395
EC006985,BUS_A,Business,0,Saturday,6,27.4,79.4,16.0,23.1,32.1,5,0.4230997071483553
EC001002,ADM_A,Administration,2,Monday,10,25.8,78.2,0.0,20.3,19.7,0,0.7538482706825161
EC004754,SPT_A,Sports,17,Monday,9,28.7,74.9,125.0,52.2,54.2,0,0.5896940060358703
EC006862,BUS_B,Business,19,Thursday,11,28.7,73.0,30.0,41.6,40.8,3,0.5630041130061832
EC005699,BUS_B,Business,6,Wednesday,8,28.2,73.9,0.0,38.6,40.6,2,0.6127113673094394
EC001401,SPT_A,Sports,20,Tuesday,6,29.1,71.4,142.0,60.0,58.7,1,0.678038392153055
EC005572,BUS_B,Business,22,Tuesday,9,27.6,80.5,0.0,40.1,37.2,1,0.5697998016339539
EC006765,SPT_A,Sports,19,Saturday,11,27.6,82.6,199.0,50.7,60.1,5,1.4261354235757637
EC004928,ADM_A,Administration,0,Monday,4,,82.9,21.0,28.6,27.4,0,1.2132769013667728
EC006035,LEC_A,LectureHall,5,Friday,11,26.4,82.2,0.0,27.1,27.4,4,0.47821780888214177
EC006655,LEC_A,LectureHall,9,Friday,12,28.4,76.8,84.0,47.1,41.5,4,0.5659528908324488
EC005841,SCI_A,Science,9,Thursday,5,29.0,71.0,75.0,85.9,86.6,3,0.6087938241183483
EC003373,LEC_A,LectureHall,20,Monday,5,24.5,,26.0,28.7,27.7,0,2.364756612589625
EC000893,RES_A,Residential,9,Sunday,1,28.3,85.5,189.0,45.8,42.7,6,0.4712662505207682
EC003337,SPT_A,Sports,19,Tuesday,8,30.0,70.3,181.0,60.1,64.5,1,1.0348556987125261
EC001111,SPT_A,Sports,22,Tuesday,6,28.7,74.3,11.0,88.0,60.2,1,1.8182036068852183
EC002659,ENG_A,Engineering,8,Tuesday,7,28.0,72.2,62.0,52.7,55.3,1,0.5473356082828008
EC007463,ENG_A,Engineering,20,Saturday,10,28.2,82.3,20.0,44.7,45.8,5,0.5395556091827394
EC001831,BUS_A,Business,18,Tuesday,10,30.4,76.9,69.0,46.7,50.3,1,0.5358263825860685
EC007867,SCI_A,Science,17,Monday,5,31.2,76.6,88.0,101.6,96.9,0,0.43217508541009303
EC003902,SCI_B,Science,19,Monday,10,29.1,72.8,11.0,64.9,69.3,0,0.7239080126041609
EC006719,ENG_B,Engineering,12,Monday,1,28.2,76.1,140.0,63.8,67.0,0,1.1373820370478018
EC003920,SCI_B,Science,7,Tuesday,6,27.7,79.5,12.0,67.3,70.6,1,0.905715938423198
EC005250,ENG_A,Engineering,20,Thursday,5,29.1,73.9,10.0,54.0,53.4,3,0.7328525214341365
EC002359,BUS_B,Business,1,Thursday,8,26.4,75.4,0.0,7.3,22.8,3,4.87137651930435
EC003959,SCI_A,Science,11,Sunday,3,,72.6,16.0,84.5,88.2,6,6.1620294872511625
EC000477,LIB_A,Library,16,Friday,11,,74.1,199.0,59.8,62.5,4,2.2560186486211857
EC003722,BUS_A,Business,6,Friday,12,26.1,80.0,5.0,30.9,28.3,4,0.4287751640128838
EC000127,BUS_A,Business,11,Friday,9,29.4,76.6,,54.3,49.2,4,1.05712220213552
EC005145,RES_B,Residential,10,Thursday,10,28.6,85.6,158.0,33.1,41.4,3,0.6969949209552186
EC003661,LIB_A,Library,18,Saturday,8,29.9,81.1,223.0,76.3,68.2,5,2.249902111206501
EC006942,LIB_A,Library,15,Monday,7,34.8,84.6,251.0,77.3,82.0,0,5.486286049557202
EC007793,SCI_B,Science,7,Tuesday,11,26.6,85.6,0.0,50.6,55.8,1,0.42121793169993144
EC004360,LIB_A,Library,1,Saturday,7,25.8,83.9,12.0,28.1,27.0,5,0.4707252904799732
EC005639,RES_B,Residential,2,Sunday,8,26.6,80.8,145.0,41.6,47.2,6,0.7157124006816371
EC006229,ADM_A,Administration,5,Saturday,12,25.7,86.3,0.0,19.9,16.0,5,1.0579988949565073
EC000256,LEC_A,LectureHall,19,Saturday,7,29.6,77.6,9.0,31.3,36.0,5,0.6343525133438225
EC006109,ENG_B,Engineering,20,Sunday,6,28.6,79.5,44.0,48.3,51.1,6,0.5136316107191957
EC000944,ENG_B,Engineering,20,Monday,12,27.9,80.3,12.0,39.3,38.2,0,0.49865756845712744
EC002233,BUS_A,Business,18,Friday,3,30.4,73.3,59.0,43.6,44.9,4,0.5458120809045959
EC001815,RES_A,Residential,17,Sunday,5,29.5,66.4,123.0,38.3,42.1,6,0.5264052653977745
EC001891,LEC_A,LectureHall,16,Thursday,8,30.2,73.2,166.0,62.0,58.6,3,0.6985833457666207
EC002477,RES_B,Residential,10,Sunday,9,28.8,76.3,161.0,40.0,41.3,6,0.7302332447925656
EC006863,ENG_B,Engineering,22,Saturday,4,28.5,68.9,10.0,45.5,48.8,5,1.1204838184975925
EC007704,LEC_A,LectureHall,19,Wednesday,12,29.0,70.2,0.0,30.4,32.8,2,0.43161140027635814
EC006531,SCI_A,Science,2,Friday,5,26.9,,1.0,70.3,65.5,4,5.043400275161872
EC002283,ENG_A,Engineering,11,Tuesday,11,28.6,76.0,154.0,69.3,73.6,1,0.6378110070109058
EC001976,BUS_B,Business,22,Sunday,11,28.7,77.4,0.0,32.8,38.1,6,0.5216007226514322
EC003266,LEC_A,LectureHall,22,Wednesday,6,28.0,81.8,0.0,27.0,28.1,2,0.9232776124572876
EC006596,RES_A,Residential,17,Wednesday,2,30.1,74.9,109.0,44.1,44.4,2,0.5549870810881863
EC007361,LEC_A,LectureHall,1,Sunday,6,27.2,75.1,0.0,19.7,21.2,6,0.9122203652817767
EC004668,ENG_A,Engineering,10,Thursday,11,27.4,81.6,151.0,64.2,63.9,3,0.7177166741227794
EC001542,SCI_A,Science,17,Monday,5,29.7,69.4,87.0,94.5,90.7,0,0.43773699807342953
EC001083,SCI_A,Science,11,Tuesday,1,27.2,80.9,112.0,82.9,83.7,1,0.9418068486660669
EC005117,RES_B,Residential,17,Friday,7,29.9,74.0,87.0,38.9,37.8,4,0.5229824426364036
EC001442,ENG_B,Engineering,7,Sunday,8,28.1,81.1,22.0,48.1,47.2,6,0.49760563106833416
EC000429,LIB_A,Library,9,Friday,8,28.5,80.9,27.0,33.8,33.0,4,0.48585461167291105
EC000693,SCI_B,Science,14,Friday,11,29.9,72.3,112.0,84.8,84.7,4,0.5888837132875607
EC002552,ADM_A,Administration,10,Monday,2,28.4,81.1,104.0,42.9,46.7,0,0.39747290111903566
EC000328,SPT_A,Sports,14,Sunday,6,30.7,71.4,10.0,50.4,51.5,6,0.6519903659802295
EC000421,ADM_A,Administration,1,Thursday,9,27.8,76.9,6.0,24.4,22.2,3,0.6381438298854741
EC004790,BUS_B,Business,1,Friday,10,24.9,82.3,21.0,33.2,33.9,4,0.48524970985076316
EC006404,ADM_A,Administration,23,Saturday,6,27.3,67.1,0.0,19.1,21.9,5,1.2630613094420762
EC006758,RES_B,Residential,3,Thursday,8,26.9,75.9,165.0,34.2,40.3,3,0.8068062605220399
EC002656,RES_A,Residential,20,Saturday,10,28.5,84.7,296.0,49.5,51.5,5,0.7189921601009648
EC001481,LIB_A,Library,0,Thursday,2,25.3,82.8,0.0,26.8,30.3,3,0.389850964116749
EC002957,BUS_B,Business,4,Saturday,10,25.9,90.5,26.0,30.1,26.2,5,0.402547951402988
EC004252,SPT_A,Sports,7,Thursday,5,27.3,82.4,166.0,62.9,64.5,3,1.0736421602066675
EC001934,RES_B,Residential,13,Wednesday,1,29.6,78.9,106.0,40.2,41.6,2,0.4604313430624762
EC003262,ENG_B,Engineering,22,Monday,2,28.0,87.9,10.0,43.6,45.3,0,0.5284466977728841
EC000626,SCI_B,Science,20,Friday,2,27.8,75.3,8.0,62.5,69.8,4,0.9850156455956488
EC002523,LIB_A,Library,9,Tuesday,9,27.9,69.9,35.0,35.9,37.2,1,0.5578224100928204
EC007553,ENG_B,Engineering,11,Friday,9,29.5,71.4,148.0,63.6,70.9,4,0.6868365664071676
EC006683,LEC_A,LectureHall,2,Wednesday,8,27.3,86.4,0.0,8.9,17.7,2,4.601402276528812
EC004520,ADM_A,Administration,5,Friday,7,24.7,86.1,1.0,20.1,19.2,4,1.2655463360338686
EC004737,RES_B,Residential,0,Monday,11,27.5,81.5,101.0,38.4,44.2,0,0.38725451849752224
EC005564,ADM_A,Administration,2,Friday,10,27.0,81.5,1.0,24.7,25.6,4,0.7376293723957885
EC001296,LEC_A,LectureHall,12,Wednesday,6,29.1,75.8,184.0,62.9,60.6,2,0.7658039277548769
EC002391,BUS_A,Business,6,Tuesday,4,27.9,76.7,18.0,36.6,36.7,1,0.5146101753259176
EC007658,ENG_B,Engineering,3,Saturday,8,,83.1,1.0,35.1,33.6,5,1.6736651352278757
EC005633,RES_B,Residential,21,Friday,9,28.4,72.7,193.0,51.7,53.0,4,0.6505972848201819
EC006161,LIB_A,Library,19,Friday,9,28.9,80.0,139.0,51.6,54.2,4,0.527220096700653
EC006019,RES_B,Residential,23,Thursday,3,28.0,78.8,246.0,59.2,56.1,3,0.859883009727852
EC000695,ENG_B,Engineering,10,Saturday,11,29.2,72.5,30.0,45.3,48.2,5,0.506568472288497
EC007318,LIB_A,Library,2,Sunday,9,25.5,82.4,45.0,29.8,35.3,6,0.445373009791678
EC007225,SCI_B,Science,9,Tuesday,7,29.5,74.9,75.0,85.5,82.7,1,0.5869397089339518
EC006935,RES_B,Residential,12,Sunday,12,28.2,87.5,187.0,48.6,44.6,6,0.5065989437740339
EC001322,RES_B,Residential,21,Thursday,4,28.7,88.0,178.0,55.9,50.9,3,0.502744803147504
EC000800,LIB_A,Library,4,Thursday,10,,85.2,0.0,18.4,24.5,3,3.094219751411707
EC001452,ENG_B,Engineering,15,Monday,12,31.4,76.7,148.0,74.1,76.3,0,0.6984730180472503
EC000580,SCI_A,Science,6,Tuesday,5,27.4,77.5,7.0,62.8,63.3,1,1.2338806844185901
EC004562,LIB_A,Library,8,Friday,10,27.7,79.8,42.0,36.4,40.0,4,0.48390667139883126
EC003787,ENG_A,Engineering,21,Sunday,7,28.9,77.2,23.0,61.5,58.8,6,0.8433337821502314
EC007720,ENG_A,Engineering,18,Tuesday,11,28.6,84.9,70.0,58.8,54.1,1,0.6197858154744684
EC004133,SCI_A,Science,19,Sunday,5,30.5,74.5,0.0,94.4,88.9,6,0.950874637401724
EC004388,SCI_B,Science,20,Monday,4,27.5,85.2,8.0,70.9,68.6,0,0.9203549028710254
EC007047,ADM_A,Administration,12,Tuesday,11,29.8,73.9,104.0,42.7,46.4,1,0.4474537639679052
EC002538,BUS_B,Business,12,Wednesday,3,29.7,74.9,165.0,53.2,63.9,2,0.8695731048398803
EC002106,BUS_A,Business,21,Saturday,10,27.6,78.1,7.0,29.3,34.4,5,0.40940355876301254
EC002111,ADM_A,Administration,15,Tuesday,9,30.2,76.7,104.0,44.5,43.1,1,0.45569196160933506
EC006127,BUS_A,Business,5,Sunday,3,27.6,76.4,0.0,30.2,28.8,6,0.5419302209385415
EC000403,LEC_A,LectureHall,13,Friday,9,29.7,69.6,201.0,68.6,69.2,4,0.9830160018636179
EC001569,SCI_A,Science,7,Monday,6,26.5,79.2,0.0,69.5,66.9,0,0.6950301197433512
EC001900,RES_B,Residential,14,Saturday,11,29.8,73.5,62.0,34.4,37.5,5,0.40426767668353697
EC007550,RES_A,Residential,13,Wednesday,2,30.4,76.5,170.0,45.3,46.5,2,0.8385754565857881
EC002604,BUS_A,Business,21,Saturday,4,29.4,74.0,14.0,36.9,35.9,5,0.448733644301947
EC003736,ENG_B,Engineering,12,Wednesday,4,29.8,75.9,149.0,76.2,75.3,2,0.835150691368319
EC006228,ENG_A,Engineering,15,Tuesday,6,29.8,76.8,126.0,82.7,79.8,1,0.623166188614917
EC001690,BUS_B,Business,17,Saturday,3,29.7,72.8,27.0,42.4,43.4,5,0.5380383139669376
EC006967,SPT_A,Sports,13,Saturday,3,32.0,64.4,220.0,62.1,64.5,5,2.1575291487156476
EC003110,RES_B,Residential,19,Sunday,6,28.4,82.0,198.0,47.8,45.4,6,0.470274041687004
EC007010,LEC_A,LectureHall,9,Wednesday,7,27.7,80.2,96.0,47.5,48.4,2,0.5459727363096281
EC007758,SCI_B,Science,2,Monday,3,25.7,84.1,0.0,65.6,60.2,0,0.5888857789128387
EC003393,SCI_B,Science,6,Sunday,11,27.6,74.9,19.0,70.0,71.0,6,0.6439171099023121
EC006280,LIB_A,Library,15,Saturday,7,30.0,75.2,134.0,52.1,49.6,5,0.6077547025977381
EC004313,ENG_A,Engineering,4,Thursday,5,26.3,71.8,12.0,38.5,39.4,3,0.7957418079903285
EC007676,ENG_A,Engineering,16,Friday,5,34.4,85.4,214.0,102.2,105.1,4,2.9391470035103975
EC006464,RES_A,Residential,10,Wednesday,9,27.6,81.8,194.0,38.5,43.5,2,0.6178439186192693
EC002358,LEC_A,LectureHall,1,Thursday,7,25.8,89.2,52.0,31.9,32.1,3,0.5013010388219039
EC005070,ENG_B,Engineering,13,Thursday,4,35.4,82.0,191.0,86.8,98.7,3,7.756254450588604
EC007378,ENG_B,Engineering,13,Thursday,1,30.0,68.0,167.0,70.8,75.5,3,0.5864125843441627
EC003507,LIB_A,Library,4,Sunday,2,,75.6,30.0,33.7,30.0,6,1.7109175919880404
EC003504,BUS_B,Business,16,Monday,8,30.3,77.3,132.0,71.9,66.2,0,1.197214907171498
EC007606,SCI_B,Science,3,Friday,3,25.7,79.7,4.0,67.0,65.7,4,1.614130434060035
EC004478,BUS_B,Business,19,Wednesday,2,27.4,71.0,6.0,37.0,38.9,2,0.613220623260378
EC001801,RES_B,Residential,1,Friday,6,26.7,79.8,104.0,38.2,45.0,4,0.4825303879880505
EC007615,ADM_A,Administration,12,Monday,1,30.4,,89.0,42.2,43.9,0,1.4505874880516854
EC004923,LEC_A,LectureHall,2,Tuesday,3,25.1,80.8,11.0,20.7,23.6,1,0.7489462071513665
EC000283,SCI_B,Science,21,Thursday,7,29.6,74.2,21.0,65.5,78.0,3,0.7853609104587548
EC005390,LEC_A,LectureHall,3,Thursday,9,26.3,79.6,19.0,20.4,28.5,3,0.5360688527949067
EC005626,LEC_A,LectureHall,13,Saturday,4,29.0,71.1,92.0,42.0,40.2,5,0.5148577127188223
EC000970,RES_A,Residential,17,Thursday,10,29.3,74.8,141.0,39.2,42.0,3,0.7472111865504673
EC001470,BUS_B,Business,4,Friday,4,26.6,83.4,0.0,38.4,39.6,4,0.5778349420131749
EC005480,SCI_A,Science,0,Monday,10,27.7,84.1,,72.1,75.6,0,2.5133228120696818
EC003732,SCI_B,Science,0,Wednesday,3,26.6,86.9,28.0,65.0,63.4,2,0.8851686502745963
EC005160,LEC_A,LectureHall,23,Monday,11,27.0,82.8,0.0,23.8,28.2,0,0.5347150517391637
EC006690,BUS_B,Business,13,Thursday,6,29.6,81.3,160.0,69.1,74.0,3,0.9259490482455965
EC000952,LEC_A,LectureHall,23,Saturday,3,27.5,78.0,0.0,24.9,26.6,5,0.7272074244567998
EC003486,SCI_A,Science,5,Tuesday,10,26.9,78.8,0.0,60.8,68.2,1,0.640102377576889
EC000008,RES_B,Residential,15,Wednesday,12,29.6,72.1,85.0,30.7,37.2,2,0.5248657323267064
EC002806,SCI_B,Science,2,Saturday,10,25.0,79.3,3.0,78.0,64.1,5,7.927907762868603
EC002982,SCI_A,Science,13,Monday,3,31.2,74.7,136.0,92.6,107.0,0,0.49926224999970603
EC003684,SPT_A,Sports,1,Wednesday,9,27.0,84.8,0.0,36.2,30.7,2,0.8170889823137969
EC006138,LIB_A,Library,15,Thursday,12,28.8,72.0,209.0,54.5,57.5,3,0.6765761364252074
EC001384,SPT_A,Sports,19,Wednesday,10,29.1,73.1,153.0,72.4,58.5,2,0.8163599923989426
EC000050,LIB_A,Library,20,Sunday,6,29.0,75.3,64.0,46.1,51.5,6,0.4763618452921845
EC004118,ENG_B,Engineering,19,Thursday,11,29.6,77.4,29.0,49.2,47.4,3,0.5698287179674756
EC001497,ENG_A,Engineering,7,Sunday,2,26.3,86.6,0.0,46.3,41.4,6,0.6307653190176685
EC001471,BUS_B,Business,16,Wednesday,11,34.4,90.4,193.0,77.2,84.0,2,7.1186354003417955
EC007237,LIB_A,Library,8,Wednesday,12,26.2,90.8,43.0,31.6,36.3,2,0.49440266675565125
EC007444,ENG_A,Engineering,19,Tuesday,4,29.9,72.7,32.0,65.3,60.0,1,0.7580599441704381
EC004072,ENG_A,Engineering,15,Saturday,4,30.4,76.1,83.0,,72.2,5,1.2468554812809367
EC007531,SPT_A,Sports,9,Friday,6,28.9,78.7,73.0,59.2,56.8,4,0.658986783174666
EC006687,SPT_A,Sports,11,Monday,1,29.0,70.7,0.0,46.0,38.6,0,0.8432439602875583
EC003971,LEC_A,LectureHall,15,Sunday,8,31.0,72.8,43.0,42.2,38.5,6,0.41409567261247926
EC000996,BUS_A,Business,20,Thursday,2,29.0,82.3,0.0,34.4,36.7,3,0.40183867781387905
EC006549,ADM_A,Administration,1,Wednesday,5,27.7,80.3,0.0,7.9,22.6,2,3.9552766169737077
EC001160,BUS_B,Business,15,Wednesday,8,35.5,85.5,151.0,96.1,84.4,2,4.837145462180471
EC007426,BUS_A,Business,20,Monday,1,29.2,76.6,0.0,37.0,38.5,0,0.36599485424951367
EC004255,ENG_B,Engineering,23,Thursday,7,26.8,76.5,29.0,44.4,42.3,3,0.5096698523439379
EC004881,SPT_A,Sports,23,Friday,1,25.2,81.6,20.0,82.0,48.9,4,5.558040651855347
EC004061,BUS_A,Business,13,Wednesday,6,30.2,69.4,179.0,76.8,79.9,2,0.7363705136132421
EC005242,SCI_A,Science,7,Monday,9,27.2,82.9,0.0,67.7,62.5,0,0.5699474105247725
EC000295,ENG_B,Engineering,8,Wednesday,12,27.6,,61.0,44.2,44.1,2,1.1314336313147275
EC003061,BUS_B,Business,0,Friday,4,27.6,78.0,0.0,41.2,43.0,4,0.5970132050250102
EC001457,ENG_A,Engineering,16,Sunday,12,31.1,71.0,43.0,56.3,67.4,6,0.5571153588768649
EC004249,ENG_B,Engineering,19,Thursday,10,29.5,69.9,24.0,,51.3,3,1.0370067471949136
EC006711,ENG_B,Engineering,8,Monday,8,28.7,83.8,61.0,51.9,47.2,0,0.36053826429508457
EC003932,LIB_A,Library,23,Thursday,12,27.9,74.3,28.0,44.4,38.5,3,0.5058607406369588
EC007855,RES_B,Residential,22,Tuesday,4,28.5,77.9,234.0,59.0,50.1,1,0.8192593724694538
EC006297,ADM_A,Administration,10,Tuesday,4,28.6,72.7,65.0,40.2,39.0,1,0.4992672142272131
EC005565,LEC_A,LectureHall,6,Wednesday,7,28.0,74.5,0.0,27.4,29.8,2,0.6421734559881285
EC002586,SCI_B,Science,22,Sunday,1,24.9,84.4,16.0,50.6,56.4,6,0.523704156263846
EC003237,SCI_A,Science,22,Sunday,3,26.5,84.5,1.0,59.2,69.9,6,1.1894098110747784
EC002379,BUS_A,Business,21,Sunday,3,28.0,78.8,20.0,30.1,33.7,6,0.5002253856640411
EC000600,ADM_A,Administration,17,Sunday,8,30.2,73.7,6.0,27.9,27.7,6,0.432843694291625
EC002079,ENG_B,Engineering,11,Friday,10,27.3,77.8,112.0,48.3,51.2,4,0.7185810230127888
EC000733,LEC_A,LectureHall,13,Monday,11,27.5,78.0,215.0,63.7,61.9,0,1.3800303152182707
EC006841,LEC_A,LectureHall,4,Sunday,10,25.4,87.6,26.0,21.9,23.7,6,0.48645556654458444
EC007601,BUS_A,Business,13,Thursday,6,31.6,63.4,130.0,54.2,62.8,3,0.26353339443772533
EC005758,RES_B,Residential,23,Friday,12,26.7,81.1,221.0,48.4,50.6,4,0.45584464739863967
EC005248,ENG_A,Engineering,4,Wednesday,7,27.0,83.6,0.0,45.9,42.1,2,0.5384823192309314
EC006551,LEC_A,LectureHall,13,Wednesday,6,30.0,76.3,264.0,80.3,86.5,2,2.8565955808486723
EC003499,RES_A,Residential,20,Thursday,12,27.4,82.0,232.0,45.6,46.6,3,0.47854178529687835
EC001312,BUS_A,Business,10,Friday,12,28.6,77.2,85.0,43.1,48.1,4,0.45132520863194586
EC006121,LEC_A,LectureHall,0,Friday,3,26.5,91.1,0.0,23.8,28.2,4,0.5553064774173844
EC005447,SPT_A,Sports,16,Friday,2,30.9,71.9,53.0,45.2,51.4,4,0.5130365968200661
EC000549,LEC_A,LectureHall,5,Monday,2,26.3,79.3,0.0,28.4,25.0,0,0.4377647987579418
EC006149,SPT_A,Sports,16,Saturday,4,32.6,69.9,72.0,62.1,68.7,5,1.2424154950905826
EC002950,ENG_A,Engineering,17,Sunday,12,29.7,,28.0,50.6,52.2,6,1.9038260997609264
EC001099,BUS_B,Business,13,Sunday,9,28.9,73.1,56.0,41.8,42.4,6,0.5113702070873847
EC000031,LIB_A,Library,16,Monday,10,30.1,75.2,232.0,68.6,64.5,0,0.7423389574589789
EC003380,SCI_A,Science,3,Thursday,12,25.8,83.6,0.0,67.2,64.6,3,0.757118301880101
EC006994,SPT_A,Sports,14,Saturday,1,30.8,67.0,32.0,33.6,41.3,5,0.46268451033074415
EC000632,LEC_A,LectureHall,20,Tuesday,1,28.1,75.5,0.0,25.5,29.1,1,0.5846660606931973
EC003643,ENG_B,Engineering,15,Tuesday,10,29.6,80.0,136.0,57.9,67.5,1,0.6286319759976164
EC004595,LEC_A,LectureHall,4,Thursday,12,24.9,81.1,0.0,20.3,21.8,3,0.9778224408568147
EC006908,BUS_A,Business,20,Sunday,12,27.5,77.4,5.0,28.6,31.9,6,0.43864364309715587
EC002108,ENG_A,Engineering,4,Sunday,11,25.7,85.2,37.0,44.8,45.4,6,0.5144104289122703
EC001635,ENG_A,Engineering,23,Saturday,3,28.8,74.9,,58.5,52.5,5,1.2159342205737613
EC005458,SCI_B,Science,19,Monday,12,29.7,82.9,20.0,68.6,70.0,0,0.47326472502576367
EC002154,SPT_A,Sports,9,Wednesday,11,27.7,77.3,72.0,48.7,54.5,2,0.5196393551596635
EC003056,SPT_A,Sports,2,Monday,3,26.6,77.7,0.0,33.1,36.1,0,0.690298714910855
EC007898,LEC_A,LectureHall,19,Sunday,3,28.4,79.4,30.0,29.6,28.6,6,0.6411104218965178
EC006636,SPT_A,Sports,14,Saturday,2,31.0,75.6,24.0,40.6,47.8,5,0.49150954735428354
EC002147,SPT_A,Sports,6,Friday,5,27.8,81.4,126.0,53.6,58.3,4,0.6862744258644026
EC006807,BUS_B,Business,3,Monday,9,26.8,78.3,0.0,40.7,40.4,0,0.5079816033379638
EC007747,SCI_B,Science,18,Friday,11,30.3,78.8,63.0,79.8,84.9,4,0.5784659212997959
EC007149,LEC_A,LectureHall,3,Wednesday,10,26.3,81.8,17.0,25.4,29.5,2,0.6030374030331899
EC007696,ADM_A,Administration,3,Saturday,7,26.1,81.4,0.0,19.4,20.3,5,0.8890828991182484
EC007897,LIB_A,Library,9,Friday,11,25.7,85.7,76.0,32.7,35.5,4,0.49106734960703435
EC004008,LIB_A,Library,1,Wednesday,12,25.1,84.3,0.0,22.7,24.5,2,0.3557789114203764
EC006890,BUS_A,Business,1,Sunday,10,25.4,85.9,0.0,16.8,23.2,6,1.573050471972023
EC003235,ENG_B,Engineering,16,Tuesday,9,29.2,75.1,108.0,56.9,59.9,1,0.677218824054632
EC004247,RES_A,Residential,18,Tuesday,11,28.4,72.1,177.0,41.5,42.1,1,0.7308912996161829
EC005991,RES_A,Residential,22,Tuesday,8,27.1,79.3,248.0,56.6,58.2,1,0.6633765752512587
EC001090,LIB_A,Library,9,Saturday,9,28.1,83.3,55.0,39.4,40.6,5,0.5050029344485149
EC006260,SCI_A,Science,10,Wednesday,10,28.8,70.5,89.0,81.0,82.5,2,0.7357478327403227
EC002967,LEC_A,LectureHall,23,Sunday,9,26.5,80.2,22.0,,30.8,6,1.611240169336063
EC005059,SCI_A,Science,10,Tuesday,1,27.6,74.9,94.0,77.3,88.1,1,1.005287440966754
EC007912,BUS_B,Business,16,Friday,12,29.0,,123.0,62.8,66.6,4,1.7418277185040822
EC000775,SCI_B,Science,19,Wednesday,3,30.4,80.0,0.0,68.3,73.4,2,0.6619353015552035
EC005629,BUS_B,Business,9,Saturday,6,29.2,78.6,0.0,41.9,40.3,5,0.620730042873493
EC002822,BUS_A,Business,9,Wednesday,2,28.1,74.9,79.0,50.5,45.7,2,0.5295441886014495
EC006483,LIB_A,Library,12,Sunday,7,29.7,71.9,275.0,60.3,68.4,6,3.9828403942558026
EC003157,BUS_A,Business,15,Thursday,3,34.6,86.0,126.0,80.8,77.1,3,6.365897281533994
EC005202,ENG_B,Engineering,13,Wednesday,7,30.1,72.4,160.0,63.6,74.7,2,0.771264015872717
EC005094,SCI_B,Science,11,Tuesday,6,30.1,68.4,98.0,76.8,90.5,1,0.5171330356537467
EC006723,RES_B,Residential,6,Wednesday,1,25.7,87.4,164.0,38.8,36.7,2,0.6939818818741539
EC000043,BUS_B,Business,7,Wednesday,8,28.3,76.7,4.0,37.0,36.3,2,0.671151748568508
EC003531,SCI_A,Science,19,Wednesday,5,29.2,80.3,13.0,73.9,76.3,2,0.8700303716872987
EC001639,ADM_A,Administration,22,Wednesday,8,27.5,81.3,2.0,20.4,23.9,2,0.8677902571915991
EC006264,BUS_B,Business,3,Friday,7,27.0,68.0,2.0,30.1,33.7,4,1.2396240668723082
EC005939,ENG_B,Engineering,12,Wednesday,6,31.3,77.0,155.0,70.3,78.9,2,0.8806530230319276
EC005075,RES_B,Residential,22,Thursday,9,27.5,77.7,209.0,51.4,56.4,3,0.4779130292041979
EC007297,LEC_A,LectureHall,5,Monday,9,25.6,84.0,7.0,23.9,26.3,0,0.5528025231601191
EC006059,SPT_A,Sports,3,Saturday,12,25.1,83.9,0.0,28.9,30.1,5,0.5164825559722492
EC006780,SPT_A,Sports,7,Monday,3,27.2,82.4,127.0,57.0,52.8,0,0.5219660038803499
EC000384,ENG_B,Engineering,20,Monday,11,27.4,80.8,10.0,39.8,40.2,0,0.5570706266534758
EC003937,RES_B,Residential,16,Tuesday,11,30.1,71.8,143.0,43.1,42.9,1,0.5920239914989143
EC006819,ENG_A,Engineering,12,Tuesday,3,30.6,75.6,,99.3,100.9,1,7.079786002134522
EC004506,SCI_B,Science,0,Monday,10,25.8,79.7,1.0,50.8,50.6,0,0.45382200623134683
EC003572,SCI_B,Science,19,Sunday,12,,96.0,0.0,57.2,47.9,6,9.046517417606282
EC001434,ENG_A,Engineering,2,Monday,2,25.0,72.4,5.0,28.9,38.5,0,0.6306817279650319
EC001677,ENG_A,Engineering,15,Tuesday,12,29.1,75.5,184.0,82.3,78.1,1,0.5951006945758746
EC005463,SCI_A,Science,11,Sunday,6,29.8,81.5,1.0,80.3,81.6,6,1.9341764020007335
EC004173,SCI_A,Science,13,Wednesday,11,29.5,79.2,137.0,102.1,104.7,2,0.7523743312201514
EC007146,SCI_B,Science,11,Monday,8,29.1,72.8,97.0,84.1,86.9,0,0.4403300831296412
EC001716,SCI_A,Science,0,Monday,2,26.0,77.5,6.0,62.2,64.0,0,2.2634696607992506
EC004633,LIB_A,Library,5,Wednesday,7,26.2,80.8,1.0,22.7,27.9,2,0.5416550412021225
EC002555,BUS_A,Business,8,Saturday,2,27.8,79.6,29.0,30.4,29.4,5,0.49143673526047665
EC007812,BUS_B,Business,19,Saturday,9,30.5,74.4,0.0,40.8,40.9,5,0.5373418889922457
EC001683,LIB_A,Library,8,Thursday,6,28.6,79.2,60.0,33.0,42.4,3,0.5694463565518345
EC007935,ENG_A,Engineering,14,Monday,9,31.2,68.9,202.0,94.3,95.1,0,0.49132717916221313
EC007643,SPT_A,Sports,9,Sunday,4,31.0,71.1,70.0,56.0,58.4,6,0.5358412434100562
EC007329,BUS_B,Business,3,Tuesday,9,25.3,84.0,0.0,28.9,33.9,1,0.48441123513000717
EC000296,ADM_A,Administration,5,Friday,11,25.8,79.8,12.0,20.9,21.5,4,0.5561477348113293
EC002457,LEC_A,LectureHall,21,Wednesday,6,28.3,71.2,39.0,43.2,38.4,2,0.635733734493612
EC000126,RES_A,Residential,13,Saturday,4,32.2,68.4,125.0,54.5,56.1,5,1.2049926072170363
EC002500,RES_B,Residential,18,Tuesday,5,30.0,76.8,186.0,41.2,49.0,1,0.6310303848889054
EC001995,ENG_A,Engineering,1,Thursday,7,25.4,88.2,29.0,46.8,46.9,3,0.4116306939012776
EC001518,SCI_B,Science,1,Sunday,4,26.9,81.7,1.0,71.0,65.1,6,1.4838004846520925
EC007541,SCI_A,Science,15,Monday,7,29.9,75.4,100.0,83.1,87.4,0,0.4924262598450602
EC005632,BUS_A,Business,2,Monday,4,26.8,80.3,11.0,33.2,34.6,0,0.45200027399704484
EC007096,SCI_B,Science,10,Thursday,6,29.2,76.8,112.0,88.2,91.4,3,0.5786167621045142
EC007078,RES_A,Residential,22,Tuesday,9,27.6,77.7,284.0,62.1,57.6,1,1.391945951385406
EC005515,LEC_A,LectureHall,23,Saturday,9,26.8,80.8,0.0,23.7,23.0,5,0.6166919931482223
EC000912,RES_B,Residential,19,Monday,4,28.6,79.5,167.0,47.7,42.9,0,0.4712433685716518
EC003631,SCI_B,Science,14,Sunday,6,30.5,64.6,21.0,60.6,71.0,6,0.2663481853244987
EC006681,RES_A,Residential,14,Saturday,8,30.2,72.7,83.0,45.5,43.9,5,0.4514587838571566
EC004054,SCI_B,Science,11,Saturday,12,29.5,76.7,11.0,71.7,73.9,5,1.2799243449227873
EC006251,ENG_A,Engineering,13,Friday,7,28.0,78.2,228.0,85.1,87.9,4,0.9983284332992377
EC007854,LIB_A,Library,18,Saturday,12,29.3,76.6,262.0,73.8,73.3,5,3.1351035280468924
EC005581,SCI_A,Science,2,Friday,10,24.5,86.9,22.0,60.0,65.3,4,1.3973617870121855
EC000704,SCI_B,Science,22,Friday,1,27.4,77.6,2.0,70.7,61.1,4,1.0535811078721706
EC002802,RES_A,Residential,14,Friday,10,29.2,76.2,129.0,36.0,43.7,4,0.6044386863070562
EC007685,SCI_B,Science,0,Thursday,12,26.7,78.0,9.0,54.2,57.0,3,0.5648339810414376
EC003726,BUS_A,Business,22,Friday,1,26.7,75.6,19.0,32.2,39.9,4,0.4569401766676091
EC000895,ENG_A,Engineering,17,Monday,2,29.0,78.8,105.0,54.6,59.4,0,0.47331085467917244
EC005922,LEC_A,LectureHall,15,Tuesday,12,35.3,79.9,214.0,92.4,96.3,1,7.7629112362841655
EC005074,LIB_A,Library,3,Wednesday,6,25.7,86.2,33.0,31.2,34.4,2,0.5315708081378575
EC001243,SCI_A,Science,23,Thursday,4,27.4,77.7,20.0,70.5,73.1,3,0.9332497236798802
EC002158,SCI_A,Science,14,Saturday,7,29.6,72.4,48.0,86.0,85.3,5,0.9602448587217961
EC003656,LIB_A,Library,0,Wednesday,11,26.1,78.1,0.0,29.5,28.1,2,0.3828475242333563
EC005744,SPT_A,Sports,3,Monday,1,24.7,91.4,34.0,37.4,33.5,0,0.3858672639140409
EC007305,ENG_B,Engineering,23,Thursday,6,29.1,73.7,0.0,38.4,41.4,3,0.4943626124351674
EC006097,SCI_A,Science,9,Tuesday,6,29.5,82.2,69.0,87.4,98.9,1,0.8087807923699651
EC003917,ENG_B,Engineering,1,Tuesday,10,25.3,78.0,0.0,28.2,28.8,1,0.5186014645876361
EC007310,BUS_B,Business,3,Sunday,4,25.5,78.5,0.0,27.8,29.3,6,0.7612963396157182
EC007622,RES_B,Residential,0,Sunday,8,26.4,81.1,123.0,42.0,42.2,6,0.7407347443349352
EC003502,RES_B,Residential,5,Sunday,10,24.4,82.6,204.0,47.5,44.5,6,0.4827686003457165
EC005531,BUS_B,Business,0,Saturday,9,27.5,77.0,5.0,33.9,32.9,5,0.8416566880336329
EC005227,ENG_A,Engineering,10,Monday,9,28.3,79.8,141.0,67.7,68.0,0,0.48741467687920226
EC003100,ENG_B,Engineering,22,Monday,10,28.3,86.0,12.0,45.6,42.9,0,0.45037323071648694
EC007852,SPT_A,Sports,0,Wednesday,12,26.0,81.5,0.0,31.2,32.3,2,0.49070173122750527
EC001358,LEC_A,LectureHall,7,Wednesday,10,,99.2,0.0,22.6,22.4,2,7.076688233246933
EC006975,LEC_A,LectureHall,12,Thursday,6,31.7,67.9,221.0,87.9,85.6,3,1.9071576181949625
EC005751,LEC_A,LectureHall,22,Tuesday,7,27.3,77.5,31.0,95.1,60.4,1,3.9030454512598665
EC006259,BUS_B,Business,14,Tuesday,10,30.5,79.2,177.0,63.5,71.7,1,0.8874299989824289
EC007570,LIB_A,Library,21,Wednesday,10,24.9,96.4,97.0,43.7,38.6,2,3.881406302902982
EC003804,LEC_A,LectureHall,15,Wednesday,4,30.8,72.2,184.0,67.5,70.3,2,0.815133548267198
EC002249,SPT_A,Sports,1,Tuesday,7,26.9,88.0,0.0,30.5,33.7,1,0.7950319052885078
EC006030,ENG_B,Engineering,16,Monday,5,30.7,70.9,127.0,73.3,76.7,0,0.8966501601252944
EC007272,LIB_A,Library,5,Monday,11,25.1,89.8,0.0,24.2,25.2,0,0.39675260464573137
EC007394,SCI_A,Science,16,Friday,6,29.1,76.0,88.0,92.7,92.0,4,0.794779005412407
EC005312,BUS_A,Business,23,Tuesday,2,26.6,74.1,1.0,30.3,32.3,1,0.3827396975342941
EC007358,RES_A,Residential,16,Thursday,11,29.9,75.3,115.0,39.1,44.7,3,0.7822334575900471
EC003386,ADM_A,Administration,5,Thursday,8,27.0,83.9,1.0,21.5,24.3,3,0.5735315668526131
EC005490,BUS_B,Business,3,Sunday,4,26.1,84.7,0.0,7.1,22.6,6,4.885578706537791
EC004397,ENG_B,Engineering,3,Monday,3,26.9,82.5,10.0,34.5,36.1,0,0.6357015501823452
EC007883,ADM_A,Administration,20,Friday,9,28.9,78.7,0.0,22.2,25.5,4,0.510792899059701
EC006174,SCI_A,Science,18,Thursday,4,28.9,74.0,173.0,109.2,114.8,3,1.0093216581202866
EC007417,SCI_A,Science,21,Wednesday,12,26.2,76.6,23.0,66.6,73.8,2,0.7175957276023077
EC005683,BUS_A,Business,15,Friday,5,31.6,72.2,112.0,55.8,61.0,4,1.0026322874037155
EC004905,ENG_B,Engineering,6,Wednesday,6,26.9,81.2,13.0,42.9,42.4,2,0.6594423023320236
EC004279,ADM_A,Administration,8,Thursday,10,26.2,84.1,42.0,28.0,27.5,3,0.4977077678844615
EC001328,BUS_B,Business,3,Monday,11,27.2,78.2,0.0,40.3,40.4,0,0.48491210166697396
EC001899,ADM_A,Administration,9,Wednesday,6,27.5,82.2,59.0,40.2,27.6,2,0.49772455320336473
EC006702,LIB_A,Library,5,Thursday,1,26.4,74.1,0.0,26.0,25.9,3,0.5388244868828761
EC002443,RES_A,Residential,11,Saturday,12,27.8,65.4,177.0,43.7,49.3,5,0.4188637389525891
EC005359,ADM_A,Administration,15,Monday,7,31.6,79.8,99.0,48.5,48.5,0,0.4436277743369028
EC001368,SCI_B,Science,11,Tuesday,9,28.5,76.6,105.0,90.4,76.8,1,1.1268293118174992
EC001440,SPT_A,Sports,15,Sunday,7,29.8,74.1,186.0,66.3,64.9,6,1.0703008729328245
EC001276,ENG_A,Engineering,19,Tuesday,12,29.1,74.3,36.0,48.9,52.1,1,0.523026647635819
EC003024,BUS_A,Business,3,Monday,6,27.3,83.4,6.0,26.6,32.8,0,0.46760268227565044
EC005871,RES_A,Residential,11,Sunday,11,29.2,80.3,109.0,41.1,39.9,6,0.5527581164967789
EC000388,SPT_A,Sports,3,Monday,10,25.6,82.5,27.0,38.3,33.3,0,0.400148652036079
EC007844,RES_B,Residential,0,Saturday,3,27.4,77.6,132.0,39.8,42.0,5,0.45272434225185265
EC004340,SCI_B,Science,19,Tuesday,10,28.5,74.7,17.0,64.0,68.6,1,0.6358205967198587
EC007742,BUS_A,Business,7,Wednesday,7,26.7,82.4,34.0,37.2,41.9,2,0.466664401210823
EC004045,ADM_A,Administration,13,Wednesday,1,30.0,68.6,99.0,39.2,46.3,2,0.4157646576988518
EC004665,LIB_A,Library,23,Thursday,9,25.9,,59.0,32.2,36.7,3,1.521811348688058
EC000338,ENG_B,Engineering,14,Monday,1,30.5,69.1,151.0,70.2,73.0,0,0.577800380172401
EC005292,LIB_A,Library,13,Saturday,11,29.5,75.2,99.0,35.1,48.3,5,0.4275353739004895
EC006881,BUS_A,Business,4,Monday,1,25.9,80.4,0.0,7.0,22.7,0,2.6317094590969585
EC002709,LIB_A,Library,16,Wednesday,2,30.2,73.9,200.0,54.2,62.3,2,0.6938106714954028
EC003166,RES_B,Residential,6,Sunday,4,27.8,84.7,,52.6,55.1,6,0.9360110409687151
EC003290,LIB_A,Library,0,Saturday,7,27.6,78.8,0.0,,28.8,5,1.7803775873152246
EC000077,RES_B,Residential,14,Wednesday,11,30.6,76.3,97.0,42.0,42.1,2,0.5256121476755244
EC001445,ENG_B,Engineering,3,Tuesday,6,27.6,75.8,0.0,40.3,42.1,1,0.651346778844628
EC002705,ENG_B,Engineering,17,Tuesday,3,29.6,80.0,65.0,56.0,57.8,1,0.5191160981461856
EC004929,ENG_A,Engineering,17,Wednesday,1,29.7,81.0,87.0,70.8,64.5,2,0.672065460675148
EC006746,BUS_B,Business,11,Saturday,1,28.2,90.4,51.0,46.7,42.1,5,0.3961173943626997
EC003278,BUS_A,Business,14,Thursday,6,29.7,72.1,160.0,61.6,61.3,3,0.8425469236967967
EC006215,ENG_B,Engineering,13,Sunday,2,29.6,74.0,60.0,53.1,63.2,6,0.707257312142236
EC002024,RES_A,Residential,21,Monday,1,24.8,96.2,235.0,51.2,51.9,0,2.97052434527006
EC000803,LIB_A,Library,3,Thursday,3,26.2,79.9,19.0,29.5,31.7,3,0.5384693750008974
EC006051,ENG_A,Engineering,13,Monday,6,31.3,72.1,187.0,78.2,82.0,0,0.5340394981201347
EC001054,LIB_A,Library,22,Thursday,3,27.5,76.5,44.0,40.6,43.3,3,0.600570032200214
EC000511,LEC_A,LectureHall,15,Wednesday,9,34.2,79.9,199.0,80.9,84.3,2,5.551583684694709
EC000113,LEC_A,LectureHall,17,Monday,12,30.0,72.8,85.0,52.3,54.7,0,0.44914617800127526
EC000393,LEC_A,LectureHall,11,Thursday,11,28.6,80.7,201.0,72.8,69.7,3,1.647104364580183
EC000513,LEC_A,LectureHall,8,Tuesday,6,27.3,78.6,93.0,42.4,45.1,1,0.5834985781513482
EC001836,LEC_A,LectureHall,22,Saturday,9,26.6,84.2,0.0,19.7,21.1,5,1.1590868504500447
EC000612,LEC_A,LectureHall,6,Thursday,9,25.4,78.9,17.0,22.8,25.3,3,0.5956787528420956
EC001077,RES_A,Residential,17,Thursday,9,29.0,78.5,167.0,46.4,43.9,3,0.534566436594021
EC001387,SPT_A,Sports,20,Thursday,7,28.6,77.6,147.0,50.7,61.2,3,0.9388778642658014
EC005929,RES_B,Residential,11,Thursday,9,29.0,73.6,128.0,38.9,43.1,3,0.8165224886218051
EC005433,RES_A,Residential,16,Friday,3,31.6,67.9,108.0,48.0,50.1,4,0.6588476729083529
EC001205,SCI_A,Science,3,Tuesday,3,26.8,80.1,0.0,62.8,67.6,1,0.753343591549132
EC003599,SPT_A,Sports,22,Monday,7,27.3,84.1,65.0,48.9,52.3,0,0.401772438739071
EC004407,ENG_B,Engineering,2,Tuesday,3,26.1,95.0,9.0,38.5,43.7,1,0.9578716430806534
EC004448,BUS_B,Business,18,Monday,11,27.5,81.1,51.0,37.8,42.8,0,0.40300615831283065
EC007206,ENG_B,Engineering,6,Thursday,8,26.7,78.5,29.0,40.2,39.7,3,0.5073128198997979
EC000790,ADM_A,Administration,12,Sunday,8,29.7,76.3,35.0,30.4,31.7,6,0.4698055934883717
EC003075,ENG_B,Engineering,8,Friday,10,28.3,78.3,70.0,55.1,54.2,4,0.5643672184081344
EC002960,SPT_A,Sports,6,Monday,11,26.6,82.2,103.0,46.6,51.6,0,0.4098902825306241
EC001964,SCI_B,Science,2,Tuesday,10,25.8,72.2,3.0,86.8,70.5,1,5.833037975051774
EC007137,SPT_A,Sports,14,Friday,2,30.7,76.5,56.0,58.2,48.9,4,0.5502619142937474
EC000036,ADM_A,Administration,21,Friday,1,28.4,78.9,2.0,26.6,27.4,4,0.5517898407514106
EC000454,RES_A,Residential,14,Sunday,11,29.1,80.8,160.0,49.5,49.2,6,0.564604346329721
EC003399,RES_B,Residential,4,Friday,12,26.7,81.2,138.0,39.4,38.6,4,0.8315927015727488
EC001664,ENG_B,Engineering,8,Saturday,7,28.0,83.1,12.0,47.1,46.2,5,0.5879152946282918
EC003263,RES_A,Residential,18,Monday,1,28.1,72.6,138.0,43.7,49.7,0,0.9885782228144672
EC006089,RES_A,Residential,1,Saturday,2,26.1,85.8,121.0,52.8,46.6,5,0.42862361741317123
EC001486,ENG_B,Engineering,7,Monday,12,25.5,75.5,10.0,35.4,35.9,0,0.6606858700332728
EC001974,LIB_A,Library,9,Wednesday,11,28.5,71.6,69.0,38.5,37.8,2,0.5213626394609278
EC001338,LEC_A,LectureHall,11,Sunday,7,28.8,69.7,49.0,34.9,38.8,6,0.5873249007676865
EC004298,ENG_B,Engineering,2,Saturday,1,26.4,81.6,0.0,41.0,39.1,5,0.7919574534355719
EC003623,ENG_A,Engineering,16,Thursday,2,29.7,76.8,127.0,67.6,65.0,3,0.68923490355313
EC002849,BUS_A,Business,13,Tuesday,11,31.3,68.0,159.0,62.4,73.2,1,0.6943279105121063
EC001834,LEC_A,LectureHall,22,Monday,9,26.8,77.4,12.0,25.8,28.4,0,0.8107446934230302
EC004915,SPT_A,Sports,12,Thursday,2,29.0,79.4,12.0,46.2,45.2,3,0.580437765319241
EC007608,SPT_A,Sports,11,Wednesday,6,30.1,77.9,39.0,40.0,43.7,2,0.5179510984329966
EC000108,RES_B,Residential,3,Wednesday,4,26.7,77.3,197.0,49.4,50.2,2,0.6556606102367987
EC004617,BUS_A,Business,17,Saturday,4,30.8,78.4,34.0,42.8,51.0,5,0.5796880843608422
EC001565,RES_A,Residential,7,Saturday,11,26.8,76.5,268.0,60.8,58.5,5,1.2350987050153415
EC005342,RES_A,Residential,7,Sunday,8,26.4,84.0,255.0,50.2,49.7,6,0.7969509561490841
EC001385,SCI_B,Science,9,Thursday,7,30.6,80.0,73.0,82.1,86.4,3,0.5569502636736201
EC005891,ENG_B,Engineering,12,Wednesday,10,29.1,70.7,180.0,77.8,78.3,2,0.859836919966276
EC000052,SCI_A,Science,9,Friday,7,29.9,69.6,62.0,82.9,88.5,4,0.5815351268907047
EC004683,ENG_A,Engineering,15,Monday,2,30.0,84.7,177.0,68.0,81.9,0,0.5670952342525394
EC006309,BUS_B,Business,11,Wednesday,12,28.0,73.5,138.0,57.7,61.3,2,0.690953890862308
EC005823,LEC_A,LectureHall,22,Saturday,1,25.8,76.5,16.0,23.3,22.6,5,0.5916525808883714
EC000998,LIB_A,Library,4,Wednesday,5,27.3,80.4,0.0,34.5,37.5,2,0.4991994166071279
EC004592,BUS_B,Business,8,Monday,10,27.8,76.8,70.0,43.4,52.5,0,0.8012480006091304
EC007416,LIB_A,Library,17,Thursday,11,29.2,78.2,199.0,56.4,54.9,3,0.7134897686906049
EC005883,ENG_B,Engineering,7,Tuesday,4,26.6,83.2,143.0,23.6,46.7,1,4.009525854015912
EC007070,SCI_B,Science,3,Monday,6,27.4,74.7,5.0,51.8,58.1,0,0.641338356093546
EC002842,SCI_A,Science,9,Wednesday,9,28.4,79.3,74.0,77.8,80.5,2,0.7960869357302747
EC001524,LEC_A,LectureHall,21,Monday,11,26.4,75.4,0.0,26.2,23.7,0,0.4271297250911677
EC002926,RES_A,Residential,15,Wednesday,10,31.7,70.0,119.0,39.9,43.7,2,0.5284002751117142
EC005668,RES_A,Residential,0,Friday,1,25.3,77.6,157.0,43.4,42.9,4,0.4290377156564611
EC003977,LEC_A,LectureHall,1,Sunday,5,26.1,83.3,0.0,19.2,25.5,6,0.9216060954608882
EC007372,RES_B,Residential,8,Sunday,3,28.2,79.3,219.0,46.8,42.4,6,0.4792591420613984
EC002852,ENG_B,Engineering,17,Tuesday,6,30.1,78.8,110.0,61.1,61.8,1,0.7444869036729115
EC006424,BUS_B,Business,20,Monday,7,29.3,74.4,10.0,42.0,44.8,0,0.5436165456717733
EC006753,SCI_A,Science,6,Sunday,10,27.0,75.7,0.0,63.3,63.6,6,0.6624200914420676
EC000364,ENG_B,Engineering,5,Friday,1,26.1,83.8,11.0,37.0,35.3,4,0.6241173667131386
EC003284,RES_A,Residential,12,Thursday,2,30.0,77.5,,43.3,50.3,3,1.0047083972383781
EC006845,ENG_B,Engineering,4,Sunday,2,26.6,82.8,11.0,40.0,38.4,6,0.6527163436870811
EC004789,ADM_A,Administration,21,Thursday,4,24.8,99.5,0.0,23.8,27.1,3,3.90571937780236
EC001745,RES_B,Residential,23,Saturday,1,25.2,77.9,270.0,49.5,51.0,5,0.5125209584133703
EC004836,LEC_A,LectureHall,15,Monday,3,31.7,68.7,195.0,74.8,79.7,0,0.6952995567337134
EC005443,LIB_A,Library,2,Wednesday,2,25.0,76.2,0.0,26.2,25.2,2,0.5568594871907989
EC000030,RES_A,Residential,16,Tuesday,3,34.7,79.4,258.0,71.7,74.1,1,4.8491067185941175
EC004311,ENG_B,Engineering,7,Sunday,12,25.5,84.1,0.0,33.1,33.2,6,0.5914933116985904
EC002417,BUS_B,Business,4,Saturday,3,27.2,75.7,0.0,32.8,35.9,5,0.8097251166134914
EC002722,BUS_A,Business,1,Wednesday,1,26.0,79.7,0.0,31.1,29.2,2,0.37795657771811586
EC006643,ADM_A,Administration,5,Thursday,7,28.6,76.2,0.0,27.4,26.3,3,0.5599762682333211
EC004422,BUS_B,Business,4,Tuesday,10,26.0,83.7,,38.1,35.5,1,3.398916692910645
EC001680,LIB_A,Library,12,Sunday,6,31.1,71.5,112.0,53.2,53.7,6,0.5992378615395143
EC002212,ENG_A,Engineering,8,Tuesday,1,28.0,79.7,84.0,65.0,62.3,1,0.651969094777349
EC007503,ENG_B,Engineering,11,Thursday,8,29.6,69.9,130.0,60.5,67.1,3,0.7655964039261632
EC005538,LIB_A,Library,20,Saturday,1,29.1,75.6,95.0,51.0,54.4,5,0.4952269578821837
EC005971,BUS_A,Business,6,Monday,6,26.9,81.7,2.0,30.4,32.9,0,0.45025067086590914
EC004847,SCI_A,Science,4,Monday,1,25.6,83.2,11.0,61.6,67.4,0,1.1861269737009028
EC004750,RES_B,Residential,22,Thursday,1,28.0,79.0,253.0,64.6,61.6,3,1.1085455647740976
EC003934,BUS_A,Business,2,Sunday,9,26.4,89.1,0.0,,19.8,6,4.050052572501324
EC003605,RES_B,Residential,21,Monday,5,27.7,80.2,169.0,50.0,49.4,0,0.41839711797539614
EC004013,LEC_A,LectureHall,3,Wednesday,8,24.5,78.9,0.0,,23.1,2,1.6028012909756768
EC002029,RES_B,Residential,22,Wednesday,4,27.8,82.3,218.0,56.5,55.4,2,0.6319826795075006
EC001447,LIB_A,Library,9,Thursday,5,30.5,76.4,36.0,39.0,44.0,3,0.5765357068825737
EC005407,RES_B,Residential,22,Monday,11,27.5,82.0,226.0,49.3,54.4,0,0.4313753647339856
EC004771,ADM_A,Administration,2,Monday,6,27.1,78.7,0.0,15.1,21.5,0,2.089715371458585
EC000293,BUS_A,Business,2,Wednesday,1,25.5,85.1,8.0,27.9,30.4,2,0.3994889451660248
EC002375,BUS_A,Business,4,Monday,2,25.8,85.8,0.0,25.0,26.0,0,0.32782128327921517
EC003644,ENG_A,Engineering,13,Tuesday,5,29.7,73.2,208.0,89.1,93.2,1,0.5585387597848087
EC005131,ENG_B,Engineering,5,Saturday,5,28.7,79.0,0.0,39.9,46.3,5,0.634145507439804
EC000475,ENG_A,Engineering,5,Saturday,2,25.9,84.7,6.0,40.7,42.1,5,0.5905861646566524
EC007014,RES_A,Residential,1,Tuesday,9,26.4,87.1,157.0,44.9,49.3,1,0.5191495609532008
EC006073,LEC_A,LectureHall,16,Saturday,3,31.1,75.1,39.0,44.4,41.9,5,0.5002110080142406
EC000539,LIB_A,Library,9,Saturday,6,29.1,73.1,27.0,33.4,39.3,5,0.5476145515851467
EC002891,SCI_A,Science,9,Monday,12,28.3,79.5,130.0,49.3,79.2,0,0.6932125296550745
EC007546,SPT_A,Sports,7,Saturday,4,28.1,,107.0,49.1,57.6,5,2.0419491158335217
EC001897,ENG_A,Engineering,21,Saturday,7,27.8,75.1,4.0,41.1,45.1,5,0.5986786231013991
EC003851,ENG_A,Engineering,11,Tuesday,11,28.6,87.3,155.0,69.9,71.3,1,0.6661540454062994
EC006569,RES_B,Residential,20,Wednesday,11,27.7,80.1,199.0,51.7,48.2,2,0.4625998808424338
EC001056,LIB_A,Library,19,Friday,9,28.9,80.5,151.0,61.6,56.6,4,0.6861462827674552
EC005226,BUS_B,Business,5,Saturday,1,26.1,81.8,13.0,28.7,30.3,5,0.6020773934194726
EC007319,LEC_A,LectureHall,9,Friday,8,27.8,84.6,104.0,56.5,49.2,4,0.499794861776333
EC000859,SPT_A,Sports,15,Monday,7,30.2,76.3,44.0,50.6,50.0,0,0.4741202338155743
EC001493,ENG_B,Engineering,19,Saturday,10,28.5,82.5,0.0,30.5,37.8,5,0.5505479447447059
EC001888,LEC_A,LectureHall,18,Monday,11,29.5,75.6,79.0,39.8,47.4,0,0.6717919198592651
EC003838,LEC_A,LectureHall,4,Saturday,8,26.6,83.2,0.0,23.2,24.4,5,0.469274092590195
EC007899,SCI_A,Science,3,Saturday,7,26.1,78.4,6.0,65.8,62.9,5,1.7376352787650053
EC004244,BUS_A,Business,10,Monday,5,28.9,73.6,99.0,54.4,53.4,0,0.4277553448804324
EC002258,ENG_B,Engineering,20,Sunday,2,30.0,74.2,0.0,52.4,53.5,6,0.5653081966858076
EC004719,BUS_B,Business,15,Saturday,4,30.3,72.3,9.0,36.4,37.4,5,0.6167402140699445
EC005265,SCI_A,Science,0,Wednesday,7,27.5,82.7,2.0,75.0,72.4,2,2.7760338060883614
EC004541,SPT_A,Sports,8,Friday,5,28.4,77.8,107.0,55.1,58.4,4,0.8413945810094975
EC003570,ENG_B,Engineering,23,Monday,8,27.9,78.2,33.0,36.6,40.4,0,0.35780863302795635
EC000135,ENG_A,Engineering,18,Sunday,12,29.7,70.4,22.0,51.4,51.9,6,0.5959107330746283
EC004186,RES_A,Residential,20,Sunday,5,26.9,76.2,238.0,52.5,56.2,6,0.5669083494951176
EC004488,RES_A,Residential,15,Sunday,2,,65.2,169.0,56.3,49.7,6,1.2977271303326938
EC001993,ENG_A,Engineering,9,Monday,1,29.7,76.8,95.0,61.8,63.0,0,1.0298784831654797
EC005062,BUS_B,Business,9,Friday,12,27.6,76.5,73.0,41.9,45.3,4,0.6197050053057926
EC005196,LIB_A,Library,19,Sunday,4,29.7,69.9,129.0,57.6,60.5,6,0.6499629549099291
EC004959,SCI_B,Science,3,Thursday,1,25.1,84.1,,48.2,54.6,3,1.464368792324969
EC004886,RES_B,Residential,23,Tuesday,7,,89.0,247.0,54.2,54.4,1,2.6453283392977935
EC001098,ENG_A,Engineering,6,Saturday,1,26.0,76.2,0.0,42.4,45.2,5,0.6152140417704458
EC007421,BUS_B,Business,12,Friday,2,30.2,69.6,167.0,67.7,70.9,4,0.6177101221486091
EC002422,SPT_A,Sports,23,Thursday,6,26.8,78.0,43.0,105.7,65.2,3,2.577705588142655
EC002883,LEC_A,LectureHall,11,Monday,6,29.4,80.3,155.0,56.2,60.5,0,0.7962815471993017
EC000731,LIB_A,Library,15,Tuesday,9,31.0,69.2,179.0,57.7,54.5,1,0.5058328794072013
EC001754,BUS_B,Business,22,Thursday,11,27.6,84.7,18.0,44.7,45.3,3,0.5158113719737648
EC002318,SPT_A,Sports,5,Friday,9,25.7,78.8,60.0,40.4,38.1,4,0.5169282431256373
EC001657,SPT_A,Sports,12,Sunday,2,32.4,67.8,0.0,55.7,50.1,6,0.9942398438629331
EC007914,BUS_B,Business,9,Tuesday,12,28.1,73.7,88.0,46.6,51.3,1,0.5392290706973429
EC005046,LEC_A,LectureHall,20,Friday,11,27.4,83.4,12.0,29.1,28.8,4,0.5511177548526172
EC003462,BUS_A,Business,12,Friday,8,29.6,76.0,,59.4,59.2,4,1.8498044314597029
EC006825,ENG_B,Engineering,10,Wednesday,1,29.3,73.7,117.0,58.1,59.7,2,0.6862308209755882
EC006159,SCI_A,Science,10,Sunday,11,27.5,,25.0,75.2,76.2,6,1.0066857059605114
EC002280,RES_A,Residential,11,Sunday,3,29.7,76.9,176.0,47.8,52.6,6,0.6482010058710853
EC007759,ADM_A,Administration,13,Sunday,11,28.6,75.4,31.0,25.5,29.1,6,0.46491263545368355
EC003585,SCI_B,Science,11,Thursday,10,29.0,70.7,88.0,,78.4,3,1.8457892665316888
EC007376,LEC_A,LectureHall,5,Wednesday,2,25.9,80.4,21.0,27.5,30.9,2,0.4912923729259455
EC000066,ENG_A,Engineering,22,Tuesday,2,27.5,76.4,0.0,41.7,40.9,1,0.5478947744618426
EC007195,BUS_B,Business,20,Wednesday,4,30.6,75.4,23.0,49.4,56.4,2,0.5700349754928744
EC003583,BUS_B,Business,0,Saturday,6,27.7,75.4,6.0,32.7,37.1,5,0.9143021253012676
EC001867,BUS_B,Business,3,Thursday,10,24.6,86.4,4.0,31.4,31.1,3,0.7814668173343012
EC005655,RES_B,Residential,6,Friday,11,26.5,82.0,131.0,36.9,44.9,4,0.6997696808024009
EC006197,LEC_A,LectureHall,7,Sunday,6,27.5,77.0,0.0,21.8,24.3,6,0.7137174558296034
EC004536,LIB_A,Library,3,Sunday,10,26.2,78.6,17.0,25.1,31.6,6,0.4958926198028206
EC007778,SCI_A,Science,11,Wednesday,11,30.0,69.5,105.0,73.8,91.4,2,0.5413059356960238
EC004078,SCI_A,Science,9,Wednesday,6,29.4,76.3,88.0,85.2,86.0,2,0.6043798765615148
EC004601,BUS_A,Business,14,Wednesday,11,28.0,77.2,123.0,45.3,46.2,2,0.7451265913326027
EC006142,SCI_A,Science,9,Monday,1,27.6,75.1,64.0,85.8,86.0,0,0.6654355496556431
EC000940,LIB_A,Library,1,Thursday,9,25.7,86.2,0.0,23.0,26.2,3,0.4261746932116051
EC006129,SPT_A,Sports,23,Thursday,4,27.0,75.3,27.0,41.1,38.4,3,0.5110238762913186
EC005518,BUS_A,Business,17,Sunday,6,30.8,70.2,14.0,40.7,37.0,6,0.5601186566058963
EC001361,LIB_A,Library,20,Sunday,11,24.2,97.9,112.0,39.5,42.6,6,14.412032363676047
EC000571,SCI_A,Science,16,Saturday,1,29.5,74.0,23.0,87.0,87.6,5,0.7616058028548033
EC005824,ENG_A,Engineering,4,Wednesday,10,26.3,77.1,1.0,40.4,35.4,2,0.7353596087228187
EC003200,BUS_A,Business,5,Thursday,4,27.2,73.7,21.0,29.9,34.8,3,0.5290839112359762
EC000845,SCI_A,Science,2,Friday,7,24.9,85.1,10.0,57.1,58.6,4,0.7858029669822658
EC001484,SCI_A,Science,17,Monday,2,28.2,79.4,71.0,96.2,90.6,0,0.6266761903109499
EC007825,BUS_A,Business,0,Tuesday,9,26.0,88.6,,28.8,28.9,1,3.6400319164417545
EC000720,SCI_A,Science,4,Sunday,9,26.5,81.0,0.0,65.4,55.9,6,0.786721761248411
EC006380,RES_B,Residential,15,Monday,11,27.7,69.4,92.0,27.5,34.7,0,0.9925750827889338
EC002090,RES_A,Residential,5,Saturday,4,27.4,81.3,245.0,58.9,53.4,5,1.8621374709914238
EC004049,BUS_A,Business,6,Wednesday,5,26.2,77.3,7.0,35.2,32.5,2,0.5408213919831714
EC003518,LIB_A,Library,11,Wednesday,2,29.3,76.3,124.0,53.9,53.1,2,0.6413849457254004
EC002886,ENG_A,Engineering,18,Saturday,5,31.8,72.6,39.0,64.2,60.9,5,0.754163162147308
EC007151,BUS_A,Business,9,Friday,4,30.0,72.6,61.0,46.8,49.3,4,0.5375049627377991
EC006613,RES_B,Residential,2,Friday,4,26.7,84.5,145.0,46.7,48.8,4,0.5181450090390056
EC005801,LIB_A,Library,13,Friday,10,31.0,,154.0,43.3,47.4,4,1.4490637103270425
EC004639,BUS_B,Business,10,Saturday,12,28.6,75.0,48.0,43.0,44.5,5,0.5262978304301184
EC002151,LIB_A,Library,23,Thursday,4,28.2,81.5,19.0,36.8,40.1,3,0.6316967000330321
EC000437,LEC_A,LectureHall,4,Sunday,3,25.2,87.6,25.0,22.2,21.2,6,0.5478304998075478
EC001028,ADM_A,Administration,14,Wednesday,5,32.6,68.2,95.0,52.8,51.6,2,1.4797041544532872
EC003679,ENG_B,Engineering,11,Sunday,9,,74.6,27.0,45.8,49.1,6,0.9721520380962777
EC006371,ADM_A,Administration,10,Wednesday,12,28.4,74.3,73.0,28.3,35.1,2,0.6072005221069132
EC003475,RES_A,Residential,9,Saturday,3,29.5,80.8,178.0,35.4,47.6,5,0.5743309516479158
EC005507,SCI_A,Science,8,Friday,8,27.3,82.2,52.0,,74.5,4,1.343339446895321
EC000121,BUS_B,Business,14,Saturday,1,31.6,76.5,43.0,43.5,46.9,5,0.44346052648459044
EC001013,SCI_B,Science,6,Thursday,9,24.9,71.8,1.0,52.4,50.1,3,0.5292605111245706
EC005687,BUS_B,Business,19,Friday,4,29.0,71.2,10.0,45.7,38.2,4,0.6744705258207585
EC004937,SPT_A,Sports,13,Wednesday,10,30.1,75.2,28.0,37.3,43.9,2,0.4945815674684156
EC000074,BUS_A,Business,5,Sunday,8,27.6,78.0,10.0,30.9,29.5,6,0.6297044488519058
EC002623,RES_B,Residential,21,Saturday,5,28.6,79.0,242.0,52.1,51.3,5,0.5467632575682917
EC004744,ENG_A,Engineering,7,Wednesday,6,27.9,68.3,0.0,,41.9,2,3.3682544938442156
EC005921,RES_A,Residential,1,Thursday,4,27.0,74.7,128.0,46.6,45.3,3,0.4745626710339826
EC003079,LEC_A,LectureHall,10,Thursday,10,27.2,75.7,139.0,64.7,54.4,3,0.8553951165976589
EC000065,ENG_A,Engineering,8,Friday,12,26.9,80.6,89.0,57.1,57.6,4,0.5195216135519087
EC000046,RES_A,Residential,0,Tuesday,4,27.7,80.0,116.0,49.6,49.9,1,0.37775931552540815
EC007107,LEC_A,LectureHall,21,Friday,12,27.1,75.3,27.0,25.6,25.2,4,0.49476613995291824
EC001972,SCI_A,Science,20,Thursday,12,28.2,75.1,15.0,69.7,68.9,3,0.6172118868146048
EC005037,RES_B,Residential,5,Monday,6,26.9,79.1,159.0,43.9,47.8,0,0.48638676613636916
EC000726,SCI_A,Science,2,Friday,1,27.3,84.5,15.0,62.7,66.7,4,0.6756042117722109
EC007447,SCI_A,Science,9,Tuesday,9,27.8,82.4,63.0,80.4,76.3,1,1.0407731247283876
EC003946,SPT_A,Sports,17,Wednesday,6,29.5,78.0,167.0,60.6,68.3,2,0.8425503397325003
EC002901,LIB_A,Library,1,Saturday,11,26.6,82.0,0.0,32.2,27.2,5,0.4298916210868973
EC005184,RES_B,Residential,23,Saturday,12,27.9,79.8,262.0,52.0,60.6,5,0.4402331341183931
EC003689,BUS_A,Business,8,Wednesday,6,28.8,75.5,61.0,45.9,44.3,2,0.49217191094370927
EC004825,LEC_A,LectureHall,21,Sunday,8,29.1,81.1,0.0,,31.2,6,2.27294232233841
EC004035,LEC_A,LectureHall,8,Wednesday,4,28.3,77.0,154.0,36.0,53.0,2,3.422474537823088
EC006720,BUS_A,Business,8,Tuesday,8,28.3,,,17.9,39.2,1,25.113601160007242
EC002630,ENG_B,Engineering,12,Tuesday,7,29.4,76.5,164.0,71.9,72.1,1,0.8808847298588037
EC002439,SPT_A,Sports,11,Saturday,7,,74.1,68.0,53.1,54.0,5,1.4780580236327798
EC004935,ADM_A,Administration,7,Monday,2,26.3,77.0,0.0,25.1,21.0,0,0.8039343211287383
EC002941,ENG_A,Engineering,11,Friday,3,30.0,76.3,190.0,75.9,89.6,4,0.6987696249455546
EC006357,SPT_A,Sports,16,Monday,3,31.4,73.1,90.0,58.9,58.5,0,0.7294413273342892
EC001435,LIB_A,Library,21,Wednesday,9,29.0,72.5,80.0,46.5,44.7,2,0.5617596213234358
EC004259,RES_A,Residential,21,Tuesday,10,25.5,92.1,204.0,47.0,51.2,1,0.43935551298543774
EC003561,RES_B,Residential,6,Saturday,6,27.1,81.3,216.0,47.2,51.2,5,0.45781451188734573
EC007365,SCI_B,Science,4,Sunday,9,24.4,83.2,0.0,50.1,54.9,6,0.5376606568158301
EC002285,LEC_A,LectureHall,11,Saturday,6,30.2,70.4,257.0,95.8,80.6,5,6.201221207995946
EC005718,ADM_A,Administration,13,Monday,11,28.7,74.5,116.0,,45.2,0,1.6504737845656623
EC007787,RES_A,Residential,2,Monday,5,25.4,79.8,178.0,47.2,47.3,0,0.4878808332598384
EC002483,LIB_A,Library,17,Saturday,6,29.7,73.3,171.0,52.4,55.7,5,0.8674667583757936
EC004819,BUS_B,Business,11,Tuesday,9,29.6,69.2,134.0,58.4,62.1,1,0.570210737017497
EC000105,BUS_B,Business,14,Friday,9,30.6,69.0,156.0,61.1,72.3,4,0.6071159646217058
EC006266,BUS_A,Business,3,Saturday,12,25.4,85.8,16.0,28.1,32.2,5,0.4579835287517491
EC005511,SPT_A,Sports,13,Friday,4,29.9,70.0,26.0,41.5,45.0,4,0.523860161720761
EC005592,LEC_A,LectureHall,10,Saturday,7,29.5,78.9,39.0,35.5,42.2,5,0.4661255924894014
EC003595,LEC_A,LectureHall,21,Sunday,6,28.8,78.8,0.0,25.3,23.8,6,0.6228441629292626
EC006224,LEC_A,LectureHall,9,Friday,7,27.3,87.0,94.0,42.8,48.7,4,0.6343441020621841
EC005676,RES_B,Residential,23,Tuesday,9,25.8,86.2,227.0,50.3,48.5,1,0.457298760433824
EC005478,LEC_A,LectureHall,21,Monday,3,29.3,65.1,0.0,29.6,31.4,0,0.3184894019546504
EC003630,LEC_A,LectureHall,9,Friday,7,30.1,73.2,140.0,56.4,59.7,4,0.9992334703166912
EC002152,SCI_B,Science,0,Monday,10,26.4,77.7,0.0,63.6,56.8,0,0.49503440717568814
EC004948,SPT_A,Sports,13,Tuesday,8,29.3,87.1,0.0,41.3,38.3,1,0.5797944191470122
EC004567,SCI_A,Science,10,Friday,5,29.3,68.5,104.0,99.0,95.5,4,0.6204356195830465
EC004399,RES_B,Residential,14,Saturday,6,29.7,,107.0,38.5,39.6,5,1.3825942516259357
EC002337,LIB_A,Library,3,Monday,12,25.5,81.5,2.0,31.8,26.4,0,0.44388622509975156
EC004816,SCI_B,Science,16,Tuesday,2,28.8,77.6,83.0,80.4,79.7,1,0.8972639100514153
EC007956,SPT_A,Sports,19,Monday,12,28.7,72.5,172.0,57.9,61.2,0,0.6667398477542356
EC005167,RES_B,Residential,0,Thursday,11,26.9,78.6,86.0,37.1,39.1,3,0.4734167655732244
EC005052,SCI_A,Science,21,Thursday,8,29.1,70.9,36.0,65.4,70.4,3,0.5386783459168781
EC006827,RES_B,Residential,21,Thursday,1,28.8,73.9,173.0,50.8,53.4,3,0.6775752548474271
EC000391,ENG_B,Engineering,11,Sunday,3,29.9,71.4,27.0,53.2,54.8,6,0.5194840617503107
EC006631,ENG_A,Engineering,9,Sunday,11,29.0,85.3,57.0,54.0,52.3,6,0.5486778828862385
EC001288,ENG_A,Engineering,18,Tuesday,3,31.7,66.3,82.0,75.0,69.6,1,1.0514056091440396
EC005856,SPT_A,Sports,12,Tuesday,4,30.1,75.2,23.0,48.2,45.3,1,0.5136512239377142
EC000061,SPT_A,Sports,10,Sunday,3,29.3,79.6,42.0,44.0,41.7,6,0.5326580838096417
EC006006,LEC_A,LectureHall,9,Friday,5,28.8,81.5,112.0,47.5,56.3,4,0.9764022233394515
EC000248,SCI_A,Science,4,Tuesday,5,25.9,87.6,1.0,61.0,64.3,1,1.2135411499243967
EC004280,ADM_A,Administration,7,Wednesday,10,27.6,82.8,0.0,,21.4,2,2.596443948972628
EC002184,SCI_A,Science,20,Monday,7,29.7,74.5,34.0,82.5,85.4,0,0.4840237657089092
EC005358,RES_A,Residential,8,Friday,5,29.1,73.6,207.0,44.0,43.6,4,0.5286623787979259
EC001641,RES_B,Residential,22,Thursday,7,27.1,75.9,240.0,54.2,54.0,3,0.7202479000990324
EC002254,SCI_B,Science,5,Friday,2,25.9,87.6,7.0,63.7,63.9,4,0.9011576403124155
EC004822,LEC_A,LectureHall,12,Tuesday,4,31.3,69.6,206.0,73.3,84.3,1,0.8270009555950927
EC002413,ENG_A,Engineering,14,Monday,12,31.5,66.1,170.0,81.5,88.8,0,0.19905048819187493
EC006662,ENG_A,Engineering,8,Wednesday,6,28.2,78.0,94.0,62.5,60.4,2,0.6809577676047355
EC001724,BUS_A,Business,7,Tuesday,9,27.5,79.1,7.0,31.0,28.9,1,0.48016357732153236
EC006162,LEC_A,LectureHall,0,Friday,11,26.1,80.4,26.0,25.9,30.1,4,0.5177656335602034
EC007934,BUS_B,Business,8,Friday,6,23.7,98.2,75.0,35.2,41.8,4,8.070579665656814
EC000289,ADM_A,Administration,0,Saturday,12,24.9,93.2,5.0,16.8,17.9,5,3.7897053150462634
EC003202,ADM_A,Administration,2,Monday,8,26.0,,0.0,21.6,25.1,0,2.476932659680904
EC001576,LIB_A,Library,3,Thursday,8,26.1,87.4,0.0,24.7,27.1,3,0.34729427518183775
EC000886,ENG_A,Engineering,1,Friday,11,25.5,83.3,8.0,62.1,42.7,4,1.9517432001472401
EC006214,RES_B,Residential,10,Friday,6,29.3,77.3,147.0,41.0,40.7,4,0.7431006030607376
EC002569,BUS_A,Business,18,Sunday,1,28.5,80.6,11.0,32.0,33.8,6,0.467453744616142
EC000791,ENG_A,Engineering,4,Saturday,1,27.9,78.2,2.0,51.6,49.0,5,0.7281056523374981
EC007320,LEC_A,LectureHall,14,Friday,9,,72.0,186.0,54.3,61.1,4,2.5514490851314346
EC006586,ENG_A,Engineering,3,Friday,3,26.4,73.2,12.0,39.6,45.5,4,0.7872259289404304
EC005704,RES_A,Residential,23,Thursday,11,28.7,82.1,255.0,62.2,60.1,3,0.85323529650595
EC003045,LIB_A,Library,17,Monday,3,29.4,80.7,168.0,48.7,54.8,0,0.5618503596189746
EC002402,RES_B,Residential,2,Monday,6,28.0,75.9,151.0,47.5,48.1,0,0.5156497336345051
EC000668,BUS_B,Business,5,Wednesday,12,27.2,80.2,3.0,34.5,40.2,2,0.6004482025358953
EC004695,SPT_A,Sports,5,Thursday,1,26.8,77.5,69.0,43.3,49.7,3,0.5581492542894076
EC006066,BUS_B,Business,16,Wednesday,9,29.7,70.8,124.0,61.2,62.0,2,0.6916022891941201
EC001611,LEC_A,LectureHall,23,Friday,6,26.0,83.1,27.0,97.6,53.3,4,3.9219148934641495
EC003155,RES_B,Residential,4,Thursday,10,25.8,81.2,167.0,50.4,46.1,3,0.601277774659019
EC003922,BUS_B,Business,7,Sunday,4,27.7,77.9,15.0,37.9,41.5,6,0.5744415650458145
EC002634,ENG_A,Engineering,2,Saturday,8,26.6,77.8,18.0,40.6,40.0,5,0.5049924481534843
EC001557,ADM_A,Administration,22,Monday,1,27.0,79.0,0.0,27.7,23.0,0,0.404079225601239
EC000413,LEC_A,LectureHall,14,Saturday,5,30.2,75.6,58.0,34.5,37.7,5,0.4375905171513349
EC001365,ENG_A,Engineering,12,Friday,10,29.6,68.5,198.0,91.1,87.1,4,1.414850119272793
EC000714,ENG_B,Engineering,3,Saturday,2,26.2,80.1,7.0,34.0,39.6,5,0.6759870696405693
EC003123,SPT_A,Sports,22,Tuesday,12,27.5,70.2,29.0,80.8,52.2,1,2.610088115545671
EC000259,BUS_A,Business,18,Saturday,12,29.5,80.8,0.0,40.1,38.9,5,0.4222425307875154
EC000679,RES_B,Residential,18,Wednesday,12,29.3,76.6,150.0,40.0,41.1,2,0.8108587080113278
EC004843,SPT_A,Sports,10,Sunday,11,27.5,88.4,38.0,41.5,41.0,6,0.5813223156051548
EC006117,ENG_B,Engineering,19,Wednesday,6,28.5,77.6,22.0,47.3,45.4,2,0.5502169365976624
EC001608,RES_B,Residential,14,Tuesday,11,29.2,77.5,107.0,34.8,33.5,1,0.4208398682435648
EC003900,BUS_B,Business,11,Thursday,7,30.7,71.0,133.0,65.5,69.9,3,0.7434646211457289
EC001468,SCI_A,Science,11,Friday,2,28.9,76.8,127.0,98.7,98.5,4,0.9141183164399423
EC004940,RES_A,Residential,0,Thursday,3,26.6,78.2,73.0,37.3,45.1,3,0.5186531106348813
EC001551,ENG_B,Engineering,14,Friday,9,30.5,63.8,137.0,64.3,65.6,4,0.17589869274262282
EC005177,SCI_A,Science,0,Sunday,11,25.2,76.1,0.0,55.3,61.2,6,0.4218514392325847
EC001962,LIB_A,Library,15,Thursday,3,29.8,81.0,177.0,56.1,61.4,3,0.6310948306932572
EC005890,BUS_A,Business,21,Wednesday,8,27.6,80.0,14.0,32.0,31.4,2,0.4226727449068008
EC000888,LEC_A,LectureHall,11,Friday,7,31.8,66.0,192.0,71.2,78.3,4,0.4090394291219366
EC006245,BUS_A,Business,15,Sunday,4,31.0,69.6,43.0,44.6,45.4,6,0.4259815646405982
EC003512,SPT_A,Sports,1,Sunday,6,26.7,76.5,9.0,35.1,34.9,6,1.1642744585689246
EC006532,ENG_B,Engineering,17,Sunday,6,30.6,73.1,25.0,55.5,55.3,6,0.5024084983627836
EC004889,BUS_A,Business,14,Monday,3,32.3,68.7,138.0,67.1,68.3,0,0.9790659876633656
EC006615,ENG_A,Engineering,17,Saturday,11,29.1,69.6,41.0,55.7,53.1,5,0.6049520843843897
EC007931,BUS_B,Business,20,Sunday,6,30.2,71.2,12.0,43.4,43.7,6,0.5662826831116561
EC003169,BUS_B,Business,9,Wednesday,12,28.9,75.9,106.0,53.9,50.5,2,0.51470978515509
EC002261,SCI_A,Science,10,Friday,6,29.0,76.1,110.0,95.6,99.2,4,0.9017801292818842
EC004103,LEC_A,LectureHall,12,Sunday,10,30.0,65.9,73.0,45.6,48.3,6,0.2845239802063459
EC004217,LIB_A,Library,19,Thursday,10,29.8,78.8,147.0,62.1,60.9,3,0.622504172723898
EC005807,RES_A,Residential,21,Friday,3,29.4,74.3,248.0,52.3,58.1,4,0.6086332756525747
EC005769,RES_B,Residential,3,Monday,10,26.0,80.2,139.0,44.3,42.1,0,0.4016570322383551
EC000997,BUS_A,Business,0,Monday,2,25.1,87.9,0.0,24.4,29.7,0,0.32365514909952625
EC006698,LIB_A,Library,11,Saturday,4,29.7,79.8,96.0,46.9,49.0,5,0.5634098297905752
EC002019,BUS_B,Business,15,Sunday,11,29.1,76.6,42.0,31.6,38.0,6,0.48166818974110454
EC002778,BUS_A,Business,16,Sunday,8,30.9,71.2,34.0,38.8,46.5,6,0.5485785924669968
EC005334,RES_A,Residential,7,Wednesday,8,24.1,,169.0,40.8,48.8,2,4.418293283766644
EC007091,RES_B,Residential,3,Saturday,10,25.1,85.1,171.0,43.8,47.9,5,0.7469898774860254
EC007058,BUS_A,Business,0,Tuesday,4,27.1,82.5,0.0,31.9,35.7,1,0.3089363539853003
EC002561,BUS_B,Business,19,Sunday,9,28.9,75.0,2.0,32.6,40.0,6,0.5312677871985942
EC007807,BUS_B,Business,23,Saturday,9,26.2,85.4,5.0,28.3,29.4,5,0.6988798773823356
EC000778,ENG_B,Engineering,6,Saturday,4,28.8,80.4,0.0,45.2,47.6,5,0.5753244455168103
EC005061,SCI_A,Science,16,Monday,1,30.3,79.3,83.0,97.3,94.2,0,0.480524093858066
EC006663,ENG_A,Engineering,16,Monday,12,30.2,78.4,142.0,79.9,77.7,0,0.3973211026298697
EC004907,LIB_A,Library,23,Friday,7,28.1,78.7,43.0,40.0,41.3,4,0.47204905827937726
EC006440,RES_A,Residential,2,Monday,11,,82.2,149.0,37.1,45.5,0,1.7065732034062686
EC002870,RES_B,Residential,7,Monday,7,28.2,79.3,198.0,40.2,46.5,0,0.4926944617079536
EC000566,BUS_B,Business,19,Friday,4,30.4,72.7,0.0,36.8,48.4,4,0.5479761487557202
EC000427,ENG_A,Engineering,3,Tuesday,11,25.4,78.5,12.0,34.6,33.3,1,0.5881312726728365
EC006754,ENG_A,Engineering,20,Tuesday,1,28.5,73.2,13.0,42.8,50.8,1,0.6044319849782084
EC007669,BUS_A,Business,8,Monday,3,28.3,84.4,139.0,25.6,46.4,0,3.6197033742187594
EC002223,BUS_A,Business,18,Friday,5,30.2,74.4,65.0,50.5,50.1,4,0.49677877038718504
EC001513,ENG_B,Engineering,16,Friday,4,31.4,69.7,103.0,67.5,66.7,4,0.6816917023691428
EC000330,SCI_B,Science,21,Thursday,3,29.1,72.1,34.0,72.6,67.0,3,0.814068395724416
EC001587,SPT_A,Sports,10,Sunday,6,30.3,77.2,1.0,42.1,45.1,6,0.6217187455145773
EC002023,BUS_B,Business,18,Tuesday,8,29.2,74.8,75.0,48.5,48.3,1,0.48275421412541963
EC007179,ENG_A,Engineering,4,Wednesday,12,26.1,81.1,0.0,35.3,40.7,2,0.5610326216813041
EC000974,ENG_A,Engineering,1,Sunday,7,27.3,78.9,0.0,36.1,39.4,6,0.6418694339478902
EC002322,BUS_B,Business,13,Friday,7,29.2,76.6,159.0,66.4,69.7,4,0.774677134918997
EC002227,RES_B,Residential,2,Thursday,6,26.8,74.4,115.0,39.6,43.9,3,0.654582555126973
EC007419,SCI_A,Science,17,Friday,12,29.8,75.0,68.0,97.9,90.9,4,0.7939418542493708
EC000769,SCI_B,Science,16,Monday,2,29.6,77.9,101.0,91.4,89.9,0,0.4797817581181582
EC001617,ENG_A,Engineering,2,Saturday,12,26.7,77.8,16.0,44.8,45.5,5,0.5283365182929805
EC002288,RES_B,Residential,5,Tuesday,6,26.0,78.1,172.0,38.4,39.0,1,0.6623896799734932
EC007098,SPT_A,Sports,6,Tuesday,9,26.0,74.8,102.0,49.3,48.2,1,0.5269437094850178
EC006840,RES_B,Residential,2,Wednesday,9,25.4,82.7,171.0,41.5,44.0,2,0.6638340994141831
EC005492,SPT_A,Sports,12,Saturday,4,30.9,72.4,249.0,65.3,73.6,5,4.250133944065133
EC004924,RES_B,Residential,14,Tuesday,10,35.2,88.6,292.0,54.4,53.1,1,5.283466381473014
EC007733,LIB_A,Library,11,Sunday,1,28.7,70.5,47.0,,40.7,6,2.3805659311748224
EC007579,LIB_A,Library,5,Monday,8,27.1,78.6,11.0,31.1,35.0,0,0.4475844213756925
EC005805,ENG_B,Engineering,15,Wednesday,9,30.5,78.7,112.0,67.4,64.1,2,0.9106436469162096
EC000320,RES_A,Residential,13,Saturday,3,29.8,82.2,175.0,48.4,50.4,5,0.5062152264227398
EC000446,ENG_A,Engineering,4,Friday,7,25.3,88.4,0.0,34.8,40.1,4,0.39780848234154736
EC000359,BUS_A,Business,0,Friday,11,27.1,81.7,0.0,29.2,28.3,4,0.32462583597856143
EC000938,LEC_A,LectureHall,2,Monday,3,27.0,80.1,0.0,6.1,21.4,0,3.6892805684809433
EC000233,ADM_A,Administration,22,Thursday,2,27.2,87.8,0.0,24.2,29.4,3,0.45427819603636177
EC000222,BUS_B,Business,15,Tuesday,11,31.3,64.7,146.0,77.5,77.5,1,0.6786776429803175
EC005392,BUS_B,Business,10,Wednesday,9,29.6,71.9,142.0,73.4,64.5,2,0.9045038306375311
EC005300,SPT_A,Sports,6,Saturday,2,26.4,71.7,104.0,52.7,50.7,5,0.5748638333476243
EC004073,ENG_B,Engineering,8,Monday,10,28.0,79.2,49.0,32.9,43.2,0,0.388924927155108
EC007103,BUS_B,Business,10,Saturday,11,28.0,82.7,15.0,30.5,35.0,5,0.4943985761528636
EC003545,LIB_A,Library,0,Thursday,9,26.8,80.3,2.0,27.1,27.0,3,0.39088905784938965
EC001619,SPT_A,Sports,0,Wednesday,3,27.0,79.7,27.0,44.6,41.7,2,0.612880852810087
EC001937,SCI_A,Science,10,Sunday,2,29.1,71.8,11.0,65.3,70.9,6,1.0514543493825517
EC001732,ENG_A,Engineering,0,Monday,4,26.7,84.8,0.0,43.8,42.2,0,0.4554320623151801
EC000383,SCI_A,Science,14,Wednesday,5,32.3,73.5,131.0,123.0,111.2,2,0.6885214213727977
EC004261,ENG_A,Engineering,8,Friday,10,26.9,76.7,66.0,45.0,50.3,4,0.5217256008606931
EC006048,RES_A,Residential,10,Wednesday,1,29.1,76.9,168.0,49.8,50.8,2,0.5847405367219888
EC000166,SPT_A,Sports,21,Sunday,8,28.5,74.2,144.0,57.3,54.3,6,0.8901375329154085
EC000092,LEC_A,LectureHall,18,Sunday,5,31.1,69.8,0.0,32.6,31.5,6,0.8482728214281405
EC004514,BUS_B,Business,0,Friday,9,25.6,82.8,42.0,37.0,38.2,4,0.3897733473760158
EC006725,SCI_B,Science,5,Friday,12,24.6,81.6,16.0,58.4,53.3,4,0.7927363513592681
EC005195,LIB_A,Library,11,Friday,5,30.4,73.6,79.0,41.2,46.7,4,0.4727688465561506
EC001574,LIB_A,Library,22,Sunday,8,28.6,87.1,51.0,42.4,36.0,6,0.479514549089187
EC006423,LEC_A,LectureHall,1,Friday,6,26.9,83.0,0.0,25.3,25.2,4,0.5729590472839493
EC004228,SCI_A,Science,7,Friday,9,25.4,87.5,0.0,58.1,58.3,4,0.6035066492635826
EC004330,ADM_A,Administration,10,Friday,3,30.0,78.7,69.0,35.7,37.5,4,0.47693904537820797
EC003617,ENG_A,Engineering,22,Monday,12,25.4,80.0,10.0,39.8,38.7,0,0.47320040480985703
EC006964,SCI_A,Science,10,Wednesday,6,29.9,79.4,82.0,86.9,97.4,2,0.7035617528121411
EC002044,ENG_B,Engineering,14,Monday,6,31.6,68.1,145.0,79.9,79.5,0,0.538174794029113
EC003550,ENG_B,Engineering,14,Tuesday,9,,75.2,143.0,76.9,66.1,1,5.173132935494927
EC001755,ENG_B,Engineering,0,Wednesday,11,26.9,79.1,0.0,36.4,36.3,2,0.5149539016757764
EC000395,SPT_A,Sports,18,Sunday,4,29.2,72.1,168.0,63.7,64.3,6,0.8404321173552524
EC005302,LIB_A,Library,19,Saturday,11,27.8,73.5,82.0,46.1,47.0,5,0.47917814593122504
EC006186,ENG_B,Engineering,17,Wednesday,9,27.9,79.9,90.0,50.1,46.1,2,0.4534376532357531
EC004581,LEC_A,LectureHall,10,Wednesday,8,30.3,71.1,143.0,66.8,60.4,2,0.7353822141270172
EC002529,BUS_A,Business,9,Wednesday,11,28.2,78.3,83.0,45.1,44.8,2,0.4636145454379394
EC000899,BUS_A,Business,1,Saturday,1,25.9,84.0,4.0,26.8,28.9,5,0.48446626044504065
EC002650,ENG_A,Engineering,12,Monday,2,29.2,79.3,181.0,75.2,79.8,0,0.5886850025447469
EC002067,SCI_A,Science,2,Saturday,9,26.4,76.2,0.0,52.5,61.8,5,0.5974435541546348
EC000642,ENG_B,Engineering,8,Monday,3,27.5,81.0,45.0,53.2,55.9,0,0.4410225292958227
EC001092,BUS_A,Business,0,Thursday,1,26.5,81.5,17.0,32.0,30.6,3,0.4182807065542679
EC006718,RES_A,Residential,14,Thursday,12,30.2,77.7,77.0,41.3,38.0,3,0.4854418453021995
EC002243,SCI_A,Science,7,Friday,10,24.4,98.9,0.0,49.4,53.0,4,3.7672247783625004
EC004002,ADM_A,Administration,14,Sunday,4,29.9,74.0,25.0,30.9,34.5,6,0.5726814579867251
EC004772,BUS_A,Business,15,Tuesday,10,30.3,78.4,132.0,54.3,58.2,1,0.8432802029905386
EC003288,BUS_A,Business,3,Saturday,7,26.3,84.5,0.0,12.9,22.3,5,5.306541364668228
EC001048,LIB_A,Library,12,Friday,8,34.8,80.6,237.0,66.0,68.8,4,2.445037266532621
EC005590,BUS_A,Business,21,Sunday,10,26.9,86.1,11.0,24.2,29.9,6,0.46010069410691284
EC006689,SCI_A,Science,20,Friday,7,29.3,73.2,45.0,82.0,82.9,4,0.7442736275737629
EC004067,BUS_A,Business,7,Sunday,11,26.2,79.9,9.0,25.2,26.9,6,0.45579239820793155
EC006951,BUS_A,Business,19,Friday,5,28.9,76.0,11.0,39.1,40.5,4,0.4962351633185702
EC003528,SPT_A,Sports,18,Tuesday,1,29.9,71.1,145.0,62.5,63.7,1,0.9179110703774045
EC006607,SCI_B,Science,14,Sunday,8,31.7,68.1,38.0,80.4,84.7,6,0.8105622301371671
EC005079,ENG_A,Engineering,8,Thursday,9,27.7,77.0,100.0,55.3,59.6,3,0.5798502965572874
EC006820,LEC_A,LectureHall,21,Friday,2,27.7,80.2,0.0,26.0,25.4,4,0.6244653623087526
EC005743,SCI_B,Science,21,Friday,7,27.5,76.7,29.0,67.4,64.5,4,0.7469877884953267
EC006591,LIB_A,Library,4,Wednesday,3,27.1,86.5,0.0,31.2,30.2,2,0.49596019300926764
EC000874,SCI_B,Science,10,Tuesday,1,28.4,77.5,96.0,69.4,76.8,1,0.6409753120989181
EC007114,RES_B,Residential,17,Monday,9,30.6,74.2,167.0,48.4,45.8,0,0.5880753763359899
EC006216,ENG_A,Engineering,4,Friday,11,26.9,78.8,0.0,39.8,41.3,4,0.5337802677580149
EC000007,ADM_A,Administration,21,Wednesday,8,28.0,80.1,0.0,22.1,26.2,2,0.5702177905920823
EC002493,ENG_B,Engineering,3,Tuesday,8,25.2,85.0,0.0,32.1,33.3,1,0.5092176108163355
EC004047,LIB_A,Library,13,Thursday,10,29.1,76.8,126.0,41.9,51.1,3,0.6184156617030212
EC005091,LEC_A,LectureHall,12,Monday,6,28.9,76.0,230.0,64.7,76.0,0,2.3207643793432546
EC002739,RES_B,Residential,6,Friday,3,26.8,78.1,161.0,41.4,48.4,4,0.8450151961677248
EC000788,BUS_A,Business,15,Thursday,3,31.2,72.3,139.0,61.8,69.4,3,1.2092018311703467
EC002834,BUS_A,Business,15,Sunday,9,28.7,72.8,23.0,34.7,35.2,6,0.6232197876048289
EC006116,RES_B,Residential,17,Friday,11,28.9,80.1,145.0,45.9,40.5,4,0.5031535008786799
EC005656,BUS_B,Business,18,Saturday,10,28.7,72.6,0.0,31.6,30.6,5,0.6683706739340712
EC001649,LIB_A,Library,7,Friday,10,26.0,88.4,29.0,27.8,29.5,4,0.4250769127785963
EC006420,LEC_A,LectureHall,1,Friday,5,,75.0,0.0,32.2,29.5,4,1.7666834587920588
EC006554,RES_A,Residential,5,Friday,2,25.1,87.6,234.0,54.2,51.7,4,0.47743817863361276
EC005588,LEC_A,LectureHall,17,Sunday,1,30.1,76.5,6.0,29.4,32.3,6,0.7351557370773777
EC003053,BUS_B,Business,5,Tuesday,1,26.8,87.8,22.0,39.6,39.1,1,0.5433991314744845
EC003510,BUS_A,Business,23,Tuesday,10,26.2,77.6,3.0,26.2,25.2,1,0.6229512906957446
EC003066,BUS_A,Business,3,Tuesday,7,27.2,82.1,0.0,31.5,27.6,1,0.5906453367583714
EC002603,BUS_A,Business,20,Sunday,1,27.5,86.3,13.0,26.5,25.5,6,0.4321774265147014
EC003962,SCI_B,Science,1,Thursday,8,26.1,80.5,11.0,52.5,59.6,3,0.6198638541381915
EC003995,SCI_A,Science,18,Thursday,12,29.3,,51.0,66.8,74.1,3,1.0715482968470802
EC004538,BUS_A,Business,23,Monday,4,28.1,82.7,0.0,35.9,34.1,0,0.5179128093531378
EC004167,ENG_A,Engineering,17,Sunday,6,29.3,76.2,17.0,46.3,51.5,6,0.6148243107017844
EC007084,RES_A,Residential,11,Saturday,12,28.4,83.1,166.0,45.1,41.8,5,0.5282526802434847
EC004030,RES_B,Residential,18,Monday,7,29.0,76.6,126.0,39.9,43.3,0,0.5752335000277204
EC007138,RES_B,Residential,19,Thursday,5,29.3,78.7,146.0,41.3,41.9,3,0.5707286092107442
EC001987,BUS_B,Business,0,Saturday,8,27.1,79.1,0.0,30.7,32.1,5,0.35693770169127714
EC003792,SCI_A,Science,23,Wednesday,5,27.6,77.4,5.0,52.1,67.0,2,0.5931385017422484
EC005559,ENG_B,Engineering,21,Wednesday,9,29.1,71.2,25.0,50.1,44.2,2,0.6282413118794452
EC001943,SCI_A,Science,3,Thursday,3,27.0,73.0,2.0,74.0,71.2,3,2.9906004099868233
EC002668,BUS_A,Business,12,Sunday,11,30.6,74.8,38.0,42.9,39.8,6,0.5656613795310553
EC007789,BUS_A,Business,8,Tuesday,10,27.9,82.3,33.0,40.3,37.8,1,0.5767992109391057
EC001101,ENG_B,Engineering,0,Thursday,8,27.0,80.7,14.0,39.9,41.6,3,0.6704880911916241
EC000014,ENG_A,Engineering,3,Tuesday,11,26.6,85.9,6.0,44.4,42.5,1,0.8314064484174637
EC004698,ENG_A,Engineering,3,Friday,5,26.7,82.5,1.0,41.4,44.7,4,0.5938231481584002
EC003231,BUS_B,Business,15,Wednesday,1,31.1,71.0,140.0,72.0,70.6,2,1.0593426660591647
EC006227,SCI_A,Science,18,Tuesday,2,29.9,74.5,40.0,81.8,79.5,1,1.0105503863369558
EC005952,BUS_A,Business,5,Thursday,11,26.3,83.7,6.0,28.9,33.0,3,0.5251312613873137
EC003912,BUS_A,Business,17,Monday,6,31.1,74.0,68.0,44.4,53.5,0,0.48256047321875245
EC000464,ENG_A,Engineering,0,Tuesday,6,27.2,82.3,27.0,45.1,47.5,1,0.6704097757833647
EC004603,SCI_A,Science,7,Wednesday,3,27.6,81.3,0.0,67.5,73.1,2,0.8148320239762458
EC006761,ENG_A,Engineering,0,Friday,2,26.6,85.4,0.0,38.9,38.8,4,0.5427863625843022
EC003990,BUS_A,Business,12,Thursday,1,30.2,72.3,128.0,65.9,61.7,3,1.2322048227958033
EC004293,BUS_B,Business,20,Friday,10,28.8,80.7,11.0,45.8,48.2,4,0.5153941598104073
EC007746,SPT_A,Sports,13,Tuesday,1,29.5,74.5,22.0,48.3,46.8,1,0.663498508912663
EC004050,ENG_A,Engineering,10,Tuesday,12,29.7,73.0,132.0,74.3,75.1,1,0.620424614081804
EC004611,RES_A,Residential,6,Tuesday,6,26.5,75.6,246.0,62.0,58.4,1,0.9804861455085848
EC002141,BUS_A,Business,2,Tuesday,5,27.5,84.0,0.0,37.8,37.2,1,0.7534141643285894
EC001020,BUS_A,Business,3,Monday,11,26.0,81.1,0.0,27.0,25.1,0,0.30075804787940985
EC005913,BUS_A,Business,14,Friday,6,29.2,75.8,140.0,57.5,59.0,4,0.6466537406770764
EC005365,RES_B,Residential,8,Monday,1,27.0,84.4,172.0,41.3,42.3,0,0.5607900228384822
EC000782,SCI_A,Science,10,Thursday,3,27.3,80.0,98.0,78.8,79.8,3,0.666730203782597
EC006151,ENG_A,Engineering,18,Saturday,3,30.8,71.7,23.0,60.2,56.4,5,1.1059328444558427
EC005391,SCI_A,Science,10,Friday,9,28.8,77.0,82.0,99.1,95.6,4,0.6321612033521039
EC006562,ADM_A,Administration,9,Sunday,5,27.3,79.7,13.0,24.6,23.7,6,0.5332782437218883
EC001352,SCI_B,Science,5,Tuesday,10,26.0,82.2,0.0,53.2,53.2,1,0.48944974356261367
EC002647,SCI_B,Science,7,Saturday,6,27.9,76.2,0.0,66.9,64.0,5,0.7430459087515265
EC006928,LEC_A,LectureHall,6,Monday,5,26.7,78.4,18.0,31.5,33.4,0,0.4891693518138435
EC004615,ADM_A,Administration,12,Friday,7,29.0,76.4,83.0,38.3,41.2,4,0.4713912066990328
EC003480,BUS_B,Business,1,Sunday,12,26.9,77.9,0.0,32.5,34.6,6,0.6265437992034125
EC004424,ENG_B,Engineering,13,Thursday,10,28.7,72.8,150.0,57.9,61.6,3,0.887386179706322
EC003542,RES_A,Residential,18,Friday,6,31.6,70.4,168.0,51.1,51.2,4,0.6304815611450266
EC005665,ENG_A,Engineering,21,Thursday,1,28.7,73.7,43.0,40.6,48.9,3,0.9589177873258524
EC006923,BUS_B,Business,21,Saturday,9,27.7,85.8,16.0,33.9,29.0,5,0.4988651343703939
EC007133,ENG_A,Engineering,0,Friday,6,28.1,77.8,48.0,53.6,53.0,4,0.5696312077175075
EC002541,RES_A,Residential,0,Sunday,9,27.0,79.8,94.0,42.9,41.3,6,0.32631618236479587
EC000708,RES_B,Residential,16,Wednesday,5,34.8,83.6,286.0,45.3,56.5,2,6.740963140246549
EC001193,SCI_B,Science,9,Tuesday,4,29.1,79.6,86.0,76.3,79.7,1,0.6869601261610999
EC002908,ENG_B,Engineering,17,Friday,2,30.9,74.5,207.0,89.7,90.6,4,3.255240979412984
EC004234,SCI_B,Science,0,Thursday,9,26.8,81.4,6.0,53.6,59.3,3,0.5116198312067392
EC001325,BUS_A,Business,12,Monday,2,28.7,80.7,129.0,52.8,59.8,0,0.5754096579563615
EC002998,BUS_B,Business,8,Thursday,8,28.0,75.9,40.0,44.9,47.2,3,0.45531683142250634
EC004349,LIB_A,Library,4,Monday,5,27.6,79.8,0.0,27.9,30.5,0,0.5381506777798218
EC004552,RES_B,Residential,12,Wednesday,7,30.8,77.1,83.0,39.1,44.9,2,0.5689106584217579
EC007525,ENG_B,Engineering,22,Tuesday,8,27.8,79.3,0.0,39.7,42.4,1,0.6569830575042821
EC001797,ENG_B,Engineering,12,Friday,9,28.5,73.4,168.0,68.9,70.2,4,0.8447103882039418
EC002220,ENG_A,Engineering,15,Friday,4,32.0,72.5,156.0,86.1,87.6,4,0.7015034507805252
EC003177,SCI_B,Science,14,Sunday,6,31.0,79.6,21.0,77.7,83.5,6,0.8424664970774562
EC004438,SCI_B,Science,9,Saturday,5,28.1,81.8,37.0,67.2,67.1,5,0.6773703331527702
EC005771,BUS_A,Business,14,Monday,7,30.6,75.4,123.0,52.3,55.9,0,0.7688871336885696
EC001137,RES_B,Residential,20,Thursday,7,28.3,,201.0,46.2,45.8,3,1.2041869591704504
EC001463,RES_B,Residential,0,Saturday,7,25.7,80.3,121.0,45.1,43.1,5,0.43961558571030723
EC001402,ENG_B,Engineering,5,Monday,4,25.4,80.8,0.0,33.9,34.3,0,0.4045024231321215
EC006070,RES_B,Residential,6,Saturday,5,28.2,78.1,221.0,57.7,56.5,5,0.5836249434955725
EC004130,RES_A,Residential,1,Thursday,1,25.8,81.2,161.0,51.2,51.0,3,0.538220809081185
EC004012,BUS_A,Business,8,Thursday,2,28.1,77.7,52.0,40.5,38.5,3,0.5543835860474325
EC002272,LEC_A,LectureHall,13,Thursday,10,29.4,75.9,203.0,60.6,69.7,3,0.869385519254946
EC002221,SPT_A,Sports,23,Saturday,12,26.1,76.9,12.0,34.5,34.2,5,0.6962333494463963
EC002415,ENG_A,Engineering,22,Sunday,8,26.6,81.2,0.0,38.7,42.8,6,0.5200353237164331
EC002035,LIB_A,Library,13,Saturday,6,31.2,72.7,142.0,53.7,56.4,5,0.5289177437876736
EC006954,SPT_A,Sports,20,Wednesday,10,29.1,81.3,157.0,50.0,55.1,2,0.8257993613039827
EC005452,LEC_A,LectureHall,16,Thursday,4,30.3,72.5,121.0,63.3,56.4,3,0.6941009040955687
EC006067,SCI_B,Science,8,Thursday,10,26.5,79.9,48.0,59.3,61.6,3,0.6740663788772824
EC000869,SCI_A,Science,2,Tuesday,9,25.6,84.9,21.0,63.4,71.5,1,1.4483609984781207
EC007322,BUS_B,Business,5,Friday,12,25.7,84.4,0.0,30.4,30.7,4,0.5298572666551231
EC004121,BUS_B,Business,1,Wednesday,5,27.5,74.2,5.0,40.2,39.2,2,0.7683660807368445
EC002710,ENG_A,Engineering,2,Wednesday,6,25.5,80.0,27.0,41.4,43.0,2,0.5734113057832237
EC000255,ENG_A,Engineering,2,Tuesday,3,25.6,83.5,26.0,37.0,44.8,1,0.5114638817532858
EC001825,RES_B,Residential,15,Monday,4,29.3,74.6,85.0,41.4,43.8,0,0.593560027021098
EC004476,SCI_B,Science,16,Wednesday,7,30.8,74.0,81.0,94.3,95.7,2,0.6253759655199717
EC006049,LIB_A,Library,11,Tuesday,8,30.4,71.4,64.0,49.9,47.8,1,0.5764723030042828
EC005313,SCI_A,Science,5,Tuesday,12,24.5,84.0,12.0,52.1,61.5,1,0.7068399150763434
EC000867,LEC_A,LectureHall,10,Monday,9,29.1,69.7,120.0,53.7,54.0,0,1.5355801725774498
EC002236,ENG_B,Engineering,18,Saturday,11,28.7,74.0,16.0,41.4,42.6,5,0.5375740109946954
EC006120,ENG_A,Engineering,20,Friday,10,27.9,68.2,38.0,52.3,48.1,4,0.7167341107942254
EC000402,ENG_B,Engineering,1,Monday,4,25.7,84.0,21.0,28.9,36.5,0,0.4369294101971446
EC003048,ENG_B,Engineering,0,Thursday,2,26.6,83.2,7.0,64.1,48.2,3,3.2158356450385144
EC000116,LEC_A,LectureHall,8,Tuesday,6,29.0,76.5,206.0,26.2,56.6,1,7.799932300953312
EC005129,ENG_B,Engineering,18,Tuesday,3,30.9,78.0,69.0,63.5,64.3,1,0.7437243186139915
EC003627,SCI_A,Science,8,Saturday,1,28.2,72.3,6.0,65.4,70.3,5,1.3991781256986011
EC001852,ENG_B,Engineering,11,Thursday,1,28.2,74.7,114.0,52.5,60.7,3,0.9022042724718781
EC005022,LEC_A,LectureHall,9,Sunday,5,29.7,77.7,31.0,35.7,39.0,6,0.6073961447844193
EC004817,LEC_A,LectureHall,22,Friday,7,28.6,76.4,6.0,35.4,37.7,4,0.7769579605987916
EC000492,LIB_A,Library,1,Sunday,1,27.4,83.2,24.0,33.4,35.2,6,0.6950182414980312
EC007850,ENG_B,Engineering,19,Sunday,11,28.5,80.9,18.0,45.4,44.6,6,0.5012074459179148
EC000412,ADM_A,Administration,19,Thursday,6,28.0,74.5,0.0,26.8,27.3,3,0.7586991637792961
EC002237,LIB_A,Library,23,Friday,11,28.0,73.2,32.0,38.1,41.7,4,0.5583890193194208
EC000213,BUS_A,Business,6,Tuesday,4,28.5,83.4,10.0,47.9,41.8,1,0.7000832825039361
EC001006,RES_B,Residential,18,Wednesday,5,24.7,99.1,191.0,39.0,43.5,2,3.873983246366284
EC003206,RES_B,Residential,9,Tuesday,3,27.9,72.6,168.0,38.0,39.5,1,0.6597862485087155
EC000942,LIB_A,Library,14,Saturday,1,29.6,70.3,143.0,57.3,55.8,5,0.7849783920006349
EC001829,SCI_B,Science,0,Sunday,10,27.1,84.2,0.0,62.7,63.6,6,0.6120017570770785
EC005471,ENG_B,Engineering,9,Wednesday,8,29.5,82.5,79.0,48.9,56.2,2,0.4731979471495285
EC003886,RES_A,Residential,23,Monday,6,28.1,78.5,310.0,62.0,67.6,0,0.4968646751960136
EC003298,SPT_A,Sports,6,Monday,10,26.7,80.8,98.0,52.0,52.1,0,0.3382068770017344
EC006651,BUS_A,Business,18,Saturday,12,29.1,68.4,6.0,22.6,29.9,5,0.47060134265748776
EC001418,SCI_B,Science,11,Friday,7,,71.8,82.0,92.8,95.3,4,6.422712408286894
EC005994,LIB_A,Library,7,Sunday,8,27.4,74.9,0.0,29.3,32.0,6,0.5449247658015133
EC000304,BUS_B,Business,3,Friday,1,24.3,81.5,0.0,11.7,28.1,4,6.494190629623836
EC002696,ENG_A,Engineering,19,Thursday,11,29.2,77.8,39.0,54.4,54.4,3,0.6060639842948716
EC006679,SCI_A,Science,23,Tuesday,7,28.0,80.7,5.0,77.1,74.6,1,2.334220705634362
EC003810,LEC_A,LectureHall,15,Monday,11,30.9,69.4,177.0,56.7,66.0,0,0.6584489534531176
EC000516,SCI_A,Science,13,Saturday,11,30.7,76.9,57.0,89.9,87.3,5,0.5519947271418736
EC005024,SCI_B,Science,6,Wednesday,1,24.4,81.9,2.0,44.7,56.2,2,1.1999448051505448
EC007390,LIB_A,Library,4,Monday,11,26.8,85.7,,33.2,32.0,0,0.8857554556601241
EC007500,LEC_A,LectureHall,18,Wednesday,2,30.0,71.3,140.0,56.4,60.9,2,0.7466609831875185
EC001217,ENG_A,Engineering,13,Wednesday,1,29.5,82.7,219.0,82.6,87.7,2,0.9073198133642348
EC005379,SCI_A,Science,13,Monday,1,27.1,85.5,121.0,78.4,88.1,0,0.7527040810656288
EC003307,LEC_A,LectureHall,23,Tuesday,6,25.8,71.9,6.0,27.6,29.1,1,0.9073439124362963
EC007127,ENG_A,Engineering,3,Wednesday,4,25.6,84.4,0.0,35.3,40.9,2,0.5141281370706774
EC003481,ADM_A,Administration,7,Sunday,4,26.7,78.1,25.0,23.6,28.2,6,0.5555726688747835
EC000734,SPT_A,Sports,11,Friday,8,28.9,75.7,33.0,45.9,40.5,4,0.4486342431229153
EC003368,ENG_A,Engineering,20,Friday,4,24.5,96.9,41.0,44.8,40.3,4,4.7422093449644525
EC001521,LIB_A,Library,0,Friday,6,26.9,78.1,5.0,26.2,21.1,4,0.5459704981265168
EC005494,ENG_A,Engineering,5,Sunday,6,26.3,84.3,0.0,44.1,46.1,6,0.5237789317292558
EC003321,RES_B,Residential,6,Monday,5,25.7,,185.0,48.8,49.7,0,1.3951119559771683
EC000215,BUS_B,Business,15,Tuesday,3,34.3,83.5,190.0,94.8,90.5,1,3.553266025344033
EC002437,BUS_A,Business,4,Thursday,8,25.6,87.6,38.0,35.1,34.3,3,0.3849612707289717
EC002796,SCI_A,Science,20,Tuesday,8,29.2,78.5,0.0,74.1,76.7,1,1.58064437898425
EC002041,SCI_B,Science,16,Sunday,3,30.4,74.7,5.0,73.2,71.7,6,2.4614080556391036
EC001997,ENG_B,Engineering,7,Monday,7,27.3,91.2,18.0,42.5,45.6,0,0.4737882563972264
EC001780,LIB_A,Library,8,Wednesday,7,27.2,76.8,94.0,47.7,43.0,2,0.5446120419753868
EC006147,ENG_B,Engineering,6,Saturday,5,26.1,79.5,6.0,33.5,38.5,5,0.5365486965105432
EC002171,ENG_A,Engineering,8,Wednesday,8,27.1,82.5,81.0,49.9,54.6,2,0.4741350043066438
EC006766,BUS_B,Business,5,Thursday,11,25.6,92.5,0.0,32.6,32.2,3,0.45613110594294676
EC001341,LIB_A,Library,18,Sunday,3,30.1,76.6,121.0,41.4,49.2,6,0.5920428929442828
EC000122,LIB_A,Library,9,Saturday,12,27.1,84.0,17.0,25.4,27.1,5,0.5045407612129695
EC003793,BUS_A,Business,21,Saturday,5,29.3,72.8,0.0,35.5,33.1,5,0.5955516533511351
EC003506,LEC_A,LectureHall,11,Friday,8,30.3,70.3,186.0,61.8,68.4,4,0.8066141813105503
EC001140,SCI_B,Science,0,Thursday,5,27.2,84.5,2.0,64.2,63.5,3,1.3395733017865847
EC003788,LEC_A,LectureHall,6,Tuesday,3,27.7,71.9,0.0,26.1,28.3,1,0.9212779743113604
EC005095,LIB_A,Library,22,Monday,6,28.5,76.6,47.0,107.9,62.9,0,3.4822926261624576
EC003118,SCI_B,Science,0,Saturday,6,28.2,79.3,0.0,62.7,61.3,5,0.7675022524457349
EC005651,SPT_A,Sports,22,Saturday,1,26.5,78.1,17.0,,61.7,5,1.4105260639696167
EC001535,RES_A,Residential,17,Sunday,5,32.0,62.8,113.0,36.1,43.8,6,0.6730727591744637
EC005602,BUS_B,Business,7,Wednesday,6,27.4,81.6,0.0,37.6,37.1,2,0.574724065977301
EC001331,LIB_A,Library,7,Saturday,4,27.0,83.3,0.0,28.1,35.8,5,0.533698161989045
EC005520,LEC_A,LectureHall,23,Friday,4,27.2,76.3,28.0,32.2,31.9,4,0.7027701426774264
EC000597,BUS_A,Business,3,Saturday,5,27.1,83.0,0.0,27.3,32.8,5,0.5225890777389496
EC007587,ENG_B,Engineering,10,Wednesday,9,,80.5,99.0,54.2,61.5,2,1.4985714708121667
EC002877,SCI_A,Science,6,Friday,12,26.2,79.6,14.0,56.6,64.4,4,0.5780285597269066
EC004798,LIB_A,Library,3,Saturday,8,26.3,87.2,38.0,31.6,29.3,5,0.3906714392835829
EC004104,LIB_A,Library,0,Friday,12,26.7,74.7,33.0,31.5,30.4,4,0.4215367064116865
EC005725,RES_A,Residential,6,Wednesday,5,28.5,73.4,180.0,59.4,59.8,2,0.5866925724367102
EC001864,LIB_A,Library,6,Friday,6,26.7,78.2,3.0,31.9,32.2,4,0.5796387095203687
EC001182,BUS_B,Business,20,Tuesday,10,29.1,76.3,,42.3,47.9,1,1.705585292938773
EC003646,RES_B,Residential,15,Sunday,5,31.5,74.9,90.0,42.4,42.3,6,0.6329283704276664
EC000081,SPT_A,Sports,12,Sunday,5,30.4,78.1,26.0,52.1,52.5,6,0.5576899683877367
EC002979,BUS_B,Business,11,Sunday,11,29.6,76.2,29.0,36.7,42.9,6,0.5846242149629823
EC005309,RES_A,Residential,12,Friday,3,34.0,84.9,245.0,59.4,70.5,4,3.7585730748209762
EC004033,LEC_A,LectureHall,7,Wednesday,10,25.8,78.3,52.0,29.7,39.6,2,0.6294932132632507
EC002812,LIB_A,Library,16,Friday,1,29.5,79.1,183.0,56.4,58.4,4,0.7395822605263319
EC000817,LIB_A,Library,18,Sunday,7,29.4,75.1,167.0,59.0,63.2,6,0.5766892347270534
EC001746,ENG_B,Engineering,19,Friday,8,28.0,79.7,17.0,42.5,41.7,4,0.5302859976808355
EC001303,SCI_B,Science,2,Friday,8,26.8,79.2,0.0,60.2,63.2,4,1.0100812223035338
EC007721,ENG_B,Engineering,13,Monday,11,28.9,81.4,162.0,56.9,72.8,0,0.7050817878081208
EC006597,RES_A,Residential,0,Monday,1,26.4,80.6,125.0,42.5,47.3,0,0.35336897282227814
EC000965,ENG_B,Engineering,6,Monday,7,25.7,83.7,7.0,32.7,35.0,0,0.4835722977743564
EC003904,ENG_B,Engineering,5,Wednesday,3,26.1,83.4,0.0,39.1,39.8,2,0.5238493925398019
EC005948,SCI_B,Science,21,Sunday,12,28.1,75.2,2.0,52.8,58.7,6,0.5820264146990447
EC006220,LIB_A,Library,15,Thursday,9,30.3,72.4,212.0,60.9,62.7,3,0.7211658564799787
EC002687,BUS_A,Business,15,Saturday,3,31.8,69.5,27.0,39.9,43.7,5,0.41262215435741134
EC004254,BUS_A,Business,0,Tuesday,11,24.7,85.3,4.0,29.1,27.4,1,0.5290335903847854
EC006213,LIB_A,Library,5,Tuesday,1,26.5,85.1,2.0,25.0,28.8,1,0.6126002397396189
EC004178,LIB_A,Library,4,Sunday,12,26.8,83.4,2.0,28.4,32.3,6,0.5114240522472338
EC007291,LEC_A,LectureHall,6,Thursday,1,26.9,85.8,0.0,26.0,20.5,3,0.6649095717071495
EC000090,ENG_B,Engineering,10,Friday,1,29.1,73.9,73.0,49.9,55.2,4,0.4480232332416617
EC005306,ADM_A,Administration,2,Monday,2,25.2,86.1,7.0,22.8,26.5,0,0.44380779573433343
EC001362,BUS_B,Business,6,Monday,2,26.4,83.1,12.0,35.4,39.0,0,0.47888711138319173
EC007989,BUS_A,Business,11,Thursday,10,28.2,79.4,124.0,56.2,49.2,3,0.7301516878859586
EC000185,SPT_A,Sports,11,Friday,4,30.8,72.8,9.0,41.9,50.5,4,0.6639181948226052
EC000167,SPT_A,Sports,20,Saturday,8,28.0,76.4,164.0,65.1,60.2,5,1.0909946377759245
EC003864,LIB_A,Library,21,Sunday,4,28.7,79.5,59.0,45.5,45.8,6,0.472560004774402
EC006776,SCI_B,Science,8,Sunday,7,28.9,79.2,8.0,74.9,72.4,6,1.645745054393974
EC006609,LIB_A,Library,2,Friday,4,26.3,82.1,0.0,26.1,31.0,4,0.5913554098234604
EC000981,LIB_A,Library,12,Tuesday,9,29.7,72.8,141.0,47.1,43.9,1,0.6351371981764576
EC004627,RES_A,Residential,7,Thursday,2,26.9,78.7,162.0,56.2,48.7,3,0.5448141858034535
EC007520,SCI_A,Science,17,Tuesday,7,30.3,81.4,69.0,85.2,97.9,1,0.7132014131298782
EC001919,LIB_A,Library,23,Wednesday,2,27.4,73.8,55.0,40.2,40.0,2,0.751010226619879
EC000829,RES_A,Residential,9,Friday,4,28.5,80.0,125.0,36.6,38.9,4,0.6025062281193195
EC002767,RES_B,Residential,12,Wednesday,12,30.2,70.4,70.0,35.7,36.6,2,0.5841812737991073
EC000496,SCI_B,Science,22,Friday,1,27.0,77.9,0.0,58.7,63.1,4,0.8183391074418788
EC002349,ENG_A,Engineering,1,Tuesday,2,25.9,89.3,9.0,36.9,38.8,1,0.47404932242052505
EC002118,ENG_A,Engineering,2,Wednesday,5,25.3,84.5,22.0,41.1,42.4,2,0.5500954093989662
EC000941,SCI_B,Science,9,Monday,5,27.9,76.0,74.0,95.6,87.5,0,0.5832792051277759
EC006794,BUS_A,Business,4,Wednesday,1,25.2,77.5,0.0,12.6,20.9,2,4.542747277922124
EC005773,BUS_A,Business,3,Monday,3,26.1,84.7,0.0,31.0,31.6,0,0.3711546834873186
EC000985,ENG_A,Engineering,11,Thursday,4,30.6,81.4,162.0,94.0,91.5,3,0.7150230170328693
EC001700,SPT_A,Sports,15,Sunday,10,29.7,71.7,31.0,46.4,47.5,6,0.5963701686808688
EC005307,ENG_A,Engineering,7,Sunday,3,23.9,95.8,19.0,32.8,40.3,6,2.3157295742875434
EC000552,SCI_A,Science,7,Saturday,11,25.6,89.9,2.0,70.7,69.6,5,2.0248495566169114
EC007031,BUS_B,Business,3,Tuesday,6,26.5,83.1,0.0,35.7,37.2,1,0.5858042887994621
EC001043,ADM_A,Administration,21,Wednesday,5,31.2,77.3,2.0,38.2,38.0,2,0.6431627154166232
EC004486,BUS_B,Business,0,Tuesday,9,25.0,80.6,48.0,41.7,37.0,1,0.5139107247900121
EC005462,ENG_B,Engineering,2,Tuesday,2,26.7,88.7,30.0,43.6,38.0,1,0.4709941423384069
EC007878,RES_B,Residential,23,Sunday,11,,83.0,258.0,51.5,51.8,6,1.4454710477427002
EC000387,LIB_A,Library,9,Saturday,3,26.1,81.0,72.0,37.2,37.2,5,0.46344662794814384
EC002785,SCI_A,Science,20,Monday,8,29.2,77.9,21.0,75.8,75.9,0,0.6415291127018155
EC000251,RES_B,Residential,21,Sunday,12,27.1,81.6,214.0,41.8,47.1,6,0.4661355547220128
EC003238,RES_B,Residential,9,Monday,12,27.0,82.9,111.0,36.4,32.0,0,0.5144408015370202
EC007000,SCI_A,Science,20,Friday,1,28.0,79.0,20.0,75.4,75.5,4,0.6405492248972157
EC001845,ENG_A,Engineering,0,Thursday,7,26.0,75.1,10.0,34.1,34.3,3,0.7301849990793794
EC002724,BUS_A,Business,20,Saturday,11,27.7,86.9,17.0,28.3,29.0,5,0.8226128172829744
EC003040,LIB_A,Library,10,Saturday,7,29.2,78.7,58.0,43.0,40.2,5,0.4809533106421717
EC006374,SCI_B,Science,17,Thursday,3,31.8,68.1,52.0,90.0,87.9,3,0.8462425726069875
EC000357,RES_A,Residential,7,Monday,1,27.3,84.0,234.0,54.1,56.3,0,0.5628883946604922
EC006775,SCI_B,Science,18,Tuesday,3,30.0,74.1,28.0,66.1,76.3,1,0.7071960235215328
EC000262,RES_B,Residential,22,Tuesday,4,28.7,79.5,265.0,59.2,52.7,1,0.7023365632232483
EC006166,RES_A,Residential,23,Sunday,1,28.5,73.0,289.0,62.8,63.2,6,1.8753949087884978
EC000924,LIB_A,Library,23,Friday,8,25.9,88.9,58.0,39.4,41.1,4,0.380961888371934
EC007245,LIB_A,Library,9,Saturday,7,28.8,75.1,55.0,40.4,40.3,5,0.6991226955591046
EC001626,LIB_A,Library,19,Saturday,10,29.1,65.7,117.0,48.3,50.7,5,0.48249400725723435
EC004551,SCI_B,Science,20,Friday,1,,81.4,2.0,73.0,71.5,4,4.65349359253859
EC006642,ENG_A,Engineering,22,Tuesday,12,27.5,77.8,0.0,35.1,42.6,1,0.6299746885197005
EC000877,ENG_A,Engineering,18,Sunday,8,31.2,70.7,51.0,63.3,68.8,6,0.7221383220484182
EC003970,ENG_B,Engineering,21,Saturday,8,27.0,77.0,0.0,35.6,35.7,5,0.6106906033650823
EC006384,RES_A,Residential,21,Wednesday,4,28.9,77.7,227.0,59.0,55.6,2,0.6331387499834523
EC007798,SCI_B,Science,1,Thursday,5,26.5,84.0,0.0,69.9,59.4,3,1.123742505357829
EC002780,SCI_B,Science,13,Sunday,7,31.0,69.4,8.0,68.5,73.0,6,1.628738068802068
EC005693,RES_A,Residential,15,Saturday,10,29.2,73.3,123.0,41.8,43.2,5,0.5281233390825028
EC002291,BUS_A,Business,16,Wednesday,10,31.5,70.1,108.0,62.7,58.7,2,0.8346187560657611
EC007223,ENG_B,Engineering,9,Thursday,2,28.4,79.8,88.0,54.0,54.9,3,0.501303230500081
EC002426,ADM_A,Administration,18,Tuesday,9,29.4,73.9,35.0,28.3,31.3,1,0.5806366541254703
EC000590,ENG_A,Engineering,3,Thursday,8,25.2,82.9,19.0,48.9,47.5,3,0.5555069680195536
EC006747,SCI_B,Science,3,Monday,11,26.6,80.9,13.0,50.1,51.6,0,0.40290481118578886
EC004518,LEC_A,LectureHall,20,Tuesday,9,27.3,83.7,0.0,29.0,27.5,1,0.8038700790705431
EC001911,SCI_A,Science,7,Thursday,5,27.0,74.2,128.0,56.8,72.3,3,0.8318481224593799
EC003334,ENG_B,Engineering,14,Thursday,10,30.1,68.1,141.0,72.6,71.2,3,0.5857637082718667
EC002873,BUS_A,Business,4,Wednesday,9,25.6,85.1,0.0,18.0,26.0,2,1.755380267166907
EC005345,BUS_B,Business,9,Sunday,5,29.6,75.8,33.0,42.8,37.9,6,0.526254080553158
EC006353,SCI_A,Science,23,Thursday,2,28.4,78.8,0.0,70.6,75.3,3,1.0521968104389536
EC003259,RES_A,Residential,12,Wednesday,6,28.6,83.4,95.0,42.6,39.8,2,0.48592318818782887
EC007122,LIB_A,Library,6,Saturday,1,26.0,89.7,0.0,24.9,26.9,5,0.49544077377596113
EC000310,ENG_A,Engineering,8,Friday,2,28.0,78.1,56.0,53.8,57.6,4,0.7004184366562629
EC004723,SCI_A,Science,1,Monday,6,26.7,79.6,0.0,57.6,58.6,0,0.5767355245242057
EC005517,SCI_A,Science,18,Friday,12,28.5,75.7,29.0,57.5,70.1,4,0.5109047840040511
EC001818,SCI_B,Science,15,Friday,10,31.4,76.7,98.0,89.7,96.8,4,0.5470867588232545
EC001528,BUS_B,Business,22,Sunday,11,,85.4,4.0,27.7,29.3,6,1.507323020542115
EC002823,BUS_B,Business,23,Saturday,6,26.2,81.9,11.0,29.5,34.7,5,0.527555037587797
EC006777,ENG_A,Engineering,7,Thursday,12,25.7,86.1,0.0,41.1,40.3,3,0.5455078676282369
EC005162,RES_B,Residential,13,Sunday,5,30.9,72.4,69.0,43.4,42.3,6,0.6810884468524291
EC000027,LIB_A,Library,2,Saturday,6,26.6,80.9,27.0,31.2,34.7,5,0.5902237124138967
EC006396,SPT_A,Sports,15,Monday,7,31.0,71.5,18.0,48.8,48.5,0,0.48687355195370613
EC001436,LEC_A,LectureHall,14,Sunday,2,30.2,72.0,54.0,42.5,42.5,6,0.7053519793033973
EC003152,SPT_A,Sports,7,Tuesday,10,26.2,86.3,118.0,51.4,48.8,1,0.6922640334738279
EC007998,LIB_A,Library,19,Wednesday,9,28.9,74.6,172.0,50.8,52.3,2,0.5558613151855119
EC004429,ENG_A,Engineering,23,Friday,4,27.6,74.1,0.0,44.6,46.6,4,0.7164404661166038
EC000764,ENG_B,Engineering,3,Sunday,2,25.0,86.9,8.0,32.7,36.0,6,0.9574743284285016
EC006143,BUS_A,Business,4,Saturday,4,27.4,73.0,1.0,27.4,27.4,5,0.6152425046754941
EC003721,RES_A,Residential,0,Thursday,12,24.9,85.7,101.0,35.5,43.3,3,0.5163078905284709
EC005794,LEC_A,LectureHall,11,Saturday,11,29.2,84.1,50.0,34.0,33.8,5,0.533282195451902
EC006919,BUS_B,Business,7,Friday,1,26.9,80.8,0.0,32.7,37.8,4,0.7624348916256175
EC005540,ADM_A,Administration,10,Saturday,5,29.7,78.1,32.0,29.7,32.2,5,0.596175307730127
EC007301,LEC_A,LectureHall,8,Monday,6,28.5,83.1,65.0,44.9,47.5,0,0.43826191029919387
EC001089,ENG_B,Engineering,15,Wednesday,9,29.8,77.3,135.0,61.3,62.6,2,0.7104739526942163
EC002346,RES_A,Residential,19,Sunday,9,27.6,89.9,180.0,44.1,50.2,6,0.4337056118307259
EC002938,SCI_A,Science,8,Tuesday,2,27.1,80.3,96.0,52.2,77.0,1,0.5675444459814716
EC006011,SCI_A,Science,12,Thursday,5,30.2,79.6,148.0,87.0,98.8,3,0.887414012778597
EC005219,SPT_A,Sports,1,Thursday,6,27.4,77.6,50.0,38.9,37.5,3,0.6868768453516538
EC006392,ENG_B,Engineering,6,Friday,12,26.1,75.5,8.0,34.0,33.1,4,0.47454185411031424
EC005644,SPT_A,Sports,1,Wednesday,3,25.9,79.9,5.0,32.4,39.7,2,0.6217550464915538
EC001021,LEC_A,LectureHall,9,Friday,8,28.1,75.2,75.0,39.9,44.1,4,0.4758167190245435
EC006864,RES_B,Residential,14,Friday,1,31.6,74.4,54.0,50.8,45.0,4,0.8856370143889494
EC005596,LEC_A,LectureHall,21,Sunday,8,26.4,85.4,0.0,18.2,19.4,6,0.8749354125104468
EC005144,LIB_A,Library,7,Tuesday,8,27.2,84.0,0.0,30.6,31.4,1,0.5427394243037471
EC005905,LEC_A,LectureHall,2,Saturday,10,24.9,82.1,0.0,18.7,18.5,5,0.7204365092557273
EC002448,LIB_A,Library,13,Sunday,10,31.3,69.3,289.0,78.9,73.7,6,13.365971513546171
EC000214,LIB_A,Library,4,Friday,6,27.3,80.0,0.0,32.8,30.4,4,0.6288156053813378
EC003293,ENG_B,Engineering,10,Monday,7,29.9,75.1,89.0,58.9,59.0,0,0.4729233328723965
EC006333,ENG_A,Engineering,23,Saturday,11,26.8,76.4,0.0,41.7,41.3,5,0.6343625447907385
EC007400,ADM_A,Administration,4,Saturday,3,27.9,72.8,16.0,25.2,23.0,5,0.575493294873261
EC003223,ENG_A,Engineering,19,Sunday,4,30.4,71.3,41.0,51.2,56.0,6,0.6273678580886399
EC002054,ENG_B,Engineering,22,Wednesday,7,28.4,76.1,24.0,41.4,46.7,2,0.483531670084891
EC004848,ENG_A,Engineering,4,Thursday,4,26.3,73.4,0.0,42.9,38.8,3,0.634651943466765
EC007338,ENG_A,Engineering,22,Monday,8,26.2,81.1,28.0,50.0,51.5,0,0.4908799273430331
EC007632,ENG_B,Engineering,19,Saturday,1,28.7,73.5,4.0,37.9,45.7,5,0.7091695877335028
EC001405,ADM_A,Administration,22,Friday,2,29.3,77.8,18.0,30.3,35.3,4,0.5687176211393515
EC007209,ADM_A,Administration,6,Saturday,2,27.4,68.3,12.0,20.5,20.4,5,0.8363777255761443
EC007492,ENG_A,Engineering,5,Thursday,12,25.3,73.8,21.0,38.8,44.0,3,0.6569443533327735
EC001827,LEC_A,LectureHall,17,Thursday,10,29.3,79.4,116.0,55.1,55.5,3,0.7447014144486027
EC006222,BUS_A,Business,14,Tuesday,2,29.1,75.7,143.0,62.3,63.9,1,0.8689116693253854
EC003952,ENG_A,Engineering,7,Wednesday,3,26.9,82.8,0.0,44.1,43.0,2,0.5347244317425208
EC005562,ENG_A,Engineering,5,Saturday,3,27.8,78.3,2.0,51.1,46.9,5,0.5536348191682553
EC000673,ENG_B,Engineering,23,Sunday,2,27.5,80.7,6.0,38.0,40.1,6,0.5500991183997078
EC004069,LEC_A,LectureHall,22,Sunday,3,28.4,78.6,0.0,24.9,30.3,6,0.5151997464163169
EC002128,RES_A,Residential,14,Friday,6,30.8,66.7,109.0,43.5,44.9,4,0.35879010696241675
EC007050,LIB_A,Library,13,Wednesday,11,28.9,69.8,288.0,62.2,64.3,2,20.061199764335072
EC006873,SCI_B,Science,13,Monday,1,34.2,86.2,118.0,89.2,96.6,0,6.2011358269647205
EC007712,SCI_B,Science,19,Friday,5,30.0,74.6,,68.9,70.2,4,1.745984299346786
EC004018,RES_A,Residential,6,Thursday,8,27.2,79.1,229.0,54.3,54.6,3,0.48927249855589683
EC001082,SCI_B,Science,6,Friday,3,26.4,82.0,2.0,54.1,62.0,4,0.6921294358412307
EC006947,SCI_A,Science,5,Sunday,11,26.8,85.2,12.0,71.3,71.0,6,1.0838820078691265
EC005336,ENG_A,Engineering,1,Monday,8,25.8,82.8,27.0,45.8,44.6,0,0.4545809144648587
EC004976,LEC_A,LectureHall,21,Sunday,6,28.1,80.9,16.0,28.7,28.6,6,0.5427017518772193
EC001631,ENG_B,Engineering,1,Thursday,1,25.5,79.7,7.0,66.4,45.7,3,3.078567883926506
EC002135,SCI_B,Science,2,Monday,7,27.3,77.4,6.0,,73.1,0,3.3707521810999976
EC005849,SCI_B,Science,12,Saturday,4,31.8,73.5,42.0,87.6,90.5,5,0.7823305062292526
EC000035,BUS_B,Business,22,Friday,11,26.9,80.6,9.0,34.2,34.4,4,0.5264673430029502
EC005378,SPT_A,Sports,23,Tuesday,10,27.5,77.0,42.0,38.7,35.8,1,0.5564455193187946
EC000120,SCI_B,Science,0,Thursday,1,27.2,79.7,16.0,71.0,64.3,3,0.9711659507592179
EC004194,SCI_A,Science,18,Friday,4,31.3,67.2,77.0,88.6,98.7,4,0.9311074382193824
EC003257,SCI_A,Science,1,Tuesday,6,27.9,82.8,0.0,70.6,69.7,1,1.4916279751406878
EC003400,SCI_B,Science,17,Monday,8,29.4,73.3,70.0,72.0,84.8,0,0.5897182618067672
EC001989,ENG_B,Engineering,1,Wednesday,5,26.5,85.0,18.0,43.3,46.6,2,0.5586209532094343
EC005267,ENG_A,Engineering,11,Monday,3,28.9,79.5,194.0,86.0,86.7,0,0.5900207289583335
EC006801,ADM_A,Administration,16,Friday,12,29.1,78.5,72.0,,40.0,4,1.1860569680364719
EC005781,LIB_A,Library,11,Monday,10,28.4,73.8,109.0,48.8,46.1,0,0.503397857916069
EC007686,BUS_B,Business,0,Sunday,5,26.9,81.2,0.0,33.7,37.5,6,0.4005369020589121
EC001124,SCI_A,Science,14,Thursday,8,31.0,68.3,136.0,107.1,103.2,3,0.5263182195793196
EC007364,SCI_B,Science,23,Tuesday,3,27.7,85.2,21.0,65.6,65.8,1,1.0757276058031575
EC002296,ENG_A,Engineering,13,Thursday,7,34.6,83.5,214.0,97.9,98.5,3,2.672512541467036
EC006705,LEC_A,LectureHall,6,Wednesday,2,26.9,87.1,10.0,29.7,32.0,2,0.4392467550264781
EC002673,LEC_A,LectureHall,19,Saturday,7,28.7,73.2,5.0,28.3,26.3,5,0.7175785868348217
EC001712,LIB_A,Library,3,Sunday,9,24.7,84.3,10.0,24.1,24.4,6,0.5438413851895222
EC003822,SCI_B,Science,11,Monday,11,29.7,75.3,98.0,91.0,84.2,0,0.4039002106754808
EC002513,LEC_A,LectureHall,21,Tuesday,2,29.8,73.9,0.0,36.6,31.4,1,0.7875215889608761
EC006851,BUS_B,Business,20,Tuesday,4,29.1,78.2,7.0,40.1,45.6,1,0.6777381868335055
EC006764,SCI_A,Science,0,Wednesday,7,27.4,77.0,3.0,67.0,70.4,2,1.1641943452041426
EC000937,SCI_A,Science,12,Wednesday,4,29.9,73.5,129.0,100.4,109.7,2,0.6860237206050597
EC004346,LIB_A,Library,23,Tuesday,7,27.0,77.2,49.0,41.0,47.4,1,0.7401967772716211
EC000314,BUS_A,Business,10,Tuesday,1,28.2,77.3,122.0,55.5,59.8,1,0.7557812727796696
EC002871,SCI_B,Science,1,Thursday,11,25.4,74.5,18.0,57.1,51.4,3,0.9594590416769649
EC002633,SCI_A,Science,15,Saturday,11,29.4,73.0,58.0,84.4,88.2,5,0.6107608363469597
EC001294,SCI_B,Science,0,Saturday,9,27.2,81.3,1.0,50.3,54.8,5,0.4084642860736147
EC003042,RES_A,Residential,4,Monday,9,25.7,82.1,167.0,42.1,49.0,0,0.532869844129462
EC006398,BUS_B,Business,17,Wednesday,9,29.5,75.9,70.0,47.2,49.9,2,0.37211414374111135
EC003650,ENG_A,Engineering,22,Sunday,8,29.1,69.8,9.0,52.2,55.8,6,1.1060191457125241
EC007932,SCI_B,Science,1,Sunday,5,27.1,76.1,11.0,55.9,60.6,6,0.793635456379605
EC002210,RES_A,Residential,16,Friday,11,30.6,66.6,116.0,45.6,47.4,4,0.3301378522380651
EC004600,LEC_A,LectureHall,23,Monday,9,27.5,80.4,16.0,79.4,45.5,0,3.2343884170284074
EC004957,RES_A,Residential,0,Wednesday,7,27.4,79.1,171.0,49.9,53.0,2,0.4384398609929937
EC000482,LEC_A,LectureHall,16,Sunday,2,29.9,78.4,11.0,32.0,30.4,6,0.5871530747527255
EC005371,SPT_A,Sports,11,Wednesday,10,27.9,82.8,21.0,36.9,42.7,2,0.5635515980280098
EC005281,RES_B,Residential,15,Thursday,7,30.0,71.5,99.0,41.1,37.3,3,0.5431925255660804
EC005750,ENG_A,Engineering,18,Tuesday,3,30.3,72.3,83.0,68.6,77.8,1,0.504203200941983
EC001046,SCI_B,Science,1,Saturday,3,26.6,79.4,0.0,62.2,56.5,5,0.8880242823527847
EC000818,RES_A,Residential,23,Tuesday,3,27.6,77.6,267.0,57.4,58.4,1,0.6809395038533097
EC004115,RES_A,Residential,15,Monday,1,28.9,73.2,107.0,37.2,42.6,0,0.48752502288449606
EC007858,BUS_A,Business,19,Saturday,3,27.7,75.1,10.0,34.4,30.3,5,0.5677827617182877
EC005350,LIB_A,Library,9,Friday,10,27.0,83.8,40.0,28.4,36.4,4,0.5246128562777791
EC007404,ADM_A,Administration,23,Saturday,3,28.3,75.3,13.0,27.7,22.1,5,0.5631451052854414
EC000067,LEC_A,LectureHall,12,Friday,8,29.3,75.2,211.0,79.2,76.5,4,0.9268175416474058
EC000508,SPT_A,Sports,14,Tuesday,12,29.9,80.3,32.0,48.6,50.2,1,0.5350205751943423
EC006771,BUS_B,Business,12,Wednesday,10,,76.9,174.0,70.4,71.1,2,1.5350666965993298
EC000577,BUS_B,Business,11,Saturday,1,29.9,70.4,58.0,47.9,55.2,5,0.5485931460996992
EC001133,ADM_A,Administration,18,Saturday,6,30.0,74.7,8.0,30.9,29.3,5,0.6072171716291541
EC003049,ENG_B,Engineering,23,Saturday,10,27.0,74.7,8.0,38.1,40.2,5,0.7298827604340977
EC004048,LIB_A,Library,15,Saturday,9,29.5,71.6,174.0,55.9,48.8,5,0.5264675265816582
EC004978,RES_A,Residential,18,Tuesday,1,30.0,73.4,186.0,51.0,49.6,1,0.7094161613326826
EC003087,SCI_A,Science,13,Thursday,8,31.8,68.4,133.0,,108.6,3,2.1192605774291966
EC002479,RES_B,Residential,18,Thursday,1,30.6,74.8,156.0,39.8,42.7,3,1.7968724806657659
EC002565,RES_B,Residential,20,Monday,7,27.9,77.4,204.0,47.0,47.2,0,0.38457589625884553
EC001953,BUS_A,Business,21,Sunday,7,28.8,77.6,4.0,29.4,27.5,6,0.48433188969085583
EC004463,SCI_B,Science,19,Saturday,5,29.5,74.7,8.0,64.9,73.0,5,1.188218385351383
EC006346,ADM_A,Administration,12,Friday,12,28.5,77.9,106.0,33.9,40.0,4,0.43158041009484854
EC003830,LIB_A,Library,9,Wednesday,10,28.5,81.0,52.0,38.7,38.7,2,0.5415477963734362
EC003719,ENG_A,Engineering,1,Wednesday,12,25.5,79.3,13.0,40.2,37.7,2,0.5536255898224919
EC004638,BUS_B,Business,3,Thursday,11,24.6,84.9,6.0,35.3,38.9,3,0.4993359605981069
EC005036,LEC_A,LectureHall,8,Saturday,10,27.1,81.7,34.0,23.3,24.7,5,0.5354784043075093
EC003909,BUS_A,Business,3,Saturday,8,26.1,84.3,0.0,10.4,19.4,5,3.2512057611712755
EC002225,RES_A,Residential,16,Wednesday,8,30.1,72.6,122.0,41.1,43.9,2,0.5927501680721032
EC005711,SCI_B,Science,19,Wednesday,4,28.5,,8.0,66.4,64.1,2,2.047240069231412
EC007481,LEC_A,LectureHall,5,Sunday,2,26.4,79.2,1.0,23.3,24.2,6,0.555926246637078
EC001195,ENG_B,Engineering,5,Tuesday,2,25.2,88.9,0.0,31.5,33.8,1,0.3855568561589057
EC006136,ENG_A,Engineering,8,Monday,10,27.6,78.6,80.0,43.7,59.2,0,0.3845869769406113
EC007851,SPT_A,Sports,16,Sunday,7,29.9,79.9,104.0,52.8,57.0,6,0.5424475145950521
EC005491,SCI_A,Science,12,Monday,5,29.8,79.8,150.0,99.8,100.4,0,0.6053008291149881
EC002713,ENG_A,Engineering,2,Thursday,2,25.2,80.0,4.0,35.3,39.2,3,0.6072588331867492
EC001552,LIB_A,Library,13,Saturday,2,30.8,73.5,228.0,60.7,64.4,5,1.937940324026099
EC007476,SPT_A,Sports,14,Saturday,2,30.6,72.5,35.0,57.3,50.4,5,0.7595397254312513
EC000561,SCI_B,Science,20,Thursday,12,27.7,81.7,0.0,59.6,58.6,3,0.8415623857023834
EC007726,RES_B,Residential,7,Saturday,6,28.8,80.5,225.0,63.9,65.6,5,0.7427065694482174
EC001421,BUS_B,Business,11,Monday,10,29.0,73.8,145.0,68.1,66.1,0,0.6251959170973919
EC003339,BUS_B,Business,23,Thursday,8,27.9,77.8,13.0,36.2,44.4,3,0.5303709095824918
EC004426,BUS_A,Business,12,Tuesday,9,30.9,78.8,141.0,61.4,62.3,1,1.1085076975480175
EC000926,RES_A,Residential,5,Monday,8,26.6,82.5,219.0,52.3,51.0,0,0.4151637187231661
EC006910,SCI_A,Science,22,Wednesday,7,26.8,72.5,0.0,66.3,65.3,2,0.8823160198736657
EC005366,LEC_A,LectureHall,2,Saturday,10,26.1,76.6,0.0,23.3,23.2,5,0.6551872005515291
EC004841,LEC_A,LectureHall,18,Tuesday,1,28.3,75.1,75.0,43.8,45.8,1,0.7191279700493056
EC004131,RES_A,Residential,10,Saturday,9,28.8,66.8,171.0,37.3,40.0,5,0.42627961146797466
EC004855,BUS_A,Business,11,Sunday,6,30.0,75.6,46.0,32.5,38.9,6,0.7502894856644798
EC000414,SCI_B,Science,13,Tuesday,5,30.3,71.5,120.0,91.5,101.0,1,1.2050190543606476
EC006046,SCI_B,Science,12,Monday,6,29.7,80.5,113.0,91.5,92.3,0,0.7525321727026254
EC001733,RES_A,Residential,5,Sunday,11,25.9,80.5,259.0,50.8,53.1,6,0.8000488704240304
EC004961,ENG_A,Engineering,4,Friday,7,26.5,83.6,41.0,42.3,48.2,4,0.5815894266556488
EC006629,SCI_A,Science,8,Saturday,4,28.7,77.1,20.0,73.1,80.6,5,0.8742186950413647
EC004321,RES_A,Residential,3,Thursday,10,26.2,87.3,197.0,40.3,47.0,3,0.413043154623196
EC006921,LEC_A,LectureHall,19,Saturday,11,27.9,81.4,0.0,18.6,20.8,5,0.7790996979685654
EC003869,LIB_A,Library,0,Sunday,3,27.4,76.4,0.0,32.3,34.0,6,0.6457460409010258
EC000418,LEC_A,LectureHall,10,Wednesday,11,28.3,69.5,177.0,64.3,60.2,2,0.8397144835392857
EC007532,LEC_A,LectureHall,23,Friday,5,27.9,77.5,38.0,96.6,62.0,4,3.19945236574179
EC004295,SCI_B,Science,19,Saturday,12,30.2,73.5,2.0,62.2,76.9,5,1.0780444459079954
EC005077,SPT_A,Sports,15,Monday,2,29.5,74.4,35.0,43.5,47.4,0,0.5462435848209944
EC002384,LEC_A,LectureHall,12,Thursday,9,29.3,72.9,231.0,82.5,74.2,3,1.1690974314920604
EC005961,LIB_A,Library,22,Thursday,3,27.2,79.3,135.0,53.5,48.1,3,0.5366726269020579
EC004126,SPT_A,Sports,10,Saturday,9,27.5,82.0,243.0,58.4,64.1,5,6.02658615530946
EC000697,SCI_B,Science,5,Monday,5,27.1,85.0,0.0,62.5,64.8,0,0.651094206803613
EC004260,LEC_A,LectureHall,20,Sunday,1,28.8,65.2,5.0,34.6,23.8,6,0.4727371513001217
EC007839,RES_B,Residential,10,Saturday,5,29.8,67.6,137.0,37.8,38.9,5,0.5002044936427332
EC004705,SCI_B,Science,17,Tuesday,10,29.6,,57.0,81.5,85.0,1,1.1217688061067301
EC006250,BUS_B,Business,19,Thursday,11,27.8,86.2,0.0,35.9,36.4,3,0.5256331764399499
EC001248,ENG_A,Engineering,20,Sunday,3,29.8,78.2,43.0,58.0,64.3,6,0.7061005514468467
EC006432,LIB_A,Library,22,Wednesday,8,27.5,77.5,42.0,39.9,39.1,2,0.7677593153743415
EC002156,RES_A,Residential,11,Friday,5,29.2,67.9,89.0,43.2,37.9,4,0.3392676796841037
EC005809,SPT_A,Sports,9,Sunday,12,28.9,77.2,54.0,51.2,51.6,6,0.7551351851174573
EC000034,RES_B,Residential,13,Wednesday,10,29.0,76.9,97.0,37.3,35.1,2,0.462613469812121
EC000486,LEC_A,LectureHall,22,Saturday,1,27.4,78.2,0.0,26.3,26.3,5,0.7150995090023242
EC002083,ENG_A,Engineering,22,Monday,2,27.4,80.6,15.0,47.8,51.1,0,0.5541506283576249
EC003901,ENG_A,Engineering,13,Monday,6,29.5,74.2,183.0,98.2,85.2,0,0.5417304328392213
EC005893,RES_A,Residential,13,Thursday,7,29.9,69.9,119.0,42.5,40.4,3,0.536482847757015
EC006906,BUS_B,Business,4,Friday,2,26.3,78.1,32.0,44.3,43.1,4,0.5742862405374215
EC000410,SCI_A,Science,3,Monday,12,26.3,78.3,7.0,79.0,65.8,0,2.16456629106826
EC005246,SPT_A,Sports,23,Monday,3,27.1,81.4,26.0,85.5,52.0,0,2.634565971012447
EC007558,BUS_B,Business,20,Thursday,1,28.1,87.1,0.0,36.5,39.1,3,0.4940035568039632
EC006081,SPT_A,Sports,22,Saturday,12,27.4,83.6,59.0,44.3,44.7,5,0.5050520372052615
EC007243,LIB_A,Library,19,Sunday,1,29.5,78.3,131.0,55.1,62.2,6,0.6358666367652531
EC002053,BUS_A,Business,4,Wednesday,2,25.4,87.2,0.0,15.0,20.9,2,1.3160235540375933
EC002931,RES_A,Residential,19,Wednesday,2,28.8,80.9,171.0,47.9,43.0,2,0.5145232915508899
EC003131,ADM_A,Administration,12,Tuesday,9,30.4,71.8,100.0,,47.4,1,1.3541083701412802
EC005049,BUS_A,Business,11,Monday,3,29.7,75.9,126.0,47.4,54.6,0,0.7174138274449232
EC003840,SCI_A,Science,19,Monday,7,29.6,73.2,15.0,76.1,79.4,0,0.6044313755035192
EC004712,BUS_A,Business,22,Thursday,6,28.1,78.4,0.0,31.8,37.2,3,0.6616920914484921
EC007713,LEC_A,LectureHall,16,Sunday,3,30.1,81.1,26.0,36.0,39.2,6,0.5523408701954412
EC003228,SCI_A,Science,20,Friday,6,29.2,71.3,15.0,91.9,84.9,4,0.6580848871097758
EC005503,SPT_A,Sports,8,Wednesday,12,28.0,73.9,83.0,49.6,52.8,2,0.48813325959028975
EC003466,LEC_A,LectureHall,1,Sunday,10,26.0,83.1,3.0,21.3,17.7,6,0.7773982035558775
EC000323,LIB_A,Library,2,Friday,10,25.8,85.4,6.0,26.1,26.9,4,0.5203106880653264
EC007982,ADM_A,Administration,22,Sunday,3,29.2,75.6,1.0,22.9,27.7,6,0.6405809619747582
EC000786,SCI_A,Science,1,Tuesday,2,24.5,78.1,0.0,58.8,63.9,1,1.2644460916251903
EC002013,SCI_A,Science,7,Tuesday,7,28.2,81.4,17.0,70.9,72.8,1,0.8202312039348411
EC006830,SCI_A,Science,14,Thursday,2,31.0,77.2,130.0,110.5,107.8,3,0.642812221202918
EC002377,SPT_A,Sports,14,Monday,12,30.0,74.1,12.0,37.6,38.3,0,0.562024385030307
EC004120,ENG_A,Engineering,14,Wednesday,1,30.0,78.4,161.0,62.5,76.0,2,0.7928411874024036
EC006047,LEC_A,LectureHall,16,Tuesday,5,31.6,72.4,141.0,59.8,68.9,1,1.1895181612585832
EC004810,SCI_A,Science,17,Tuesday,12,28.1,71.6,74.0,82.7,88.4,1,0.6961916814867717
EC005772,RES_A,Residential,9,Friday,1,26.4,78.0,225.0,39.1,39.7,4,0.6586908171108182
EC006670,LIB_A,Library,13,Wednesday,7,31.3,73.9,112.0,41.8,52.8,2,0.6536367116716351
EC007522,RES_A,Residential,21,Tuesday,12,28.2,79.1,258.0,58.7,53.1,1,0.610138687459331
EC001776,LIB_A,Library,7,Monday,3,26.9,78.8,0.0,27.0,27.2,0,0.49271079560004793
EC005548,RES_B,Residential,1,Sunday,4,28.0,76.4,118.0,52.1,48.6,6,0.48549127450151536
EC005601,ENG_A,Engineering,19,Saturday,5,31.0,66.2,14.0,50.7,57.1,5,0.8310785337845766
EC006507,ENG_B,Engineering,0,Tuesday,10,26.7,76.8,9.0,56.9,46.1,1,2.0560727740435936
EC006312,ENG_B,Engineering,0,Saturday,11,26.2,91.5,5.0,68.5,45.6,5,2.2101050673212144
EC002882,ADM_A,Administration,6,Friday,8,27.6,82.9,12.0,26.9,28.6,4,0.5459583498478819
EC006303,BUS_B,Business,11,Sunday,3,30.7,73.5,34.0,48.4,43.6,6,0.5633279639334634
EC004716,ENG_A,Engineering,0,Thursday,4,27.9,74.4,22.0,47.4,47.8,3,0.6529901703068628
EC000655,SCI_B,Science,20,Friday,11,28.2,78.1,23.0,75.3,75.7,4,0.9677070320877854
EC005475,BUS_A,Business,7,Tuesday,11,27.3,80.5,19.0,33.3,33.4,1,0.5733710277436701
EC001216,BUS_B,Business,6,Tuesday,10,26.2,85.7,11.0,28.1,33.0,1,0.6438175064324005
EC006710,LIB_A,Library,19,Tuesday,5,29.7,76.7,176.0,67.4,64.6,1,0.6462302672888788
EC007711,ENG_A,Engineering,7,Tuesday,6,27.0,86.6,0.0,43.1,43.5,1,0.6158681164223199
EC001079,ADM_A,Administration,15,Wednesday,4,30.0,65.8,102.0,45.6,45.1,2,0.2797581573704279
EC007856,ENG_B,Engineering,1,Monday,3,28.3,79.3,20.0,46.8,45.0,0,0.4490826259156239
EC001882,LEC_A,LectureHall,17,Tuesday,11,27.1,78.2,101.0,44.2,47.8,1,0.6896614606205538
EC003594,SCI_B,Science,23,Monday,8,27.2,89.8,8.0,66.9,63.5,0,2.116791973691204
EC007130,BUS_A,Business,3,Saturday,9,24.9,74.1,0.0,23.3,21.7,5,0.5983611891592429
EC002976,RES_A,Residential,19,Monday,1,27.7,77.6,199.0,54.7,47.9,0,0.5621548342090755
EC001105,SCI_B,Science,4,Sunday,12,26.3,83.8,0.0,55.9,61.0,6,0.48218550173339586
EC003230,ENG_A,Engineering,8,Sunday,6,26.6,90.0,11.0,47.3,46.6,6,0.6678641958675523
EC005737,SCI_A,Science,8,Thursday,2,28.6,78.0,39.0,75.0,82.9,3,1.0394156816248652
EC007019,SCI_A,Science,0,Sunday,4,27.2,82.2,15.0,81.5,75.6,6,0.8105114774976502
EC002983,LIB_A,Library,20,Monday,8,29.1,82.7,128.0,50.5,53.1,0,0.5124006012907512
EC002936,ENG_B,Engineering,6,Monday,2,26.0,83.5,0.0,40.7,36.5,0,0.4990645236533603
EC001699,LEC_A,LectureHall,17,Saturday,8,29.3,69.2,33.0,30.9,36.9,5,0.604677168640664
EC005337,ENG_A,Engineering,1,Wednesday,7,27.5,79.4,25.0,49.1,52.9,2,0.5696522541077139
EC003738,RES_B,Residential,13,Tuesday,8,31.5,77.1,80.0,44.7,41.8,1,0.5680845913584825
EC003812,SCI_B,Science,8,Wednesday,1,26.2,77.4,66.0,64.2,66.1,2,0.6747556711022866
EC001738,BUS_B,Business,13,Saturday,6,31.1,72.5,66.0,54.9,51.6,5,0.45822224645269466
EC004168,ENG_B,Engineering,5,Wednesday,6,25.9,74.3,8.0,30.6,35.8,2,0.8205720544825454
EC003859,BUS_B,Business,1,Wednesday,2,25.5,81.9,23.0,37.7,38.1,2,0.5186439587308186
EC002868,BUS_A,Business,23,Saturday,10,26.7,84.3,0.0,26.9,25.8,5,0.4756653622397814
EC000115,BUS_A,Business,10,Sunday,2,30.3,74.2,40.0,40.5,41.6,6,0.6334898830517035
EC005263,BUS_B,Business,17,Sunday,9,30.9,78.7,24.0,47.8,45.9,6,0.4431504741665385
EC003452,BUS_B,Business,10,Monday,10,28.8,81.5,126.0,53.2,57.3,0,0.4517567838932455
EC005354,RES_B,Residential,21,Monday,5,28.5,75.3,221.0,55.1,57.3,0,0.3134781231711534
EC006648,ENG_B,Engineering,2,Thursday,7,26.7,76.3,1.0,37.9,40.4,3,0.7311005229212033
EC007380,SPT_A,Sports,5,Saturday,5,27.2,79.9,72.0,43.6,47.0,5,0.47575352731003745
EC004206,BUS_A,Business,1,Monday,7,28.0,76.0,0.0,15.5,27.2,0,1.7528549224491137
EC002480,BUS_A,Business,7,Tuesday,10,26.7,77.8,12.0,24.9,31.2,1,0.662963287906571
EC007552,LEC_A,LectureHall,1,Saturday,10,26.8,81.4,48.0,27.3,29.8,5,0.5592331965570271
EC003491,SPT_A,Sports,4,Saturday,10,24.0,75.9,16.0,28.7,28.5,5,0.5037868412768497
EC004747,SPT_A,Sports,8,Thursday,9,27.1,80.7,106.0,51.8,46.1,3,0.5468532246159069
EC004164,LEC_A,LectureHall,8,Wednesday,1,27.5,77.9,65.0,33.0,43.8,2,0.7359151919310015
EC003551,RES_A,Residential,20,Thursday,9,29.6,71.1,240.0,45.7,51.4,3,0.7935636248755727
EC000371,LIB_A,Library,17,Wednesday,8,28.9,75.7,207.0,57.2,56.5,2,0.4942247454313821
EC002641,LEC_A,LectureHall,14,Monday,11,29.9,72.7,171.0,61.8,65.3,0,0.6924809390336516
EC004110,BUS_A,Business,4,Sunday,3,26.8,81.6,4.0,30.5,27.4,6,0.5092805374532716
EC000148,ENG_A,Engineering,23,Thursday,2,27.7,70.9,0.0,45.5,49.0,3,0.7031324337292293
EC007752,LEC_A,LectureHall,13,Wednesday,7,35.4,84.8,259.0,105.0,100.2,2,8.881362906450004
EC005619,ADM_A,Administration,10,Sunday,11,27.0,79.4,22.0,21.7,24.3,6,0.49255121151847453
EC004409,LEC_A,LectureHall,4,Thursday,4,25.9,79.2,27.0,24.9,28.2,3,0.5946595472430649
EC006932,LIB_A,Library,11,Sunday,2,29.4,73.4,225.0,65.7,68.3,6,2.4696486649263596
EC005584,LIB_A,Library,19,Saturday,4,30.5,75.0,230.0,76.7,69.5,5,1.9154309951857373
EC001802,LIB_A,Library,8,Monday,2,27.2,71.8,14.0,32.0,35.8,0,1.0019526076847751
EC006716,BUS_A,Business,1,Saturday,1,26.3,91.9,4.0,25.7,24.9,5,0.46116321888844286
EC003448,BUS_B,Business,15,Tuesday,10,29.6,70.7,166.0,64.2,66.8,1,0.762006462654635
EC002160,RES_B,Residential,7,Wednesday,2,27.1,77.6,195.0,49.7,47.5,2,0.4973115667436446
EC000361,SPT_A,Sports,12,Friday,11,29.6,75.7,11.0,38.9,38.3,4,0.4733846732816015
EC001979,RES_A,Residential,4,Sunday,3,28.7,80.6,184.0,65.7,57.0,6,0.6876262748023716
EC004876,SPT_A,Sports,16,Saturday,3,,72.4,184.0,67.1,69.3,5,2.172715035457028
EC005243,BUS_A,Business,11,Tuesday,9,27.4,79.9,111.0,32.8,50.0,1,0.9778610620910786
EC007418,SPT_A,Sports,6,Wednesday,1,25.5,82.5,119.0,41.6,46.0,2,1.302649892903746
EC002533,RES_B,Residential,15,Thursday,7,30.1,73.9,132.0,38.6,41.7,3,0.6641486613433185
EC003295,RES_A,Residential,17,Saturday,5,30.8,64.4,158.0,51.9,50.3,5,0.26108750970385214
EC006332,BUS_A,Business,23,Monday,1,27.2,87.7,0.0,30.4,33.8,0,0.3779665991625509
EC005271,SCI_A,Science,10,Thursday,10,28.0,80.9,112.0,66.3,87.8,3,0.6934936815287314
EC000896,RES_B,Residential,20,Saturday,4,29.9,70.2,203.0,43.9,45.1,5,0.5708351167690144
EC001366,LIB_A,Library,19,Tuesday,5,30.2,79.4,152.0,46.0,56.2,1,0.6512081428345126
EC001181,SCI_A,Science,19,Friday,8,28.9,78.9,30.0,75.0,78.7,4,0.8935325316440681
EC004678,BUS_A,Business,3,Monday,1,28.1,83.8,0.0,12.3,25.9,0,4.022080271037847
EC000596,RES_B,Residential,15,Friday,2,30.4,72.3,135.0,35.2,42.3,4,0.7170329199844313
EC002875,SCI_A,Science,9,Wednesday,8,27.5,80.3,72.0,82.0,80.0,2,0.666730203782597
EC000853,LIB_A,Library,14,Saturday,1,29.4,72.1,266.0,67.8,67.2,5,5.620386480445811
EC006578,ENG_B,Engineering,19,Monday,11,28.3,74.9,44.0,40.1,45.5,0,0.4744551386346502
EC003654,RES_B,Residential,2,Saturday,2,26.1,82.0,151.0,50.1,47.4,5,0.473822593091419
EC003660,RES_B,Residential,1,Saturday,2,26.7,77.8,132.0,48.5,46.7,5,0.5008299203769631
EC000365,ADM_A,Administration,1,Monday,7,25.9,80.3,9.0,26.5,27.0,0,0.4404590408360881
EC003854,SCI_A,Science,14,Wednesday,10,29.6,71.7,132.0,104.0,101.6,2,0.9395671616268567
EC000662,SPT_A,Sports,18,Friday,8,29.5,74.1,122.0,65.1,62.4,4,0.773983954344963
EC004304,RES_A,Residential,18,Friday,8,30.8,78.6,202.0,48.3,59.0,4,0.650560943161488
EC003092,LIB_A,Library,9,Friday,2,28.2,75.7,33.0,31.1,34.7,4,0.5607418927271995
EC000267,SPT_A,Sports,12,Friday,11,28.5,78.4,0.0,39.6,41.9,4,0.7019248335180848
EC004921,SCI_A,Science,7,Thursday,7,28.6,83.1,0.0,59.1,70.9,3,0.7734157135949408
EC007499,LIB_A,Library,20,Tuesday,3,28.7,76.1,114.0,51.8,55.1,1,0.6282172692276303
EC005064,ENG_A,Engineering,14,Friday,12,29.9,61.8,185.0,80.7,76.1,4,0.4029626204350378
EC005304,ENG_A,Engineering,5,Monday,1,25.7,82.3,0.0,35.5,41.4,0,0.4032189024956485
EC006285,ADM_A,Administration,20,Tuesday,1,29.5,79.9,5.0,30.2,36.1,1,0.8704564316424546
EC000053,SCI_A,Science,21,Saturday,5,30.4,72.7,7.0,62.3,74.3,5,1.3799533659956895
EC005701,SCI_B,Science,9,Monday,7,30.1,73.8,63.0,77.0,86.0,0,0.6391557643987458
EC004364,LIB_A,Library,17,Friday,2,28.6,80.9,223.0,58.7,58.8,4,1.3460402736053703
EC005499,SPT_A,Sports,20,Wednesday,6,29.6,72.6,152.0,79.5,64.8,2,0.9056947530590352
EC001226,LEC_A,LectureHall,15,Friday,6,,76.2,171.0,59.9,68.0,4,1.6139372190417993
EC003693,ENG_A,Engineering,10,Saturday,5,30.5,68.9,,59.5,66.3,5,2.2508665290945777
EC000144,LEC_A,LectureHall,8,Wednesday,5,29.2,72.7,164.0,35.4,52.1,2,3.2411615414923447
EC006712,SCI_A,Science,20,Wednesday,6,28.9,,11.0,81.4,76.9,2,2.486721121866472
EC002958,BUS_B,Business,4,Monday,2,25.4,84.8,4.0,34.1,36.7,0,0.46618996330125206
EC002683,ADM_A,Administration,10,Tuesday,12,29.9,72.1,72.0,33.0,35.0,1,0.5038560684998146
EC004867,BUS_B,Business,7,Friday,6,27.6,84.8,,41.5,64.5,4,2.012959786413917
EC007075,ENG_B,Engineering,0,Sunday,9,27.8,73.4,5.0,72.8,50.8,6,4.660536439090709
EC003044,SCI_A,Science,2,Tuesday,7,26.8,80.9,0.0,66.4,72.1,1,1.1414558587288377
EC005034,ENG_A,Engineering,14,Monday,5,31.2,78.2,191.0,77.1,83.3,0,0.6228586340737778
EC005376,RES_A,Residential,12,Tuesday,3,29.7,73.5,184.0,48.3,52.9,1,0.600499977448328
EC000246,BUS_B,Business,19,Saturday,7,29.9,72.1,12.0,36.8,41.5,5,0.5953893560962736
EC001640,RES_B,Residential,13,Monday,1,30.9,76.1,96.0,38.1,40.6,0,0.622608345622295
EC004091,SCI_B,Science,14,Saturday,4,31.6,70.7,51.0,83.7,77.6,5,0.8065121609281516
EC007820,BUS_B,Business,3,Friday,10,26.4,82.9,0.0,13.6,25.2,4,6.06640953199998
EC006182,BUS_A,Business,23,Monday,11,25.5,80.0,0.0,29.2,32.1,0,0.3557829646352605
EC005738,BUS_A,Business,18,Monday,9,30.6,75.0,55.0,45.9,49.7,0,0.9746218522860123
EC002496,RES_A,Residential,15,Monday,2,28.5,77.2,100.0,45.9,44.3,0,0.5540433081079202
EC002213,SPT_A,Sports,5,Saturday,9,25.8,81.3,89.0,35.4,46.1,5,0.47570018373314993
EC000339,ADM_A,Administration,5,Wednesday,5,26.2,84.3,6.0,26.7,27.9,2,0.5696135300619707
EC007489,LIB_A,Library,7,Tuesday,4,29.0,74.4,0.0,30.8,35.3,1,0.8192049894048058
EC005777,ENG_B,Engineering,12,Wednesday,5,31.1,69.7,145.0,68.3,72.7,2,0.8356875520173888
EC002453,RES_A,Residential,1,Saturday,6,27.1,80.6,162.0,43.4,47.1,5,0.5026153169091743
EC007790,SPT_A,Sports,10,Tuesday,8,28.9,76.8,31.0,46.6,48.1,1,0.5510076380718192
EC002137,ENG_B,Engineering,9,Saturday,10,28.1,85.8,12.0,44.8,44.4,5,0.5757093274981612
EC000847,SCI_A,Science,22,Wednesday,9,28.1,83.4,0.0,67.7,63.8,2,0.837133363290121
EC005686,ENG_B,Engineering,13,Friday,8,30.3,75.2,164.0,69.8,74.5,4,0.7400903583780781
EC005003,ENG_A,Engineering,0,Saturday,3,27.4,76.8,10.0,43.7,48.1,5,0.8176997393834556
EC000907,SPT_A,Sports,14,Sunday,9,30.8,72.1,17.0,50.8,44.7,6,0.6153941917684034
EC006044,BUS_A,Business,1,Sunday,4,24.8,78.7,0.0,13.0,20.9,6,3.8189982456348512
EC007482,ENG_A,Engineering,15,Thursday,3,31.1,75.9,143.0,78.8,79.2,3,0.7601263703632309
EC000337,BUS_B,Business,12,Tuesday,3,30.2,65.7,189.0,71.1,79.2,1,0.49746068862557397
EC004883,SCI_B,Science,19,Thursday,9,29.2,71.8,29.0,75.6,72.1,3,0.9667364088751152
EC001269,LIB_A,Library,16,Wednesday,1,30.9,78.6,203.0,74.0,67.4,2,1.5560149411704352
EC002447,RES_B,Residential,5,Sunday,4,27.9,77.8,203.0,50.2,52.1,6,0.5266110359793563
EC003004,ENG_A,Engineering,2,Monday,5,25.0,87.9,1.0,59.4,42.3,0,2.1040625701313487
EC006913,BUS_B,Business,8,Sunday,12,27.3,74.0,17.0,36.0,36.8,6,0.5379718239872832
EC004074,ENG_A,Engineering,12,Saturday,8,29.9,72.3,55.0,49.2,60.9,5,0.7717761880676594
EC004804,BUS_B,Business,4,Tuesday,2,25.5,86.7,0.0,13.6,28.0,1,6.222758156361747
EC004644,BUS_B,Business,13,Tuesday,8,28.5,76.8,151.0,63.8,64.6,1,0.7606932633810933
EC000757,RES_B,Residential,0,Tuesday,4,27.2,80.5,111.0,43.9,38.6,1,0.40833319503170534
EC004570,BUS_A,Business,15,Thursday,6,31.3,79.0,120.0,60.0,60.1,3,0.9399887338817826
EC007829,RES_B,Residential,17,Sunday,8,29.5,69.7,130.0,46.8,42.2,6,0.7635356683598084
EC000986,LIB_A,Library,20,Saturday,12,28.4,77.4,90.0,43.4,53.6,5,0.4533285171863243
EC004273,RES_A,Residential,2,Thursday,12,25.0,90.3,119.0,49.1,45.6,3,0.42139074778054436
EC005899,BUS_A,Business,11,Wednesday,1,29.3,78.4,128.0,60.3,60.0,2,0.8803628857957458
EC004609,ENG_B,Engineering,5,Monday,3,27.8,77.5,13.0,36.5,41.3,0,0.6000368590257183
EC006657,SCI_B,Science,8,Wednesday,2,27.4,,45.0,60.5,68.7,2,1.2461970431824456
EC005554,BUS_B,Business,22,Wednesday,5,29.1,78.8,0.0,39.0,41.5,2,0.5855937644943886
EC006977,SCI_B,Science,5,Saturday,3,26.9,82.1,0.0,55.7,55.5,5,0.5434408489909079
EC005399,LIB_A,Library,10,Wednesday,2,29.1,83.2,33.0,40.9,41.4,2,0.5368643430857475
EC004599,ADM_A,Administration,9,Monday,5,27.8,80.3,64.0,30.7,34.8,0,0.392772863507708
EC007278,SPT_A,Sports,0,Saturday,3,27.2,79.3,28.0,43.8,40.1,5,0.5967913420055332
EC003276,RES_A,Residential,20,Wednesday,11,28.2,78.5,218.0,51.9,52.8,2,0.5022422559154941
EC005814,BUS_A,Business,9,Wednesday,9,27.3,78.9,166.0,31.0,46.4,2,4.229372093152622
EC006886,ADM_A,Administration,10,Tuesday,8,28.5,74.6,77.0,34.2,38.5,1,0.5047221365773881
EC003637,SCI_A,Science,21,Wednesday,7,28.3,74.6,4.0,69.7,69.9,2,1.5828854222777473
EC000589,LEC_A,LectureHall,22,Monday,10,26.7,85.8,33.0,108.2,56.3,0,2.479208185681676
EC003258,ENG_B,Engineering,9,Saturday,3,27.7,75.3,10.0,38.3,38.5,5,0.5955130461111512
EC002362,RES_A,Residential,8,Saturday,10,27.6,77.7,219.0,49.3,48.9,5,0.5163734988647571
EC003147,LIB_A,Library,1,Monday,7,26.6,82.1,0.0,26.3,28.2,0,0.4651878060321329
EC003095,BUS_B,Business,4,Thursday,6,25.1,86.8,20.0,34.9,39.9,3,0.5165291567306226
EC004116,BUS_B,Business,3,Friday,5,27.3,82.5,22.0,43.2,48.5,4,0.5324391459088597
EC003219,SCI_A,Science,3,Thursday,4,26.8,83.2,0.0,81.5,74.5,3,1.5048083904295504
EC001354,SCI_A,Science,15,Tuesday,3,31.2,74.4,101.0,108.8,111.5,1,0.7190929180938942
EC001450,LIB_A,Library,8,Monday,6,28.7,84.4,32.0,39.5,37.6,0,0.45740737379135005
EC004495,LEC_A,LectureHall,15,Wednesday,8,35.7,83.9,250.0,97.8,105.8,2,12.3424992066975
EC000973,BUS_B,Business,1,Tuesday,12,25.4,80.5,0.0,30.3,31.0,1,0.502865609831537
EC000210,BUS_B,Business,17,Sunday,3,,78.0,0.0,32.3,39.7,6,1.215659098804458
EC006253,ENG_A,Engineering,15,Monday,8,30.3,68.5,166.0,70.6,79.0,0,0.406183388727143
EC004162,ADM_A,Administration,19,Sunday,7,28.8,76.9,3.0,26.4,25.3,6,0.5865139601349931
EC007636,BUS_B,Business,19,Tuesday,10,28.8,76.9,0.0,37.4,41.0,1,0.5932405359601687
EC004987,BUS_A,Business,20,Monday,2,28.3,83.4,9.0,32.7,38.0,0,0.5122832493374014
EC001584,LIB_A,Library,22,Friday,2,27.8,79.2,33.0,87.1,58.1,4,4.283032428903074
EC003745,LIB_A,Library,15,Monday,5,30.6,73.8,282.0,67.8,69.6,0,3.6332250087165807
EC006497,BUS_A,Business,13,Sunday,6,30.5,77.9,48.0,45.3,43.1,6,0.6445849984330942
EC001857,ENG_B,Engineering,22,Sunday,2,28.0,80.3,1.0,32.0,41.9,6,0.5403257695780406
EC004805,BUS_A,Business,3,Sunday,6,25.5,81.1,0.0,,17.6,6,2.1658972690096285
EC004864,LEC_A,LectureHall,11,Sunday,6,30.4,71.1,18.0,39.1,35.6,6,0.6090575985873581
EC006618,LIB_A,Library,10,Sunday,4,28.8,75.6,24.0,43.1,41.5,6,0.5098673076149556
EC004990,LEC_A,LectureHall,16,Tuesday,11,30.1,69.2,94.0,50.1,52.6,1,0.4419796526493558
EC003494,ADM_A,Administration,17,Friday,12,30.4,79.8,40.0,39.2,37.3,4,0.47542072454364265
EC004458,SCI_A,Science,1,Tuesday,10,25.8,76.6,6.0,55.5,60.4,1,0.9632494563340417
EC007698,RES_A,Residential,2,Thursday,5,,81.9,138.0,45.0,44.6,3,2.4279486775964325
EC006781,RES_B,Residential,10,Friday,9,28.9,74.3,152.0,45.5,43.3,4,0.5801672614918607
EC004197,SCI_A,Science,10,Monday,9,29.0,72.9,99.0,81.6,92.6,0,0.5861873311549033
EC002179,ENG_B,Engineering,21,Tuesday,12,27.2,74.0,11.0,30.9,36.1,1,0.6066094649422886
EC005259,ENG_B,Engineering,18,Tuesday,9,30.4,71.8,62.0,48.6,49.9,1,0.6484153127776942
EC003163,LEC_A,LectureHall,17,Thursday,9,28.4,74.6,94.0,52.1,46.3,3,0.5156254691997989
EC001377,BUS_B,Business,22,Wednesday,9,26.9,81.5,1.0,36.7,37.4,2,0.5770753615184434
EC002206,ADM_A,Administration,3,Thursday,6,26.6,81.0,0.0,24.8,28.0,3,0.5123738422030868
EC002915,BUS_B,Business,5,Monday,1,25.1,85.1,0.0,31.2,29.2,0,0.477290811993081
EC002978,ENG_A,Engineering,7,Sunday,4,28.0,78.7,16.0,45.2,51.6,6,0.5477692167894189
EC007141,ADM_A,Administration,10,Monday,2,29.0,74.7,68.0,41.1,39.0,0,0.516356092315419
EC004995,ENG_A,Engineering,20,Sunday,2,28.6,71.1,0.0,51.5,49.9,6,0.6134275868949859
EC004598,RES_B,Residential,23,Tuesday,11,26.5,83.5,254.0,46.2,55.0,1,0.2916844005523822
EC006101,LIB_A,Library,22,Friday,5,28.1,72.4,124.0,52.3,47.8,4,0.5644834705310132
EC000900,ADM_A,Administration,2,Monday,7,26.7,80.0,10.0,25.7,22.6,0,0.4760624945565181
EC000425,ENG_A,Engineering,0,Friday,6,24.9,83.1,6.0,36.3,35.7,4,0.939735290030502
EC005816,ENG_B,Engineering,2,Friday,12,25.5,77.4,0.0,36.7,30.4,4,0.6674758591172804
EC001893,SCI_A,Science,14,Sunday,12,30.5,72.2,35.0,89.4,89.8,6,0.7215678288840262
EC000275,LEC_A,LectureHall,1,Monday,12,26.3,81.4,0.0,12.0,21.4,0,4.129005050603702
EC002861,BUS_A,Business,22,Sunday,3,28.7,78.7,0.0,29.0,32.1,6,0.44006565562683797
EC004550,RES_A,Residential,1,Wednesday,8,26.2,77.2,143.0,44.4,45.1,2,0.5186232774710036
EC001145,RES_B,Residential,20,Sunday,8,29.1,71.0,205.0,36.6,49.4,6,0.448083231684304
EC006071,LIB_A,Library,14,Monday,11,29.4,76.3,176.0,59.9,56.5,0,0.5687418440289339
EC002481,BUS_A,Business,3,Friday,2,25.5,,0.0,26.9,31.7,4,2.8095323279928963
EC006855,BUS_B,Business,21,Wednesday,5,27.7,84.0,4.0,36.8,44.2,2,0.5807578445875909
EC001653,LEC_A,LectureHall,23,Sunday,5,27.2,84.0,20.0,25.8,25.8,6,0.5459465635888264
EC000109,LEC_A,LectureHall,16,Saturday,8,29.7,75.8,44.0,33.8,37.8,5,0.43621723217478525
EC003911,LEC_A,LectureHall,5,Sunday,9,26.5,82.7,0.0,21.5,20.9,6,0.5329972244147777
EC007445,ENG_B,Engineering,19,Monday,12,28.7,72.4,24.0,44.5,47.2,0,0.43620501498736325
EC007086,ENG_B,Engineering,13,Saturday,5,30.4,69.2,43.0,47.2,55.8,5,0.4537941321950173
EC005205,SCI_B,Science,7,Saturday,10,25.1,81.5,6.0,53.0,56.1,5,0.5290667948181744
EC005761,ADM_A,Administration,3,Saturday,12,26.4,80.2,0.0,19.0,17.5,5,0.7905066172962842
EC004182,BUS_A,Business,4,Sunday,10,25.6,87.1,0.0,26.9,22.7,6,0.36251867445796104
EC004231,ENG_B,Engineering,3,Saturday,12,25.2,,0.0,28.0,30.2,5,2.972052345128467
EC000376,ENG_A,Engineering,0,Sunday,7,27.0,77.8,12.0,45.3,46.9,6,0.7700992423954781
EC006103,ENG_A,Engineering,17,Saturday,11,29.3,68.1,26.0,46.0,49.0,5,0.5973204070555925
EC003168,RES_B,Residential,7,Tuesday,8,27.4,83.6,204.0,48.7,47.4,1,0.5119077781513719
EC000157,LEC_A,LectureHall,22,Sunday,12,26.6,83.5,31.0,76.3,46.8,6,3.3205299214099697
EC007189,ADM_A,Administration,6,Thursday,10,24.9,91.0,8.0,21.4,23.7,3,0.5020788997628878
EC001983,RES_A,Residential,14,Wednesday,8,34.3,82.4,325.0,67.1,66.9,2,13.77945256511103
EC007382,LEC_A,LectureHall,11,Friday,3,30.9,71.3,171.0,67.5,66.3,4,0.950738414308513
EC001114,ADM_A,Administration,20,Friday,7,28.3,70.8,16.0,31.2,33.7,4,0.5594827621853542
EC001123,BUS_B,Business,4,Wednesday,10,25.7,82.1,13.0,28.3,32.5,2,0.5054795471012451
EC004989,RES_A,Residential,20,Saturday,5,28.3,,270.0,42.1,52.5,5,2.8108076818088112
EC003185,BUS_A,Business,19,Monday,11,28.9,81.7,7.0,32.4,34.1,0,0.4186772460313445
EC006090,ADM_A,Administration,4,Sunday,1,26.0,85.8,1.0,21.1,17.6,6,0.7480248460520059
EC003639,ENG_B,Engineering,16,Monday,8,29.0,76.6,95.0,55.6,63.2,0,0.39212822819177534
EC005742,ENG_A,Engineering,21,Saturday,8,28.8,74.6,19.0,43.4,46.3,5,0.5923732896852563
EC005978,SPT_A,Sports,17,Wednesday,10,30.3,69.9,119.0,52.8,57.5,2,0.6857624539519543
EC007950,RES_A,Residential,22,Wednesday,1,26.8,79.9,241.0,53.0,52.6,2,0.43896617172369995
EC000883,RES_B,Residential,20,Wednesday,11,27.1,81.6,188.0,36.9,39.1,2,0.4416438191280698
EC002509,BUS_B,Business,16,Monday,2,30.9,78.1,217.0,92.2,83.3,0,1.954700697237749
EC003540,RES_B,Residential,14,Wednesday,4,29.7,76.5,45.0,41.1,33.9,2,0.5213662242628301
EC000906,LEC_A,LectureHall,23,Wednesday,6,,78.7,3.0,31.8,34.0,2,1.5781784809496102
EC004624,BUS_A,Business,13,Sunday,4,30.8,78.3,55.0,49.0,48.1,6,0.7518715371638555
EC002584,ENG_A,Engineering,17,Wednesday,9,29.0,76.5,111.0,67.2,63.4,2,0.5990200872526594
EC007502,LEC_A,LectureHall,2,Tuesday,1,26.8,78.6,0.0,5.7,22.9,1,4.6725422441185245
EC007745,ENG_B,Engineering,1,Saturday,7,26.6,79.7,0.0,39.2,34.8,5,0.5785091305678869
EC006364,ADM_A,Administration,11,Thursday,7,29.8,75.8,99.0,41.9,45.6,3,0.37555801402291344
EC000620,RES_A,Residential,20,Friday,8,28.8,,,47.2,54.2,4,10.39453973147135
EC001386,LIB_A,Library,8,Saturday,4,28.4,80.4,41.0,40.2,38.4,5,0.5217213945508734
EC007826,RES_B,Residential,6,Wednesday,9,26.2,81.7,202.0,40.5,45.3,2,0.4348068467846741
EC002723,ENG_A,Engineering,19,Monday,3,29.4,71.0,17.0,48.2,49.3,0,0.70175563196167
EC006668,LIB_A,Library,4,Sunday,5,26.9,85.2,36.0,35.4,39.1,6,0.5225722618796421
EC001764,ENG_A,Engineering,4,Tuesday,3,26.7,79.2,9.0,62.1,53.5,1,2.1468934747860366
EC001945,BUS_A,Business,6,Tuesday,5,27.1,85.2,10.0,30.7,34.8,1,0.6565278567373592
EC005155,SCI_A,Science,21,Saturday,1,29.3,82.1,21.0,63.2,76.5,5,0.6147923450589395
EC005092,RES_B,Residential,14,Wednesday,6,34.4,80.8,288.0,63.1,65.9,2,5.631186298062346
EC001615,BUS_A,Business,22,Tuesday,4,28.9,76.1,0.0,33.1,37.0,1,0.7704540460464254
EC005469,ENG_B,Engineering,4,Thursday,6,25.9,89.3,18.0,39.9,36.2,3,0.4065405230422718
EC002528,BUS_A,Business,18,Saturday,11,28.8,76.7,41.0,32.4,35.5,5,0.507590877521676
EC005516,LIB_A,Library,15,Monday,7,29.6,72.9,206.0,63.6,63.1,0,0.7235820626465599
EC000849,BUS_A,Business,13,Wednesday,11,29.6,75.6,137.0,64.7,61.0,2,0.657927520606793
EC002828,ENG_A,Engineering,8,Monday,3,28.2,81.0,43.0,52.8,54.7,0,0.48692127349753206
EC005484,ADM_A,Administration,14,Thursday,1,29.0,82.4,103.0,41.1,43.7,3,0.49255770221085643
EC002177,LIB_A,Library,0,Tuesday,7,25.8,83.4,0.0,29.7,29.7,1,0.36131243801039215
EC002124,ADM_A,Administration,13,Thursday,2,29.0,78.3,117.0,44.3,41.6,3,0.7144003111094781
EC000370,LIB_A,Library,18,Tuesday,4,29.8,79.0,,84.4,85.2,1,1.9972603285747408
EC004385,LIB_A,Library,10,Tuesday,10,28.2,81.3,21.0,27.9,33.2,1,0.57574360908057
EC002952,BUS_B,Business,21,Monday,11,28.1,72.0,4.0,34.8,37.8,0,0.5015744801481288
EC001261,RES_A,Residential,12,Sunday,11,29.9,71.9,141.0,38.6,41.0,6,0.5679620663427875
EC006365,RES_A,Residential,1,Saturday,7,27.1,75.8,173.0,47.9,46.5,5,0.42078035629513005
EC000417,ENG_A,Engineering,20,Tuesday,12,27.3,86.7,7.0,43.3,45.3,1,0.8650218467451041
EC003850,SCI_A,Science,13,Thursday,2,30.2,74.3,176.0,113.5,114.2,3,0.6337070508202161
EC006080,RES_A,Residential,10,Monday,11,28.8,78.6,316.0,59.6,56.4,0,3.062367704202987
EC002932,ADM_A,Administration,2,Saturday,3,25.3,100.0,,17.0,19.5,5,11.941870354556045
EC002943,SCI_B,Science,18,Monday,7,29.1,74.9,54.0,74.9,75.4,0,0.6977221325196815
EC001184,LEC_A,LectureHall,11,Tuesday,12,26.6,84.8,193.0,60.2,58.2,1,1.1558875871581884
EC002271,BUS_B,Business,0,Thursday,12,25.7,80.7,27.0,33.8,34.4,3,0.4196310330287687
EC000880,BUS_A,Business,12,Tuesday,12,29.2,73.4,128.0,54.3,58.0,1,0.8218443459022271
EC000756,RES_A,Residential,10,Wednesday,2,27.5,83.4,136.0,39.8,44.6,2,0.6377396981897483
EC000651,ENG_A,Engineering,17,Thursday,6,30.1,77.2,110.0,60.6,70.3,3,0.5967202366521955
EC007294,BUS_B,Business,11,Thursday,2,28.4,81.7,151.0,73.0,70.1,3,0.9544939210725216
EC000230,LIB_A,Library,13,Wednesday,10,27.5,70.2,136.0,47.4,45.5,2,0.6176109760066979
EC004637,ENG_B,Engineering,12,Friday,8,,73.6,170.0,84.3,77.2,4,5.603049853928095
EC002649,SPT_A,Sports,11,Tuesday,12,28.8,75.5,24.0,39.5,40.5,1,0.414270311412172
EC007947,ENG_B,Engineering,16,Wednesday,2,28.5,77.3,110.0,58.5,63.7,2,0.6909548052562015
EC005473,RES_A,Residential,13,Thursday,4,31.3,76.7,154.0,50.3,52.4,3,0.6354955159721993
EC006401,ENG_B,Engineering,17,Saturday,5,30.1,74.9,33.0,46.8,48.9,5,0.5702075989340684
EC007052,RES_A,Residential,18,Thursday,6,30.7,75.4,142.0,49.2,47.8,3,0.5179519444647575
EC000544,ENG_A,Engineering,12,Sunday,9,27.8,76.4,94.0,59.3,60.1,6,0.5783985007016563
EC000625,RES_B,Residential,9,Monday,8,27.0,80.0,148.0,40.7,41.7,0,0.5529641123544891
EC000969,RES_B,Residential,3,Tuesday,3,27.1,77.5,163.0,56.2,50.9,1,0.5224367847078
EC003314,RES_A,Residential,1,Wednesday,10,25.7,79.3,162.0,44.3,43.7,2,0.5155160787546633
EC000955,RES_A,Residential,1,Thursday,1,26.8,78.5,149.0,42.3,41.4,3,0.6202211630120776
EC004505,LIB_A,Library,15,Sunday,12,28.8,76.6,195.0,47.1,54.5,6,0.5725041358589354
EC007277,ENG_A,Engineering,0,Sunday,8,27.9,76.2,20.0,52.2,51.9,6,0.6956887874718499
EC002970,SCI_B,Science,2,Friday,4,27.2,78.1,22.0,71.6,65.5,4,1.0936852816125753
EC006654,BUS_A,Business,23,Sunday,8,26.1,82.2,13.0,23.1,23.2,6,0.4701935348183824
EC000780,ADM_A,Administration,22,Friday,7,27.7,89.4,0.0,26.2,27.5,4,0.6294221861493705
EC004873,LEC_A,LectureHall,9,Saturday,7,28.5,88.9,41.0,33.4,32.7,5,0.5126630977909884
EC006102,ENG_A,Engineering,2,Tuesday,7,27.3,85.0,4.0,45.8,43.9,1,0.8905006472799987
EC002676,BUS_A,Business,15,Saturday,2,31.2,66.0,42.0,38.5,38.5,5,0.44868978551897126
EC002803,ADM_A,Administration,23,Sunday,4,27.3,81.9,0.0,26.6,27.9,6,0.4978392803638613
EC007808,SCI_A,Science,23,Saturday,10,27.3,86.4,0.0,57.5,63.8,5,0.5672615836080569
EC003688,BUS_B,Business,7,Thursday,8,27.4,75.3,0.0,38.4,41.4,3,0.48292868621981433
EC002617,RES_B,Residential,8,Wednesday,1,27.5,80.5,168.0,36.3,42.3,2,0.6507195100037707
EC002163,RES_B,Residential,15,Monday,7,29.4,70.7,103.0,37.4,41.9,0,0.597643415311195
EC005349,SCI_B,Science,21,Friday,8,28.2,74.4,29.0,63.1,69.4,4,0.8631788437777052
EC001040,SCI_A,Science,3,Sunday,9,25.6,82.9,12.0,59.1,69.1,6,1.3209704117369176
EC005116,RES_B,Residential,14,Wednesday,3,30.8,72.8,127.0,44.9,44.1,2,0.6967281067945428
EC006415,LEC_A,LectureHall,17,Sunday,4,28.7,78.2,45.0,33.5,37.7,6,0.7779312980350046
EC006931,RES_A,Residential,5,Thursday,6,26.8,82.7,227.0,49.9,49.8,3,0.540447486993705
EC006267,ENG_B,Engineering,18,Tuesday,6,30.0,76.7,82.0,60.0,60.4,1,0.5876800425663172
EC001595,RES_A,Residential,18,Monday,8,29.3,72.9,125.0,33.2,42.8,0,0.5347930555385785
EC004862,SCI_B,Science,20,Monday,12,29.0,77.8,20.0,74.7,76.0,0,0.922475690483715
EC001803,ADM_A,Administration,4,Thursday,10,25.5,80.8,5.0,23.8,23.8,3,0.5322379641052182
EC005236,BUS_B,Business,12,Tuesday,12,27.9,74.0,183.0,56.6,69.6,1,1.0202221324971732
EC006917,LEC_A,LectureHall,21,Saturday,4,28.2,79.4,0.0,25.7,25.2,5,0.5598293943138646
EC002146,BUS_A,Business,8,Wednesday,11,27.5,77.4,43.0,32.6,39.0,2,0.5726260693322318
EC002694,ADM_A,Administration,22,Wednesday,6,28.6,78.8,0.0,28.6,29.1,2,0.583611186519177
EC000680,ENG_A,Engineering,1,Tuesday,3,26.6,89.6,6.0,37.0,42.3,1,0.6547229988682033
EC004357,ADM_A,Administration,17,Wednesday,12,30.6,64.9,61.0,38.9,36.5,2,0.27842779682651925
EC003565,LEC_A,LectureHall,19,Thursday,5,29.9,75.1,31.0,41.3,39.4,3,0.6246302792784512
EC001665,LEC_A,LectureHall,23,Saturday,6,27.6,72.5,13.0,24.4,24.7,5,0.5998569320117239
EC000774,SCI_B,Science,6,Friday,2,26.0,77.4,0.0,54.1,57.3,4,0.652288917694175
EC007163,RES_B,Residential,10,Monday,1,26.2,85.2,145.0,40.1,37.1,0,0.5035106427983673
EC004781,LIB_A,Library,15,Friday,7,30.1,70.4,259.0,66.2,65.2,4,1.6755524157140347
EC000799,BUS_B,Business,18,Friday,8,29.3,75.5,77.0,46.0,49.6,4,0.37211414374111135
EC005151,SCI_A,Science,9,Monday,8,28.0,79.3,71.0,83.8,76.2,0,0.6100189618024563
EC006896,SCI_B,Science,14,Thursday,6,30.5,69.5,127.0,82.5,88.3,3,0.6245816997765496
EC005927,ADM_A,Administration,22,Thursday,4,27.3,84.4,0.0,30.9,31.4,3,0.6664138261275044
EC007848,SCI_A,Science,5,Thursday,8,26.7,72.5,3.0,68.4,59.3,3,1.4685952113856935
EC004815,SCI_A,Science,23,Saturday,10,25.9,83.7,0.0,58.4,64.5,5,0.6124447698245634
EC006360,ENG_B,Engineering,23,Thursday,7,27.0,75.6,7.0,30.5,33.9,3,0.45928509322400085
EC006728,RES_B,Residential,7,Tuesday,1,26.8,81.3,185.0,50.2,47.2,1,0.4530732037300192
EC005372,LEC_A,LectureHall,1,Wednesday,2,25.3,82.4,27.0,25.2,28.7,2,0.5367878725571369
EC006040,BUS_B,Business,14,Tuesday,6,31.3,70.4,156.0,68.8,75.0,1,0.7840591591958646
EC000291,ENG_B,Engineering,15,Wednesday,10,29.1,77.2,118.0,62.4,57.8,2,0.6996970475881834
EC003567,ENG_A,Engineering,9,Saturday,8,28.8,69.9,4.0,51.2,51.3,5,0.8062016741274156
EC000433,BUS_A,Business,8,Friday,11,26.4,75.5,76.0,40.4,43.8,4,0.39403491835623633
EC005450,LIB_A,Library,12,Friday,2,30.7,77.7,97.0,52.4,51.3,4,0.4516312977324818
EC001799,BUS_A,Business,11,Sunday,5,31.9,73.8,47.0,42.1,54.2,6,0.7228619965312152
EC001684,ENG_A,Engineering,23,Monday,5,28.1,82.2,47.0,56.1,55.1,0,0.7366150331539985
EC007566,SCI_B,Science,23,Saturday,8,27.1,83.7,0.0,,62.1,5,2.557898324159037
EC007002,ENG_A,Engineering,1,Thursday,12,25.7,82.8,0.0,37.5,42.8,3,0.5235207648529516
EC001894,ENG_B,Engineering,22,Monday,12,28.0,77.9,22.0,39.9,39.6,0,0.4104757158056562
EC007356,SPT_A,Sports,13,Sunday,5,29.5,78.6,2.0,43.7,43.3,6,0.5519726009389618
EC006301,ENG_B,Engineering,10,Wednesday,8,27.7,77.4,118.0,50.0,57.0,2,0.7165639803899827
EC000861,LIB_A,Library,17,Monday,11,29.0,78.4,236.0,,65.8,0,6.267889077146769
EC002441,LEC_A,LectureHall,22,Tuesday,1,27.1,80.9,9.0,83.1,44.3,1,5.219568948282967
EC007254,BUS_A,Business,2,Wednesday,10,26.3,79.3,5.0,29.0,28.6,2,0.6263790464337501
EC000519,LIB_A,Library,22,Saturday,3,28.5,75.8,51.0,43.0,45.7,5,0.5162010480514019
EC004250,ENG_B,Engineering,9,Tuesday,9,28.6,69.8,84.0,55.3,52.8,1,0.749245066777557
EC001896,BUS_A,Business,1,Wednesday,9,27.6,80.9,8.0,29.9,34.5,2,0.614312915285132
EC001709,LEC_A,LectureHall,2,Wednesday,9,24.8,85.0,0.0,19.9,21.3,2,0.7796331882617339
EC005497,RES_B,Residential,5,Monday,6,27.7,76.3,188.0,56.7,54.1,0,0.4853362617982328
EC003607,RES_A,Residential,10,Saturday,11,,75.2,187.0,38.7,42.0,5,1.699737970541335
EC004225,SCI_B,Science,12,Wednesday,4,30.2,73.4,122.0,101.7,96.6,2,0.8269790149936133
EC002181,RES_B,Residential,11,Sunday,1,28.4,77.1,170.0,38.5,40.3,6,0.6569760920625489
EC000701,LEC_A,LectureHall,5,Thursday,5,27.1,80.6,17.0,27.9,33.6,3,0.5956961603457196
EC003093,BUS_B,Business,19,Saturday,11,28.8,76.4,0.0,39.1,37.3,5,0.514019003831624
EC007336,SCI_B,Science,20,Monday,4,29.6,74.3,27.0,81.2,82.6,0,0.7767748928216303
EC007280,LIB_A,Library,12,Saturday,9,28.7,76.0,119.0,42.6,46.3,5,0.52767566389729
EC001150,BUS_A,Business,8,Tuesday,5,27.6,72.2,86.0,40.6,41.5,1,0.6087135684650408
EC007083,LEC_A,LectureHall,18,Saturday,8,31.3,69.4,0.0,35.5,31.8,5,0.634812632428631
EC005682,SCI_A,Science,23,Saturday,9,26.6,82.8,2.0,51.9,62.4,5,0.526570844732672
EC000488,LEC_A,LectureHall,11,Saturday,12,28.5,75.0,31.0,26.6,31.0,5,0.7112390283732609
EC000321,ENG_B,Engineering,13,Thursday,12,30.2,81.2,141.0,77.8,74.2,3,0.94323041646634
EC003849,RES_A,Residential,13,Tuesday,8,30.3,74.5,102.0,36.0,44.3,1,0.6523624350458621
EC003243,BUS_A,Business,13,Sunday,12,29.2,68.2,54.0,37.5,37.7,6,0.7004243252611974
EC001189,RES_A,Residential,8,Monday,1,26.2,81.1,166.0,40.0,40.1,0,0.47527879340570034
EC005579,SCI_A,Science,12,Sunday,9,28.6,75.1,13.0,77.3,68.3,6,1.5683565045361365
EC004503,LIB_A,Library,15,Monday,10,29.6,75.2,188.0,49.9,58.1,0,0.49419879110585346
EC006700,SCI_B,Science,2,Wednesday,8,25.2,84.1,0.0,46.4,49.3,2,0.5031540277054386
EC006335,SPT_A,Sports,21,Tuesday,8,26.8,71.1,113.0,49.5,48.9,1,0.7240653789614524
EC002421,LEC_A,LectureHall,10,Wednesday,1,27.2,83.0,139.0,53.2,58.7,2,0.8149591868345032
EC004039,BUS_A,Business,0,Thursday,3,26.5,81.8,0.0,37.4,41.1,3,0.4051195212721715
EC005170,BUS_A,Business,1,Sunday,1,27.4,76.7,12.0,37.5,32.0,6,0.7095588207351262
EC007288,SPT_A,Sports,14,Tuesday,5,30.7,66.1,17.0,46.8,49.4,1,0.44603502598828637
EC003031,ENG_B,Engineering,23,Tuesday,4,27.4,75.9,26.0,53.1,48.9,1,0.5575787665283731
EC005118,BUS_A,Business,4,Monday,2,26.4,93.3,5.0,35.7,35.0,0,0.42226373139956913
EC000964,SPT_A,Sports,10,Thursday,1,29.8,77.3,245.0,63.2,72.4,3,9.833153508822326
EC000476,SPT_A,Sports,23,Sunday,2,26.6,82.9,28.0,37.4,42.6,6,0.5227936047811805
EC004856,ADM_A,Administration,10,Sunday,12,27.7,83.2,16.0,22.4,24.9,6,0.5112622832218944
EC003795,BUS_B,Business,18,Tuesday,12,27.1,83.1,74.0,47.4,48.3,1,0.5458913685390782
EC005476,SCI_A,Science,21,Wednesday,6,27.5,76.5,6.0,,72.3,2,1.8114028113316993
EC003253,BUS_A,Business,8,Saturday,1,27.3,82.7,24.0,35.8,32.5,5,0.5337928787650486
EC006347,ENG_A,Engineering,12,Monday,5,31.1,69.6,205.0,77.5,80.4,0,0.44934619625150857
EC004029,ADM_A,Administration,22,Monday,9,27.3,73.6,5.0,23.4,25.1,0,0.5167907507198007
EC006989,RES_B,Residential,21,Monday,2,28.3,79.7,194.0,53.4,50.7,0,0.3644955221358632
EC001770,BUS_B,Business,22,Monday,2,26.8,85.1,31.0,33.1,35.3,0,0.4445510583572431
EC003938,RES_A,Residential,12,Wednesday,5,29.4,72.4,139.0,47.7,45.6,2,0.5556570137017407
EC001509,BUS_B,Business,19,Thursday,6,29.2,65.5,5.0,47.7,46.0,3,0.49114484870089836
EC002080,SPT_A,Sports,6,Wednesday,4,27.5,74.8,87.0,57.2,56.4,2,0.5620355813038365
EC007583,LIB_A,Library,8,Tuesday,8,26.7,84.3,58.0,34.0,39.4,1,0.5616302109889741
EC005943,LEC_A,LectureHall,8,Thursday,7,27.4,79.8,150.0,27.5,46.9,3,5.622132698234756
EC001154,SCI_B,Science,21,Sunday,11,24.7,99.0,2.0,48.1,49.1,6,2.0832081892510796
EC004607,BUS_A,Business,4,Wednesday,11,26.1,81.8,3.0,27.7,28.5,2,0.5374951780764765
EC007599,LIB_A,Library,11,Sunday,6,30.2,73.8,232.0,62.0,64.9,6,1.5643275619543058
EC007507,RES_B,Residential,22,Thursday,10,28.2,81.4,242.0,56.4,51.5,3,0.5473557017032169
EC004350,BUS_B,Business,17,Wednesday,2,29.6,,85.0,56.7,65.2,2,1.1603815818080239
EC007908,SCI_B,Science,18,Thursday,7,30.2,74.0,48.0,87.7,78.3,3,0.8214036119995264
EC002851,SCI_B,Science,20,Thursday,11,27.6,77.2,11.0,70.2,66.8,3,1.469072423015623
EC006953,ENG_A,Engineering,13,Monday,4,32.1,62.3,181.0,84.2,86.2,0,0.43112878197105603
EC002205,LEC_A,LectureHall,17,Monday,10,30.2,75.0,120.0,52.0,52.2,0,0.5649932662662367
EC001062,BUS_A,Business,21,Wednesday,4,28.5,73.0,10.0,32.1,36.5,2,0.7565751909149137
EC007116,SCI_B,Science,1,Thursday,10,24.7,83.1,,53.9,51.8,3,1.5165148280229022
EC005130,SCI_A,Science,20,Wednesday,5,29.1,75.8,32.0,66.7,72.7,2,0.5432195879307266
EC004891,SCI_A,Science,23,Thursday,6,27.2,74.9,0.0,61.0,64.8,3,0.7566096339171589
EC004036,BUS_A,Business,11,Thursday,1,29.5,76.0,187.0,58.4,63.2,3,1.298762243833106
EC006435,BUS_A,Business,3,Tuesday,8,26.4,77.1,33.0,32.7,34.0,1,0.6450033011515859
EC002266,SCI_B,Science,15,Tuesday,8,35.2,91.8,105.0,97.9,108.2,1,4.720920170886331
EC005360,RES_A,Residential,17,Friday,4,31.9,73.1,119.0,46.3,52.4,4,0.6970897310083869
EC007219,SCI_B,Science,3,Thursday,11,25.6,85.3,7.0,71.7,63.3,3,3.3195816626338015
EC001936,SPT_A,Sports,23,Saturday,5,28.6,78.0,10.0,75.3,51.9,5,3.257956494053581
EC007168,RES_B,Residential,21,Wednesday,9,26.6,83.5,243.0,44.9,47.1,2,0.370947739163118
EC000306,BUS_B,Business,7,Wednesday,2,27.9,84.1,48.0,40.4,46.3,2,0.5280916806289373
EC003601,SPT_A,Sports,16,Saturday,4,31.6,73.5,200.0,77.0,73.4,5,2.610748438832092
EC003939,LIB_A,Library,13,Monday,8,30.3,78.6,149.0,55.4,55.6,0,0.45949437432225027
EC001229,BUS_B,Business,9,Thursday,12,27.3,84.0,58.0,38.7,45.0,3,0.496409343146849
EC006627,ADM_A,Administration,10,Saturday,1,28.1,75.0,21.0,25.8,27.7,5,0.5440606573594412
EC000862,BUS_B,Business,13,Saturday,5,30.7,80.8,46.0,41.5,42.4,5,0.49067752549058236
EC005182,RES_A,Residential,8,Saturday,11,23.8,96.3,269.0,46.7,49.3,5,3.671996766059202
EC006962,BUS_A,Business,22,Monday,2,28.0,74.9,12.0,40.8,35.9,0,0.5720845571441553
EC007993,SCI_B,Science,22,Friday,3,28.2,80.8,5.0,61.1,60.2,4,1.108829548585639
EC000483,ENG_B,Engineering,16,Tuesday,12,29.9,77.6,113.0,72.9,65.4,1,0.9030083284615693
EC007256,SCI_A,Science,5,Thursday,3,26.4,78.6,0.0,60.4,62.9,3,0.6897985953454708
EC006697,RES_A,Residential,23,Thursday,2,27.3,84.7,283.0,63.1,57.0,3,0.7616871474937027
EC002001,SCI_A,Science,14,Monday,10,27.9,78.1,123.0,81.0,87.6,0,0.6210807257067642
EC003883,LEC_A,LectureHall,14,Thursday,12,30.3,78.1,212.0,71.2,76.1,3,1.0949005732481363
EC000020,RES_A,Residential,16,Friday,10,28.6,73.9,159.0,39.3,40.4,4,0.8724194958182587
EC006635,BUS_A,Business,17,Friday,7,29.5,68.1,61.0,47.0,49.1,4,0.6313104820179473
EC003634,SCI_B,Science,21,Friday,7,23.8,95.9,9.0,44.4,52.4,4,2.9566713426493108
EC005953,SCI_A,Science,6,Friday,5,26.7,80.6,8.0,58.1,69.8,4,0.8907024051508728
EC001220,SCI_A,Science,11,Monday,11,29.2,79.5,132.0,88.8,93.6,0,0.6710647113553856
EC000658,RES_B,Residential,23,Sunday,3,26.8,81.2,268.0,56.2,54.9,6,0.7068047655169201
EC000743,ENG_A,Engineering,18,Friday,11,29.4,76.8,55.0,68.4,64.6,4,0.8468666512911894
EC003271,SCI_A,Science,19,Thursday,9,28.0,79.6,32.0,69.7,76.4,3,0.6777746743197646
EC003191,ENG_B,Engineering,1,Friday,12,25.0,87.4,0.0,32.5,33.8,4,0.3905559536783782
EC004666,ADM_A,Administration,13,Friday,9,29.7,75.6,96.0,41.1,42.5,4,0.37243722259863393
EC004664,SPT_A,Sports,5,Wednesday,8,26.9,82.3,45.0,44.2,47.5,2,0.5687845357681826
EC007781,RES_B,Residential,23,Friday,8,27.4,88.2,243.0,54.3,58.7,4,0.44802297148034687
EC006868,BUS_A,Business,4,Monday,12,27.1,76.0,16.0,31.1,34.4,0,0.41555254351931337
EC006275,LIB_A,Library,4,Friday,9,26.1,82.1,14.0,30.7,29.7,4,0.5378774596074238
EC000740,SCI_A,Science,13,Wednesday,6,31.1,69.9,174.0,105.0,110.7,2,1.0182461209361253
EC003362,SCI_B,Science,9,Monday,9,27.7,87.0,58.0,63.9,69.2,0,1.2781954182991953
EC005650,ENG_B,Engineering,4,Friday,11,25.8,75.9,0.0,30.5,34.8,4,0.4736515551749095
EC002605,BUS_A,Business,9,Tuesday,12,27.3,85.5,109.0,57.4,51.5,1,0.81060349598828
EC006494,BUS_B,Business,19,Monday,5,30.4,67.3,14.0,48.5,52.5,0,0.3792805368185685
EC002906,SPT_A,Sports,12,Friday,12,30.1,82.1,16.0,43.9,42.8,4,0.555370506999317
EC007470,LIB_A,Library,22,Sunday,1,26.5,81.9,65.0,44.9,45.0,6,0.3730042836433971
EC005058,SCI_B,Science,7,Saturday,8,26.5,80.3,0.0,52.6,52.9,5,0.49559591269812586
EC004792,SCI_B,Science,10,Monday,4,29.1,74.4,72.0,77.2,80.7,0,0.6715331680021853
EC004343,SCI_B,Science,8,Thursday,9,28.6,83.3,49.0,70.8,75.6,3,0.7049122079839722
EC002175,ADM_A,Administration,19,Monday,12,28.0,72.4,10.0,24.2,26.9,0,0.5467358693523413
EC006184,LEC_A,LectureHall,4,Friday,8,26.6,82.2,0.0,24.2,24.5,4,0.5542014001329358
EC001197,BUS_A,Business,13,Thursday,7,29.7,71.1,115.0,61.3,60.2,3,0.7833540918527089
EC004141,ADM_A,Administration,18,Wednesday,10,29.9,75.4,43.0,37.4,35.4,2,0.41335839819803877
EC001007,BUS_B,Business,5,Sunday,9,25.4,85.2,1.0,26.3,28.8,6,0.4952108342690058
EC001353,SCI_B,Science,13,Monday,6,30.5,78.3,146.0,101.3,100.0,0,0.579589598029625
EC006131,RES_A,Residential,22,Saturday,9,28.9,79.3,298.0,54.0,65.0,5,0.3582403949517908
EC006139,SCI_A,Science,7,Sunday,7,26.7,86.6,11.0,67.2,70.6,6,0.8970035038891375
EC007722,RES_B,Residential,13,Wednesday,1,29.7,81.0,82.0,36.7,37.2,2,0.45951003924248535
EC006412,SCI_A,Science,19,Monday,7,31.4,67.3,8.0,86.8,88.0,0,1.9985074418493014
EC001317,SCI_A,Science,0,Tuesday,5,26.4,81.2,0.0,51.2,61.2,1,0.41661939629326394
EC003088,LEC_A,LectureHall,17,Friday,11,29.6,71.1,94.0,50.3,49.5,4,0.48717216758780985
EC006375,BUS_A,Business,14,Sunday,12,31.2,69.0,37.0,39.1,43.1,6,0.3867424661629788
EC007753,BUS_B,Business,4,Sunday,11,25.3,74.4,7.0,22.3,32.3,6,0.7347004212232329
EC003283,ENG_A,Engineering,18,Friday,3,29.8,69.3,89.0,78.6,74.4,4,0.5727896741284109
EC000250,SPT_A,Sports,3,Friday,3,25.2,79.3,0.0,39.3,34.1,4,0.5832506510671203
EC005901,ADM_A,Administration,8,Friday,6,28.9,78.5,48.0,36.6,30.8,4,0.5414676591391487
EC004986,SPT_A,Sports,1,Thursday,6,27.8,79.4,14.0,38.4,40.5,3,0.6518257233693764
EC002139,BUS_A,Business,13,Wednesday,1,29.6,74.8,148.0,56.7,58.2,2,1.3516418929569218
EC003129,ENG_A,Engineering,6,Monday,9,25.7,90.6,0.0,36.1,32.8,0,0.47447042022925373
EC005164,LEC_A,LectureHall,12,Sunday,6,30.9,71.1,51.0,48.5,44.4,6,0.6546313578822025
EC001051,RES_A,Residential,21,Wednesday,3,28.1,86.4,234.0,55.4,58.3,2,0.4961075254112896
EC001249,RES_A,Residential,2,Sunday,2,23.9,88.6,135.0,37.2,42.5,6,0.6192563880922747
EC003845,RES_A,Residential,0,Thursday,5,,86.0,123.0,46.4,44.9,3,2.7001272148389224
EC006927,BUS_B,Business,17,Sunday,7,31.5,74.0,17.0,50.6,46.7,6,0.5848042956991554
EC000190,LIB_A,Library,19,Tuesday,6,30.2,75.2,150.0,69.0,66.0,1,0.6200783019104796
EC002910,SCI_A,Science,7,Friday,11,27.7,82.8,0.0,63.1,64.2,4,0.7267551114608649
EC004335,RES_B,Residential,14,Tuesday,2,29.7,69.0,104.0,39.6,47.5,1,0.3678467173289829
EC007409,BUS_A,Business,0,Monday,4,28.9,75.4,3.0,34.5,40.5,0,0.414296710954821
EC001947,LIB_A,Library,10,Wednesday,1,27.8,84.5,45.0,33.2,35.3,2,0.584349348483638
EC004851,LIB_A,Library,11,Thursday,8,30.4,72.0,90.0,47.4,45.6,3,0.4865115834824623
EC007473,SPT_A,Sports,22,Thursday,6,29.0,76.3,15.0,89.9,63.0,3,1.9246107048155703
EC006809,BUS_B,Business,10,Saturday,11,27.6,75.0,45.0,39.5,40.0,5,0.5310704676297427
EC000252,BUS_B,Business,7,Monday,4,27.5,81.5,0.0,37.6,37.9,0,0.45443973488524775
EC003763,ENG_A,Engineering,6,Monday,12,25.8,80.9,15.0,40.6,41.7,0,0.4147372482900407
EC006235,BUS_B,Business,1,Wednesday,7,26.1,88.1,0.0,31.1,33.2,2,0.32889011055129913
EC005080,SPT_A,Sports,7,Friday,4,28.3,71.5,113.0,55.7,55.6,4,0.7399153872027885
EC003032,SPT_A,Sports,3,Sunday,8,25.9,79.1,58.0,36.7,36.8,6,0.556986357691326
EC001070,LEC_A,LectureHall,16,Thursday,4,30.8,71.1,111.0,,60.8,3,2.064129044973427
EC003703,ADM_A,Administration,6,Sunday,9,27.1,83.1,0.0,19.0,20.3,6,0.8084255828497542
EC001477,RES_B,Residential,6,Sunday,8,27.2,81.6,228.0,48.6,49.2,6,0.5128978916456707
EC005956,SCI_B,Science,10,Saturday,8,28.5,74.1,15.0,55.8,64.9,5,0.5729854714628194
EC005648,RES_B,Residential,3,Saturday,9,26.4,79.6,179.0,40.1,45.6,5,0.45228416761138446
EC005397,BUS_A,Business,2,Friday,8,26.5,82.8,0.0,25.9,29.0,4,0.562726932081111
EC002498,BUS_B,Business,12,Monday,5,30.4,63.5,135.0,67.6,71.9,0,0.26349016401436043
EC005509,BUS_B,Business,4,Saturday,10,24.6,77.5,0.0,19.9,26.9,5,0.7272322756410745
EC000858,ENG_B,Engineering,0,Friday,7,26.7,80.0,2.0,36.3,35.8,4,0.864666505369349
EC007877,SCI_B,Science,23,Monday,3,25.5,81.1,0.0,55.5,55.0,0,0.4827037982099884
EC004769,LIB_A,Library,22,Wednesday,7,27.2,83.1,12.0,81.4,52.6,2,4.057328960089331
EC007652,ENG_A,Engineering,19,Thursday,4,31.1,77.7,44.0,65.1,63.6,3,1.0737520792951638
EC007008,RES_B,Residential,7,Tuesday,4,28.1,73.3,166.0,35.8,51.1,1,0.5783775224271729
EC005432,SCI_B,Science,0,Wednesday,5,27.4,74.2,6.0,60.6,60.8,2,1.7589919879599134
EC005664,SPT_A,Sports,14,Friday,12,29.4,81.8,24.0,41.6,45.0,4,0.555370506999317
EC006296,SCI_A,Science,20,Tuesday,11,27.3,83.7,33.0,60.5,64.4,1,0.7434474720353365
EC002284,RES_A,Residential,14,Wednesday,2,29.7,79.1,135.0,46.7,48.7,2,0.5226351388207429
EC007641,ENG_A,Engineering,23,Sunday,1,27.5,78.6,30.0,46.9,45.9,6,0.441430268525209
EC001620,RES_A,Residential,3,Tuesday,8,26.0,75.9,191.0,51.0,44.0,1,0.48661328212319865
EC004301,SCI_B,Science,17,Monday,12,29.6,80.4,64.0,84.5,78.8,0,0.5546968645765684
EC005400,LEC_A,LectureHall,22,Saturday,5,28.6,74.2,34.0,76.1,43.7,5,2.656382853840741
EC005289,SCI_A,Science,3,Monday,3,26.8,82.1,0.0,61.5,67.5,0,0.7801851783945694
EC007633,SPT_A,Sports,6,Sunday,9,28.4,87.1,147.0,58.2,60.7,6,1.0928777716335918
EC001347,LIB_A,Library,7,Sunday,10,27.8,73.3,5.0,27.8,29.1,6,0.5941889975823584
EC007104,ENG_B,Engineering,9,Sunday,2,26.9,87.7,4.0,36.8,42.9,6,0.4760713919549184
EC003365,SCI_A,Science,12,Saturday,8,31.2,68.4,34.0,78.4,80.7,5,0.7495379057937155
EC001302,BUS_A,Business,16,Sunday,3,30.7,72.7,20.0,38.3,38.6,6,0.687940213730337
EC006488,ENG_A,Engineering,20,Monday,3,29.2,80.6,47.0,55.3,56.3,0,0.6273338026043858
EC000355,ENG_A,Engineering,10,Monday,3,30.7,74.1,134.0,82.7,78.6,0,0.7554587532768609
EC007814,SCI_B,Science,9,Friday,2,29.0,75.8,64.0,87.0,81.6,4,0.7620253843898549
EC002162,LEC_A,LectureHall,5,Sunday,7,27.0,78.6,0.0,22.6,21.6,6,0.5507404598018765
EC000342,SPT_A,Sports,7,Friday,7,26.5,79.0,124.0,54.0,50.1,4,0.7561166844768552
EC003757,SPT_A,Sports,23,Friday,5,28.8,72.5,46.0,43.6,46.3,4,0.5810292002608116
EC000132,SCI_B,Science,14,Thursday,5,30.4,77.2,113.0,83.9,93.7,3,0.8482419891638137
EC000465,ENG_A,Engineering,1,Saturday,5,26.3,73.8,0.0,46.8,44.5,5,0.6288862549876938
EC006240,LIB_A,Library,15,Saturday,10,27.7,80.9,180.0,48.3,50.8,5,0.5366564256304529
EC003156,ADM_A,Administration,9,Wednesday,4,29.5,76.0,56.0,36.7,34.4,2,0.6812007819582975
EC005051,SPT_A,Sports,19,Wednesday,12,29.6,81.8,160.0,67.4,67.1,2,0.7976470930135344
EC000725,SCI_B,Science,8,Wednesday,8,26.0,74.0,52.0,58.6,66.7,2,0.6636602452677952
EC003264,ENG_B,Engineering,6,Monday,4,27.9,81.6,24.0,57.0,53.0,0,0.668968616318197
EC003220,SCI_B,Science,14,Saturday,7,32.3,69.9,42.0,82.9,86.8,5,0.7397457518255083
EC001553,RES_B,Residential,23,Sunday,6,27.1,79.7,238.0,56.2,49.9,6,0.7281478743344088
EC001563,LEC_A,LectureHall,3,Friday,5,26.3,71.7,26.0,32.0,28.6,4,0.6097502121636095
EC005519,LIB_A,Library,19,Saturday,8,29.5,72.5,,53.7,58.0,5,1.1884144482939099
EC003240,ENG_A,Engineering,13,Wednesday,2,29.9,76.6,211.0,84.0,85.7,2,0.8590489961961447
EC004631,BUS_B,Business,19,Friday,5,28.1,77.1,57.0,,56.1,4,1.3617513529810539
EC003626,LIB_A,Library,20,Sunday,2,27.4,69.6,,59.2,61.5,6,3.349132558532734
EC003023,RES_B,Residential,15,Friday,2,30.2,66.4,85.0,34.5,39.4,4,0.39302795133936674
EC007174,ADM_A,Administration,8,Friday,12,28.2,78.0,57.0,37.0,37.4,4,0.5424832312935799
EC001884,SPT_A,Sports,7,Wednesday,8,26.6,79.4,141.0,47.9,50.3,2,0.8681398985717189
EC005286,ENG_B,Engineering,9,Monday,9,28.7,76.0,,60.0,61.9,0,2.6042558994042633
EC006769,ENG_B,Engineering,21,Wednesday,2,27.7,75.5,3.0,35.3,38.6,2,0.5899300817783024
EC002320,SCI_B,Science,7,Saturday,12,25.4,78.5,1.0,63.2,63.8,5,1.1346971039962714
EC007644,SCI_B,Science,16,Friday,10,29.9,74.1,104.0,79.4,84.4,4,0.658100646049242
EC007442,LEC_A,LectureHall,11,Monday,8,29.9,65.6,202.0,64.2,67.4,0,0.8305373388147896
EC001862,RES_B,Residential,23,Saturday,10,26.7,78.3,260.0,42.5,51.9,5,0.3569311040175709
EC001545,BUS_A,Business,6,Sunday,5,26.6,86.0,0.0,25.8,27.0,6,0.48497599052082824
EC007315,ENG_A,Engineering,8,Monday,5,28.2,75.1,35.0,49.4,50.9,0,0.6673073918314082
EC006172,RES_A,Residential,2,Thursday,9,27.0,71.5,141.0,33.2,39.0,3,0.5398715028573476
EC005897,ENG_A,Engineering,15,Monday,2,30.4,74.5,163.0,97.9,84.4,0,0.6984135991834136
EC002112,BUS_B,Business,19,Monday,8,28.3,73.1,38.0,44.7,48.6,0,0.5114485578644365
EC003806,ADM_A,Administration,22,Monday,11,27.3,80.3,13.0,28.9,26.4,0,0.4296276078438132
EC006826,SPT_A,Sports,15,Monday,4,29.5,76.8,9.0,47.9,47.1,0,0.5188802432984314
EC001334,BUS_B,Business,0,Saturday,5,28.0,79.4,15.0,32.3,39.8,5,0.3850757463244989
EC007453,ENG_B,Engineering,9,Monday,5,29.2,66.3,47.0,50.1,52.2,0,0.3927513695877095
EC003694,ENG_A,Engineering,12,Tuesday,6,28.5,79.4,254.0,101.6,97.6,1,2.9148686862684867
EC005713,LEC_A,LectureHall,21,Friday,10,28.4,78.6,21.0,33.3,31.7,4,0.5496364327970239
EC006878,BUS_A,Business,4,Wednesday,7,25.4,85.6,0.0,30.6,25.0,2,0.5006559858684413
EC000125,SCI_A,Science,17,Tuesday,9,28.3,70.6,77.0,81.0,82.2,1,0.7296422570065304
EC002511,LEC_A,LectureHall,22,Friday,2,26.9,76.8,12.0,27.6,28.9,4,0.6754809283121387
EC007951,ADM_A,Administration,11,Friday,6,29.5,,92.0,37.9,40.9,4,1.164845987155747
EC005568,ENG_B,Engineering,4,Tuesday,10,26.2,82.8,19.0,30.0,32.2,1,0.5486030146270121
EC006171,ADM_A,Administration,12,Saturday,6,29.4,77.3,44.0,29.9,30.2,5,0.7605519462369127
EC007247,BUS_A,Business,15,Monday,1,30.0,75.2,111.0,52.3,57.1,0,0.5005079412195931
EC005537,LEC_A,LectureHall,14,Sunday,4,30.9,65.4,37.0,38.5,39.5,6,0.2735282722471166
EC001065,ADM_A,Administration,1,Saturday,7,26.4,80.1,1.0,19.8,20.6,5,0.8451876627659516
EC004310,ENG_A,Engineering,16,Thursday,8,29.6,78.5,117.0,80.5,73.3,3,0.6807890735629887
EC001207,LEC_A,LectureHall,1,Tuesday,3,27.3,81.6,6.0,29.3,33.2,1,0.7375515986689746
EC003862,ENG_A,Engineering,18,Wednesday,1,29.5,75.2,61.0,57.1,60.7,2,0.5122919336354987
EC007537,BUS_B,Business,15,Sunday,4,31.0,68.9,45.0,47.0,48.0,6,0.4520496379463886
EC004796,LEC_A,LectureHall,3,Wednesday,1,26.9,76.5,0.0,23.6,26.5,2,0.8322367264184762
EC003432,ENG_B,Engineering,7,Saturday,2,28.2,79.9,12.0,44.3,44.7,5,0.5780700358551886
EC004475,LIB_A,Library,4,Tuesday,1,25.9,82.8,1.0,27.0,24.9,1,0.654591241780061
EC004578,BUS_A,Business,0,Sunday,6,25.2,84.1,0.0,26.4,21.8,6,0.35404540329540096
EC002964,ENG_A,Engineering,9,Wednesday,10,28.6,71.1,115.0,61.0,62.2,2,0.7102897692602317
EC007577,LIB_A,Library,17,Monday,2,30.8,75.2,195.0,63.0,61.9,0,0.5756477791109044
EC004663,SPT_A,Sports,3,Monday,8,25.7,84.8,0.0,35.8,37.0,0,0.42181175510600927
EC000550,SPT_A,Sports,15,Monday,5,28.5,78.2,20.0,34.8,43.9,0,0.7723078831559372
EC000358,SCI_B,Science,19,Sunday,9,29.3,74.6,9.0,62.4,66.1,6,0.923929217127745
EC000887,LEC_A,LectureHall,11,Thursday,12,28.5,78.7,168.0,57.6,62.9,3,0.9259233197529517
EC005333,ENG_B,Engineering,16,Tuesday,11,28.4,77.1,109.0,56.7,59.4,1,0.6813561730168085
EC002744,BUS_A,Business,8,Wednesday,10,28.1,80.8,51.0,44.6,42.5,2,0.524075234542122
EC006140,SCI_A,Science,6,Tuesday,2,26.0,77.5,0.0,56.8,61.8,1,0.6847130231702411
EC001636,BUS_A,Business,11,Saturday,1,29.3,73.1,25.0,34.4,42.6,5,0.6341116303969115
EC007707,BUS_A,Business,22,Saturday,2,27.3,81.6,35.0,31.6,30.0,5,0.5143925888095326
EC002918,BUS_B,Business,11,Thursday,6,31.1,69.2,143.0,77.5,79.8,3,0.6486425114282888
EC001100,ADM_A,Administration,17,Tuesday,4,30.4,66.1,65.0,43.3,43.4,1,0.562871670603781
EC000755,LIB_A,Library,8,Thursday,10,28.4,75.7,42.0,34.7,39.7,3,0.4435931489304636
EC000474,SPT_A,Sports,11,Saturday,3,29.6,65.9,20.0,47.6,42.9,5,0.35588521756415475
EC004467,LIB_A,Library,23,Monday,9,25.1,80.7,40.0,34.8,38.4,0,0.4486434632207037
EC001702,BUS_A,Business,4,Tuesday,11,26.6,,0.0,32.0,29.7,1,2.235192519602309
EC000083,ENG_A,Engineering,13,Tuesday,11,29.4,75.0,190.0,76.1,81.6,1,0.6149928965195104
EC001138,BUS_A,Business,8,Thursday,8,27.0,86.2,57.0,36.9,38.1,3,0.5084677770888973
EC002209,ENG_A,Engineering,17,Friday,8,30.4,74.8,79.0,65.3,71.1,4,0.5692214908463811
EC007100,ENG_B,Engineering,17,Thursday,8,30.7,71.0,63.0,51.3,54.9,3,0.6130274485356083
EC002611,LIB_A,Library,4,Tuesday,2,25.7,,18.0,29.7,29.6,1,2.096610498009458
EC000781,SCI_A,Science,5,Sunday,4,28.6,76.8,8.0,71.6,74.3,6,1.3305439647653192
EC002400,LEC_A,LectureHall,7,Monday,8,27.2,85.2,9.0,32.0,29.8,0,0.6340673868588266
EC001730,RES_B,Residential,17,Tuesday,9,30.2,64.7,91.0,35.2,34.3,1,0.3331466326361133
EC001832,LEC_A,LectureHall,17,Monday,4,30.6,71.4,96.0,53.8,52.2,0,1.262944985891981
EC002818,SCI_B,Science,12,Saturday,11,29.4,78.0,31.0,69.4,77.1,5,0.671885077524088
EC003005,BUS_A,Business,6,Thursday,6,26.5,84.1,0.0,34.4,37.4,3,0.528181780386499
EC006269,SPT_A,Sports,20,Saturday,12,28.8,74.6,189.0,63.7,67.5,5,1.0154019633692855
EC006242,BUS_B,Business,17,Saturday,10,,79.7,31.0,44.8,46.9,5,1.2469880078787963
EC006749,RES_A,Residential,22,Monday,4,28.2,73.4,304.0,62.7,67.6,0,0.7830258968141391
EC007833,RES_A,Residential,22,Tuesday,2,28.6,79.5,257.0,55.9,59.5,1,0.6434696320481931
EC002338,LIB_A,Library,6,Wednesday,3,26.9,81.0,0.0,34.0,33.8,2,0.49515265622366866
EC000439,SCI_A,Science,7,Sunday,3,27.6,80.3,4.0,76.4,76.5,6,1.4420143580109537
EC003980,SCI_A,Science,6,Monday,8,26.7,79.7,0.0,61.2,64.4,0,0.5952424412331976
EC001583,BUS_B,Business,19,Sunday,2,29.2,77.1,3.0,36.1,39.7,6,0.508665218626571
EC001474,ADM_A,Administration,17,Thursday,3,28.3,79.9,66.0,33.4,37.8,3,0.47673947282546364
EC003102,LIB_A,Library,14,Saturday,6,31.7,77.1,149.0,60.9,61.0,5,0.5453503375035139
EC007533,LEC_A,LectureHall,23,Friday,10,26.7,82.0,43.0,104.9,55.5,4,2.468048499667017
EC002428,LEC_A,LectureHall,17,Saturday,3,30.8,81.2,49.0,42.9,44.6,5,0.5901529406060834
EC006383,ENG_A,Engineering,1,Wednesday,8,26.3,83.5,0.0,45.8,43.6,2,0.4945582515782734
EC004645,LIB_A,Library,19,Saturday,4,28.9,72.0,95.0,55.4,51.0,5,0.4490421637130712
EC001531,LEC_A,LectureHall,9,Sunday,8,27.2,81.2,0.0,20.8,21.2,6,0.8542786696591622
EC002961,SCI_B,Science,11,Wednesday,8,29.8,83.4,110.0,93.9,90.0,2,0.6493881997069877
EC006961,ENG_B,Engineering,8,Tuesday,2,28.3,74.5,124.0,25.5,49.5,1,2.1045443879707664
EC003659,SCI_B,Science,16,Friday,5,34.2,91.6,136.0,96.8,111.1,4,5.818802746597826
EC003566,SCI_B,Science,3,Wednesday,5,26.5,76.7,0.0,74.4,64.3,2,1.9274119491832333
EC004640,BUS_B,Business,14,Thursday,3,30.7,75.9,155.0,65.5,72.7,3,0.6399352633722054
EC000189,BUS_A,Business,19,Wednesday,8,29.4,71.4,,38.0,34.0,2,2.2215328539705252
EC002567,LEC_A,LectureHall,23,Saturday,11,26.7,90.2,0.0,21.8,22.7,5,0.47295201175352486
EC000574,LIB_A,Library,2,Wednesday,1,26.3,,0.0,31.8,30.6,2,4.29481598252304
EC007485,BUS_B,Business,13,Saturday,4,31.5,68.5,39.0,52.6,54.8,5,0.3824121135218038
EC000860,ADM_A,Administration,4,Monday,11,25.1,86.2,0.0,8.5,15.1,0,4.45010231160479
EC004888,ADM_A,Administration,12,Friday,11,29.0,76.1,135.0,44.8,45.5,4,0.7511363641981585
EC001607,SCI_B,Science,17,Sunday,9,30.8,71.0,0.0,58.5,67.5,6,0.7764059697687989
EC001085,LIB_A,Library,23,Tuesday,9,28.4,78.3,10.0,93.7,55.8,1,4.619378210007321
EC006001,LIB_A,Library,10,Tuesday,8,29.1,77.6,34.0,28.9,36.4,1,0.7395581579278241
EC007611,SCI_B,Science,16,Monday,4,30.5,81.6,77.0,90.7,88.1,0,0.610350835589867
EC007549,BUS_A,Business,9,Thursday,12,27.2,83.6,98.0,41.1,48.6,3,0.5335745192721423
EC001218,LEC_A,LectureHall,9,Thursday,9,28.6,74.5,243.0,34.7,71.3,3,4.240083704663377
EC004483,LEC_A,LectureHall,2,Sunday,10,25.8,77.0,9.0,21.2,23.3,6,0.9206857884054777
EC004354,BUS_B,Business,1,Sunday,2,25.8,79.7,23.0,31.0,31.0,6,0.5330462613711069
EC002981,SCI_B,Science,7,Monday,7,27.4,78.0,9.0,56.8,68.4,0,0.8255071426164766
EC003434,ENG_B,Engineering,9,Thursday,8,29.1,70.8,74.0,51.1,54.2,3,0.4689500993098804
EC001414,SCI_A,Science,17,Monday,9,28.5,70.0,71.0,87.9,87.3,0,0.6968002379207378
EC004095,RES_B,Residential,20,Friday,9,24.2,98.0,206.0,36.5,36.1,4,6.655854566479612
EC001156,ENG_A,Engineering,19,Friday,3,29.3,79.7,35.0,58.2,60.5,4,0.6957933583110995
EC007543,ENG_B,Engineering,11,Wednesday,12,29.1,71.7,138.0,60.9,66.8,2,0.7460201078470978
EC005887,BUS_A,Business,7,Tuesday,3,26.7,71.5,15.0,38.4,35.2,1,0.7256491997995593
EC007300,SCI_B,Science,9,Monday,12,27.9,80.9,70.0,70.6,71.6,0,0.43150919215374284
EC007354,BUS_B,Business,9,Monday,7,28.9,77.6,129.0,24.5,50.6,0,1.5693180045680777
EC005533,ENG_A,Engineering,21,Sunday,6,28.6,82.2,24.0,51.5,55.9,6,0.5097037285658718
EC005218,SPT_A,Sports,23,Thursday,6,29.5,80.5,46.0,91.9,65.2,3,2.314768643099211
EC004952,ENG_B,Engineering,3,Sunday,1,25.5,80.4,14.0,35.5,39.6,6,0.6656419476104849
EC001779,SCI_A,Science,2,Wednesday,10,25.7,84.0,38.0,62.5,62.2,2,0.951218631568219
EC003926,SCI_A,Science,23,Thursday,7,27.7,72.4,10.0,57.2,66.1,3,1.07125537800822
EC004394,SPT_A,Sports,7,Sunday,5,26.8,76.2,148.0,58.9,63.2,6,1.1504605818206923
EC002218,LEC_A,LectureHall,14,Sunday,6,31.4,69.2,59.0,42.2,46.5,6,0.4418620016614942
EC005275,BUS_B,Business,12,Thursday,8,30.8,65.2,153.0,59.0,65.5,3,0.3208359426367279
EC007042,LIB_A,Library,22,Thursday,10,27.9,77.2,49.0,70.6,52.8,3,2.8304357450837077
EC006516,ENG_B,Engineering,1,Wednesday,5,26.7,72.6,14.0,35.4,43.4,2,0.6995536239705104
EC003416,ENG_B,Engineering,18,Tuesday,4,29.3,71.0,51.0,52.2,55.7,1,0.7098678349944033
EC002294,RES_A,Residential,8,Wednesday,12,26.0,87.9,195.0,42.1,43.0,2,0.4365768514176023
EC000100,RES_B,Residential,23,Thursday,6,28.8,76.7,230.0,53.0,57.6,3,0.38796527412325715
EC006970,SCI_B,Science,6,Tuesday,4,26.3,78.2,6.0,61.0,61.8,1,1.7771026984711644
EC003069,SCI_A,Science,8,Tuesday,3,23.9,99.1,58.0,69.6,61.9,1,5.117072145009715
EC002427,LEC_A,LectureHall,11,Saturday,1,30.9,79.8,33.0,36.8,37.3,5,0.9708536911462485
EC004384,LIB_A,Library,21,Wednesday,11,28.6,82.8,98.0,,47.7,2,1.1680571304244785
EC003710,LIB_A,Library,6,Wednesday,9,27.3,79.2,0.0,29.0,37.6,2,0.628624666195649
EC007009,ENG_B,Engineering,11,Wednesday,3,29.9,76.4,129.0,82.3,68.1,2,0.9128516869119516
EC001480,LIB_A,Library,6,Sunday,2,28.1,73.6,36.0,32.2,38.5,6,0.6022691701523982
EC006449,BUS_A,Business,23,Tuesday,1,27.8,81.5,1.0,38.0,34.9,1,0.7325861976879546
EC004387,BUS_A,Business,19,Thursday,3,30.5,73.7,22.0,49.7,46.8,3,0.7632025079438677
EC003569,ADM_A,Administration,13,Sunday,8,30.5,79.4,37.0,29.9,34.0,6,0.6760016390791798
EC002750,BUS_B,Business,15,Saturday,12,28.6,74.0,51.0,42.1,44.0,5,0.5588208703468239
EC005054,ENG_B,Engineering,16,Wednesday,7,29.0,79.5,115.0,59.6,63.1,2,0.7373669707841098
EC006773,ENG_B,Engineering,12,Saturday,6,29.8,69.5,49.0,52.2,55.9,5,0.4146668325702497
EC007060,ENG_B,Engineering,19,Wednesday,10,29.3,68.1,37.0,47.8,42.0,2,0.6314379923566009
EC001332,LEC_A,LectureHall,12,Saturday,7,28.7,70.8,37.0,37.2,38.2,5,0.6845564900835958
EC004057,LIB_A,Library,10,Friday,11,28.8,72.4,43.0,36.8,40.0,4,0.5509454132238186
EC004243,BUS_B,Business,8,Monday,3,29.7,70.8,202.0,30.6,54.4,0,2.492153190878344
EC001255,LEC_A,LectureHall,21,Monday,6,28.9,78.2,24.0,32.3,33.2,0,0.48466016045714355
EC004944,SCI_A,Science,8,Wednesday,7,24.5,98.5,46.0,69.0,67.6,2,3.8908411546604937
EC002988,ENG_B,Engineering,14,Saturday,4,31.5,72.8,48.0,62.3,63.3,5,1.4313404733949364
EC006192,RES_A,Residential,17,Thursday,4,30.6,73.7,,52.9,52.9,3,1.1229785743087881
EC000079,SCI_B,Science,13,Friday,11,28.7,77.8,110.0,98.0,93.7,4,0.7827427262678185
EC007071,SPT_A,Sports,17,Friday,7,31.0,70.0,87.0,61.7,59.7,4,0.5451761658681682
EC000909,BUS_B,Business,23,Monday,7,28.6,84.4,7.0,43.5,38.1,0,0.4867960697802046
EC002465,LEC_A,LectureHall,12,Saturday,10,28.7,,67.0,43.3,34.8,5,1.0089823317393758
EC004286,SCI_B,Science,10,Monday,2,29.2,,73.0,89.2,84.8,0,1.5302078793136376
EC005780,ENG_B,Engineering,23,Tuesday,11,26.9,80.1,28.0,41.5,46.4,1,0.5162147766185389
EC002788,BUS_A,Business,7,Wednesday,7,28.4,75.3,18.0,39.4,43.4,2,0.4570473155690772
EC005422,ENG_A,Engineering,20,Saturday,8,28.6,73.4,11.0,49.9,48.7,5,0.7251888627067188
EC006650,ENG_A,Engineering,15,Thursday,11,29.5,80.0,148.0,64.5,69.1,3,0.669934102077748
EC001191,RES_B,Residential,8,Wednesday,12,27.4,76.5,155.0,45.1,40.0,2,0.5280112467442494
EC000846,LEC_A,LectureHall,4,Wednesday,12,24.1,84.1,32.0,23.6,28.6,2,0.5213218628282316
EC000572,ENG_B,Engineering,1,Monday,3,27.0,86.8,20.0,41.2,42.8,0,0.551332850578228
EC003322,ADM_A,Administration,22,Sunday,2,27.8,83.6,0.0,22.6,26.1,6,0.49365428532105315
EC002591,ENG_B,Engineering,19,Thursday,10,29.8,75.8,30.0,50.0,51.5,3,0.39814260481273955
EC003227,RES_B,Residential,12,Tuesday,11,27.6,79.2,118.0,33.8,33.2,1,0.45345208244088886
EC002678,LIB_A,Library,15,Monday,7,31.7,65.7,177.0,64.7,62.9,0,0.35181474498110005
EC000972,ADM_A,Administration,22,Thursday,2,27.5,83.7,9.0,25.1,30.9,3,0.5690284554601
EC003921,ADM_A,Administration,13,Saturday,2,30.7,68.9,20.0,28.5,30.8,5,0.5069382695281349
EC004446,LIB_A,Library,20,Friday,11,28.3,73.5,95.0,45.6,43.2,4,0.4982412425876534
EC005647,SCI_A,Science,20,Thursday,6,29.4,77.8,6.0,71.0,71.4,3,1.2802709327559503
EC002717,BUS_B,Business,11,Wednesday,9,28.6,76.9,136.0,56.1,64.0,2,0.6537250226580247
EC002014,BUS_A,Business,9,Monday,5,28.9,76.2,79.0,37.1,44.5,0,0.40248305270302814
EC004274,SCI_B,Science,13,Wednesday,10,29.9,64.0,112.0,94.2,87.9,2,0.487592995489185
EC004994,BUS_A,Business,8,Thursday,6,27.0,81.7,61.0,38.9,38.9,3,0.4747267764392016
EC006722,SCI_A,Science,9,Monday,10,27.2,78.5,140.0,55.9,84.1,0,0.6613284062649236
EC001859,ENG_A,Engineering,9,Sunday,2,28.8,74.5,28.0,49.6,58.0,6,0.7372836009110938
EC005949,ENG_A,Engineering,12,Thursday,6,30.1,72.2,158.0,77.4,81.6,3,0.6777045608714117
EC001235,ENG_B,Engineering,18,Wednesday,10,28.6,78.0,57.0,52.4,50.2,2,0.48138419568375657
EC003986,LIB_A,Library,11,Thursday,12,27.5,82.4,94.0,39.6,38.1,3,0.4858639880256572
EC006032,BUS_A,Business,9,Monday,9,28.2,84.6,64.0,44.3,43.0,0,0.37733762308950025
EC007471,SCI_A,Science,22,Saturday,9,27.4,83.7,0.0,62.9,68.3,5,0.7148953104448602
EC004218,SCI_B,Science,0,Monday,4,26.4,,3.0,82.0,72.7,0,6.083042930340172
EC005919,RES_B,Residential,14,Sunday,4,30.0,67.2,87.0,33.2,44.3,6,0.3868579520050431
EC005597,SCI_A,Science,0,Friday,2,26.0,76.8,,66.6,64.6,4,1.71060265628035
EC002172,ADM_A,Administration,13,Tuesday,7,31.4,67.5,114.0,41.6,44.8,1,0.6504027106232902
EC004140,ENG_A,Engineering,21,Sunday,3,26.6,81.2,7.0,48.8,44.7,6,0.5821193809470159
EC005232,BUS_A,Business,19,Sunday,8,31.6,65.9,0.0,39.6,38.8,6,0.3664758192554891
EC004662,LEC_A,LectureHall,11,Monday,12,29.0,78.2,158.0,49.9,61.5,0,0.7786291924623434
EC006223,SPT_A,Sports,20,Sunday,6,29.4,81.7,227.0,75.7,73.6,6,4.59186550036974
EC005423,ENG_B,Engineering,4,Sunday,5,27.9,84.8,33.0,49.0,51.5,6,0.5282321659559044
EC005362,RES_B,Residential,22,Monday,8,27.0,83.9,256.0,53.1,54.7,0,0.2212819061459285
EC004788,BUS_A,Business,7,Wednesday,4,28.1,78.1,0.0,28.3,33.6,2,0.571161395819781
EC005793,BUS_A,Business,11,Thursday,10,28.9,76.4,117.0,54.6,55.9,3,0.7246200350026836
EC001363,ADM_A,Administration,8,Monday,2,28.3,80.2,54.0,29.3,31.5,0,0.5782320441498326
EC005454,SCI_B,Science,0,Monday,6,27.3,82.7,7.0,91.0,75.6,0,1.6959980611987346
EC002049,ENG_A,Engineering,5,Monday,11,24.0,95.9,50.0,42.1,44.2,0,3.6535501547179297
EC002797,LEC_A,LectureHall,19,Sunday,1,29.3,75.2,36.0,32.1,38.1,6,0.7104823621425927
EC000690,LIB_A,Library,21,Friday,12,29.1,68.3,84.0,46.6,49.0,4,0.5740016122560613
EC006733,LEC_A,LectureHall,4,Monday,3,26.5,83.3,21.0,33.3,30.2,0,0.49677652413957857
EC004229,RES_A,Residential,17,Wednesday,8,30.8,71.7,122.0,41.3,44.7,2,0.8486285392784193
EC002169,BUS_B,Business,5,Sunday,6,28.7,78.4,0.0,33.4,40.7,6,0.44305994121956077
EC007772,LEC_A,LectureHall,9,Tuesday,6,28.2,84.1,85.0,45.6,44.4,1,0.6052779306252984
EC005694,SCI_A,Science,10,Friday,2,27.7,83.4,96.0,76.8,82.1,4,0.6419799323373881
EC001591,ENG_A,Engineering,6,Friday,12,26.6,82.8,30.0,43.2,45.4,4,0.5615215223685927
EC004433,BUS_B,Business,7,Sunday,6,27.2,78.8,17.0,39.6,37.5,6,0.4793267387410493
EC003460,ADM_A,Administration,7,Saturday,8,28.0,79.2,14.0,21.7,21.7,5,0.4971248651692527
EC005103,SCI_B,Science,1,Sunday,11,25.1,89.7,0.0,50.9,51.6,6,0.41051161218625826
EC000946,SCI_A,Science,13,Wednesday,12,30.4,71.6,138.0,100.2,106.0,2,0.8843320744779198
EC002620,BUS_A,Business,16,Sunday,3,30.0,72.8,30.0,46.4,44.9,6,0.5714348054400755
EC003734,SCI_B,Science,18,Sunday,5,28.7,74.3,22.0,66.3,74.5,6,0.7207227179579541
EC003012,BUS_A,Business,4,Sunday,11,25.8,77.2,0.0,22.5,18.4,6,0.49815244872531383
EC006974,LEC_A,LectureHall,14,Tuesday,9,30.8,70.5,202.0,78.5,77.2,1,1.11329990574452
EC000644,BUS_B,Business,7,Thursday,3,28.0,77.7,0.0,36.9,39.5,3,0.5923661277182651
EC000935,SCI_B,Science,14,Thursday,2,28.9,78.6,101.0,81.6,89.9,3,0.661224499268563
EC004124,BUS_A,Business,9,Saturday,5,27.9,83.1,8.0,28.3,25.6,5,0.5179663071009317
EC002242,SCI_A,Science,4,Sunday,3,26.2,76.7,5.0,63.7,64.3,6,1.1083986732738842
EC005754,SCI_A,Science,23,Friday,5,29.4,79.1,9.0,65.4,76.8,4,1.129753133726731
EC005192,LIB_A,Library,4,Sunday,10,24.6,80.9,29.0,26.2,26.8,6,0.4767338104695773
EC007171,ADM_A,Administration,2,Wednesday,2,25.8,84.7,0.0,27.9,29.0,2,0.4587723358997401
EC004799,RES_A,Residential,13,Wednesday,10,28.4,80.4,87.0,33.6,40.6,2,0.46873023974947736
EC007902,SCI_A,Science,23,Wednesday,2,28.3,78.6,4.0,62.3,75.1,2,1.1039056781503527
EC007563,ENG_A,Engineering,21,Friday,7,29.2,73.5,31.0,48.8,57.2,4,0.6182662498900752
EC006489,SPT_A,Sports,14,Wednesday,2,29.2,82.2,23.0,42.4,41.9,2,0.5639808917963129
EC007193,BUS_B,Business,8,Monday,3,28.9,79.7,82.0,66.5,62.5,0,0.4284779850988909
EC002412,LEC_A,LectureHall,7,Wednesday,4,29.3,73.3,17.0,36.5,39.1,2,0.7154091254453273
EC002429,RES_A,Residential,14,Wednesday,9,28.9,79.6,133.0,37.3,46.2,2,0.601579185593537
EC001088,RES_B,Residential,14,Friday,1,30.7,75.6,100.0,40.6,39.0,4,0.7442695627181674
EC002831,LIB_A,Library,12,Monday,9,28.9,71.9,154.0,54.2,54.2,0,0.6250928748778941
EC002005,ENG_A,Engineering,14,Monday,9,30.7,67.8,210.0,65.6,88.8,0,0.6029920219029876
EC002614,LEC_A,LectureHall,3,Monday,8,27.2,76.2,24.0,27.0,32.7,0,0.7661252182503874
EC000329,BUS_A,Business,22,Saturday,9,29.2,76.6,1.0,28.2,27.8,5,0.5207710965881326
EC001320,ADM_A,Administration,11,Wednesday,11,28.0,75.7,93.0,38.0,37.7,2,0.3756434208205929
EC006074,SCI_A,Science,3,Monday,4,26.7,76.2,20.0,71.7,71.0,0,0.8843652936620368
EC005691,RES_A,Residential,4,Monday,4,25.8,79.3,216.0,40.9,54.2,0,0.46436604545701266
EC005303,RES_B,Residential,2,Saturday,3,25.7,85.6,163.0,,45.9,5,3.3930474639840034
EC000447,SPT_A,Sports,3,Monday,10,25.2,92.5,14.0,32.6,33.8,0,0.38852799731608034
EC001643,ENG_A,Engineering,7,Saturday,6,28.7,78.9,18.0,52.1,55.6,5,0.505780982079506
EC005402,ENG_A,Engineering,17,Monday,6,29.5,73.0,84.0,58.6,64.5,0,0.5219628276234097
EC005904,SCI_B,Science,8,Wednesday,2,28.0,81.3,39.0,62.6,68.5,2,0.7159271026312211
EC007501,BUS_B,Business,13,Monday,11,27.9,72.6,166.0,67.2,62.6,0,0.5979029624056404
EC001594,ADM_A,Administration,8,Wednesday,8,28.1,75.0,61.0,32.5,38.0,2,0.4966228940755888
EC004572,RES_B,Residential,15,Thursday,12,30.0,70.0,83.0,38.7,42.6,3,0.4888255178826125
EC005429,SPT_A,Sports,0,Friday,6,27.7,73.8,0.0,39.8,39.8,4,0.81918126103362
EC005585,ENG_A,Engineering,16,Wednesday,3,29.7,77.5,131.0,74.9,82.3,2,0.6561112355120758
EC002253,LEC_A,LectureHall,3,Friday,5,26.4,80.2,0.0,24.2,24.7,4,0.556524624496084
EC006087,ENG_B,Engineering,5,Monday,10,26.1,81.7,16.0,35.5,41.5,0,0.38405940485136697
EC006217,RES_B,Residential,12,Sunday,4,32.5,62.9,130.0,43.1,50.3,6,0.5205024587769994
EC000554,RES_A,Residential,9,Wednesday,11,27.7,84.8,177.0,40.1,47.4,2,0.5970266726619275
EC002102,SCI_A,Science,0,Monday,5,29.6,75.2,0.0,72.7,81.3,0,1.2006628837746185
EC004594,BUS_A,Business,10,Friday,6,29.1,81.9,74.0,54.2,46.5,4,0.4665774117888726
EC006249,ENG_B,Engineering,9,Friday,10,27.2,77.6,65.0,44.6,45.2,4,0.5102453009056362
EC001539,ENG_A,Engineering,17,Friday,6,30.0,79.6,86.0,70.9,72.4,4,0.5430149422916078
EC000514,ENG_A,Engineering,15,Tuesday,11,30.2,78.2,155.0,67.2,70.6,1,0.6486357318063185
EC006021,SCI_B,Science,7,Friday,3,28.6,74.5,0.0,65.9,70.5,4,1.1742956419316615
EC007049,SCI_A,Science,6,Saturday,2,26.8,81.2,16.0,56.7,63.0,5,0.5701645274274694
EC005840,ENG_A,Engineering,3,Sunday,1,25.3,87.7,1.0,30.4,37.0,6,0.6320838428193308
EC006707,SCI_B,Science,6,Sunday,2,26.9,83.7,,60.3,61.8,6,1.741634264468004
EC002372,ENG_A,Engineering,11,Monday,1,28.7,79.1,149.0,73.1,70.4,0,0.49219118962686265
EC002324,SCI_B,Science,14,Friday,8,31.0,65.0,105.0,84.6,91.1,4,0.29115284834409844
EC005066,LEC_A,LectureHall,17,Tuesday,1,30.8,75.4,120.0,61.1,59.5,1,1.1734981219557719
EC000347,SPT_A,Sports,3,Friday,12,26.5,77.0,18.0,40.1,40.1,4,0.6715423519794372
EC006313,RES_B,Residential,6,Friday,5,25.8,82.2,202.0,46.2,50.6,4,0.48359847505960685
EC003065,LIB_A,Library,19,Tuesday,1,28.1,83.7,129.0,56.9,51.5,1,0.5844178325138124
EC000759,SPT_A,Sports,5,Saturday,2,25.6,81.7,63.0,39.5,47.1,5,0.48222876105090795
EC002410,SCI_A,Science,13,Monday,7,31.2,68.8,9.0,83.4,86.2,0,2.9384787685802993
EC004386,LEC_A,LectureHall,5,Friday,3,27.3,78.7,6.0,30.5,31.8,4,0.5938975452137535
EC005047,LIB_A,Library,12,Saturday,3,31.1,70.3,126.0,62.8,59.7,5,0.6667763503824351
EC004899,LEC_A,LectureHall,3,Wednesday,3,26.8,78.9,0.0,21.6,30.5,2,0.5150407659779533
EC002345,SCI_B,Science,21,Friday,10,28.6,71.5,10.0,71.2,71.9,4,1.2470127207070099
EC006361,SPT_A,Sports,9,Tuesday,9,27.9,82.2,92.0,53.1,55.8,1,0.48222471399626443
EC005272,SCI_B,Science,20,Sunday,11,28.3,74.3,4.0,76.8,71.1,6,1.9467115622521083
EC000856,BUS_B,Business,7,Friday,1,26.6,83.4,0.0,36.2,32.5,4,0.6878910319493982
EC004707,RES_B,Residential,16,Tuesday,9,31.1,67.3,108.0,41.6,46.9,1,0.4071580331294613
EC007657,LIB_A,Library,0,Friday,4,26.8,73.2,0.0,27.6,30.7,4,0.8337475159741264
EC002123,ENG_B,Engineering,3,Friday,8,27.0,82.0,0.0,38.1,40.7,4,0.5791638382893819
EC007484,SCI_B,Science,8,Tuesday,2,28.0,81.7,54.0,65.5,72.6,1,0.7617213235971932
EC007660,ENG_B,Engineering,8,Thursday,3,29.0,72.9,42.0,55.9,50.1,3,0.6885949642855387
EC004625,ADM_A,Administration,1,Monday,7,27.8,77.3,9.0,28.0,25.1,0,0.6281982935815646
EC007784,ENG_B,Engineering,10,Thursday,10,28.9,79.5,100.0,51.9,50.9,3,0.45050782800865746
EC002331,RES_A,Residential,16,Saturday,11,28.8,80.9,117.0,41.3,45.3,5,0.6696595955165214
EC006020,ADM_A,Administration,19,Wednesday,6,29.4,72.6,3.0,30.2,30.0,2,0.669606605454125
EC004454,LIB_A,Library,23,Wednesday,4,28.5,82.1,53.0,54.3,40.8,2,0.700902475328672
EC007965,RES_B,Residential,20,Thursday,9,28.4,78.9,188.0,50.1,49.1,3,0.478638651324632
EC005468,SCI_A,Science,16,Sunday,12,29.4,69.9,,79.2,82.0,6,3.1451747439649695
EC001183,BUS_A,Business,8,Saturday,8,27.0,77.7,12.0,23.7,31.8,5,0.5253209619803694
EC004144,ADM_A,Administration,18,Saturday,6,28.3,79.2,0.0,29.8,30.2,5,0.6147054919157892
EC003695,ENG_A,Engineering,3,Monday,9,26.8,83.8,0.0,42.7,40.9,0,0.4370321991612917
EC002864,SCI_A,Science,17,Friday,10,28.7,72.8,82.0,83.4,85.1,4,0.676505110657179
EC003749,LEC_A,LectureHall,1,Thursday,8,26.3,75.3,0.0,19.6,20.0,3,0.6661809204671079
EC007081,BUS_A,Business,5,Saturday,7,27.3,80.6,26.0,29.5,30.4,5,0.5169246888134233
EC006055,LEC_A,LectureHall,16,Saturday,8,31.4,74.1,213.0,75.1,79.0,5,1.3605352775309805
EC002069,SPT_A,Sports,22,Monday,2,28.4,75.1,31.0,52.9,53.5,0,0.44843608968848
EC007585,LIB_A,Library,1,Sunday,11,26.3,78.1,11.0,28.3,29.6,6,0.7109914757143957
EC007347,ENG_B,Engineering,11,Monday,7,29.9,67.0,147.0,71.0,71.4,0,0.5143712150275215
EC002809,SCI_B,Science,16,Friday,6,30.5,74.6,97.0,86.5,89.1,4,0.7226432053407056
EC002627,LEC_A,LectureHall,6,Friday,1,26.8,79.4,0.0,26.7,25.7,4,0.721497986240649
EC005560,ENG_B,Engineering,7,Wednesday,6,27.2,78.2,145.0,35.2,56.9,2,1.847638774217592
EC005076,RES_B,Residential,2,Wednesday,2,26.6,78.0,154.0,44.2,45.6,2,0.5194173949345742
EC001052,ENG_B,Engineering,7,Monday,8,28.3,80.5,12.0,41.5,47.3,0,0.5526070188451705
EC001930,RES_A,Residential,5,Thursday,9,26.2,80.2,189.0,38.2,45.3,3,0.4610570388686327
EC000154,BUS_B,Business,0,Sunday,2,26.4,82.0,0.0,32.9,32.3,6,0.4082857048047712
EC006018,SCI_A,Science,14,Thursday,6,29.5,74.4,147.0,100.4,101.6,3,0.7040086140478093
EC004942,SPT_A,Sports,0,Saturday,11,27.5,76.7,30.0,44.7,39.9,5,0.566743995844904
EC007460,ADM_A,Administration,18,Thursday,6,30.7,79.7,51.0,41.1,43.5,3,0.583425126329984
EC007158,ENG_B,Engineering,11,Thursday,7,29.8,74.5,112.0,64.2,66.4,3,0.7610931869509913
EC003457,ADM_A,Administration,5,Saturday,9,25.4,86.5,,17.1,16.7,5,8.103125650972803
EC007011,SCI_B,Science,16,Sunday,1,30.5,66.9,18.0,82.1,82.4,6,1.3481441788359843
EC007512,LIB_A,Library,16,Friday,2,29.7,71.2,211.0,51.4,60.9,4,0.6371531648235532
EC001084,SCI_B,Science,19,Wednesday,4,31.4,67.7,28.0,78.8,89.0,2,0.8340424349355414
EC003081,RES_B,Residential,13,Monday,3,29.7,73.3,119.0,39.9,41.7,0,0.6143319280028919
EC002319,ADM_A,Administration,6,Monday,3,27.1,77.8,10.0,27.8,29.0,0,0.5405274198740615
EC007260,RES_B,Residential,12,Wednesday,12,30.4,74.3,82.0,39.4,34.7,2,0.4831723044290453
EC007022,LEC_A,LectureHall,0,Friday,9,26.2,83.7,21.0,27.8,24.8,4,0.4737080026928017
EC002027,ENG_A,Engineering,1,Saturday,3,,79.1,13.0,64.3,54.0,5,1.8938973411488302
EC007788,LIB_A,Library,21,Tuesday,2,28.8,75.2,72.0,41.3,41.9,1,0.5517144040510332
EC005029,ADM_A,Administration,20,Monday,10,27.6,76.5,0.0,23.0,18.4,0,0.47516879513132515
EC000432,ADM_A,Administration,4,Wednesday,5,28.2,78.9,0.0,7.7,20.5,2,3.980877867366247
EC003860,LIB_A,Library,7,Monday,5,27.5,79.2,0.0,30.9,25.8,0,0.5574153518449947
EC007377,LEC_A,LectureHall,16,Tuesday,7,32.0,64.4,136.0,66.1,64.3,1,0.5774805098298927
EC007930,ENG_A,Engineering,8,Monday,8,26.6,84.9,106.0,53.4,58.3,0,0.4259416039465606
EC003750,ENG_B,Engineering,11,Thursday,3,28.4,74.0,133.0,58.2,66.8,3,0.8024844308555722
EC002587,SPT_A,Sports,8,Wednesday,10,27.9,77.5,96.0,47.3,54.7,2,0.4869530699109826
EC005886,ENG_A,Engineering,2,Tuesday,11,25.1,79.6,0.0,39.3,35.0,1,0.43072900366618977
EC005906,LIB_A,Library,21,Tuesday,6,26.8,86.5,63.0,39.3,44.1,1,0.5584922418452354
EC002593,SPT_A,Sports,6,Saturday,5,28.3,77.1,131.0,60.1,59.8,5,1.024954123217469
EC002096,SCI_A,Science,15,Friday,10,29.7,75.7,109.0,75.2,87.6,4,0.6258535598284419
EC003731,BUS_A,Business,21,Tuesday,8,28.4,78.9,0.0,37.7,40.6,1,0.7264602775871363
EC007207,LEC_A,LectureHall,11,Sunday,10,30.2,77.9,71.0,39.0,37.5,6,0.48812828931143654
EC000138,ENG_A,Engineering,15,Monday,4,32.3,66.4,165.0,89.9,93.5,0,0.42805105288288287
EC001329,ENG_A,Engineering,19,Monday,3,29.6,73.4,58.0,58.8,54.4,0,0.5820174107922691
EC001817,LIB_A,Library,13,Monday,2,29.2,75.6,188.0,59.3,56.7,0,0.6910067260107778
EC005851,ENG_A,Engineering,3,Monday,7,26.6,78.2,15.0,42.2,49.6,0,0.5603105412194826
EC001895,ENG_B,Engineering,23,Friday,9,27.4,78.1,0.0,,34.4,4,2.0242096460741967
EC007896,SPT_A,Sports,0,Monday,4,27.9,75.1,1.0,42.8,45.6,0,0.7738422649223566
EC007539,RES_B,Residential,18,Wednesday,11,28.1,76.0,149.0,43.5,42.2,2,0.4774079499708023
EC002721,BUS_A,Business,7,Monday,6,26.8,78.4,105.0,23.6,40.9,0,1.0388976275383306
EC002795,BUS_B,Business,21,Tuesday,2,24.8,98.7,35.0,30.7,32.7,1,3.5932939851045314
EC006191,RES_B,Residential,21,Saturday,7,27.6,77.4,252.0,55.2,47.6,5,0.46893779170701794
EC007949,SCI_B,Science,16,Tuesday,11,29.4,78.9,100.0,81.1,88.1,1,0.6664686086469089
EC002892,LEC_A,LectureHall,5,Wednesday,6,28.6,80.8,0.0,32.6,34.3,2,0.6872910396281889
EC004657,ENG_A,Engineering,22,Saturday,10,25.8,74.7,23.0,35.0,36.1,5,0.6382782141371925
EC005382,BUS_A,Business,9,Friday,12,26.8,75.1,68.0,43.6,40.9,4,0.48583256852172296
EC002825,SPT_A,Sports,13,Friday,9,29.9,73.5,9.0,37.9,45.4,4,0.6784101332565299
EC005818,ADM_A,Administration,11,Friday,11,28.4,79.6,87.0,37.4,36.1,4,0.47207100351573744
EC001403,LIB_A,Library,0,Monday,12,25.1,81.1,0.0,22.4,22.7,0,0.21147568252131996
EC000449,BUS_A,Business,10,Tuesday,10,27.5,76.4,132.0,52.1,53.3,1,0.792107897328104
EC006482,SPT_A,Sports,14,Saturday,3,30.5,69.8,38.0,47.3,50.6,5,0.9359366586026376
EC003723,SCI_A,Science,1,Friday,12,26.3,78.9,15.0,66.5,67.8,4,1.004010303567761
EC002378,SCI_A,Science,11,Thursday,7,30.2,72.5,130.0,94.6,97.8,3,0.9287425316301094
EC007028,BUS_A,Business,14,Thursday,6,30.0,75.5,131.0,42.2,51.1,3,1.682447736378973
EC004065,SCI_A,Science,4,Sunday,4,27.2,82.0,8.0,92.3,77.4,6,1.5210617655574534
EC006399,ENG_A,Engineering,11,Thursday,8,30.0,82.0,151.0,82.1,81.2,3,0.6824386477987635
EC000278,BUS_B,Business,22,Saturday,10,27.6,76.6,0.0,33.2,30.5,5,0.5877554472759862
EC007795,BUS_A,Business,17,Sunday,12,29.3,83.8,19.0,32.8,36.3,6,0.46674570180480845
EC006860,SPT_A,Sports,14,Monday,2,30.6,76.9,0.0,48.0,50.7,0,0.5534605262878819
EC007162,BUS_B,Business,9,Wednesday,12,28.1,78.3,68.0,46.3,48.1,2,0.47616202692207077
EC004235,ADM_A,Administration,2,Friday,6,25.2,79.5,0.0,15.3,21.7,4,1.8229383599035014
EC003335,LIB_A,Library,6,Wednesday,8,28.3,76.3,0.0,31.1,34.5,2,0.7094602473416023
EC003043,ADM_A,Administration,13,Friday,12,30.0,65.8,108.0,44.3,43.1,4,0.35355322207384193
EC005610,LIB_A,Library,3,Saturday,8,26.5,81.0,12.0,,29.7,5,1.536674445565522
EC000236,LEC_A,LectureHall,1,Sunday,3,26.1,81.5,10.0,25.4,22.7,6,0.5710735595274746
EC005181,ENG_A,Engineering,23,Monday,6,28.1,80.9,9.0,46.4,51.7,0,0.5649703096346964
EC002781,SPT_A,Sports,11,Friday,2,27.4,80.9,0.0,42.1,40.4,4,0.6096621637828606
EC004171,SCI_B,Science,4,Friday,12,,90.2,1.0,50.1,57.0,4,1.3084297360642667
EC003523,RES_A,Residential,18,Tuesday,12,29.9,76.7,180.0,36.2,46.4,1,0.4980799184351349
EC003142,SPT_A,Sports,16,Sunday,6,28.7,75.0,193.0,58.3,61.1,6,1.3629140648380667
EC000594,ADM_A,Administration,9,Tuesday,9,28.5,83.0,63.0,33.9,33.9,1,0.5233196797903842
EC002681,ENG_A,Engineering,22,Sunday,12,27.6,76.3,0.0,45.8,46.9,6,0.6205684954916131
EC005776,SCI_A,Science,12,Monday,12,28.8,82.3,123.0,88.7,86.4,0,0.65753464417724
EC007709,ENG_A,Engineering,3,Tuesday,2,27.0,81.6,4.0,65.9,55.6,1,3.274535286675216
EC000854,RES_A,Residential,11,Wednesday,2,29.7,71.6,132.0,45.8,43.4,2,0.5457231301642009
EC004802,SCI_A,Science,11,Tuesday,2,29.7,74.4,140.0,100.4,110.0,1,0.8823253559627462
EC007061,BUS_B,Business,10,Sunday,8,28.3,91.0,51.0,44.2,42.5,6,0.45294631361816856
EC007842,ENG_B,Engineering,17,Tuesday,12,29.5,74.1,84.0,62.3,63.4,1,0.5341881503020489
EC007273,LIB_A,Library,5,Monday,9,25.0,79.7,54.0,33.5,30.4,0,0.5716480808668986
EC002063,RES_B,Residential,3,Tuesday,9,25.6,82.5,126.0,34.7,39.5,1,0.5616797683943362
EC000411,BUS_A,Business,5,Friday,1,25.6,83.0,0.0,23.7,28.7,4,0.49245886046837084
EC000700,ENG_A,Engineering,0,Friday,11,25.9,80.2,2.0,77.3,54.1,4,3.99817414217271
EC007001,RES_A,Residential,14,Monday,6,29.0,78.0,97.0,36.4,42.8,0,0.38651478145570367
EC001487,SCI_B,Science,17,Tuesday,11,30.0,74.8,89.0,89.5,83.7,1,0.6235334914866117
EC004901,ADM_A,Administration,5,Monday,12,26.4,87.2,0.0,21.6,27.8,0,0.28522447173672505
EC002766,RES_B,Residential,10,Friday,7,30.3,74.1,141.0,37.9,42.0,4,0.7696763178436056
EC007740,BUS_A,Business,9,Friday,11,28.1,83.9,75.0,36.4,41.3,4,0.45519333743953244
EC004939,SPT_A,Sports,5,Sunday,2,26.0,84.2,54.0,50.6,48.0,6,0.6657842637665264
EC003440,ENG_B,Engineering,7,Tuesday,11,,76.8,5.0,35.5,39.9,1,1.9800379531077543
EC001734,BUS_A,Business,1,Thursday,8,25.7,79.1,10.0,31.9,29.9,3,0.5974462967084948
EC006137,LIB_A,Library,1,Wednesday,9,24.1,81.1,36.0,26.8,30.7,2,0.42389658957228665
EC003592,RES_B,Residential,8,Thursday,6,27.8,,166.0,40.4,39.1,3,1.5425286025169833
EC000345,ENG_B,Engineering,6,Sunday,5,26.7,80.8,0.0,30.4,35.5,6,0.5646259831478733
EC007283,ENG_A,Engineering,15,Monday,11,29.7,78.9,153.0,68.0,76.4,0,0.5575427074187556
EC006126,SCI_A,Science,1,Monday,9,25.2,87.5,0.0,56.7,61.5,0,0.7021288187329737
EC000897,SPT_A,Sports,7,Friday,1,,80.2,111.0,45.6,50.8,4,1.918376932076727
EC007672,SCI_A,Science,17,Sunday,12,29.3,81.9,25.0,78.6,80.8,6,0.7009629643818656
EC001064,BUS_B,Business,21,Monday,8,28.6,74.7,0.0,36.5,41.3,0,0.4974948998098467
EC001821,RES_B,Residential,2,Wednesday,11,25.3,86.5,152.0,40.9,37.3,2,0.7158139328478161
EC002048,BUS_A,Business,10,Saturday,9,28.6,75.1,22.0,25.4,31.8,5,0.7021002933094342
EC005467,SCI_B,Science,21,Monday,4,30.1,78.4,4.0,64.5,71.7,0,1.248448003521612
EC001693,ENG_B,Engineering,13,Thursday,11,29.4,75.7,162.0,62.9,69.3,3,0.6122312663380625
EC001121,ENG_A,Engineering,5,Monday,10,26.4,88.1,21.0,44.3,50.0,0,0.3626083331231592
EC006929,BUS_A,Business,12,Sunday,5,30.8,70.9,49.0,38.6,42.2,6,0.6688822750268939
EC005512,LEC_A,LectureHall,2,Friday,7,26.8,83.4,0.0,28.6,29.1,4,0.5617460482723827
EC001807,RES_A,Residential,23,Tuesday,6,27.7,77.7,254.0,56.9,58.0,1,0.6821013995896757
EC002168,BUS_B,Business,5,Friday,10,27.2,79.5,0.0,34.8,36.6,4,0.53611035535847
EC005594,LIB_A,Library,11,Sunday,9,28.4,79.9,58.0,39.7,42.8,6,0.4776025287883478
EC004866,LIB_A,Library,13,Tuesday,1,35.4,85.3,290.0,75.4,79.3,1,7.271737762447276
EC004955,LEC_A,LectureHall,17,Saturday,1,29.1,78.5,0.0,27.2,27.6,5,0.6791496723413271
EC004748,BUS_B,Business,3,Saturday,4,26.2,82.4,0.0,30.4,32.6,5,0.5601775171027172
EC006180,ENG_B,Engineering,12,Sunday,9,29.7,68.3,40.0,48.2,53.2,6,0.42922315978539544
EC002312,ADM_A,Administration,22,Sunday,9,26.0,88.0,8.0,20.2,22.7,6,0.6825025877937678
EC002814,ENG_A,Engineering,8,Tuesday,3,29.2,78.3,100.0,66.7,71.0,1,0.553889991881781
EC004729,LEC_A,LectureHall,1,Sunday,6,27.4,69.9,0.0,16.0,23.1,6,2.244662939492462
EC006658,LIB_A,Library,19,Saturday,4,29.9,81.4,291.0,74.0,79.3,5,1.8248721578486418
EC003692,RES_A,Residential,16,Wednesday,10,29.6,72.7,129.0,44.8,40.6,2,0.550248147251731
EC000801,BUS_A,Business,23,Saturday,3,28.3,77.4,10.0,30.5,29.4,5,0.5284968885455837
EC000807,RES_A,Residential,1,Monday,9,25.3,84.7,142.0,42.1,41.4,0,0.542473774324108
EC004420,LEC_A,LectureHall,18,Saturday,2,24.5,95.7,19.0,,26.1,5,16.791491550064226
EC007469,RES_B,Residential,6,Thursday,10,25.4,80.2,209.0,36.1,40.5,3,0.5488230854110232
EC007835,LIB_A,Library,11,Monday,12,29.6,78.9,109.0,45.1,52.5,0,0.48223283314568066
EC004527,BUS_B,Business,22,Friday,3,27.9,77.9,20.0,44.7,51.8,4,0.5377880994657901
EC006737,RES_A,Residential,12,Saturday,11,29.7,72.8,142.0,49.4,46.6,5,0.5353767685801003
EC001149,RES_B,Residential,5,Thursday,11,26.6,83.8,210.0,54.3,50.6,3,0.5060564279793152
EC002595,ENG_A,Engineering,17,Friday,8,29.2,72.6,92.0,76.6,67.2,4,0.6299904196324864
EC007699,BUS_B,Business,16,Monday,8,30.1,71.8,144.0,60.4,59.5,0,0.5866247446458308
EC002640,RES_A,Residential,8,Friday,7,28.2,78.7,171.0,50.8,50.1,4,0.5367758608565446
EC006188,SCI_A,Science,12,Sunday,6,30.6,73.9,48.0,82.2,90.0,6,0.8865133817106813
EC005611,SCI_B,Science,4,Saturday,2,24.9,91.7,21.0,50.4,59.8,5,0.4690459034703057
EC007770,BUS_A,Business,6,Saturday,11,27.2,85.3,1.0,,26.8,5,1.7963649820027985
EC004858,ENG_A,Engineering,14,Monday,6,29.9,75.4,174.0,75.2,76.9,0,0.5027606006157376
EC002016,SPT_A,Sports,22,Friday,2,27.7,85.7,70.0,51.1,44.4,4,0.4405119641631486
EC004412,RES_A,Residential,13,Sunday,2,29.2,72.2,90.0,38.9,39.6,6,0.4527311727719251
EC005770,SCI_A,Science,20,Thursday,5,28.7,75.0,9.0,70.9,71.5,3,1.4479179732901681
EC003443,LEC_A,LectureHall,17,Friday,6,32.1,68.9,136.0,,73.7,4,3.12904460798679
EC000674,SPT_A,Sports,23,Monday,6,28.3,80.5,40.0,45.7,42.4,0,0.41857033684886447
EC000386,ENG_B,Engineering,5,Tuesday,3,26.8,83.9,5.0,40.5,40.9,1,0.7244219322284836
EC004630,SCI_A,Science,0,Thursday,4,25.2,85.9,12.0,61.6,63.5,3,1.651184953378137
EC002621,BUS_B,Business,4,Tuesday,4,28.0,80.1,0.0,41.5,41.7,1,0.7116233824146839
EC001590,SPT_A,Sports,8,Thursday,7,28.6,73.6,128.0,49.9,58.2,3,0.9081945070386059
EC006442,BUS_B,Business,6,Monday,3,27.5,82.7,0.0,39.2,42.4,0,0.44378279795908665
EC006779,ENG_A,Engineering,3,Sunday,1,,82.5,14.0,41.5,42.4,6,2.118072124715382
EC003701,LEC_A,LectureHall,3,Monday,10,26.1,76.4,32.0,28.8,29.0,0,0.7534184821783746
EC007983,ENG_A,Engineering,15,Tuesday,11,,75.4,157.0,66.8,74.7,1,1.1433215046211713
EC000348,ENG_B,Engineering,11,Friday,5,29.0,77.8,122.0,61.8,61.1,4,0.726791037520601
EC002607,ADM_A,Administration,3,Friday,1,26.1,84.6,8.0,23.6,26.1,4,0.4802243920458314
EC007386,LIB_A,Library,23,Thursday,4,28.3,77.9,42.0,31.2,37.0,3,0.6775172433674015
EC001885,ADM_A,Administration,9,Sunday,6,28.6,77.9,15.0,24.6,24.3,6,0.5342598675257137
EC000297,SCI_A,Science,15,Friday,12,30.5,73.0,128.0,85.6,95.7,4,0.7811062145072933
EC001892,RES_A,Residential,19,Tuesday,3,29.1,74.0,182.0,63.0,48.5,1,0.6219153009367471
EC005521,ADM_A,Administration,23,Thursday,3,27.3,71.5,4.0,26.2,26.9,3,0.6488014944225514
EC005821,ENG_B,Engineering,10,Sunday,1,28.8,78.6,24.0,48.6,48.9,6,0.5389758607765941
EC007371,BUS_A,Business,10,Wednesday,10,30.4,68.9,105.0,57.9,54.0,2,0.46754368017600506
EC002945,SCI_A,Science,4,Thursday,2,25.9,83.8,13.0,69.7,67.6,3,1.3790351511515495
EC003727,RES_B,Residential,3,Wednesday,7,27.4,78.9,194.0,52.4,48.6,2,0.4986091204566262
EC003786,ENG_A,Engineering,0,Saturday,5,26.3,,11.0,64.0,58.5,5,6.598639279411328
EC007251,BUS_A,Business,15,Tuesday,7,30.0,75.6,183.0,62.9,65.4,1,0.9224084295375257
EC005027,SCI_A,Science,8,Friday,1,26.9,,58.0,79.9,75.7,4,1.393484858726567
EC003358,ENG_B,Engineering,17,Thursday,9,30.0,70.4,82.0,54.0,61.6,3,0.49625312904055513
EC003653,LEC_A,LectureHall,11,Thursday,2,29.4,74.7,149.0,59.4,63.2,3,0.7654175466997032
EC006065,SCI_B,Science,5,Wednesday,2,26.3,85.6,0.0,65.8,63.6,2,0.7353051477277627
EC001955,ENG_A,Engineering,14,Sunday,5,30.4,74.8,35.0,59.9,59.3,6,0.9852814228757345
EC000848,ADM_A,Administration,19,Saturday,1,28.2,81.2,4.0,24.6,21.9,5,0.4862295626291899
EC002807,BUS_A,Business,22,Tuesday,8,27.0,78.5,12.0,26.7,33.9,1,0.6516389956677376
EC005324,LEC_A,LectureHall,5,Thursday,2,25.8,84.4,29.0,28.6,32.4,3,0.5642683161092023
EC007683,BUS_A,Business,4,Saturday,12,25.0,77.1,27.0,27.9,27.0,5,0.5294043494185879
EC002517,RES_B,Residential,11,Tuesday,7,29.8,74.2,128.0,42.1,42.1,1,0.6188319213597192
EC004477,RES_B,Residential,9,Sunday,4,29.2,71.4,152.0,,38.5,6,1.479200497872932
EC007763,LIB_A,Library,21,Saturday,8,28.8,74.3,74.0,41.3,36.8,5,0.47508825633291896
EC002086,ADM_A,Administration,16,Monday,4,30.6,77.6,72.0,44.9,46.6,0,0.4295971126873829
EC005983,RES_A,Residential,9,Saturday,4,28.4,80.6,184.0,58.9,48.8,5,0.5264599458134736
EC004734,LIB_A,Library,22,Monday,12,,77.6,44.0,35.9,39.8,0,1.9916014246021556
EC006573,SPT_A,Sports,9,Monday,7,28.1,77.3,81.0,57.1,56.0,0,0.4713679154697108
EC002012,SCI_A,Science,12,Friday,12,29.6,78.0,166.0,99.3,101.3,4,0.8045940992337506
EC005698,BUS_A,Business,12,Sunday,10,28.3,68.3,30.0,33.5,33.7,6,0.4897887883643374
EC002691,ENG_B,Engineering,16,Monday,10,30.4,67.2,119.0,65.7,69.2,0,0.38192052749781
EC007483,SCI_A,Science,14,Wednesday,5,30.8,71.4,137.0,104.9,103.2,2,0.9889455897499158
EC007963,SCI_B,Science,6,Thursday,9,,75.3,12.0,55.0,60.7,3,1.2639326019435024
EC002148,SCI_B,Science,5,Wednesday,2,26.9,79.8,0.0,60.2,56.8,2,0.7081156458361397
EC005923,BUS_B,Business,15,Friday,8,,70.9,119.0,72.8,67.0,4,3.3484282754238137
EC001592,BUS_A,Business,21,Sunday,10,26.3,78.1,12.0,27.4,31.3,6,0.4909177810674839
EC002856,ENG_A,Engineering,13,Wednesday,1,29.6,81.9,193.0,77.9,86.9,2,0.6844674814603237
EC003590,BUS_A,Business,10,Sunday,11,27.0,79.9,15.0,28.7,33.4,6,0.46585282005792783
EC000810,ENG_A,Engineering,6,Wednesday,1,26.8,81.9,17.0,35.2,45.2,2,0.6375413293872815
EC006189,ENG_B,Engineering,16,Monday,9,30.3,76.3,89.0,66.5,63.9,0,0.4992165116565349
EC004945,BUS_A,Business,23,Thursday,9,26.7,82.8,21.0,34.5,34.6,3,0.5364476286970928
EC002031,ENG_B,Engineering,1,Thursday,3,25.4,84.0,16.0,36.9,40.1,3,0.5291936085501205
EC001304,ENG_A,Engineering,21,Sunday,11,26.7,78.2,21.0,45.3,44.0,6,0.5930235640006988
EC006599,BUS_A,Business,16,Sunday,6,29.8,76.9,52.0,39.2,46.8,6,0.5267956360023365
EC004504,BUS_B,Business,7,Saturday,4,28.5,81.4,1.0,33.4,37.8,5,0.5307789842862742
EC006857,SCI_A,Science,6,Wednesday,8,25.9,79.2,23.0,54.2,71.4,2,0.5596665854965994
EC005934,ENG_B,Engineering,9,Tuesday,5,29.1,74.8,59.0,56.2,57.1,1,0.6540540434615161
EC004353,ENG_B,Engineering,20,Wednesday,12,27.9,76.6,,29.6,42.3,2,2.1536730958843657
EC004403,SCI_B,Science,18,Saturday,9,28.6,80.7,19.0,68.1,65.9,5,0.6661394576130143
EC007666,BUS_A,Business,14,Sunday,7,32.9,67.4,31.0,42.7,44.3,6,1.3831324608859183
EC004679,RES_B,Residential,5,Friday,2,26.8,81.0,174.0,46.5,46.3,4,0.5143376244800916
EC001122,LEC_A,LectureHall,6,Sunday,12,25.2,83.5,0.0,19.4,19.4,6,0.7823312132366291
EC007041,LEC_A,LectureHall,12,Thursday,8,30.3,75.6,208.0,84.2,85.4,3,0.7833666028916557
EC001492,SCI_B,Science,1,Saturday,6,27.4,78.3,1.0,62.2,63.4,5,1.5371945181655247
EC005606,ENG_A,Engineering,17,Saturday,4,30.1,81.3,35.0,63.6,60.0,5,0.8751582987647495
EC003124,SCI_A,Science,22,Saturday,9,27.4,82.7,0.0,63.3,64.8,5,0.6751246086877876
EC000645,BUS_A,Business,16,Thursday,8,30.3,71.7,123.0,48.4,54.4,3,0.8003683356400019
EC001466,BUS_B,Business,22,Tuesday,10,27.7,74.8,29.0,43.0,42.1,1,0.6908557807028041
EC007906,ENG_A,Engineering,7,Tuesday,1,25.8,85.5,31.0,43.2,44.4,1,0.5129395327935969
EC006068,LEC_A,LectureHall,6,Friday,12,25.6,85.8,29.0,26.9,28.0,4,0.5487606324649332
EC006417,RES_A,Residential,4,Friday,3,25.9,79.6,168.0,42.4,42.8,4,0.539306331881673
EC002216,BUS_A,Business,18,Thursday,11,30.0,74.3,76.0,44.0,46.0,3,0.49314202137078167
EC006502,SCI_B,Science,1,Tuesday,4,26.3,73.7,0.0,53.1,62.0,1,0.7537239232957914
EC007425,RES_B,Residential,9,Thursday,1,26.9,83.7,141.0,36.2,34.4,3,0.6672342403424255
EC001710,SPT_A,Sports,8,Saturday,7,28.3,70.0,139.0,46.6,59.9,5,0.9042964594318609
EC005187,SCI_A,Science,6,Thursday,11,29.4,70.9,0.0,66.1,69.3,3,1.0003169688024631
EC005800,SPT_A,Sports,5,Monday,4,26.3,85.8,50.0,45.4,46.8,0,0.43489869579481594
EC001682,BUS_B,Business,15,Saturday,8,30.5,80.0,61.0,49.3,52.3,5,0.426101266843258
EC003173,ENG_A,Engineering,13,Saturday,6,30.6,77.4,79.0,78.3,71.0,5,0.6061491399398242
EC003371,SCI_B,Science,7,Wednesday,8,25.7,85.4,6.0,53.6,57.1,2,0.5929466953374358
EC007448,ADM_A,Administration,10,Saturday,8,29.3,79.6,33.0,28.7,29.1,5,0.5289075720917461
EC003973,BUS_A,Business,21,Saturday,5,29.8,76.8,21.0,38.5,40.1,5,0.5253033226945124
EC007705,BUS_A,Business,17,Wednesday,10,27.8,80.6,67.0,44.4,44.3,2,0.4569627194565581
EC002430,ENG_A,Engineering,19,Tuesday,1,28.2,78.2,39.0,49.2,58.1,1,0.573334741796511
EC005069,ENG_B,Engineering,19,Friday,1,29.3,78.8,12.0,46.9,48.6,4,0.5939045847679834
EC001424,ENG_A,Engineering,23,Thursday,9,27.7,74.5,25.0,45.5,50.0,3,0.7840413392476095
EC002969,RES_B,Residential,17,Sunday,1,27.7,76.9,133.0,39.4,40.0,6,0.6376799569675475
EC001816,ENG_A,Engineering,22,Friday,6,28.5,78.3,8.0,52.0,53.0,4,0.5705739743504679
EC005395,ENG_A,Engineering,3,Saturday,4,26.0,73.4,29.0,36.2,43.9,5,0.6187303720929697
EC005096,ENG_A,Engineering,0,Tuesday,2,26.7,85.4,8.0,43.3,44.2,1,1.230613894428423
EC001179,BUS_A,Business,8,Tuesday,12,27.5,72.5,71.0,44.3,46.2,1,0.5554433048029191
EC004904,SPT_A,Sports,20,Monday,4,29.4,75.4,166.0,66.4,61.9,0,0.6422036531521789
EC002287,RES_A,Residential,6,Tuesday,3,26.5,82.9,243.0,54.4,57.8,1,0.627904715805658
EC007714,RES_A,Residential,15,Thursday,6,31.0,72.5,109.0,41.5,45.2,3,0.7956845387927015
EC004248,RES_B,Residential,7,Saturday,10,25.0,87.8,226.0,42.9,44.6,5,0.7045000066308984
EC003955,RES_A,Residential,7,Sunday,11,27.5,73.2,250.0,53.9,53.2,6,0.860585896526278
EC003089,BUS_A,Business,23,Saturday,2,27.2,73.6,12.0,30.5,35.7,5,0.631365526391598
EC006750,SCI_A,Science,22,Monday,11,26.5,80.9,0.0,65.3,60.1,0,0.5916803546060397
EC002712,SCI_A,Science,16,Wednesday,7,29.9,69.6,101.0,87.3,88.4,2,0.4155959848116031
EC007325,LEC_A,LectureHall,3,Wednesday,2,27.4,82.9,14.0,26.6,31.7,2,0.5753879529728355
EC006558,SCI_B,Science,0,Tuesday,11,26.3,84.1,10.0,53.5,57.6,1,0.6246866534277703
EC000742,BUS_A,Business,10,Tuesday,11,27.3,78.7,111.0,49.1,47.0,1,0.6462356712466887
EC004875,ENG_B,Engineering,12,Thursday,9,30.7,69.5,164.0,75.8,80.6,3,0.7112404833177861
EC000628,ENG_A,Engineering,6,Thursday,8,27.5,75.1,23.0,46.7,47.1,3,0.6364023668428559
EC003488,ENG_A,Engineering,13,Thursday,2,30.6,75.5,207.0,81.2,83.5,3,0.8085843160965493
EC002174,SCI_A,Science,22,Monday,4,28.4,80.3,4.0,74.5,74.4,0,1.9825477473094304
EC006688,ENG_B,Engineering,16,Wednesday,2,28.7,72.3,128.0,70.5,69.7,2,0.8152592082789618
EC000983,SCI_A,Science,2,Sunday,1,24.7,76.3,15.0,48.2,61.6,6,0.5392757831979562
EC006381,SPT_A,Sports,4,Monday,8,26.6,83.8,92.0,43.2,44.5,0,0.3552756861641688
EC005014,LIB_A,Library,17,Thursday,2,31.0,78.9,161.0,64.4,63.5,3,0.6456955151319229
EC000326,ADM_A,Administration,19,Wednesday,3,,78.3,7.0,33.5,26.8,2,1.5513854850747957
EC007821,ADM_A,Administration,10,Wednesday,11,28.4,83.8,67.0,34.1,37.6,2,0.4795898963213499
EC005176,BUS_A,Business,10,Thursday,3,29.7,70.4,103.0,55.8,54.0,3,0.5385367846682912
EC000767,RES_A,Residential,2,Friday,6,27.1,81.5,178.0,41.4,49.5,4,0.4665810793647855
EC001980,ENG_A,Engineering,14,Saturday,8,31.0,71.7,54.0,69.3,64.4,5,0.8642183141861057
EC005530,LIB_A,Library,4,Monday,9,26.2,85.9,0.0,27.7,27.8,0,0.5468730448954563
EC003622,LIB_A,Library,1,Friday,5,27.1,86.5,7.0,31.0,31.6,4,0.6053702061310471
EC003390,RES_B,Residential,3,Saturday,9,26.8,82.5,179.0,40.3,44.6,5,0.45302179084393596
EC000881,LEC_A,LectureHall,4,Thursday,11,24.8,80.8,0.0,24.2,21.4,3,0.5899028139399358
EC003138,BUS_A,Business,5,Saturday,11,25.2,86.4,0.0,21.7,24.3,5,0.4727728926624234
EC003308,ENG_B,Engineering,3,Thursday,6,25.2,82.1,5.0,34.3,36.3,3,0.5959986897723827
EC004759,SCI_A,Science,3,Monday,10,26.3,89.3,39.0,68.3,65.0,0,0.6842429502109707
